Price,Close,High,Low,Open,Volume
Ticker,BAC,BAC,BAC,BAC,BAC
Date,,,,,
2021-05-19,37.169921875,37.19648971513293,36.58540574318443,36.88652031887203,42672800
2021-05-20,37.08135986328125,37.311625758307144,36.718251378121934,37.10793108403859,36871100
2021-05-21,37.550743103027344,37.72786654063496,37.09906955325408,37.21420249042944,40243800
2021-05-24,37.75443649291992,37.887279066670786,37.417895891607834,37.71015563500296,31390800
2021-05-25,37.20535659790039,38.31239534118778,37.13450787510535,37.80758594452186,52657700
2021-05-26,37.231910705566406,37.41789231810364,36.8953701363948,37.21419768840868,41332800
2021-05-27,37.6835823059082,37.94927081693488,37.302760868018645,37.62158843261574,52981100
2021-05-28,37.541873931884766,37.82527540332395,37.240759446179126,37.78099455686383,38509700
2021-06-01,38.011260986328125,38.33008851985798,37.87841843296561,38.03783219973054,42890700
2021-06-02,38.02898025512695,38.23267490650389,37.727865688219104,38.170681029059295,34180500
2021-06-03,38.46475601196289,38.67820354964351,37.95782192668412,38.03786432923516,46981200
2021-06-04,38.48255920410156,38.58928131992848,38.09124251764625,38.45587952330355,37192600
2021-06-07,38.349159240722656,38.589286578531805,38.2957998718553,38.482564448161746,28401900
2021-06-08,38.13570785522461,38.455877579153984,37.735495700312896,38.117920271380235,41871400
2021-06-09,37.637672424316406,38.00230947682574,37.45090784946328,37.77107763071739,42366300
2021-06-10,37.07735824584961,38.2068440576992,37.01510341621201,38.028971661891575,40123600
2021-06-11,37.228553771972656,37.25523344593021,36.91727620772041,37.18408651783206,31203600
2021-06-14,36.78388214111328,37.27302882426575,36.51707516781509,37.219666072552215,36050700
2021-06-15,36.81056594848633,36.96175873231164,36.3747819681798,36.712735922358505,39247900
2021-06-16,37.015113830566406,37.34417904281619,36.1702222572418,36.71273169040712,63859100
2021-06-17,35.39647674560547,37.44200114435259,35.325329811435346,37.370854210182465,80728200
2021-06-18,34.48933410644531,34.951801102006186,34.23142262590734,34.69388622883354,102774200
2021-06-21,35.352012634277344,35.37869231288655,34.711673206579434,34.79171563504167,48119400
2021-06-22,35.547672271728516,35.80558374496409,34.93401252930406,35.46762984413553,44113200
2021-06-23,35.75222396850586,35.94788059494212,35.63660637608816,35.716648802741254,32039900
2021-06-24,36.31251907348633,36.47260052586311,35.73443453398673,35.965666314205954,37161800
2021-06-25,37.015113830566406,37.20188176466091,36.3214150236388,36.7038395948001,53178800
2021-06-28,36.96175765991211,36.979545245295185,36.5526499813714,36.87281973299673,34416500
2021-06-29,36.365882873535156,37.30860447691689,36.241373177220254,37.02400991601576,38519600
2021-06-30,36.66826629638672,36.78388390098021,36.21469475934286,36.25026653621902,29159800
2021-07-01,36.943965911865234,37.08626318626147,36.65047587506602,36.96175349524409,28045100
2021-07-02,36.59711456298828,36.88170909658115,36.5526439105989,36.792771184436845,28980800
2021-07-06,35.6366081237793,36.35698999898614,35.458735678867576,36.29473515216224,47578700
2021-07-07,35.352012634277344,35.57435233637972,35.005163241819176,35.191927777352866,43499900
2021-07-08,34.48933410644531,34.89844174385645,34.2225271377926,34.34703683032156,52793100
2021-07-09,35.609928131103516,35.78780057444999,35.04073902650255,35.26307873252697,43887200
2021-07-12,36.1346549987793,36.2947398807929,35.254188147704475,35.387593346927524,42624500
2021-07-13,35.4498405456543,36.00124202426047,35.200821179696874,36.00124202426047,54338100
2021-07-14,34.560482025146484,35.17413834941837,33.60886842146491,34.78282171558862,105651700
2021-07-15,34.5338020324707,34.978481409292826,34.08022716823687,34.142482009581215,54697300
2021-07-16,33.724483489990234,34.942907467821136,33.430996855186294,34.880652624298044,60469700
2021-07-19,32.844017028808594,33.12861154110669,32.470484611020964,32.68393219156164,83251500
2021-07-20,33.51993179321289,33.90235634682746,32.55942605789424,32.78176575684994,59462900
2021-07-21,34.204734802246094,34.48043722071111,33.777843033181504,33.840097870797116,49907400
2021-07-22,33.76005935668945,34.1513794014004,33.51103997742583,34.11580423503857,52715600
2021-07-23,33.52882766723633,34.0357619152835,33.40431797720854,33.973507070269605,48659400
2021-07-26,33.911251068115234,34.00908107626588,33.49325135788412,33.49325135788412,32258000
2021-07-27,33.77783966064453,34.00907479952997,33.31537277550752,33.54660791439296,39121400
2021-07-28,33.911251068115234,34.24031286519372,33.57329378340424,33.96461042337232,43331100
2021-07-29,34.40039825439453,34.66720521275736,34.12469580826003,34.28478066180464,43039100
2021-07-30,34.11579895019531,34.533798608608436,33.84009654255179,34.249200714435155,46210100
2021-08-02,33.76005935668945,34.64052606465449,33.71559209505446,34.1513794014004,49894000
2021-08-03,34.28478240966797,34.35593274493044,33.395423574695336,33.84899848040682,39680600
2021-08-04,34.035762786865234,34.48044220128578,33.67112580274577,33.8223151751841,42289800
2021-08-05,34.70277786254883,34.73835302578714,34.284778176084394,34.30256575770355,34754500
2021-08-06,35.707763671875,35.93899550917413,35.102999306464724,35.102999306464724,58022300
2021-08-09,36.170223236083984,36.428138119918486,35.39648197721531,35.61882169238957,56340100
2021-08-10,36.84613037109375,37.015107298887145,36.09017685040831,36.20579103607184,44987300
2021-08-11,37.3086051940918,37.52204942255325,36.89060544045543,36.99732755468616,58458200
2021-08-12,37.48647689819336,37.6109865944171,37.148519585132654,37.55762384204916,37400100
2021-08-13,37.02400588989258,37.55761978539641,36.84613346051316,37.43311010262114,41344900
2021-08-16,36.72162628173828,36.73051837712811,36.116862016190815,36.60600868586268,38599100
2021-08-17,36.54375076293945,36.970642551030735,36.125751069489205,36.50817559910659,43526900
2021-08-18,36.27695083618164,36.93507453121269,36.16133322767916,36.25916325082472,50342500
2021-08-19,35.743324279785156,36.170216040883645,35.58323944529396,35.68106944333126,51883900
2021-08-20,35.903419494628906,35.99235742430105,35.49431519604239,35.65440007681713,40415000
2021-08-23,36.383670806884766,36.5526477688433,36.10796833908786,36.13465141186486,35364500
2021-08-24,36.890602111816406,37.068474547908075,36.49928546652235,36.55264482250568,35579300
2021-08-25,37.48647689819336,37.75328387476348,36.9439674566744,37.050689568775496,51219900
2021-08-26,37.388641357421875,38.10012765402708,37.370853775927465,37.797745553890586,41184500
2021-08-27,37.78886032104492,37.93115760620387,37.29971022271585,37.45979509259902,46468600
2021-08-30,37.050682067871094,37.91336106367889,37.02400239340581,37.91336106367889,44855600
2021-08-31,37.130733489990234,37.41532806209553,36.78388406727658,37.05958315064645,54654600
2021-09-01,36.63268280029297,37.15740455709006,36.490385547227696,37.13072488233849,52361900
2021-09-02,36.6684455871582,37.088587322773144,36.32875645176698,36.74889818738192,44538900
2021-09-03,36.69526672363281,36.820414471252185,36.36451861777869,36.66845032343448,41812400
2021-09-07,36.936622619628906,37.41039718507753,36.811474878568525,36.87404874909871,43748600
2021-09-08,36.45389938354492,37.088582439531315,36.36450913285249,36.72207695566118,36064400
2021-09-09,36.587989807128906,36.96343296886376,36.257241772740635,36.3466320274338,36266400
2021-09-10,35.998008728027344,36.963436529794144,35.97119233103992,36.847229869502,40514700
2021-09-13,36.59693145751953,36.61481019241081,36.069520713296924,36.292999784407854,42036300
2021-09-14,35.61362075805664,36.927678634248714,35.45271557280783,36.766773448999906,53820400
2021-09-15,35.881797790527344,36.060581722835906,35.4616560611052,35.51529226380374,52358200
2021-09-16,36.1589241027832,36.48073459724886,35.93544497162882,36.18574050731503,42922000
2021-09-17,36.203617095947266,36.355581259293146,35.82817381472516,36.06059059690732,92746000
2021-09-20,34.961055755615234,35.27392499563486,34.290618746985494,35.20241348792422,67566200
2021-09-21,34.978946685791016,35.39908503893139,34.80910040194987,35.10409442545071,38271100
2021-09-22,35.881797790527344,36.22148692091162,35.53317099803658,35.53317099803658,46261400
2021-09-23,37.26737594604492,37.437222255658774,36.337705420351966,36.436033366419174,49779800
2021-09-24,37.66963577270508,37.84841973101816,37.23161865535941,37.29419252926594,39042300
2021-09-27,38.670814514160156,38.822782046096215,38.11658740773054,38.15234487524724,49755400
2021-09-28,38.581424713134766,39.36807195773623,38.49203445330225,38.822782506706346,60781200
2021-09-29,38.50096893310547,38.724447974235645,38.2059783720238,38.599300256805876,44260200
2021-09-30,37.94674301147461,38.75126553781909,37.750080358136785,38.75126553781909,47410800
2021-10-01,38.509918212890625,38.822787573154294,37.89311374548471,37.97356635384112,40987100
2021-10-04,38.74232864379883,39.39488706732375,38.50097085810829,38.53672832488164,48273400
2021-10-05,39.52898025512695,40.0027548074501,39.037323557410375,39.126717234277066,54070700
2021-10-06,39.5468635559082,39.59155869449124,38.9300590493926,39.19823329091132,47031700
2021-10-07,39.4395866394043,40.11002387185347,39.35913403510959,40.03851234026934,46258800
2021-10-08,39.636253356933594,40.05639515661218,39.260806695301135,39.394895519459965,39389400
2021-10-11,39.13566207885742,40.05639836444095,39.1088456758863,39.86867331358095,36283500
2021-10-12,38.921112060546875,39.332312693023766,38.67975427800096,39.037318711016646,36898300
2021-10-13,38.56354522705078,39.01050333753587,37.83947527047758,38.93005074124777,43908000
2021-10-14,40.2888069152832,40.31562331277532,38.86747987786055,39.6630648303136,82201000
2021-10-15,41.450897216796875,41.71907142052677,40.54804326856823,40.91454880933709,64264900
2021-10-18,41.37044143676758,41.91573087480946,41.14696238248941,41.37938250854977,49542500
2021-10-19,41.549232482910156,41.683321302465124,41.29893699042924,41.56711121951884,32515500
2021-10-20,42.09451675415039,42.22860555694923,41.16484302679553,41.55816836299484,40411000
2021-10-21,41.86210250854492,42.44314606506602,41.6654398287888,42.103456911856384,36848600
2021-10-22,42.52359390258789,42.56828903115299,42.005124273197225,42.005124273197225,36225600
2021-10-25,42.469970703125,42.890112542293366,42.19285877518057,42.72920730218721,31679500
2021-10-26,42.872222900390625,43.29236463271113,42.40738603718962,42.60404870508771,35674800
2021-10-27,42.04982376098633,43.059946729350045,42.04088268833457,42.443145707161754,45790800
2021-10-28,42.71132278442383,42.907985475727415,42.282243338868994,42.54147990285639,37209600
2021-10-29,42.71132278442383,43.024195557863194,42.478906030172574,42.684506384707994,31756200
2021-11-01,42.773895263671875,43.05994821805641,42.264363225548145,42.99737434741106,36937200
2021-11-02,42.80071258544922,43.28342478666083,42.32693463663894,42.523597310108116,36283400
2021-11-03,43.238731384277344,43.52478433348331,42.55935648241821,42.72919935537796,42553000
2021-11-04,42.30906295776367,43.042074100199365,41.906799913739135,43.042074100199365,47646300
2021-11-05,41.98725509643555,42.74708268504486,41.853166270200724,42.550419982572585,38271200
2021-11-08,42.31800079345703,42.729201502349284,42.237548184324176,42.32693845668499,33815500
2021-11-09,41.90679931640625,42.33587875390963,41.486657541967,41.701198965728814,36900300
2021-11-10,42.21967315673828,42.47890974338635,41.70120339346274,41.79059367367627,39385600
2021-11-11,42.452091217041016,42.80965573002334,42.02300834542953,42.291185992691815,31194800
2021-11-12,41.933616638183594,42.48784383089959,41.7995278191299,42.46996509435774,44268500
2021-11-15,42.05876159667969,42.3626932777086,41.92467619653228,42.246483202898105,35335500
2021-11-16,42.08557891845703,42.26435944142518,41.736948714621406,42.17496917994111,35120800
2021-11-17,41.576045989990234,42.19285042500201,41.522413193916236,42.08558142283391,32963700
2021-11-18,41.40620422363281,41.84422472670259,41.30787288151387,41.75483104749438,30639000
2021-11-19,40.58380126953125,40.914549344792675,40.07426925277012,40.85197547677078,48429500
2021-11-22,41.37044143676758,41.89785214126484,41.03969339124143,41.76376675470979,53697100
2021-11-23,42.46102523803711,42.595114050165286,41.71907305496279,41.89785700112697,49362900
2021-11-24,42.577232360839844,42.8901016874074,42.20178575893887,42.3895073548794,40060000
2021-11-26,40.90560531616211,41.15590418018187,40.00275142136242,40.691067329882095,55110100
2021-11-29,40.7536506652832,41.745898459999445,40.37820398700272,41.495599537805596,50231100
2021-11-30,39.75246047973633,40.42289773049858,39.65412913735463,40.01169362508238,77193600
2021-12-01,39.18929672241211,40.85198184032336,39.162480320516956,40.422902359897975,60601600
2021-12-02,40.321048736572266,40.86896285271716,39.521634407023186,39.8180483097639,57821400
2021-12-03,39.40486526489258,40.482728714463576,39.162345731756595,40.41985366066167,74605300
2021-12-06,39.65636444091797,40.31206380418205,39.48570066287362,40.02463404018775,48193100
2021-12-07,40.15937042236328,40.33901490655273,39.907870200358175,40.02463962904635,40740800
2021-12-08,39.66534423828125,40.24020375346268,39.60246919296034,40.132418450974406,50560300
2021-12-09,39.96175765991211,40.177328262497554,39.207253697997146,39.440789088536874,37316700
2021-12-10,39.98869323730469,40.267142242071394,39.58449417439563,40.159353541007576,37700200
2021-12-13,39.144386291503906,39.880925609183365,38.9737224858536,39.76415617791215,38653900
2021-12-14,39.63840103149414,40.25817083921418,39.09946763542902,39.153362002965494,47099400
2021-12-15,39.467735290527344,39.92582882579005,39.180305530784594,39.85396967263785,60057100
2021-12-16,40.41984939575195,40.74320873914726,39.60247035613963,40.15038441840022,69487200
2021-12-17,39.41384506225586,40.150384263171766,39.18030623673633,39.970739803487454,124242400
2021-12-20,38.76712417602539,38.946768625506046,38.3539443407229,38.8659287945614,56455200
2021-12-21,39.692291259765625,39.952775558530746,39.10845104088839,39.10845104088839,47845600
2021-12-22,39.77313232421875,40.04260073894716,39.41384681530292,39.593491282977446,35715700
2021-12-23,39.89887619018555,40.4827197623045,39.880914830014135,40.132414989606204,34053500
2021-12-27,40.096492767333984,40.25817244997914,39.80008230010673,40.0156529260114,33879200
2021-12-28,40.15038299560547,40.49170711558659,39.89887938941429,39.94379307274223,32492400
2021-12-29,40.08751678466797,40.52764219623436,40.06056788344594,40.28512264383843,25294900
2021-12-30,39.99768829345703,40.50967281503632,39.952778031753,40.19529755667477,23852200
2021-12-31,39.96175765991211,40.16834758173689,39.77312909960866,39.98870312862705,24253900
2022-01-03,41.47974395751953,41.7581930156749,40.401880725241085,40.50068534027791,58587900
2022-01-04,43.10552215576172,43.5007371982446,42.25221360184159,42.27017838919529,74606700
2022-01-05,42.377967834472656,43.44684708838414,42.36000304536072,43.24025715324662,57791600
2022-01-06,43.23127365112305,43.25821911981621,42.386945750119146,43.09653945479133,52040900
2022-01-07,44.17441177368164,44.29118120593674,43.16840742849756,43.24924727753053,59082600
2022-01-10,43.949859619140625,44.982812926088165,43.419910227769655,44.83011390157424,66839500
2022-01-11,44.20134735107422,44.23727692625161,43.68936289731142,44.003741540464304,40454400
2022-01-12,43.8869743347168,44.354048556142004,43.725294664745256,44.165419990219846,41378000
2022-01-13,43.79715347290039,44.452856306368986,43.68038747915572,43.94086836449124,46337500
2022-01-14,43.03365707397461,43.32108677914472,42.38693852412567,42.68335233495055,72953300
2022-01-18,41.551605224609375,43.042648476560224,41.36298007605472,42.979773427042005,65877400
2022-01-19,41.71327590942383,43.63546683857221,41.632436087980984,43.464803089730395,84451800
2022-01-20,41.09351348876953,42.26119733977582,41.01267365304577,41.9378379968808,46265300
2022-01-21,40.34798049926758,41.3360230795782,40.11444515566384,40.93182399792532,71303600
2022-01-24,40.01565170288086,40.14140180188709,38.255143463927226,39.43181146800434,90672700
2022-01-25,40.806087493896484,40.93183759965722,39.36893853315461,39.78211843106372,73555300
2022-01-26,41.22824478149414,41.73124512256658,40.65338186444547,41.12045605717904,63735800
2022-01-27,40.842018127441406,41.99173732567497,40.50069395555326,41.65041315378682,63402400
2022-01-28,41.2012939453125,41.21925873185164,39.92582493892773,40.71625841448646,51048300
2022-01-31,41.44381332397461,41.56058272298102,40.61745370376356,40.88691864833531,44793700
2022-02-01,42.16239547729492,42.306110369503244,41.228250391157495,41.50669606744238,40326600
2022-02-02,42.11748123168945,42.18035627693064,41.587531974347385,41.96478567222744,41125600
2022-02-03,41.70429992675781,42.47676865722427,41.632440776745646,42.413893614180054,35879900
2022-02-04,43.36600875854492,43.73427838206239,41.928859843948274,42.28814878581408,60297100
2022-02-07,43.57258987426758,43.79714456083683,43.105519141464214,43.617503552727506,44824800
2022-02-08,44.35404586791992,44.92890535900723,43.95882739797277,44.14745595246247,49560500
2022-02-09,44.26422882080078,44.72232240473745,44.039674082990004,44.21033787664356,33861100
2022-02-10,44.05763244628906,45.00974562923344,43.79714816608264,44.6235112624261,47082800
2022-02-11,43.04265594482422,44.407949334628555,42.66540558225879,43.68039408498557,61056000
2022-02-14,42.59354019165039,43.285169181776006,42.16239551464351,43.13247360773398,44791900
2022-02-15,42.92587661743164,43.44684173171404,42.728267387997235,43.11450174020116,42397600
2022-02-16,42.82707595825195,43.33007975852786,42.494735936043924,42.61150192200998,36664600
2022-02-17,41.380943298339844,42.47677142233033,41.27315799273797,42.216287126228806,49442400
2022-02-18,41.282135009765625,41.803103555728896,41.06656441769535,41.38093962547816,37856500
2022-02-22,40.92285919189453,41.30010953014141,40.45578489708868,40.57255090096495,51905600
2022-02-23,40.222232818603516,41.41686535000464,40.033607711466225,41.273150493171585,45704900
2022-02-24,39.16233444213867,39.23419358373031,37.77009612490904,38.62340458593122,80484800
2022-02-25,40.43781280517578,40.734223242222754,39.18928915909885,39.35096882528192,68530700
2022-02-28,39.70127487182617,39.75516581128892,39.01862660954468,39.270130223958795,69955300
2022-03-01,38.14735794067383,39.2880963596667,37.662318910280035,39.26114746257825,74895600
2022-03-02,38.76712417602539,39.108448287395355,38.28208519035748,38.3898739159056,70834600
2022-03-03,38.351932525634766,39.26356787391192,38.099199172665564,38.89349760179332,48733800
2022-03-04,36.9619140625,37.40419143964352,36.393268277271275,37.39516684637382,75572800
2022-03-07,34.6060905456543,36.203711721017925,34.488750203548854,36.04124153754459,109779000
2022-03-08,34.83174514770508,35.797538268484324,34.452646883959986,35.264997846852054,76553800
2022-03-09,37.043148040771484,37.557635921072176,36.24884957305638,36.38424257026686,78207900
2022-03-10,36.70917510986328,37.440291008316265,36.20371532709863,36.36618552675485,48804400
2022-03-11,36.40229034423828,37.35003086874465,36.366185090706146,37.04314310009448,43946600
2022-03-14,37.187557220458984,38.07211519080056,36.91677473046645,36.91677473046645,54262400
2022-03-15,37.45834732055664,37.71107723680325,36.8897015658149,37.241719218640355,41395300
2022-03-16,38.63172912597656,38.85738175339837,37.83743091335975,38.12626944419065,59477600
2022-03-17,38.83933639526367,38.84836443023339,37.756206335578604,38.27971873866819,50260200
2022-03-18,38.72199249267578,38.74906970632162,38.14431887047292,38.59562412822818,74470600
2022-03-21,38.66783905029297,39.200379453156124,38.369975893335116,39.128168950916795,47106400
2022-03-22,39.87733840942383,40.2835138866597,39.44408571476769,39.552398027635135,52360600
2022-03-23,38.89348602294922,39.723886018268416,38.8393281541818,39.46213159385696,48539300
2022-03-24,38.875431060791016,39.200371367471504,38.71296090745077,39.15524153447378,30360800
2022-03-25,39.471160888671875,39.949543401990255,39.11011871674361,39.2455082400219,38968100
2022-03-28,39.308692932128906,39.48921574990862,38.65881560858285,39.4531104977154,37428600
2022-03-29,39.20940399169922,40.06688476711557,38.91154427832754,39.940519831552656,46355800
2022-03-30,38.81224822998047,39.39894638282415,38.58659562399221,39.209395576973016,36601800
2022-03-31,37.20560836791992,38.71296634969785,37.18755574354589,38.6678365103558,67902500
2022-04-01,36.91677474975586,37.67496778804283,36.42033616745962,37.62983450369868,61929200
2022-04-04,36.85359573364258,37.133402840928596,36.24884478731463,36.53767992958913,53761700
2022-04-05,36.23078918457031,36.79040679636252,36.14052950121829,36.50157167781259,51781700
2022-04-06,35.833648681640625,36.11345582001188,35.51773284249044,35.86975393923268,54159800
2022-04-07,35.553836822509766,36.08637730170252,35.066426192091974,36.00514219663289,54585000
2022-04-08,35.80656051635742,36.194683346203725,35.49064818656911,35.64409377759926,41018900
2022-04-11,35.734352111816406,36.46546790299288,35.553829311665744,35.63506439957424,34198700
2022-04-12,35.35525894165039,36.17663797192144,35.0664237973912,35.716304593567635,42855300
2022-04-13,35.03934097290039,35.21083573637218,34.62414094985123,34.75050587485002,45484200
2022-04-14,33.91108322143555,35.17473955999966,33.775690241165634,34.741486843597066,79032000
2022-04-18,35.06642150878906,35.48162501435168,33.59516866473561,33.775688035726155,80080300
2022-04-19,35.716304779052734,35.996115332901056,35.30110468742221,35.39136437927701,53714200
2022-04-20,35.79753494262695,36.43838761870939,35.75240510292282,36.23981563537399,47064300
2022-04-21,35.120574951171875,36.29396793037251,34.858817075828064,36.10442054885563,46245900
2022-04-22,33.90205764770508,35.066422782920775,33.84789976852832,35.03032097332269,50409800
2022-04-25,33.65834426879883,33.75763196850627,32.430793514571604,33.29729871407826,64301100
2022-04-26,32.90015411376953,33.88399971743371,32.873073456826894,33.28827691248385,44809900
2022-04-27,32.71963119506836,33.3153539977201,32.64742070108106,32.73768381856518,39824900
2022-04-28,33.225093841552734,33.35145876101195,32.63839563756545,33.15288334861272,39567800
2022-04-29,32.20514678955078,33.51393286062746,32.07878185525953,33.17093986527533,47385200
2022-05-02,32.62035369873047,32.74671865957899,31.95242363619203,32.52106596001036,46652200
2022-05-03,33.51393127441406,33.96523655734325,32.791843510364565,32.80086810102128,48926000
2022-05-04,34.85881423950195,34.97615456083025,33.64931611180001,33.73055118915259,57860300
2022-05-05,33.88400650024414,34.48875401644104,33.27925554086067,34.34433644218607,48860600
2022-05-06,33.802772521972656,33.9562146933196,33.044579371161035,33.73056201085408,50440100
2022-05-09,32.827945709228516,33.450749210766745,32.54813863410134,33.27925099756121,51242000
2022-05-10,32.2773551940918,33.513934258517594,31.75384280973678,33.17094124885897,60235300
2022-05-11,32.105857849121094,33.324380747027355,32.05169997512162,32.40372099133903,54969300
2022-05-12,31.654539108276367,31.979479327795637,30.92342361435801,31.60038125729495,61231500
2022-05-13,31.74481201171875,32.25027516915288,31.374741816707388,32.069752366984545,49117900
2022-05-16,31.41986846923828,31.744805312747975,31.058822941091506,31.591363201356064,39076500
2022-05-17,32.48495101928711,32.69255100582659,31.979487936939535,32.150982679771566,42635600
2022-05-18,31.483068466186523,32.21418107552535,31.230335078357424,32.150998589364896,47396900
2022-05-19,31.09493637084961,31.44695395973844,30.914413559238703,30.950518810198133,47002700
2022-05-20,30.562395095825195,31.57331799145857,29.750044188414176,31.410847809976364,62406500
2022-05-23,32.376644134521484,32.7286617488879,31.28448603784965,31.374745728594604,69081900
2022-05-24,32.178070068359375,32.45787715768611,31.555266535215292,32.015599880859725,46146700
2022-05-25,32.34956741333008,32.73769028723671,31.853132220226836,32.042679639617546,49343400
2022-05-26,33.098724365234375,33.25216993597601,32.80086469984344,32.945282237678434,60201200
2022-05-27,33.41463851928711,33.44171573035761,33.01749116978241,33.29729819933903,43365600
2022-05-31,33.577117919921875,33.87497765329081,33.04457748202082,33.234124898090734,71609200
2022-06-01,33.098724365234375,33.82081549759506,32.64741912910179,33.81178746468842,35237900
2022-06-02,33.31660842895508,33.325684999978066,32.74468748999384,33.05334285005025,35341900
2022-06-03,32.85363006591797,33.29845831921738,32.79916370311898,33.11689569617642,25235200
2022-06-06,32.81731414794922,33.779589982198566,32.77192090345053,33.3166086702697,40394000
2022-06-07,32.998870849609375,33.05334066119517,32.445110015401845,32.590359383279214,29152200
2022-06-08,32.58127975463867,32.78099893658321,32.24539123656497,32.608512929260876,33590600
2022-06-09,31.328502655029297,32.5358908880618,31.319426084240146,32.44511132809738,49419000
2022-06-10,30.11203956604004,30.901836327384707,29.975870218338788,30.575024352072216,49318200
2022-06-13,29.06805992126465,29.74891703023644,28.813872643905214,29.403948458712268,61216600
2022-06-14,28.559682846069336,29.59458500629035,28.350887099973693,28.977276069769633,49349800
2022-06-15,29.09528923034668,29.49472756418508,28.52337009668928,29.031742852330183,51540100
2022-06-16,28.91373062133789,29.049901689204223,28.014999495609224,28.595996975310406,61363400
2022-06-17,28.977275848388672,29.576431639817578,28.723088595403954,29.077133704035987,80470300
2022-06-21,29.8215389251709,30.220977297866828,29.612743168088123,29.857852134146565,53537200
2022-06-22,29.59458351135254,29.903238829776022,29.340398000774794,29.40394437841923,38305600
2022-06-23,29.122526168823242,29.422101459299867,28.37812103307794,29.394868286443238,44091500
2022-06-24,29.331323623657227,29.748915125971646,28.350887787247952,28.369044391220505,79504700
2022-06-27,29.367631912231445,29.59458425610655,28.96819703369772,29.43117829147504,47900300
2022-06-28,29.285930633544922,30.41161584837701,29.22238425060469,29.80338519365818,49863800
2022-06-29,28.922805786132812,29.44933339636762,28.741243227665795,29.258694268335248,35149700
2022-06-30,28.260103225708008,28.64138320742516,27.815276868956136,28.29641642944719,46312300
2022-07-01,28.650463104248047,28.750322688584326,27.80620011688229,28.12393374126313,40236100
2022-07-05,28.359968185424805,28.359968185424805,27.642799590590865,27.960531526050037,47411800
2022-07-06,28.123933792114258,28.369042736923426,27.815278468615816,28.151168696484927,35933700
2022-07-07,28.922805786132812,29.05897510771975,28.568758970273013,28.595993873495733,40137900
2022-07-08,28.859264373779297,29.276855905964773,28.650466876177376,29.05898010572719,31153800
2022-07-11,28.559682846069336,28.859261609827012,28.405356910570916,28.64138583045615,29311900
2022-07-12,28.468900680541992,29.077131259515674,28.123932171099376,28.16024537483391,39527000
2022-07-13,27.99683952331543,28.278259927250613,27.59740293832078,28.205635251025118,44153700
2022-07-14,27.352298736572266,27.43400172789284,26.934707208941912,27.31598725793488,51707800
2022-07-15,29.27685546875,29.62182403771683,27.7880484889182,27.824359967409407,77801700
2022-07-18,29.285930633544922,30.30267968662492,29.140681263536088,30.03033755073562,56382900
2022-07-19,30.275442123413086,30.520551077125997,29.667211487287663,29.866930663576266,46874900
2022-07-20,30.284521102905273,30.366224084633245,29.912319400148498,30.12111513944933,35514900
2022-07-21,30.54778480529785,30.565937944124638,29.91231759281129,30.03941034270506,31244000
2022-07-22,30.348066329956055,30.811047566832073,30.03941101769945,30.502392254575465,27115400
2022-07-25,30.620407104492188,30.847359428239994,30.357141577820496,30.665796876638222,30381000
2022-07-26,30.003101348876953,30.665801825607684,29.92139836062148,30.329913301898838,30645700
2022-07-27,30.493316650390625,30.656722612818676,29.912319211987725,30.175584758457134,30344800
2022-07-28,30.248210906982422,30.63856925152479,29.866932596323323,30.41161688669868,40176500
2022-07-29,30.693035125732422,30.811047846919664,30.275440196164784,30.384379810669984,48152500
2022-08-01,30.602251052856445,30.76565700593217,30.15742642960852,30.520548076318587,32336700
2022-08-02,29.9940185546875,30.611329123860344,29.957705353437923,30.502389520111624,37884100
2022-08-03,30.53870391845703,30.638563494299046,30.11203244459301,30.338984766773,30065800
2022-08-04,30.320829391479492,30.565934833895284,30.11203022302294,30.429765528443994,28404500
2022-08-05,30.829206466674805,31.165098438851853,30.17558605196243,30.21189579615564,35874500
2022-08-08,30.402545928955078,31.128792937879556,30.36623271275413,31.019853289276707,33454300
2022-08-09,30.792898178100586,30.829211391112253,30.32991683276691,30.54779264781832,40196900
2022-08-10,31.836870193481445,32.16368207831383,31.274029426835373,31.319419196835987,61415800
2022-08-11,32.599430084228516,32.735602857166285,32.363401202556176,32.472337343095916,50420800
2022-08-12,32.95348358154297,32.96256361567461,32.399719242136904,32.82639080784683,31821700
2022-08-15,32.9080810546875,32.95347081871125,32.381550095564336,32.53587944886551,24908000
2022-08-16,33.26213455200195,33.534476668673086,32.77191666418317,32.853619645486305,31870200
2022-08-17,33.0533447265625,33.21675071839978,32.75376938353983,32.86270555709185,27125600
2022-08-18,32.935325622558594,33.04426524955042,32.68114008561409,32.908092447319746,23138300
2022-08-19,32.209075927734375,32.708370387013915,32.05474999758274,32.644824008361134,36485400
2022-08-22,31.519140243530273,31.609919789012615,31.274031315106736,31.54637341457144,31210300
2022-08-23,31.23771858215332,31.74609304835663,31.19232880872857,31.473747481772662,26588000
2022-08-24,31.337581634521484,31.591767164284672,30.91091009840346,31.09247267524207,31389400
2022-08-25,31.90042495727539,32.02751773192296,31.274037655218773,31.410207001047578,40576700
2022-08-26,30.89275360107422,32.209077958926095,30.883677030559102,32.17276475082938,36152600
2022-08-29,30.774736404418945,31.001688727569476,30.5114708784401,30.73842320159063,34931000
2022-08-30,30.947221755981445,31.119704290677138,30.44792729195249,31.02892473831476,48194900
2022-08-31,30.511476516723633,31.201410182867864,30.50239648282982,30.992614422547657,44917600
2022-09-01,30.584577560424805,30.602853793750384,29.844405796996668,30.46578378672607,32848900
2022-09-02,30.548025131225586,31.507504724066848,30.401818750276778,31.004920507420003,44000800
2022-09-06,30.209924697875977,30.822162852466768,29.798718146221972,30.739921542135967,40762400
2022-09-07,30.67595863342285,30.767336324320386,29.816996487145413,29.981479119429352,40742600
2022-09-08,31.662845611572266,31.735947046770338,30.40181361043647,30.57543256913707,44361800
2022-09-09,31.927846908569336,32.21112329027806,31.83646922973943,31.964399374435303,37295100
2022-09-12,32.229408264160156,32.55837357450263,32.01009689531986,32.16544317446423,30534000
2022-09-13,31.068889617919922,31.726820160590304,30.89527060730881,31.59888999636785,40959600
2022-09-14,30.950092315673828,31.452676540574682,30.64854317506737,31.251644942115426,32004400
2022-09-15,31.534921646118164,31.89130301641521,30.794753266339868,30.876994584741407,44863300
2022-09-16,31.178543090820312,31.27906064290786,30.75820013285011,31.242508171996846,54281800
2022-09-19,31.699399948120117,31.863882562430675,30.73078398144137,30.81302528859665,29782000
2022-09-20,31.2242374420166,31.781650521268755,30.959240695776092,31.525790151449186,33591100
2022-09-21,30.29216766357422,31.434406210679803,30.264751568075607,31.352164895854784,51667800
2022-09-22,29.698200225830078,30.53888606671423,29.597682682716716,30.438372009436044,47527500
2022-09-23,28.99458122253418,29.323546463239776,28.519409595496672,29.177340076907868,55316100
2022-09-26,28.354930877685547,29.076824747316945,28.03510372963109,28.619929319501363,40360200
2022-09-27,27.93458366394043,28.66561732841017,27.68785973682248,28.574237902486757,43396600
2022-09-28,28.391481399536133,28.6107909941458,27.770103343349888,27.89803524739382,38372900
2022-09-29,28.016822814941406,28.236132374514405,27.60561630141863,28.044237163482073,35220900
2022-09-30,27.596481323242188,28.50113395580779,27.56906697331564,28.108203654781637,42294100
2022-10-03,28.40975570678711,28.58337644433113,27.59648246410438,27.952860313294767,34591700
2022-10-04,29.588546752929688,29.716476905781764,28.930616268735886,28.985443228112832,39758700
2022-10-05,29.168203353881836,29.268719159965293,28.738722291371126,28.82096360547794,35791100
2022-10-06,28.74785804748535,29.131650257421896,28.65648036081475,28.87578994607597,40891900
2022-10-07,28.09906768798828,28.54682498020773,27.8980343352319,28.48285990173605,52304600
2022-10-10,28.016822814941406,28.373200631382844,27.7335481850243,28.236132374514405,37669100
2022-10-11,27.203556060791016,27.84320865796081,27.0207971799323,27.751830960449308,58124000
2022-10-12,27.28579330444336,27.69699811053538,26.938551831297996,27.084758216964172,36137900
2022-10-13,28.958032608032227,29.031135806526347,26.783209402726087,26.87458883657317,67671000
2022-10-14,28.96717071533203,29.816996486845348,28.848376928498055,29.06768652390186,58108500
2022-10-17,30.721649169921875,30.95009689557592,30.036305992959743,30.484065069009358,88896800
2022-10-18,31.873031616210938,32.311650885619464,31.324754915073214,31.964409323482514,81937900
2022-10-19,30.995786666870117,31.827339759424124,30.858720118896024,31.598892026964872,43139900
2022-10-20,30.79474639892578,31.64457200428027,30.694228867091518,31.050606672078604,39549100
2022-10-21,31.936992645263672,32.01923396567932,30.666823852271932,30.666823852271932,54870300
2022-10-24,32.04663848876953,32.22025746101047,31.717673290136364,32.0831909521365,33765600
2022-10-25,32.33905792236328,32.51268041640109,31.553197226373502,31.745095955880313,37132300
2022-10-26,32.62232971191406,32.97870753837518,32.302500865366525,32.366465937509034,41104600
2022-10-27,32.77767562866211,33.23457103714686,32.686297941299294,33.0335394277816,35261900
2022-10-28,33.06094741821289,33.1706013248967,32.56749960938348,32.93301727944264,31659100
2022-10-31,32.933021545410156,33.19802171623801,32.722850077943846,32.89646907650246,32565500
2022-11-01,33.079227447509766,33.59094806133189,32.9969861365976,33.29853528605204,29913200
2022-11-02,32.97871017456055,34.066119973741344,32.85078002004931,32.96043394022533,57380600
2022-11-03,32.795955657958984,33.024403388633914,32.35733643336341,32.6223366375469,30046500
2022-11-04,33.61836242675781,33.81025764707322,33.097501979710245,33.35336227346412,39369400
2022-11-07,33.819393157958984,34.12094577004844,33.56353287073276,33.819393157958984,37533700
2022-11-08,33.91077423095703,34.19404712367394,33.58180901349936,33.89249799822772,32664300
2022-11-09,33.37164306640625,33.77370979521758,33.25284927700281,33.70060833808622,30164400
2022-11-10,34.84284591674805,34.92508723228071,33.93819144588874,34.08439784174287,45702800
2022-11-11,35.09870147705078,35.27232045925334,34.69663481444934,34.89766640283258,35688700
2022-11-14,34.50474166870117,34.9616371030559,34.49560529378171,34.80629432857634,35541400
2022-11-15,34.449913024902344,34.99818609732268,34.084395319398666,34.89766855401741,46082800
2022-11-16,34.13922119140625,34.48646263427074,33.99301481848987,34.367668866952776,23813000
2022-11-17,33.96559524536133,33.99301133398431,33.40818590226721,33.70059861812576,23689700
2022-11-18,33.98387908935547,34.58698088665798,33.737155151481446,34.53215566879841,32041800
2022-11-21,34.093536376953125,34.28543161045801,33.865088674446746,33.89250128328021,27935700
2022-11-22,34.258018493652344,34.54129140962534,34.203189790963094,34.34939617896584,23499300
2022-11-23,34.3676643371582,34.41335316907856,34.148353063772284,34.25801044338246,18934700
2022-11-25,34.449913024902344,34.605255783948536,34.32198287372661,34.46818925876104,16118500
2022-11-28,33.682334899902344,34.41336696111106,33.65492228693071,34.17578284840666,35428300
2022-11-29,33.81026077270508,33.94733079179344,33.55440045529788,33.79198453777094,27048800
2022-11-30,34.58697509765625,34.58697509765625,33.079222599678,33.71887675904819,51747900
2022-12-01,33.59431457519531,34.64212576290521,33.45644671198929,34.46749173369175,46213200
2022-12-02,33.162322998046875,33.35534010212535,32.91415664728265,33.143939915818294,42295300
2022-12-05,31.68251609802246,32.987683294238025,31.379200520578053,32.91415447638781,71386600
2022-12-06,30.331392288208008,31.87553617610485,29.789103619170252,31.774430974149833,84085700
2022-12-07,30.092422485351562,30.257863235494302,29.73395759243341,29.954551102981895,49234100
2022-12-08,29.816680908203125,30.32220699288361,29.577707809621018,30.303823907421137,45491100
2022-12-09,29.76153564453125,29.963742575493804,29.485796370516784,29.513369246053703,36985500
2022-12-12,30.083229064941406,30.129185023468803,29.467411507001533,29.697194805853407,41060500
2022-12-13,30.101604461669922,30.94720510249595,29.936160248253703,30.836910128956468,54804800
2022-12-14,29.669620513916016,30.331397583174112,29.55932550444471,30.14757022991185,48819500
2022-12-15,29.20085906982422,29.403067721135482,28.943501170158484,29.182475987039393,49027600
2022-12-16,29.13652229309082,29.34792250219126,28.8148253318338,29.062991709355565,61795200
2022-12-19,29.467409133911133,29.623660081563948,29.164093520870345,29.19166814563059,38374100
2022-12-20,29.586894989013672,29.94535986458471,29.540939032519354,29.779915616233378,35561100
2022-12-21,30.03727149963379,30.211905535182176,29.789105129403115,29.89021033648391,32544000
2022-12-22,29.770723342895508,29.94536089226786,29.29277541838705,29.890211638853195,30234400
2022-12-23,29.844255447387695,29.945360658083143,29.586895773013424,29.779916405347834,21378600
2022-12-27,29.89940071105957,30.02807879306019,29.669617419997103,29.8718278381208,22776100
2022-12-28,30.119997024536133,30.303824375787027,29.89940350179204,29.93616967328524,30541000
2022-12-29,30.460067749023438,30.47845083018557,30.10160643189741,30.230284493818115,22252900
2022-12-30,30.44168472290039,30.60712894744449,30.202711679789047,30.423301641705024,28198900
2023-01-03,30.800148010253906,31.33324688036705,30.524408787119103,30.542791869490017,35221500
2023-01-04,31.379201889038086,32.00421264598579,31.0942728863981,31.158611919653218,41998500
2023-01-05,31.31487274169922,31.379211795265785,30.864499366733256,31.17700133764775,34177000
2023-01-06,31.627370834350586,31.783625289540403,30.827725993716335,31.333248513514665,34068700
2023-01-09,31.14942741394043,31.949072414442487,30.983983137117196,31.939882624048014,43818800
2023-01-10,31.360820770263672,31.49869213942009,30.91963729766353,31.011552712505996,35096000
2023-01-11,31.59980583190918,31.654951589414967,31.250534174105304,31.360829195332393,36783700
2023-01-12,31.68251609802246,32.05016719970194,31.58141090554099,31.80200086530584,44230400
2023-01-13,32.38105392456055,32.528115058659104,30.414109941162074,31.43434809293945,89667800
2023-01-17,31.728477478027344,32.01341002322403,31.388399186557923,31.884728434086476,56458400
2023-01-18,30.993167877197266,31.563029392142575,30.80014727004867,31.553839604285198,54517800
2023-01-19,30.54279327392578,30.836915592955993,30.23028787167935,30.58874922885901,42707100
2023-01-20,31.112655639648438,31.14942180703909,30.414115990299535,30.607133109778413,45004400
2023-01-23,31.544647216796875,31.71928124082091,31.0207416385103,31.07589088588264,33683300
2023-01-24,31.774436950683594,31.9766473926279,31.204575303458498,31.452741707786004,26716700
2023-01-25,32.050174713134766,32.13289684399245,31.48031309290128,31.526269053107768,28859700
2023-01-26,32.4821662902832,32.49135607922669,31.97664374923643,32.2156168301298,30035500
2023-01-27,32.58327102661133,32.886583144349245,32.417826778312566,32.57407773158655,29964900
2023-01-30,32.445404052734375,32.68438066879376,32.33510904097669,32.36268191736231,27353500
2023-01-31,32.6108512878418,32.6108512878418,32.16966769449177,32.32591868316728,38917400
2023-02-01,33.015262603759766,33.3277680295733,32.27076696153846,32.353489089142485,44438700
2023-02-02,33.208290100097656,33.438073445782386,32.574085822029815,33.18071371438888,33729100
2023-02-03,33.4840202331543,33.78733234306506,32.996880795853706,33.107175789801744,37411700
2023-02-06,33.428871154785156,33.49321019376988,33.070409792951764,33.318576160270574,29463200
2023-02-07,33.79652404785156,34.00792423722914,33.20827943285057,33.24504209162727,44100200
2023-02-08,33.54835891723633,33.86086431863177,33.401297758121686,33.46563679609593,28032800
2023-02-09,32.83143997192383,33.41049138013265,32.68437879593532,33.336962545245896,35257100
2023-02-10,32.702762603759766,32.71195239349303,32.19723651305338,32.67518622212982,32898900
2023-02-13,32.76709747314453,32.88658225551952,32.52812089596528,32.61084301787892,29163900
2023-02-14,32.73952102661133,33.079602808331515,32.592459866429365,32.74871432136843,33625200
2023-02-15,32.68437957763672,32.73033553881693,32.31672487576487,32.46378605527059,23500100
2023-02-16,32.4270133972168,32.77628494350609,32.37186765731781,32.55569146526696,22681100
2023-02-17,32.49135208129883,32.52811824497843,31.930683863149476,32.24318924199739,28562700
2023-02-21,31.728477478027344,32.215616936582045,31.49869418531818,32.08693885365928,37068900
2023-02-22,31.51707649230957,31.75604956809982,31.31486607772302,31.581415532184433,38550400
2023-02-23,31.489498138427734,31.802003529452588,31.121847005949046,31.618179716320487,28488000
2023-02-24,31.443538665771484,31.51707098776568,31.103460442083566,31.121843522582115,27046600
2023-02-27,31.443538665771484,31.884722079094374,31.406772504774388,31.664132125539975,30137500
2023-02-28,31.526260375976562,31.70089788539588,31.41596540059503,31.572216323534366,32620600
2023-03-01,31.379201889038086,31.70090056152801,31.232140740710058,31.388395183054158,29281600
2023-03-02,30.981416702270508,31.175685702481573,30.52811883948919,31.138681075120754,44607200
2023-03-03,31.601228713989258,31.721491989894503,31.129432060754134,31.129432060754134,39109100
2023-03-06,31.536470413208008,31.971265940474982,31.443962378406887,31.67523599436501,36646700
2023-03-07,30.52811622619629,31.36070262576554,30.34309663418588,31.31444508104654,52855300
2023-03-08,30.121078491210938,30.500367098840268,30.010064609254428,30.213586530552533,40045600
2023-03-09,28.25238609313965,29.963809459077222,28.039613023039564,29.862048502267516,112457900
2023-03-10,28.00261116027832,28.71493435439516,26.753733222490638,28.0488651798536,165330900
2023-03-13,26.37444496154785,27.493808483145372,25.782385033726204,26.753733573368315,218403300
2023-03-14,26.605716705322266,27.836092258403383,26.337438466747837,27.743582460119868,154255800
2023-03-15,26.355941772460938,26.420698104356294,25.60661573063542,25.791633569696764,131104400
2023-03-16,26.799985885620117,27.262533115872657,26.004405849430555,26.25418001276391,108348800
2023-03-17,25.736129760742188,26.513209313696574,25.551111911858353,26.513209313696574,130665500
2023-03-20,25.67137336730957,26.30043793394207,25.57886356083812,26.1246694780941,81441200
2023-03-21,26.448450088500977,26.80923635420965,26.37444260413823,26.48545294844354,84854800
2023-03-22,25.569610595703125,26.58721486597817,25.569610595703125,26.559461396655855,76925900
2023-03-23,24.949796676635742,25.9859032368127,24.783281157828004,25.902644595170017,105335900
2023-03-24,25.107065200805664,25.24583079311067,24.348487961837677,24.607515067732177,96872700
2023-03-27,26.355941772460938,26.503956749501096,25.819387039570934,25.837889352820383,102469800
2023-03-28,26.013654708862305,26.503953600372697,25.88414029598244,26.25417769461599,63416500
2023-03-29,26.522457122802734,26.614966917805763,26.124666239424023,26.355939844692802,62666400
2023-03-30,26.180173873901367,26.883245911807116,26.00440718778324,26.753733245303707,67427100
2023-03-31,26.457704544067383,26.53171203765938,26.143172255181938,26.47620685858484,56482100
2023-04-03,26.448450088500977,26.80923635420965,26.20792532320266,26.494704104548585,51996800
2023-04-04,25.88414192199707,26.503955265323352,25.588111984493942,26.41144546873422,56233300
2023-04-05,25.569610595703125,25.81938652617092,25.403093308724596,25.58811290858467,47799400
2023-04-06,25.75463104248047,25.91189717818978,25.551110887523958,25.64361892601836,41216600
2023-04-10,25.84714126586914,25.995156247241,25.578863009334043,25.597365323124965,40572700
2023-04-11,26.559465408325195,26.596470039677637,25.86564445076839,25.92115139779705,58761200
2023-04-12,26.346691131591797,26.836991855433883,26.244931935683248,26.531710738752743,44313300
2023-04-13,26.420696258544922,26.494703741894668,26.124666325145945,26.420696258544922,52261400
2023-04-14,27.30879020690918,27.632573636505338,27.05901426712262,27.105268286574468,81110800
2023-04-17,28.09511947631836,28.132122337123796,27.19777672245768,27.540062448415622,83704400
2023-04-18,28.270883560180664,28.61316925474666,27.567811624581516,28.49290599808395,114498800
2023-04-19,27.808334350585938,27.937848753299786,27.558560228912327,27.873090669704183,65594200
2023-04-20,27.66032600402832,27.96560712735506,27.54006449189018,27.604820826462856,43193800
2023-04-21,27.632572174072266,27.734331364376352,27.207027806830364,27.521560062994226,44759000
2023-04-24,27.530811309814453,27.66032396943331,27.373545181215416,27.55856477879463,28020300
2023-04-25,26.679723739624023,27.318039396054363,26.66122142738486,27.244031911575313,49718800
2023-04-26,26.309690475463867,26.77223776768275,26.180176033797615,26.60572046016749,45848400
2023-04-27,26.72597885131836,26.901747295840465,26.383694883250648,26.383694883250648,33060100
2023-04-28,27.086767196655273,27.225531016717948,26.374444018661794,26.392946331864206,45592500
2023-05-01,26.864744186401367,27.32729142020736,26.827739560747606,27.2902867945536,34076800
2023-05-02,26.0506649017334,26.69823185503966,25.634371608253947,26.688980696909226,70797700
2023-05-03,25.77313232421875,26.365192216374663,25.726876542345533,26.05065995754742,51139500
2023-05-04,24.968299865722656,25.72687705889778,24.820284889711786,25.51410575144187,82173800
2023-05-05,25.634370803833008,25.800888115999385,25.412348309103823,25.551113912227763,50087100
2023-05-08,25.61586570739746,26.041408305668067,25.58811223880161,25.976651976755377,34245500
2023-05-09,25.58811378479004,25.74537992071301,25.19957402336139,25.366091316041917,32188800
2023-05-10,25.273584365844727,25.90264898054588,24.99605668970148,25.86564434933855,44446400
2023-05-11,25.338336944580078,25.430846744387672,24.86653855359126,24.98680182268443,34897300
2023-05-12,25.060808181762695,25.48635077145716,24.86653743446222,25.45859906789823,38142000
2023-05-15,25.57886505126953,25.736131202091254,25.005307393786474,25.070063732746377,38722800
2023-05-16,25.31058692932129,25.81013705846432,25.28283345818309,25.699126702867108,33347500
2023-05-17,26.429948806762695,26.522458606942372,25.652869308417696,25.662120464883433,61750400
2023-05-18,26.337438583374023,26.365192052325266,25.902644823337106,26.30968687890043,51146100
2023-05-19,26.004405975341797,26.522458381679265,25.930398488722158,26.328187626504175,50062500
2023-05-22,26.217178344726562,26.31893930464499,25.911897229449018,26.180173717673412,36473700
2023-05-23,26.439199447631836,26.901746675032307,26.18017236507562,26.198674677646274,51400400
2023-05-24,25.995155334472656,26.374443931479803,25.902645533244105,26.207926642163944,50606900
2023-05-25,26.059913635253906,26.124669971664012,25.791635367865936,25.893396333354865,40517800
2023-05-26,26.189424514770508,26.272683160018946,25.708376721030064,26.0876653207273,57879100
2023-05-30,26.143173217773438,26.355944549124942,25.856394390104985,26.19867839889168,41819600
2023-05-31,25.708377838134766,26.050661826160297,25.421597263383035,25.995156648408713,61905200
2023-06-01,25.904197692871094,26.09069192489115,25.49390753673454,25.885547736101756,57426100
2023-06-02,26.77139663696289,26.99519253848371,26.22123719627678,26.258535327491856,66578100
2023-06-05,26.61288070678711,26.873972993838144,26.38908477708934,26.873972993838144,34757800
2023-06-06,27.256288528442383,27.44278454575191,26.528957973762466,26.538281173925892,46297900
2023-06-07,27.48940658569336,27.64792766063937,27.051143274281575,27.321560532390787,44502600
2023-06-08,27.256288528442383,27.39615965214561,27.03249437480565,27.302913422048682,41483100
2023-06-09,27.29358673095703,27.414807889612455,27.116415703484286,27.22831366256121,32692000
2023-06-12,27.163040161132812,27.564005348063553,26.95789596764728,27.32156124018548,41011300
2023-06-13,27.41480827331543,27.787798511196087,27.06979297023498,27.163039195786833,42718800
2023-06-14,27.153717041015625,27.72252650871357,27.032494097440882,27.573330407819896,38322800
2023-06-15,27.3868350982666,27.480081323754423,26.752750805026036,26.948570012819758,42044900
2023-06-16,27.2189884185791,27.675901671444937,27.19101348444367,27.536030557883183,53050200
2023-06-20,26.920597076416016,27.079118151020555,26.650178040331543,27.051143216011134,39040900
2023-06-21,26.640851974487305,27.041817133799075,26.612878819177535,26.836672954444122,39553400
2023-06-22,26.072040557861328,26.603553625690772,26.01609246913737,26.57557869204996,50742900
2023-06-23,25.876220703125,26.006766833029353,25.727024617932134,25.866895725480745,55181100
2023-06-26,26.193260192871094,26.370431193167338,25.913518005925404,25.922841204073805,47519300
2023-06-27,26.33313751220703,26.482333617659705,26.06272023803326,26.20259136457541,39081800
2023-06-28,26.174612045288086,26.36110803515684,26.016090987466917,26.34245808045845,37803800
2023-06-29,26.724775314331055,27.0418174543564,26.482331220278866,26.57557922238474,68376400
2023-06-30,26.752748489379883,27.14438864962575,26.73409853447351,26.985867590036765,50479000
2023-07-03,27.228313446044922,27.36818455986055,26.715450323977354,26.762075214287698,30995800
2023-07-05,27.116413116455078,27.433455228608427,26.995191969364704,27.172361201376976,37492000
2023-07-06,26.370433807373047,26.873970149504334,26.20258776714341,26.85532019424379,52098000
2023-07-07,26.603551864624023,26.873969091020488,26.37975774598495,26.389080944690384,34288000
2023-07-10,26.724775314331055,26.901946340476446,26.547604288185664,26.659502246424253,36086000
2023-07-11,27.060466766357422,27.116414854866107,26.500980545597574,26.72477467818998,40978700
2023-07-12,27.377506256103516,27.871717584246728,27.293583242162686,27.517377353152394,41855500
2023-07-13,27.66657829284668,27.85307430741577,27.424134185329983,27.526707171198765,39589000
2023-07-14,27.144386291503906,28.06753763648106,27.088436431645334,27.97428964860755,58720300
2023-07-17,27.41480827331543,27.564004368467693,27.153715996077846,27.181689152320303,49477200
2023-07-18,28.627029418945312,28.776225517481652,27.899697104662316,27.974295153930488,98253800
2023-07-19,29.400983810424805,29.559504881850163,28.617703431447485,28.804197658763492,70619800
2023-07-20,29.550182342529297,29.65275355352328,29.14921714179881,29.214490215674402,42128800
2023-07-21,29.820594787597656,29.941817715355963,29.298408502601507,29.71802359321476,70872400
2023-07-24,30.445354461669922,30.631846887272395,29.820593453133608,29.839243407116857,64548600
2023-07-25,29.979122161865234,30.575906577889153,29.904522331304392,30.547929862870983,51208800
2023-07-26,30.221559524536133,30.34278245069457,29.979117229334378,30.06304024634943,41814600
2023-07-27,29.79262351989746,30.529280774816257,29.67140058446535,30.24021179251365,45529500
2023-07-28,29.746000289916992,29.98844439575344,29.56882925516001,29.979121195791624,33296500
2023-07-31,29.83924674987793,30.07236586511135,29.634102568753292,29.74599874807302,29093400
2023-08-01,29.484905242919922,29.783297413357452,29.298409247117654,29.69004941545632,32712000
2023-08-02,29.083940505981445,29.167863527417023,28.70162530991165,29.055965572650365,38855100
2023-08-03,29.289085388183594,29.419631523096886,28.794872225421187,28.850822093433482,27933400
2023-08-04,29.186513900756836,29.531530990239407,29.065292737648672,29.242463771629332,30768100
2023-08-07,29.72735023498535,29.746000191963155,29.289086917353707,29.289086917353707,31745200
2023-08-08,29.158538818359375,29.195836951253558,28.42188157420432,29.186511973390594,45951800
2023-08-09,28.77622413635254,29.167864320852914,28.748249202260478,29.11191445266879,30732100
2023-08-10,28.850820541381836,29.205160793609206,28.720272634933774,28.916093605327067,26062600
2023-08-11,29.177186965942383,29.279758158963187,28.673648863893217,28.720271971761075,35720700
2023-08-14,28.841495513916016,29.009341551517316,28.673649476314715,28.95339168661182,32563700
2023-08-15,27.918344497680664,28.487153904153516,27.825096500019626,28.44053079460181,43406100
2023-08-16,27.31223487854004,27.825096192165063,27.237635058390477,27.74117317305441,47220400
2023-08-17,27.30291175842285,27.545355854729458,27.14439068693614,27.452107851756498,37202200
2023-08-18,27.144386291503906,27.368180395265874,27.023163373701106,27.079113233559678,31430400
2023-08-21,27.181690216064453,27.32156133842378,26.855323078187485,27.246963287928285,34959000
2023-08-22,26.519630432128906,27.26561087215824,26.50098047648876,27.163037894695083,37564200
2023-08-23,26.528959274291992,26.584907370804462,26.277190172149,26.528959274291992,44686600
2023-08-24,26.687475204467773,26.845996262742272,26.45435610574396,26.482329259313968,31934800
2023-08-25,26.575578689575195,26.84599771240487,26.389082689102477,26.706124822771496,34253200
2023-08-28,26.818023681640625,27.041817822607694,26.640852653082547,26.75275061284495,33075200
2023-08-29,27.20033836364746,27.28426138719109,26.78072324592931,26.93924431500531,30428200
2023-08-30,27.079118728637695,27.2935878992781,26.976545743306282,27.246963006601188,33366400
2023-08-31,26.956886291503906,27.238959723644076,26.825252262289048,27.20135076960232,37243000
2023-09-01,27.248361587524414,27.389398299334804,27.04150786309445,27.04150786309445,35228600
2023-09-05,26.938079833984375,27.37999713150441,26.797043123588672,27.210752361677933,46543600
2023-09-06,26.69361686706543,26.853458959405067,26.4397514914265,26.703019554071194,45022600
2023-09-07,26.449148178100586,26.84405200263413,26.383331172908143,26.712417992249243,35023600
2023-09-08,26.665409088134766,26.684212667701406,26.28930880273682,26.439749992923442,36513900
2023-09-11,26.77823829650879,27.041508143092177,26.703018596539124,26.80644635651458,34168300
2023-09-12,27.23895835876465,27.398800440535876,26.70301778852555,26.75943211345097,42284000
2023-09-13,27.154335021972656,27.44581290951538,26.985092053134323,27.379995900515084,37215700
2023-09-14,27.455215454101562,27.68087453810225,27.3611903874232,27.42700739608436,44634800
2023-09-15,27.11672592163086,27.3517876915525,27.03210354098875,27.220153674277654,61661100
2023-09-18,27.041507720947266,27.07911667365543,26.787640564995595,27.07911667365543,25752300
2023-09-19,26.938079833984375,27.210752361677933,26.806445810065593,27.04150759185146,34888100
2023-09-20,26.844057083129883,27.238960982402784,26.82525350192963,27.088521572525416,26641100
2023-09-21,26.373929977416992,26.881664263378838,26.34572371267177,26.665407864563527,39906000
2023-09-22,25.988428115844727,26.505565073903544,25.950819166072215,26.392734637828127,41284400
2023-09-25,25.95081901550293,25.969624386969542,25.71575725230703,25.856793951548784,32749200
2023-09-26,25.546512603759766,25.85679406075365,25.396073218149333,25.706354675143217,42237400
2023-09-27,25.64054298400879,25.960227193053875,25.45249281631898,25.602932233119102,38296300
2023-09-28,25.913209915161133,25.988429612416702,25.546514115212606,25.546514115212606,36734300
2023-09-29,25.74396514892578,26.317516461382226,25.64053918605752,26.223491391464588,40645900
2023-10-02,25.104598999023438,25.725161959144998,24.99176855473812,25.640539574275778,50388600
2023-10-03,24.36180305480957,24.935354379402984,24.277180669430898,24.907146319817066,62144500
2023-10-04,24.390012741088867,24.45582975779993,24.051523176998604,24.333596618154356,55696400
2023-10-05,24.502840042114258,24.531048102018065,24.032716470658762,24.23957198986181,49044100
2023-10-06,24.512239456176758,24.662678835487377,23.948090887072507,24.230166068314066,58177300
2023-10-09,24.73790168762207,24.7849151205286,24.183155732978683,24.220766479303904,39953700
2023-10-10,25.396074295043945,25.668745020508076,24.982365070382865,25.019975815069788,51960100
2023-10-11,25.405479431152344,25.800383321551884,25.292648979589966,25.546516150570927,38508200
2023-10-12,25.292648315429688,25.46189309163946,25.019977570831056,25.358465329871457,44249800
2023-10-13,25.161012649536133,26.063649006089292,24.935353560397843,25.79097827923099,55089700
2023-10-16,25.377269744873047,25.55591720116572,25.17041602253037,25.537111828213003,56817500
2023-10-17,25.96962547302246,26.20468724604867,25.1234016554249,25.433683124084336,95344200
2023-10-18,25.67814826965332,26.364530028205934,25.5841231992536,25.89440646958639,68371100
2023-10-19,25.349063873291016,26.12006809048523,25.273844168367095,25.62173642450224,58611000
2023-10-20,24.73790168762207,25.330258388590682,24.672084674932023,25.198622569831496,62058400
2023-10-23,24.042116165161133,24.643873687851855,23.995104531218,24.568653997515515,59857200
2023-10-24,23.94809341430664,24.324193695651783,23.882276403084955,24.201960566200896,55975700
2023-10-25,24.023311614990234,24.11733667946775,23.675421207816044,23.86346954339214,45522400
2023-10-26,24.559253692626953,24.784912769031347,23.91988541279171,23.96689704785886,60921000
2023-10-27,23.666019439697266,24.512241466049904,23.46856661730021,24.512241466049904,64709300
2023-10-30,24.154949188232422,24.239571573109824,23.769448009737182,23.807056962249877,41891900
2023-10-31,24.76610565185547,24.8037145985823,24.18315173386983,24.201957103922645,50106700
2023-11-01,24.82252311706543,25.029378627125848,24.58746134172697,24.860133861941513,44046300
2023-11-02,25.96962547302246,26.00723442414957,25.00117032253803,25.11399896929837,63278300
2023-11-03,26.721820831298828,27.201347034800477,26.449148330073246,26.477356386765898,62613600
2023-11-06,26.63719940185547,27.050908614498574,26.34572331251506,26.85345579738613,45548000
2023-11-07,26.477357864379883,26.57138293189038,26.279906836648944,26.37393011078044,33081900
2023-11-08,26.223493576049805,26.514971496414365,26.016639839701995,26.477360747962475,31896000
2023-11-09,25.8850040435791,26.402139245910707,25.762770912816237,26.39273655943825,32267900
2023-11-10,26.026039123535156,26.110661503107117,25.706354977014186,26.101258817223684,32858500
2023-11-13,26.04484748840332,26.185884206105023,25.781577633548753,25.894408083737616,28521800
2023-11-14,27.47402000427246,27.6526674579408,26.76883466931638,26.79704272833108,66676300
2023-11-15,27.850122451782227,27.953548422794054,27.455218561737404,27.455218561737404,46968900
2023-11-16,27.774898529052734,27.925337912559975,27.47401796865934,27.671470780374413,36952800
2023-11-17,28.18860626220703,28.207411633707114,27.784299741849935,27.934739127092723,38493300
2023-11-20,28.216814041137695,28.44247311677607,27.97234959418473,28.188605984165807,46783400
2023-11-21,27.887733459472656,28.198014982106034,27.784305687468425,28.198014982106034,41611900
2023-11-22,27.859521865844727,28.009963057595847,27.75609590032589,27.962949624742656,41422700
2023-11-24,27.95354652404785,28.10398592019116,27.718484743401543,27.718484743401543,15815600
2023-11-27,27.793701171875,27.915934287724085,27.746689538627724,27.831311913175902,42039500
2023-11-28,27.7654972076416,27.8783258541263,27.568044386224877,27.7654972076416,29705800
2023-11-29,28.498889923095703,28.780965137281264,28.02876635949884,28.09458337146175,57954900
2023-11-30,28.896947860717773,28.953812454093413,28.47046069886124,28.631576745476742,52547700
2023-12-01,29.342388153076172,29.427685940193822,28.76426091645872,28.811647772549556,46133300
2023-12-04,29.209701538085938,29.380297100805294,28.925376805348716,28.934854537465633,37811300
2023-12-05,28.98224449157715,29.181273271944153,28.745306586378614,29.077020015195114,45723100
2023-12-06,28.934856414794922,29.873130262935188,28.849558627901015,29.17179431001295,49803100
2023-12-07,29.058063507080078,29.313956869365914,28.944334328970392,28.99172118523398,32699600
2023-12-08,29.342388153076172,29.51298372731147,29.010676545054967,29.067541133902502,34794300
2023-12-11,29.238136291503906,29.456118718723857,29.105449842493474,29.30447861216279,32254000
2023-12-12,29.133886337280273,29.247617333917717,28.85903929092015,29.162319538362848,34566700
2023-12-13,30.3659610748291,30.451258860475797,29.029629702261765,29.143360685688243,60311100
2023-12-14,32.16668701171875,32.28989572823181,30.86826837201831,30.915655227481697,107190000
2023-12-15,31.844446182250977,32.24250365760611,31.550645556668478,32.05295265102674,83771800
2023-12-18,31.68333625793457,32.02452741218844,31.664380792099863,31.94870554884961,40694700
2023-12-19,31.759159088134766,31.910799221305798,31.086256223149917,31.30423868862166,44534800
2023-12-20,31.2568416595459,31.948699768094393,31.22841027363089,31.63594367687497,44711400
2023-12-21,31.465351104736328,31.702288984116294,31.171546832766527,31.503262033129552,32325700
2023-12-22,31.68333625793457,31.910794617180194,31.46535382391358,31.474829749138216,37265900
2023-12-26,32.09087371826172,32.18564744381381,31.626473786130383,31.702295658880757,24845400
2023-12-27,32.0719108581543,32.17616410146488,31.901315299170626,32.033999930516806,24498600
2023-12-28,32.10982894897461,32.195126747495,32.005575682406814,32.0529625448324,21799600
2023-12-29,31.910789489746094,32.214073278984266,31.79706032839731,32.166682814319486,28060700
2024-01-02,32.12877655029297,32.28989256616788,31.53169210684631,31.645421271898304,36668600
2024-01-03,31.778108596801758,32.005570561591384,31.503263392553613,31.891841386889208,45988700
2024-01-04,32.03400421142578,32.51735956493507,31.787590379622316,31.81602177145738,39834600
2024-01-05,32.6310920715332,32.877505928436904,31.948709674898485,32.034007474477825,49242400
2024-01-08,32.37519836425781,32.50788302558654,31.882367039761213,32.50788302558654,40253900
2024-01-09,31.872879028320312,32.07190594484934,31.759146262831297,32.05295048393451,39268800
2024-01-10,31.844446182250977,31.872881183237965,31.503258708869822,31.74967248665367,34904000
2024-01-11,31.417970657348633,31.749682309955016,31.06729992129519,31.616997648912463,48790600
2024-01-12,31.086252212524414,31.45587476347995,30.290140712241154,30.564989547961854,74344300
2024-01-16,30.441774368286133,30.811396840834277,30.15744966750946,30.71662314570363,58420800
2024-01-17,30.138498306274414,30.318571605371012,29.636191146041824,30.062678255237838,48811300
2024-01-18,30.07215690612793,30.110067836650508,29.759398960087342,30.09111237138922,35484400
2024-01-19,30.53655433654785,30.546030260731765,29.92051441842748,30.138496828507833,49493600
2024-01-22,30.849313735961914,31.266326752173473,30.631331302662883,30.669242234206738,43903400
2024-01-23,31.057825088500977,31.10521195262954,30.697678413429127,30.839842621200802,30003400
2024-01-24,31.2568416595459,31.59803275206511,31.190499348821024,31.304228507865837,36403900
2024-01-25,31.645423889160156,31.70229028408182,31.11468533143236,31.47482831978043,46204000
2024-01-26,31.68333625793457,31.910794617180194,31.579083003536393,31.654904866875224,30839800
2024-01-29,31.853931427001953,31.891842358185716,31.503264352015606,31.654904461365273,30269300
2024-01-30,32.97228240966797,33.06705613322326,32.071917574349456,32.128783977714114,60315700
2024-01-31,32.2330322265625,33.266081676114474,32.22355630077314,32.76377445540819,54716000
2024-02-01,31.79706573486328,32.46049258373943,31.209460750034907,32.15721235831927,57084800
2024-02-02,31.721250534057617,31.94870891728477,31.436922131944954,31.626473194891457,40416000
2024-02-05,31.266324996948242,31.55064973679492,31.1431162840401,31.38005416980987,43573000
2024-02-06,31.31371307373047,31.616993290127127,31.16207296553214,31.199980281042702,27188000
2024-02-07,31.44639778137207,31.52221602793501,30.925135134326247,31.33266860383498,29660100
2024-02-08,31.389530181884766,31.541170284584297,31.086249976485703,31.323187862915297,36852200
2024-02-09,31.34214210510254,31.512737665908187,31.124159691936452,31.370573493441782,36176000
2024-02-12,31.863407135009766,32.19512235752954,31.256846701743783,31.275802167206518,34160400
2024-02-13,31.03886604309082,31.569608260175606,30.65976394297518,31.38953313569717,43801500
2024-02-14,31.399009704589844,31.446396558772506,31.15259227822364,31.256845526656633,27833900
2024-02-15,32.289894104003906,32.451013742937256,31.5790804616521,31.5790804616521,41683100
2024-02-16,32.30884552001953,32.36571190582098,30.792444719161185,32.14772590127444,33290700
2024-02-20,32.18564224243164,32.30885095804683,32.0055707468289,32.01504667169839,30372900
2024-02-21,31.939226150512695,31.977137078059627,31.436915398978435,31.61699049713385,37847100
2024-02-22,31.853931427001953,32.28989628945907,31.626469455284756,31.626469455284756,42756900
2024-02-23,32.147727966308594,32.27093666910046,31.740198162399984,31.96765648944735,30586000
2024-02-26,31.853931427001953,32.43206047370549,31.778109564634423,32.024527001943504,31129200
2024-02-27,32.488922119140625,32.63108629841636,31.94870402250924,31.967659487438358,40536300
2024-02-28,32.51735305786133,32.79219822650037,32.3278020476592,32.43205528403961,39548600
2024-02-29,32.94684982299805,33.0709264629524,32.593712537893076,32.765509842182695,43863400
2024-03-01,32.78459167480469,33.070922911776506,32.47917508683081,32.95638896064661,38432300
2024-03-04,33.54813766479492,33.80582995945828,32.68915121307368,32.72732919778418,49136400
2024-03-05,33.77720260620117,34.092165559018056,33.280899664123744,33.33816664850504,47591600
2024-03-06,33.80583572387695,34.15897668138559,33.47178740283218,34.025357352967674,49149700
2024-03-07,34.006263732910156,34.2639596773241,33.64358014734388,33.97762842296207,35900700
2024-03-08,33.97762680053711,34.4834759891302,33.882185480875826,34.235322732646125,42769900
2024-03-11,34.25441360473633,34.29259159103735,33.66266938048312,33.77719969853303,34131500
2024-03-12,34.321224212646484,34.5025678321815,34.14942691037819,34.26396087245923,29260400
2024-03-13,34.43575668334961,34.78889394900563,34.32122272622892,34.32122272622892,38289600
2024-03-14,34.06352615356445,34.56937535268619,33.8630971935923,34.283044106036776,40178100
2024-03-15,33.79628372192383,34.36893886881731,33.63403276528331,33.672207105117614,69646400
2024-03-18,34.36894226074219,34.44529822965175,33.77719806510508,34.03489399889535,50617900
2024-03-19,34.388038635253906,34.73163328740244,34.216241309179644,34.25441930183032,46113800
2024-03-20,35.07522201538086,35.19929865011225,34.1017052123373,34.20669285396746,40519000
2024-03-21,35.80058670043945,35.8864853517312,35.19929978225047,35.247020446111826,43219500
2024-03-22,35.361549377441406,35.89603025789597,35.31382871545601,35.705143969101265,29001100
2024-03-25,35.18021011352539,35.58106805129337,35.16112112017646,35.40927075200618,30480200
2024-03-26,35.39972686767578,35.54289249248038,35.12294193484187,35.313828220963636,33673400
2024-03-27,36.08692169189453,36.125096042413794,35.54289805781829,35.5524407352347,36350200
2024-03-28,36.1919059753418,36.268261958653994,35.714692002201616,36.001023298768665,42262500
2024-04-01,35.81013107299805,36.60230424446552,35.733775102283886,36.21098899668815,33908000
2024-04-02,35.60015869140625,35.86740096979999,35.46653937263607,35.495171043557285,34806800
2024-04-03,35.7337760925293,36.2873459729881,35.571525111545064,35.69560174696741,33338500
2024-04-04,35.23747253417969,36.23007831733061,35.1897518724779,35.981928691969436,42888200
2024-04-05,35.41881561279297,35.63833356599998,35.0561320357821,35.13248800603831,30823500
2024-04-08,35.79104995727539,35.86740594479411,35.43791261713603,35.50472228578796,29470300
2024-04-09,36.01055908203125,36.048737066378166,35.504713532420006,35.80058380897618,30967300
2024-04-10,34.97978210449219,35.53334836338838,34.8843371351285,35.48562769913318,37610700
2024-04-11,34.693443298339844,35.07521581112851,34.4071157341746,35.07521581112851,38604000
2024-04-12,34.158973693847656,34.445301321251534,33.91082041347186,34.178062687788355,47126100
2024-04-15,34.31167984008789,35.08476402122572,34.13033622951732,34.674363420375954,44392000
2024-04-16,33.09955596923828,34.52165133405651,32.593710406822105,34.45484168018467,95566100
2024-04-17,33.624488830566406,34.120791692080836,33.16636395244221,33.29998325345516,65951400
2024-04-18,34.139888763427734,34.349864080914564,33.576776118138845,33.92037076826139,44506200
2024-04-19,35.28519821166992,35.428360202353794,34.41666902778273,34.45484337411982,56273700
2024-04-22,36.01055908203125,36.182356370739406,35.189750622837394,35.31382725153839,43867100
2024-04-23,36.621395111083984,36.66911577479569,36.10600684580297,36.21099084962743,39180300
2024-04-24,36.573673248291016,36.73592786861516,36.26825664152537,36.28734563455486,28670600
2024-04-25,36.1823616027832,36.525956229884,35.67651598002564,36.20145059771697,41116000
2024-04-26,36.10600280761719,36.56412768154762,36.05827850838982,36.201444124366205,28668700
2024-04-29,35.83876419067383,36.32552442152529,35.743322864275186,36.115549134424406,26438800
2024-04-30,35.32337188720703,35.953294100472135,35.29474021778463,35.64787749045591,30283800
2024-05-01,35.26611328125,35.80059060008131,35.09431595995317,35.514262944871156,32272000
2024-05-02,35.199302673339844,35.78150428648595,34.97978468886491,35.666970314787534,34860300
2024-05-03,35.55244064331055,35.81967930052267,35.390189641675654,35.55244064331055,34082700
2024-05-06,35.972381591796875,36.067826553975195,35.657422318741,35.9437499235699,28422300
2024-05-07,36.11554718017578,36.41142110136669,35.98192787410667,35.98192787410667,29119500
2024-05-08,35.99147033691406,36.09645797416226,35.81013037130089,35.981927661188315,32803300
2024-05-09,36.53549575805664,36.66911507022332,35.75286523749192,35.81967489357526,26855400
2024-05-10,36.69774627685547,37.012705528763284,36.5832159707847,36.72637794315997,27359100
2024-05-13,36.46868896484375,37.01271257328837,36.44005729308987,36.860004255845205,24060600
2024-05-14,36.735931396484375,37.02225903771749,36.62139742730834,36.6500327400291,27594800
2024-05-15,37.13678741455078,37.45175035195376,37.012710774890216,37.031799768749785,34084400
2024-05-16,37.43266296386719,37.56628228576284,36.9459027017005,37.14633168454397,32554200
2024-05-17,37.49946594238281,37.690352214297725,37.3753893195102,37.65217423174418,25537300
2024-05-20,37.05088806152344,37.67126760723399,37.022256391702506,37.470834995927774,28369800
2024-05-21,37.84306716918945,37.93850850153117,37.00316960933923,37.00316960933923,31799200
2024-05-22,37.94804763793945,37.99577194051117,37.54718971047942,37.613999365056095,42837600
2024-05-23,37.38492965698242,38.02439808178248,37.165411732305564,37.957588436917895,39033900
2024-05-24,37.890785217285156,37.967137549712255,37.289494670689024,37.37539332020276,22166300
2024-05-28,37.52810287475586,37.92896446611073,37.327673899505086,37.84306581373849,31217900
2024-05-29,36.955448150634766,37.12724545784831,36.802739837650876,37.06997847515934,26677500
2024-05-30,36.86954879760742,37.33721640437551,35.876942961615335,36.964990126091806,50989100
2024-05-31,38.16756820678711,38.25346685190693,36.89817752233346,36.936355507020714,58188400
2024-06-03,38.062583923339844,38.358454228605176,37.56628100123111,38.21529223469227,31898600
2024-06-04,37.87169647216797,38.31073239884741,37.62354319823386,37.81442949183243,26974200
2024-06-05,38.138938903808594,38.16757421725991,37.718991928676296,38.00531957721439,34140300
2024-06-06,37.890785217285156,38.177112835379866,37.62354295165732,38.091214185866136,38676400
2024-06-07,38.19805908203125,38.37090127667371,37.7179426886905,37.7179426886905,25928700
2024-06-10,38.092430114746094,38.25567158135001,37.65072394416606,38.006012686716936,37176200
2024-06-11,37.31464767456055,37.78515970134052,36.93055308441579,37.765958268531016,44629000
2024-06-12,37.842769622802734,38.29408015277911,37.54509617449962,38.217259780443996,38964700
2024-06-13,37.6987419128418,37.785163020064985,37.38186696168866,37.7275513905814,40018700
2024-06-14,37.67953109741211,37.909984883966835,37.362652562153244,37.54509544842548,32347900
2024-06-17,37.93879699707031,37.95800209297463,37.429874776097186,37.53550097207218,26135400
2024-06-18,38.39971160888672,38.42851742097147,37.890785729738894,37.986811208350495,30804500
2024-06-20,38.39971160888672,38.70698581444891,38.16925412321634,38.19805993530109,29383300
2024-06-21,37.91958999633789,38.3228859621191,37.80435943783157,38.26527068286594,72244900
2024-06-24,38.42852020263672,38.735794430441096,38.07323506354999,38.18846198322719,31064900
2024-06-25,37.81397247314453,38.47653185275833,37.78516299542372,38.198063433776575,30596000
2024-06-26,37.44907760620117,37.78515760669894,36.94015541601962,37.61231541701515,44310200
2024-06-27,37.68914031982422,37.78516214206417,36.815328550648836,37.16101297150903,29464200
2024-06-28,38.18845748901367,38.46692586987659,37.756352012329366,38.15965167823382,52028200
2024-07-01,38.418914794921875,38.73579339430524,38.09243547873794,38.32289297492563,26770500
2024-07-02,39.30232620239258,39.33113201233171,38.370899275724014,38.409309464307654,35626100
2024-07-03,39.27351760864258,39.561586676606346,39.129481243162225,39.3887445032287,17100700
2024-07-05,38.803009033203125,39.33113636417321,38.687782117699996,39.30233055104683,23489000
2024-07-08,39.00465774536133,39.40795745129737,38.82221482065077,38.98545264860269,26728500
2024-07-09,39.77283477783203,40.16653368252219,38.985444294445465,39.13908137259414,34697200
2024-07-10,40.080116271972656,40.0993177033795,39.43675842992685,39.63840642667367,25333400
2024-07-11,40.147335052490234,40.23375615179758,39.744035368056814,40.10892486102087,33824600
2024-07-12,39.93608093261719,40.25295584102069,39.455964549038235,39.840059121100325,31856600
2024-07-15,40.224151611328125,40.55063091151521,40.04170869707554,40.1857414200126,36648100
2024-07-16,42.37507629394531,42.63433960054429,40.541031714372664,40.82910083403899,75953300
2024-07-17,42.23103713989258,42.67274333868472,41.9141622278886,41.9141622278886,65713600
2024-07-18,41.29961013793945,42.480699677398505,41.222793420517824,41.88535271814346,48549200
2024-07-19,41.19398880004883,41.82774230483431,40.99233712711905,41.15557860872911,43903000
2024-07-22,40.61784744262695,41.16517985549446,40.29136813819743,40.94432674705647,42838300
2024-07-23,40.723472595214844,41.0787577029036,40.473813680811304,40.541029683266004,36705100
2024-07-24,40.51221466064453,41.04994626963916,40.396987766930295,40.59863574667944,36567200
2024-07-25,40.022499084472656,40.61784233068301,40.00329399098238,40.34897834781325,41593900
2024-07-26,40.01289367675781,40.291362030706665,39.763234793801665,39.92647625277053,52049300
2024-07-29,39.45595932006836,40.21454398470971,39.35033314359971,40.11851852292147,37133100
2024-07-30,39.638404846191406,40.22414738167001,39.18709796618094,39.41755176384648,44163200
2024-07-31,38.70698547363281,39.734434276246716,38.620564375142045,39.59039789109629,50851600
2024-08-01,37.929195404052734,38.841417291939564,37.429873911072605,38.83181291271061,60107800
2024-08-02,36.085548400878906,36.997766580393524,35.701453836769524,36.48884439649625,76728000
2024-08-05,35.19253158569336,35.49020139246254,33.74257808879563,34.23229884025013,76075200
2024-08-06,35.45179748535156,35.82629139934996,35.086911614785755,35.19253782158034,40614100
2024-08-07,35.816680908203125,37.05538203709821,35.78787509780932,36.58486637701499,44952400
2024-08-08,36.690486907958984,36.892134875615135,36.162359708527624,36.3159967785985,36557800
2024-08-09,36.757713317871094,36.92095481153548,36.40242817942187,36.64248639840064,26411200
2024-08-12,36.652076721191406,37.18980829788648,36.4984396511352,36.96895523861797,33040600
2024-08-13,36.9305534362793,36.949758532269264,36.6040741304449,36.844132335823204,21553500
2024-08-14,37.266639709472656,37.37226225025582,36.90175018631972,36.98817129277705,25658900
2024-08-15,37.477882385253906,38.10203512670998,37.4202707656099,37.86197694353413,37379800
2024-08-16,37.77555465698242,37.85237136841198,37.43947467635863,37.44907539166342,26886600
2024-08-19,38.092430114746094,38.159649774875085,37.88118140790184,37.90998721724489,27268900
2024-08-20,37.151405334472656,37.67953629948504,36.815325323098776,37.564305727301935,44440800
2024-08-21,37.209014892578125,37.43947233847012,36.86333055523855,37.3242417840257,33751100
2024-08-22,37.67953109741211,37.72754199769461,37.03617331203664,37.23782129102125,35421600
2024-08-23,38.18845748901367,38.57254839706849,37.708341106697176,37.708341106697176,45616600
2024-08-26,38.33249282836914,38.601360511698715,38.08283390420334,38.40931321303403,44659500
2024-08-27,38.092430114746094,38.53413994832325,38.03481849605999,38.40930866950815,32323900
2024-08-28,38.36130142211914,38.6685756277188,37.76595810664448,37.77555882300808,40700500
2024-08-29,38.57255554199219,38.73579704697617,37.95800704487176,38.457328614531605,34810800
2024-08-30,39.12948226928711,39.23510845167637,38.53413902481688,38.572545548688126,49098200
2024-09-03,39.08147048950195,39.273517756533295,38.630159961427836,38.966243594481924,48489300
2024-09-04,38.88943099975586,39.32153652124157,38.67817859747447,39.04306811150659,39629600
2024-09-05,38.54374313354492,39.31192862355879,38.41891184673099,39.17749662068103,34214500
2024-09-06,37.46126937866211,38.543744260278444,37.26797371618917,38.437429433791266,47007600
2024-09-09,38.14748001098633,38.379436267071405,37.789874945297996,37.93485037050983,37610200
2024-09-10,37.963844299316406,38.505081712852906,37.0456788881988,38.505081712852906,53983900
2024-09-11,37.693233489990234,37.722227105181304,36.73640363301764,37.68357018055283,41190000
2024-09-12,37.4806022644043,38.01217643346148,37.23897898278874,37.74155585097454,39921600
2024-09-13,37.354957580566406,37.78021319214035,37.151991239542184,37.577250537994495,31887300
2024-09-16,37.78988265991211,37.896197501854,37.49027212739839,37.50960243383137,26336400
2024-09-17,38.22480392456055,38.46642721572323,37.896196101104145,37.96385032767939,27769400
2024-09-18,38.29245376586914,38.775700292852925,38.09915441769995,38.29245376586914,42527800
2024-09-19,39.50056838989258,39.674537427098755,38.669383809213784,38.698381106666986,57977800
2024-09-20,38.920677185058594,39.36526312170293,38.891683572153525,39.2589482918796,70725000
2024-09-23,38.534080505371094,39.08498130087696,38.418102360759,38.86268832083764,31714800
2024-09-24,38.128150939941406,38.64039106831169,37.93485159570863,38.51474594152864,32534900
2024-09-25,37.93484878540039,38.08948751195492,37.635234639691824,37.93484878540039,28866000
2024-09-26,38.19580841064453,38.38910777134121,37.79954638031174,38.07016327315989,39601400
2024-09-27,38.079830169677734,38.56307672671994,38.0315025644706,38.32145344819884,27861100
2024-09-30,38.35044479370117,38.45675961986338,37.71255952360636,37.915522180709615,35055200
2024-10-01,37.905860900878906,38.23446870529354,37.6352403233807,38.18614110035836,26291200
2024-10-02,37.91552734375,38.215141559471846,37.74155827486363,37.934857649946146,23302700
2024-10-03,37.93484878540039,37.95417908707946,37.43227200237863,37.67389524304998,26030200
2024-10-04,38.76603698730469,38.90134542496926,38.2924537686003,38.59206794262784,34209900
2024-10-07,38.62106704711914,39.08498333660923,38.379443749246455,38.862690344991826,27177500
2024-10-08,38.59206771850586,38.80469736896014,38.47608958502097,38.70804585199075,26023600
2024-10-09,38.843360900878906,39.03666028084319,38.38911159787371,38.53408336768766,27421000
2024-10-10,38.63072967529297,38.78536842096966,38.43743032147747,38.66938659655325,26182300
2024-10-11,40.54438400268555,40.757009965652784,39.04632051929292,39.142968349107264,50660700
2024-10-14,40.5057258605957,40.766679441226316,40.32209349802391,40.554049778443165,28098900
2024-10-15,40.72801971435547,41.90714250714176,40.64103518559453,41.78149736851403,61490000
2024-10-16,41.36590576171875,41.655852967093665,40.73768743121956,40.7956746601673,42437800
2024-10-17,41.172607421875,41.55920616326153,41.046965964771395,41.3949040946435,31708600
2024-10-18,40.9019889831543,41.22093348588477,40.69902631062328,41.00830381739779,30593500
2024-10-21,40.360748291015625,40.98897025052771,40.341421674399065,40.83433150944636,26589500
2024-10-22,40.88265609741211,40.9889709249445,40.17711659918989,40.25443781444198,37104400
2024-10-23,40.921321868896484,41.04696701609705,40.61204434261735,40.78601341200923,28569400
2024-10-24,41.22093200683594,41.230595315566475,40.56371640680201,40.901987515549514,28392000
2024-10-25,40.486392974853516,41.5398705390291,40.38974514532042,41.481879629182224,27466900
2024-10-28,41.19193649291992,41.31758163313621,40.60237508907282,40.660366004606196,24527600
2024-10-29,41.104949951171875,41.37557052353667,41.04696272535542,41.16294086386688,22313500
2024-10-30,40.8923225402832,41.46255359098864,40.24477027537032,40.312424494362624,38100500
2024-10-31,40.41874313354492,41.12428268879526,40.399412828169446,40.872996092671634,28138200
2024-11-01,40.360748291015625,41.008300554022675,40.35108498270735,40.73768367884992,31220000
2024-11-04,39.94515609741211,40.61203491739273,39.7325264648626,40.21577294838197,31110100
2024-11-05,40.47673034667969,40.602371789807876,39.993483817138696,40.119125260266884,30851400
2024-11-06,43.888450622558594,44.023759063880334,42.52569552700912,43.29888925376086,110086700
2024-11-07,43.2698974609375,43.71448341165766,43.01860718487573,43.530851045980725,48339700
2024-11-08,43.61783218383789,43.97543357841332,43.44386314066532,43.6274954920682,38331800
2024-11-11,44.53600311279297,44.9612587427858,44.052756570441716,44.072083187682665,43293500
2024-11-12,44.32337951660156,44.893610662043436,44.30404920983822,44.59399643753024,38155900
2024-11-13,44.333038330078125,44.92259972248725,44.294381407351246,44.65198282900581,36903900
2024-11-14,44.36203384399414,44.61332042255198,44.19772810322753,44.41035776061544,35733100
2024-11-15,45.18354797363281,45.27053249153847,44.09140984590145,44.09140984590145,40488900
2024-11-18,45.15456008911133,45.4445072899375,44.932267112248645,45.183553703130336,32360300
2024-11-19,44.85494613647461,45.057908809469644,44.41036018032966,44.44902079048453,28534100
2024-11-20,44.51667404174805,45.07723812922582,44.3813619091637,45.00958390637296,28021000
2024-11-21,44.90326690673828,45.47349796245788,44.74862816384204,44.83561268715108,45336500
2024-11-22,45.4251708984375,45.63780053776312,44.729294760192325,44.81627927747297,37996200
2024-11-25,45.90842056274414,46.140380520445575,45.5798127733462,45.676460605042706,42718600
2024-11-26,46.15004348754883,46.23702801018374,45.62813635173934,45.918083531562914,30301500
2024-11-27,46.16937255859375,46.37233521036416,46.053394427136126,46.217696472794564,23278400
2024-11-29,45.918087005615234,46.46899148190209,45.90842369653733,46.19837089829761,23262000
2024-12-02,45.463836669921875,46.21770011410786,45.28020061986115,46.140382582670675,35891500
2024-12-03,45.25121307373047,45.88909846284927,45.08691099309763,45.78278361684961,38123800
2024-12-04,44.816280364990234,45.21254235624488,44.584324104531966,45.12555783685345,24941300
2024-12-05,45.4251708984375,45.657130840145285,44.94192439951795,44.99991530666445,31572100
2024-12-06,45.43489074707031,45.73617157117553,45.094737967747676,45.73617157117553,28931700
2024-12-09,44.61852264404297,45.434893063424596,44.60880558159003,45.250239217719354,34660900
2024-12-10,44.4630241394043,44.98783449442927,44.30752518688439,44.6185230919242,35665800
2024-12-11,44.78374099731445,44.86148861672612,44.190900106327824,44.70598967051547,36790500
2024-12-12,44.78374099731445,45.1627694469912,44.62823834371649,44.84205078502637,24017300
2024-12-13,44.38527297973633,44.80317711137202,44.1034336760416,44.79346004878427,32902300
2024-12-16,44.19089889526367,44.394990561436835,43.88961807325528,44.307522174878734,27330400
2024-12-17,43.782711029052734,43.918772137266444,43.364806935317965,43.918772137266444,33054600
2024-12-18,42.27631378173828,44.15202179324316,42.13053190643262,43.870178811592,41771900
2024-12-19,42.15969467163086,43.22874950487962,42.091664111736165,42.733097753162916,38583600
2024-12-20,42.927467346191406,43.15100055886025,41.887567439827016,41.984756599115066,74222200
2024-12-23,42.65534591674805,42.869158363813426,41.576570326390794,42.665066686553246,35374800
2024-12-24,43.13156509399414,43.17043705245524,42.69422312166565,42.69422312166565,12054400
2024-12-26,43.29677963256836,43.32593823465177,42.86915844501503,42.96634389892661,16077400
2024-12-27,43.092689514160156,43.520310717186256,42.82056726745151,42.99550405673208,17972500
2024-12-30,42.674781799316406,42.89831129858732,42.32490825006202,42.655343967981466,16109800
2024-12-31,42.71365737915039,42.98577960253729,42.48040711097073,42.801125766294355,16110400
2025-01-02,43.04409408569336,43.3356541470783,42.567876476434336,42.89831220130723,25610600
2025-01-03,43.549468994140625,43.58834095238817,42.90803534071201,43.49115549568801,23455700
2025-01-06,44.12287139892578,44.85177343498257,43.831307618593094,43.88962111613712,30518500
2025-01-07,44.78374099731445,45.337706224901595,44.36583688423821,44.978111899537275,41111200
2025-01-08,44.91008377075195,44.95867649893527,44.40471124139298,44.608806631582915,40246000
2025-01-10,43.84103012084961,44.75458604081227,43.481439473588125,44.70599331129925,40741300
2025-01-13,43.79243850708008,44.06456076519621,43.432844143269236,43.8313104672483,34353600
2025-01-14,44.492183685302734,44.62824481955697,43.95765621185202,44.3172468820079,36379000
2025-01-15,45.775047302246094,46.12492087977358,45.5223628892471,45.79448513515179,57154800
2025-01-16,45.3279914855957,46.17351688638939,44.53105881682228,45.67786508796215,56339300
2025-01-17,45.22108459472656,45.56124112870965,44.78374630550049,45.298835930741355,44486100
2025-01-21,45.34743118286133,45.823648873954866,45.230807879743956,45.308555512692884,52089100
2025-01-22,44.501895904541016,45.41545170711427,44.47273730466991,45.28910766070519,40296200
2025-01-23,45.08502197265625,45.570956684510506,44.75458622029985,44.75458622029985,35324100
2025-01-24,45.21136474609375,45.54180048902404,44.85177410764793,44.92952173148519,24655100
2025-01-27,45.76532745361328,45.81392017922577,45.07530111070891,45.24051711926883,44260000
2025-01-28,45.522361755371094,46.10548189846747,45.39601769832481,45.75561203704211,27156600
2025-01-29,45.43489074707031,46.05688651919584,45.32798452860113,45.43489074707031,23681500
2025-01-30,45.405738830566406,45.84307708768491,45.09474092411492,45.784767297342434,31199900
2025-01-31,44.997554779052734,45.51264810841075,44.86149364927852,45.386304041882816,30388900
2025-02-03,44.91008377075195,45.172488951806855,43.84102892116904,44.14230606033808,36497700
2025-02-04,45.39601516723633,45.80420221055498,44.968393999967155,45.046141617930985,32894000
2025-02-05,45.78476333618164,45.80420116707659,45.327983578618216,45.658419289058045,27696600
2025-02-06,46.39705276489258,46.63029937480627,45.84308372472451,46.10548894141843,39793400
2025-02-07,46.066612243652344,46.620577519500095,46.0471744102592,46.4942334561385,26504700
2025-02-10,45.357139587402344,46.22210640027025,45.09473813233133,46.14435507477717,26725200
2025-02-11,45.4737663269043,45.60982743838569,44.978110898065225,45.24051605908816,20314900
2025-02-12,44.91008377075195,45.26967811556099,44.64767858969705,45.25995734549182,29777100
2025-02-13,45.026710510253906,45.25995708715748,44.67683693751104,45.21136435925153,26815400
2025-02-14,45.63898849487305,45.76533256147662,45.17249160363031,45.17249160363031,25960500
2025-02-18,45.22108459472656,45.337711598748754,44.86149393412753,45.25024319942599,37824100
2025-02-19,44.71570587158203,44.76430230358923,44.14230282333716,44.5893655290476,38967800
2025-02-20,44.02568435668945,44.89064755461932,43.772999936603966,44.60880823805141,40001100
2025-02-21,43.549468994140625,44.229774605816786,43.28706381218517,43.97709019396386,43485900
2025-02-24,43.209312438964844,44.113151273471416,43.18987460616618,43.76327769787048,35512200
2025-02-25,42.703941345214844,43.57862531364753,42.13053823421733,43.27734445621235,38119000
2025-02-26,42.703941345214844,43.29678228966504,42.62619371879174,42.80113051247828,32251700
2025-02-27,42.878875732421875,43.520309370810956,42.703938948553265,42.84972083757292,28477700
2025-02-28,44.80318069458008,44.90036986516792,42.95663094206444,43.073254239382074,62621100
2025-03-03,44.27836990356445,45.63898479933539,43.94793416893384,44.910082770655,46946000
2025-03-04,41.469661712646484,43.57862004494196,40.84766594691109,43.47171382757108,78278100
2025-03-05,41.1003532409668,41.52797439470954,40.53666727216365,41.45022677920501,52588900
2025-03-06,40.293701171875,40.711605276630685,39.80776651121837,40.420045221714155,58103500
2025-03-07,40.48930740356445,40.81204630777705,39.71668448716457,40.40128702409125,50651400
2025-03-10,38.95384216308594,39.726461318504526,38.31813903276094,39.511303301033415,77498400
2025-03-11,38.73868179321289,39.76558372961364,38.406160775343885,38.826702172377736,50608400
2025-03-12,39.032081604003906,39.60910325748002,38.337700689199124,39.42328411614433,42290700
2025-03-13,38.797359466552734,39.30592124154224,38.46484218025802,39.090763216927044,37766100
2025-03-14,39.99052047729492,40.11766184325563,39.28635750370743,39.37437787540586,35979900
2025-03-17,40.52842330932617,40.85116593348294,39.697122655053036,40.01986154842625,37242800
2025-03-18,40.73381042480469,40.90985119404407,40.38172888632592,40.80227030942179,37644500
2025-03-19,41.28148651123047,41.760709399618264,40.39150434489624,40.8022673536263,42471100
2025-03-20,41.54554748535156,41.78026973668757,40.733807316497746,40.841384462127145,41018100
2025-03-21,41.5357666015625,41.72158573004783,40.96852337126509,41.23258448908112,65011000
2025-03-24,42.1225700378418,42.200812033561185,41.80960951653162,41.98565027611656,30646100
2025-03-25,42.32794952392578,42.57245016346931,42.09323099920285,42.39640940453528,25445300
2025-03-26,41.87807083129883,42.75827465936167,41.79005044849254,42.5039918953507,30012100
2025-03-27,41.6237907409668,42.14213090944869,41.58466974276114,41.8780697677361,25619200
2025-03-28,40.34260559082031,41.682468053096,40.08832656682299,41.506427293873365,34253000
2025-03-31,40.812042236328125,40.97830459465042,39.70689841114457,39.88293915252898,36390000
2025-04-01,40.577327728271484,40.78270736983718,40.06876595097759,40.4110653535871,25578500
2025-04-02,40.929405212402344,41.04676820452992,39.92206378006775,39.980745276131536,28216100
2025-04-03,36.40126037597656,37.9856236482577,36.20565909686904,37.78024398404765,115497900
2025-04-04,33.63350296020508,35.00270785408807,32.92934001697574,34.51370663924175,107761200
2025-04-07,34.797332763671875,35.824234702212735,32.802206652299894,34.200750607065025,137329100
2025-04-08,34.25942611694336,36.508834834222874,33.5748273568497,36.04917246891704,79116300
2025-04-09,36.332794189453125,37.01739295147503,32.34254221821058,33.3009842158247,161173500
2025-04-10,35.06138610839844,35.59929043696901,33.868225664218954,35.52104845071029,90451800
2025-04-11,35.1591911315918,35.43303064171665,34.0442688623309,34.42568924594294,63671900
2025-04-14,35.86335372924805,36.17631799512272,35.47215492577646,35.68731669269534,46830600
2025-04-15,37.15431594848633,37.89759619357695,36.96849308912613,36.96849308912613,84677800
2025-04-16,36.50883102416992,37.320571068189444,36.15674956670293,37.02717109722797,52872700
2025-04-17,36.587074279785156,37.036954545513055,36.420815641453196,36.684873039888245,47144400
2025-04-21,36.107852935791016,36.45993445637741,35.68731526485028,36.25455481296325,34928300
2025-04-22,37.47705841064453,37.64332078855783,36.577297831577866,36.74355647870741,42288900
2025-04-23,37.8975944519043,39.24723886023013,37.81935246613087,38.54307591140218,54428400
2025-04-24,38.70934295654297,38.82670221864138,37.750897168590996,37.809578665032035,42457100
2025-04-25,38.816917419433594,38.914719906738405,38.45505754336435,38.67021928465151,32694200
2025-04-28,38.90494155883789,39.19834531837207,38.59198103073296,38.924502058192424,37428000
2025-04-29,39.110321044921875,39.25701917930771,38.61153768797318,38.758239553142424,33792500
2025-04-30,39.00274658203125,39.12010585497666,37.966062433792125,38.494184758222474,40994600
2025-05-01,39.28635787963867,39.550418997260785,38.70933999727376,38.944058503526705,33569100
2025-05-02,40.16656494140625,40.32304520216709,39.80470503791876,40.01008468064541,41613000
2025-05-05,40.2154655456543,40.577329190923734,39.72646424956634,39.95140439807275,32829200
2025-05-06,39.941627502441406,40.36216893121461,39.66778796027614,39.75580834608411,29541800
2025-05-07,40.02964401245117,40.43062490213347,39.96118413353836,40.13722488810947,30925900
2025-05-08,40.684906005859375,41.22281041173628,40.342606593741145,40.38172759249288,41861700
2025-05-09,40.8707275390625,41.056546680840356,40.77292504540285,40.81204604286671,27222800
2025-05-12,42.406192779541016,42.992992839569965,41.99542975289371,42.36707178066341,44875100
2025-05-13,43.30595779418945,43.51134119389185,42.464874886294815,42.464874886294815,43232500
2025-05-14,43.755836486816406,43.9318735165461,43.15925432405248,43.21793209036781,42419500
2025-05-15,43.40375518798828,43.99055523884787,43.04189155020059,43.61891321688547,47379400
2025-05-16,43.706932067871094,43.80473456011381,42.69959064786457,43.36463267198061,49488100
2025-05-19,43.78517150878906,44.14703138203,43.1396900207561,43.1396900207561,37915700
2025-05-20,43.706932067871094,43.92209382002146,43.43309255115871,43.609133306411984,33424300
2025-05-21,42.29861068725586,43.511335502261886,42.20081192364504,43.39397250898848,55594100
2025-05-22,42.35729217529297,42.61157119909968,42.014989041157236,42.23015079799777,29026200
2025-05-23,42.24971389770508,42.47465405243823,41.41840943287325,41.545550817995085,34875100
2025-05-27,43.247276306152344,43.247276306152344,42.34751197122576,42.826734888325326,36322000
2025-05-28,43.090797424316406,43.462435739306486,42.9929949223843,43.2374955810386,35673800
2025-05-29,43.2668342590332,43.48199228213305,42.934313244296746,43.39397190379741,28545100
2025-05-30,43.15924835205078,43.3255069746504,42.75826750431753,43.217926110246786,66537500
2025-06-02,43.110355377197266,43.17881525911228,42.40619232803287,42.91475411567563,28582600
2025-06-03,43.667816162109375,43.74605442755724,42.97343150329706,43.04189138460784,31320200
2025-06-04,43.384193420410156,44.0981348293695,43.3646329218489,43.61891194157791,30591700
2025-06-05,43.40375518798828,43.59935644853606,43.04189155020059,43.472215069562445,32020900
2025-06-06,44.239952087402344,44.43670225790907,43.91530755108214,43.96449509370882,37013000
2025-06-09,44.14157485961914,44.662973338235105,44.05303577855371,44.37768032671662,32414000
2025-06-10,44.358001708984375,44.46621655142065,44.02352117453081,44.07270871579217,32229100
2025-06-11,44.003849029541016,44.672810153512025,43.82677086420933,44.466220211548105,47873500
2025-06-12,43.895633697509766,43.92514922658793,43.305375654713984,43.679207749961506,30165400
2025-06-13,43.37424087524414,43.73823322588175,42.9512212166237,43.28570178965453,43281700
2025-06-16,43.68904495239258,44.16125215009453,43.630017645391376,43.91531066674336,34103600
2025-06-17,43.511966705322266,43.944822364239165,43.34472829827569,43.551318243251764,27489600
2025-06-18,44.328495025634766,44.46622165809113,43.492291717083674,43.54147926399391,37684700
2025-06-20,44.7613525390625,44.9089189386507,44.535086811724845,44.57443835198429,64591600
2025-06-23,45.548362731933594,45.61722604820825,44.37768260249511,44.662975628644006,42683600
2025-06-24,45.90251922607422,46.4239139803826,45.813980140175694,45.99105831197274,45437600
2025-06-25,46.08943176269531,46.21732238282595,45.70576365507257,45.82381826724046,33532400
2025-06-26,46.68952941894531,46.80758403072319,46.13862290839178,46.18781045358133,40127000
2025-06-27,46.35505294799805,46.89612349836362,46.14846298831165,46.67969752987908,56705000
2025-06-30,46.55180740356445,46.846936456711646,46.266514359322045,46.846936456711646,47921200
2025-07-01,47.36832809448242,47.63394157668147,46.177968540862246,46.25667161171306,48540900
2025-07-02,47.91923904418945,47.93891481373542,47.27979342140729,47.574922459058236,48003600
2025-07-03,48.13566589355469,48.50949798715584,48.01761503606926,48.15534166193044,21620300
2025-07-07,47.87004852294922,48.41111901715872,47.58475551140943,47.94875159624396,35567900
2025-07-08,46.38456726074219,47.01417688482011,46.000895377848416,46.72888385116937,88086500
2025-07-09,46.07959747314453,46.679695306018246,45.95170684824457,46.39440227846036,46227900
2025-07-10,46.20748519897461,46.45342667224526,46.020567277516726,46.138621886680355,44225000
2025-07-11,45.97138214111328,46.05008521801101,45.499174938034635,45.882843055987955,31653000
2025-07-14,46.30586242675781,46.30586242675781,45.794303688385796,46.05008493395642,36381200
2025-07-15,45.40079879760742,46.2468343381305,45.20404486267006,46.11894747027501,55145000
2025-07-16,45.282745361328125,45.80414386537229,44.27930364457264,45.4991750706585,61296600
2025-07-17,46.256675720214844,46.45342966204851,44.7023237077751,44.89907764960877,56480700
2025-07-18,46.55180740356445,46.6108347153017,46.13862747971229,46.24683858874296,48314200
2025-07-21,46.709205627441406,47.26011589595207,46.43375236957066,46.76823293388622,32199700
2025-07-22,46.99449920654297,47.388003329226926,46.68953041542829,46.82725704600614,34749400
2025-07-23,47.358489990234375,47.525732145255844,47.03384919354544,47.230599372014325,31380100
2025-07-24,47.60443115234375,48.20452894991844,47.42735299067355,47.70280999369891,42967600
2025-07-25,47.66345977783203,47.76183486914392,47.16173705494152,47.60443247138339,24461200
2025-07-28,47.44702911376953,47.75199789509756,47.29946647978689,47.663458813600336,20590400
2025-07-29,47.171573638916016,47.72248011759193,47.11254633644263,47.604429265414076,26216500
2025-07-30,47.18141555786133,47.712650088375945,46.96498959387972,47.476544601668536,32265900
2025-07-31,46.50261688232422,47.2502773527117,46.42391380503644,46.984660096019375,40016300
2025-08-01,44.91875457763672,45.65657906396634,44.58427399372318,45.60739151543158,52310400
2025-08-04,45.10566711425781,45.36144836171907,44.89907716630244,45.21388196873994,31038900
2025-08-05,44.82038116455078,45.25323686179702,44.02352933837863,45.204049311414195,36798300
2025-08-06,44.682647705078125,45.19420645006768,44.653135927426376,44.96794073160929,27916800
2025-08-07,44.190765380859375,45.01712894221321,44.0530387460953,44.96794139447881,30609900
2025-08-08,45.263065338134766,45.54835833675437,44.24978770835284,44.41702985514564,37131600
2025-08-11,45.4106330871582,45.764789406089484,45.066316528624476,45.31225799979686,35559400
2025-08-12,46.728885650634766,46.88628806271559,45.607392995462654,45.7254438663309,35481200
2025-08-13,46.473106384277344,46.9846613896555,46.22716489013541,46.90596206297016,29465100
2025-08-14,46.93547058105469,46.95514634955161,46.12878283652648,46.325536768726586,21073800
2025-08-15,46.17797088623047,47.043685945713975,46.138623101575575,46.97482263160645,26276900
2025-08-18,47.14206314086914,47.260117758411134,46.03041030478534,46.15829717796851,43125100
2025-08-19,47.29946517944336,47.33881296242887,46.85676978412768,47.04368394980808,33783400
2025-08-20,47.56507873535156,47.71264511826824,47.092871563894796,47.38800057695915,30822200
2025-08-21,47.476539611816406,47.70280906614907,47.03384796901782,47.48637937214514,28713200
2025-08-22,48.676734924316406,48.85381308160011,47.6732932839651,47.732320587315996,45078900
2025-08-25,48.676734924316406,48.85381308160011,48.41111768839086,48.588195845674555,34715700
2025-08-26,49.43423843383789,49.444074442009246,48.450472494856044,48.450472494856044,40609300
2025-08-27,49.56212615966797,49.80806763003763,49.17845806633435,49.21780584948905,42428200
2025-08-28,49.67034149169922,49.81790412369934,49.46374780246855,49.729365043391645,32949400
2025-08-29,49.916282653808594,50.09335706055289,49.690013197832315,49.690013197832315,32496500
2025-09-02,49.60147476196289,49.6506660590644,48.863650338669174,49.404724584633165,52719800
2025-09-03,49.24732208251953,49.74904103803459,48.8931657596764,49.58180263711927,38344200
2025-09-04,49.7982292175293,50.004822910335996,49.306346263476506,49.42440087444294,34796900
2025-09-05,49.2343635559082,50.243386519597884,48.70017426213557,49.89715104090411,40063300
2025-09-08,48.92770004272461,49.37285780163389,48.353944088519185,49.26404104127354,48033100
2025-09-09,49.74877166748047,50.015866335980526,48.9277024524274,48.967272871533225,40060100
2025-09-10,49.590492248535156,50.0851111513071,49.432214350593846,49.82790720862575,31706300
2025-09-11,50.203819274902344,50.41155831105525,49.452000193454424,49.600383602002445,28055200
2025-09-12,50.03565216064453,50.381883897969765,49.91694090186767,50.154359645778484,27851100
2025-09-15,50.04553985595703,50.54015875005677,49.916937886871146,50.30274002048611,29043600
2025-09-16,50.11478805541992,50.3324215844503,49.66963027951361,50.095002846086,31624400
2025-09-17,50.846824645996094,51.074348888127915,50.243388981643434,50.31263532604691,38337900
2025-09-18,51.5689697265625,51.62832158191247,50.747900506887575,50.93585811187686,35246900
2025-09-19,51.68767547607422,52.09326282647187,51.202947289675684,51.58875320471587,98970700
2025-09-22,51.36122512817383,51.78659768707593,51.20294722999929,51.20294722999929,27468000
2025-09-23,51.143592834472656,52.31089369060194,50.96552973617209,51.440363407092754,28278200
2025-09-24,51.143592834472656,51.68767284654993,50.90617411219104,51.29197623396142,27010400
2025-09-25,51.29197692871094,51.76681437970585,50.886389593453195,50.92596000997654,22957900
2025-09-26,51.64810562133789,52.05369297615879,51.420581375818145,51.54918334890072,20025800
2025-09-29,51.85584259033203,51.98444455828769,51.54918129381661,51.796490738692995,23701000
2025-09-30,51.0347785949707,52.004231192630655,50.47091334708321,51.91519963908828,29945000
2025-10-01,50.13457107543945,51.1238088570801,50.01586359826252,50.74789744343671,27709100
2025-10-02,49.93672561645508,50.302742559946765,49.531138253763515,50.104898011233125,22757200
2025-10-03,50.095001220703125,50.5797293995498,50.00596966841058,50.07521601201115,24565700
2025-10-06,49.847694396972656,50.767685894551775,49.35307547455992,50.38188373885271,25386300
2025-10-07,49.74877166748047,50.36209806904937,49.59049376470002,50.005971844382636,24107300
2025-10-08,49.303611755371094,49.96639926535014,49.24425612927815,49.857586277977134,24014200
2025-10-09,49.254150390625,49.73887479370616,49.13543913899302,49.461889420516925,21816900
2025-10-10,48.12642288208008,49.600385164425,48.02749683295574,49.39264612172827,31831900
2025-10-13,48.33415985107422,48.86834917249833,48.28469871545556,48.67050085638094,34462800
2025-10-14,49.55092239379883,49.95650974773572,48.00771004109994,48.32426584058031,42462600
2025-10-15,51.71735382080078,52.281219095920996,50.67865482840265,51.01499584984654,69992200
2025-10-16,49.897151947021484,52.1921832801189,49.461888685103915,52.03390538727227,49027700
2025-10-17,50.728111267089844,51.21283943124807,49.78833841137594,50.401664767671114,48915400
2025-10-20,51.47993469238281,51.71734964503091,50.817143421151385,50.886389763477304,25786000
2025-10-21,50.96553421020508,51.80638486871691,50.886393371282935,51.52939947977521,27303400
2025-10-22,50.550052642822266,51.02489013179035,49.8971558125448,50.94574929241469,34955000
2025-10-23,51.20294952392578,51.24251994365289,50.55994718475347,50.92596413312189,26028800
2025-10-24,52.00423049926758,52.25153994762766,51.29197808042486,51.29197808042486,38923900
2025-10-27,52.44939041137695,52.49885154834825,51.96466221231539,52.231756880331815,27345800
2025-10-28,52.301002502441406,52.70658985781714,51.77670766525011,52.429604475699904,29575200
2025-10-29,52.014129638671875,52.439498456112915,51.756925676152505,52.093266706924965,29158800
2025-10-30,52.45927810668945,52.864865444313324,51.99433891757694,52.103151903187005,37548600
2025-10-31,52.87476348876953,53.06271732051941,52.20208145331125,52.22186666301801,39295700
2025-11-03,52.983577728271484,53.06271478968117,52.142723337231935,52.68680337046769,31252300
2025-11-04,52.96379470825195,53.41884320768012,52.152619983656386,52.44939058008159,47226600
2025-11-05,51.88552474975586,52.49885114550797,51.183166798681434,52.39003438082039,54353600
2025-11-06,52.71648406982422,53.171532559074116,52.20207995315976,52.84508226875824,55296000
2025-11-07,52.6274528503418,53.0033642790733,52.14272465747936,52.57799171400305,40537700
2025-11-10,52.84508514404297,53.40895420105422,52.76594807682719,52.835194425757116,26094600
2025-11-11,53.052825927734375,53.39905765909189,52.70659042273401,53.171533410822256,22244300
2025-11-12,53.52766036987305,54.10141635739083,53.1913193517961,53.31002683651653,40536700
2025-11-13,52.301002502441406,53.62658133258406,52.202080229868905,53.21110325940819,37716100
2025-11-14,52.043800354003906,52.33068021667423,51.47004062866325,52.29110979969018,32363100
2025-11-17,50.92596435546875,52.01412826085764,50.83693279751551,52.01412826085764,35546800
2025-11-18,51.0842399597168,51.61842928336724,50.599515545533926,50.728113743949834,35189500
2025-11-19,51.46015167236328,51.92509465373092,51.113916172367645,51.113916172367645,28112300
2025-11-20,50.45112991333008,52.38014445886245,50.42145398565267,51.93498667548685,36661600
2025-11-21,51.005104064941406,51.22273382228192,50.15435892416224,50.738009397000766,43867200
2025-11-24,51.371116638183594,51.677781699068305,50.84682183846565,51.09413127586355,52852100
2025-11-25,51.915199279785156,52.310895909155526,51.301872900539536,51.68767503867215,41310100
2025-11-26,52.41971206665039,52.67691223122637,51.984445024631945,52.132832202345995,32045600
2025-11-28,53.07261276245117,53.35948887422843,52.47906778154971,52.538423411732744,18920800
2025-12-01,52.667022705078125,53.319919509231696,52.63734300467835,52.924222875472,30536500
2025-12-02,52.617557525634766,53.06271529291954,52.39992777446213,52.95389853051185,46073500
2025-12-03,53.50787353515625,53.656260716782555,52.6076672749422,52.67691362006307,37134400
2025-12-04,53.577117919921875,54.10141273483703,53.41884002634508,53.62657905410663,38529600
2025-12-05,53.646728515625,54.521782783039725,53.43790991110381,53.62684048758677,33986500
2025-12-08,53.597007751464844,53.90526268802375,53.18931267952138,53.597007751464844,34386600
2025-12-09,53.23903274536133,53.97487080712905,52.970550060147666,53.666615859599375,47189300
2025-12-10,53.775997161865234,54.24335253012895,53.04015531989705,53.28874997291621,54424400
2025-12-11,54.253299713134766,54.34279394205114,53.44785165288745,53.646728138618656,35686900
2025-12-12,54.83003616333008,54.989136589823374,54.04447614797107,54.47205925540681,40539400
2025-12-15,55.01897048950195,55.7548085390532,54.76042992584626,55.09851880606676,32881300
2025-12-16,54.50189208984375,55.03885364760446,54.38256392744954,54.83003505329456,32931900
2025-12-17,54.24335479736328,55.25762147926561,54.15386056680562,54.8101503264773,35304100
2025-12-18,53.95498275756836,54.83998292399107,53.467739353426225,54.49194812777897,87452700
2025-12-19,54.95930862426758,54.99908468078129,54.074312229732044,54.21352463427648,73001900
2025-12-22,55.565879821777344,55.79458645525413,55.02891444235176,55.05874458790202,33408800
2025-12-23,55.655372619628906,55.90396727482717,55.49627219203215,55.49627219203215,22274600
2025-12-24,55.93379592895508,56.18239057752821,55.575819028089235,55.8144715597509,13634400
2025-12-26,55.854244232177734,56.23210916290389,55.7150318348716,55.96362648527636,15259400
2025-12-29,55.038856506347656,55.9337988045214,54.95930818720638,55.79458640108404,21040100
2025-12-30,54.9692497253418,55.327226640838795,54.859867468578436,55.178072121550684,17427600
2025-12-31,54.69082260131836,55.108459789512295,54.621216403286034,55.00902344753849,16293000
2026-01-02,55.6354866027832,55.67526265943332,54.571501743540686,54.7206562660983,25503600
2026-01-05,56.57019805908203,57.226487784651276,55.82441410760546,55.85424425182346,36096600
2026-01-06,56.92817687988281,57.08727730982571,56.43098756215458,56.689524338341734,31791900
2026-01-07,55.32722473144531,56.49064966665969,55.12834825267112,56.37132150344318,49695500
2026-01-08,55.864192962646484,56.26194594067546,55.158185030235906,55.168127147722544,30933700
2026-01-09,55.53604507446289,56.29177495893085,55.47638478423094,55.85424593321147,30768800
2026-01-12,54.879756927490234,55.13829750353676,54.42234365387384,54.97919706952873,45860600
2026-01-13,54.2334098815918,55.20790045668718,53.99475734800054,54.95930580610407,43542200
2026-01-14,52.18498992919922,53.17936855695054,51.3695997579034,52.58274289760112,84750000
2026-01-15,52.29437255859375,52.74184370292782,51.936395643126495,52.42364284323547,51018300
2026-01-16,52.672237396240234,53.07993248398119,51.95628356674258,52.39380879962812,52178400
2026-01-20,51.807125091552734,53.17936866268901,51.6679126903113,52.025889603934104,49172700
2026-01-21,51.77729415893555,52.562854174852994,51.757406131453074,51.93639458554194,36340000
2026-01-22,52.15515899658203,52.83133675670185,52.03583462516482,52.17504702402713,31229200
2026-01-23,51.429264068603516,51.90656535684477,51.09117518194261,51.817071128221194,34553500
2026-01-26,51.727577209472656,51.986113986348734,51.37954241018342,51.508812695248196,27728400
2026-01-27,51.876731872558594,51.95628398458854,51.51875874818431,51.916507928573566,26494300
2026-01-28,51.51875686645508,51.84689983345942,51.021567564188295,51.65796926416924,35030200
2026-01-29,52.781620025634766,52.79156214300204,51.65797110045848,51.687801245813795,35200500
2026-01-30,52.900943756103516,53.10976235755474,52.47336064270142,52.57279698817722,34549100
2026-02-02,53.72627639770508,53.78594048133467,52.652349445146534,52.900944103723,34624500
2026-02-03,54.143917083740234,54.810148944113756,53.37824508455866,53.895322426600245,41208400
2026-02-04,55.06869125366211,55.72498101754092,54.402455578961174,54.47206178170184,54522500
2026-02-05,54.631160736083984,54.97919553361559,53.94504084482701,54.710712847492395,32959700
2026-02-06,56.212223052978516,56.55031194079071,54.97919566913648,55.23773244534418,42468000
2026-02-09,56.092899322509766,56.40115806863437,55.86419268890254,56.073011294380414,31968400
2026-02-10,55.07863235473633,56.5105400264118,53.96492933818589,56.122729169830706,48304700
2026-02-11,53.54728698730469,55.7945847850718,52.94071921750365,55.65537238566653,48973500
2026-02-12,52.22476577758789,53.63678160263365,51.49886983739844,53.606951457760495,55481600
2026-02-13,52.25459671020508,52.52307939787106,51.1508358142183,51.61819498829466,31772100
2026-02-17,52.44353103637695,53.248975305462835,52.32420286867622,52.74184386912185,35542400
2026-02-18,53.06004333496094,53.30863798792215,52.49324782966965,52.69212431068929,30698900
2026-02-19,52.47336196899414,52.513138025491195,51.53864740083459,51.618195720575166,47148600
2026-02-20,52.7617301940918,52.79156033842742,51.538644964037566,52.23470695355785,33552000
2026-02-23,50.78291702270508,52.960604886511184,50.60392856340556,52.54296767698131,50602500
2026-02-24,50.126625061035156,50.59398421675283,49.191910542853144,50.45477181971012,53062700
2026-02-25,51.39942932128906,51.478981431370656,50.02718956166216,50.047077589182564,41375000
2026-02-26,52.00600051879883,52.373919542207126,51.44915092515456,51.58836332356563,52418500
2026-02-27,49.549888610839844,51.12100486287794,49.04275338882664,50.79286188974006,77728700
2026-03-02,49.53000259399414,50.13657039238987,48.30691729309221,48.50578999118731,40595200
2026-03-03,49.68910217285156,50.226063759017634,48.227364348849434,48.48590112787358,51242900
2026-03-04,50.017242431640625,50.12662468370891,48.93336961435548,49.60954736054731,34208500
2026-03-05,49.53000259399414,50.14651630324676,49.05270129070951,49.539944711597464,39073900
2026-03-06,48.63999938964844,48.70000076293945,47.619998931884766,48.54999923706055,47016000
2026-03-09,47.900001525878906,48.150001525878906,46.77000045776367,47.939998626708984,62752800
2026-03-10,48.560001373291016,49.150001525878906,47.599998474121094,48.279998779296875,50271100
2026-03-11,48.52000045776367,48.650001525878906,47.779998779296875,48.36000061035156,42185800
2026-03-12,47.130001068115234,47.779998779296875,46.790000915527344,47.70000076293945,58354500
2026-03-13,46.720001220703125,47.81999969482422,46.65999984741211,47.52000045776367,45473100
2026-03-16,47.060001373291016,47.68000030517578,46.900001525878906,47.119998931884766,38055600
2026-03-17,47.279998779296875,48.08000183105469,47.20000076293945,47.65999984741211,33427800
2026-03-18,46.83000183105469,47.880001068115234,46.689998626708984,47.220001220703125,40251800
2026-03-19,47.0099983215332,47.189998626708984,46.119998931884766,46.41999816894531,38601400
2026-03-20,47.15999984741211,47.459999084472656,46.689998626708984,47.130001068115234,78060900
2026-03-23,47.52000045776367,48.38999938964844,47.47999954223633,48.34000015258789,42333200
2026-03-24,48.13999938964844,48.459999084472656,47.02000045776367,47.04999923706055,39804100
2026-03-25,48.75,49.11000061035156,48.18000030517578,48.52000045776367,29988300
2026-03-26,48.2400016784668,48.869998931884766,48.029998779296875,48.709999084472656,32502600
2026-03-27,46.970001220703125,48.25,46.84000015258789,48.06999969482422,36781900
2026-03-30,47.22999954223633,47.86000061035156,46.93000030517578,47.54999923706055,43375900
2026-03-31,48.75,48.77000045776367,47.369998931884766,47.68000030517578,49060600
2026-04-01,49.27000045776367,50.04999923706055,48.779998779296875,49.70000076293945,32947000
2026-04-02,49.380001068115234,49.56999969482422,48.15999984741211,48.75,27548200
2026-04-06,50.060001373291016,50.119998931884766,49.25,49.43000030517578,28507200
2026-04-07,50.279998779296875,50.47999954223633,49.619998931884766,49.79999923706055,28473200
2026-04-08,51.880001068115234,52.2599983215332,51.369998931884766,51.939998626708984,36473500
2026-04-09,52.709999084472656,52.84000015258789,51.630001068115234,51.630001068115234,32008000
2026-04-10,52.540000915527344,52.83000183105469,52.20000076293945,52.79999923706055,25225300
2026-04-13,53.349998474121094,53.439998626708984,51.849998474121094,52.18000030517578,27835300
2026-04-14,53.349998474121094,53.56999969482422,52.79999923706055,53.099998474121094,40178500
2026-04-15,54.31999969482422,55.400001525878906,53.709999084472656,54.25,63838200
2026-04-16,53.5099983215332,54.5099983215332,53.470001220703125,54.040000915527344,35206700
2026-04-17,53.90999984741211,54.599998474121094,53.75,54.15999984741211,43484700
2026-04-20,53.95000076293945,53.95000076293945,53.18000030517578,53.5,43999200
2026-04-21,53.47999954223633,54.650001525878906,53.209999084472656,54.0,34266300
2026-04-22,53.119998931884766,53.79999923706055,53.0,53.66999816894531,24097600
2026-04-23,52.470001220703125,53.52000045776367,52.25,53.060001373291016,31956300
2026-04-24,52.04999923706055,52.5099983215332,51.93000030517578,52.31999969482422,30265400
2026-04-27,52.630001068115234,52.93000030517578,51.83000183105469,51.9900016784668,28043700
2026-04-28,52.65999984741211,53.43000030517578,52.630001068115234,53.02000045776367,21164100
2026-04-29,52.880001068115234,53.02000045776367,51.83000183105469,52.43000030517578,26250700
2026-04-30,53.459999084472656,53.65999984741211,52.150001525878906,52.61000061035156,27089200
2026-05-01,53.2400016784668,54.060001373291016,53.09000015258789,53.689998626708984,24825000
2026-05-04,52.189998626708984,53.06999969482422,52.0,53.06999969482422,42929000
2026-05-05,53.119998931884766,53.36000061035156,52.279998779296875,52.56999969482422,28458600
2026-05-06,53.599998474121094,54.20000076293945,53.470001220703125,53.81999969482422,27541200
2026-05-07,52.75,54.0,52.5,53.54999923706055,28682100
2026-05-08,51.310001373291016,53.0099983215332,51.099998474121094,52.97999954223633,36111200
2026-05-11,50.54999923706055,51.38999938964844,50.27000045776367,51.209999084472656,33132200
2026-05-12,50.779998779296875,51.08000183105469,49.84000015258789,50.86000061035156,33518800
2026-05-13,49.84000015258789,50.779998779296875,49.79999923706055,50.36000061035156,29838000
2026-05-14,49.849998474121094,50.470001220703125,49.4900016784668,50.060001373291016,37671800
2026-05-15,49.77000045776367,49.9900016784668,49.29999923706055,49.619998931884766,46282300
2026-05-18,50.689998626708984,50.91999816894531,49.720001220703125,49.720001220703125,33404100
