Price,Close,High,Low,Open,Volume
Ticker,CRM,CRM,CRM,CRM,CRM
Date,,,,,
2021-05-17,211.94822692871094,214.56974216263703,209.74064781635622,213.4560876752764,3816100
2021-05-18,211.22882080078125,214.20512806451225,210.6966257408656,212.3227606039336,3540600
2021-05-19,218.1373748779297,218.39362249993417,211.40619798045057,212.72682062815073,8092100
2021-05-20,220.54208374023438,223.54795572217208,219.14263179280908,219.75365608362677,6705500
2021-05-21,219.35943603515625,222.5131314260541,219.22146233174217,221.95138671858447,4913600
2021-05-24,223.7056427001953,224.30681709238817,220.9658682670558,221.7444309857941,5288300
2021-05-25,224.41525268554688,226.39616442349677,223.00593564845158,224.7010500359742,6256300
2021-05-26,226.35671997070312,226.90862988243526,224.98683268127672,225.1740859501492,5807100
2021-05-27,222.56240844726562,226.1990192778764,222.12877251630854,226.1990192778764,15344100
2021-05-28,234.65487670898438,239.97673672379642,234.38877919684202,235.75866633267734,17810800
2021-06-01,232.78237915039062,234.95054396983232,229.09650346874184,234.55633765284549,8103900
2021-06-02,231.2252197265625,234.8421157740908,230.51563638360267,231.00840175854668,5543900
2021-06-03,227.4999542236328,229.80609296994592,226.11035201572295,229.52029561954305,5109000
2021-06-04,234.04385375976562,234.44792500307906,228.17009852304193,228.2785075142234,6177600
2021-06-07,234.69430541992188,236.00506319579586,232.4275815596737,233.17659459617693,3510800
2021-06-08,232.99920654296875,238.2915025041175,232.26005839027167,235.34477482635666,5827300
2021-06-09,232.67396545410156,235.4137399043956,232.1023557794206,235.4137399043956,3350900
2021-06-10,236.7146453857422,236.8131894429914,231.74756172977973,232.58526892543415,4659500
2021-06-11,236.83291625976562,236.89204570471,234.96041365915937,235.57143797426107,4624200
2021-06-14,242.69680786132812,243.07131437512467,237.00044107634963,237.21725905402064,6764700
2021-06-15,239.07005310058594,241.80982740501906,238.50829335023516,241.66200380650884,5135300
2021-06-16,238.88282775878906,241.46491383446855,236.01492930859084,238.49847131975272,5099300
2021-06-17,240.89329528808594,243.60350509004314,237.71003489497454,238.49846257223624,5170200
2021-06-18,239.2671661376953,242.45042640728488,237.5720519606616,238.35062971302355,7822200
2021-06-21,240.94259643554688,241.17912927133025,235.43348217158237,239.92750078540703,5895100
2021-06-22,239.59237670898438,241.17908178803745,237.40449728226505,240.2723953197222,4457200
2021-06-23,238.3407745361328,240.96229017745094,237.36510862967754,240.22314204807225,4482400
2021-06-24,240.2428436279297,244.10612249989092,239.18831846992168,239.8289225028631,4987300
2021-06-25,238.37033081054688,240.66661938899824,237.5030739286559,240.65676949463818,15409300
2021-06-28,241.03126525878906,244.00755732745634,240.0752992182815,240.67647358356967,4274900
2021-06-29,242.25332641601562,243.20929250639776,238.92222746033332,240.90315401615928,3871900
2021-06-30,240.73561096191406,243.0614642343845,239.9767480408351,241.92809479988878,4168800
2021-07-01,241.43531799316406,243.02202309606452,239.10946483061443,240.9622674456302,3899600
2021-07-02,244.60874938964844,245.357762445971,242.28289602560798,243.34727112827127,4056200
2021-07-06,246.6290740966797,249.2604394363273,244.78613637713016,245.39716063965332,5590200
2021-07-07,244.84524536132812,249.83202821266786,244.27363576046244,249.3392628710255,5101400
2021-07-08,242.2434844970703,243.01219735245846,238.24223167594542,241.29736826997328,5159600
2021-07-09,241.51417541503906,244.41163837279763,240.5582093361049,242.0365055359404,4213500
2021-07-12,239.39529418945312,243.68234421742685,238.3506339302872,243.64292960149902,5604500
2021-07-13,240.48922729492188,243.58379337025042,238.1830738202325,238.784248202924,6699800
2021-07-14,238.92221069335938,242.58838625861227,236.39925439856293,240.9622665486397,6375700
2021-07-15,234.1424102783203,238.5280193496323,232.4078814765224,237.72974180427073,7912600
2021-07-16,234.9801025390625,237.39466504090765,234.3296636368658,234.85199376030002,7288100
2021-07-19,234.1128387451172,235.04908997431087,230.91971361857637,233.0878783172371,8843000
2021-07-20,236.63580322265625,239.66137498744519,232.85136852406407,235.24620117242097,8487000
2021-07-21,238.60687255859375,239.46427957825438,234.8224377376004,237.94656869956682,15323100
2021-07-22,244.6875762939453,245.10149740926832,239.81905192542231,239.97674045640423,7868700
2021-07-23,244.65802001953125,246.9345937513963,243.11072945212132,246.38269891191467,5877300
2021-07-26,244.01742553710938,244.88468239195691,242.2631819632961,244.60873497841368,3960700
2021-07-27,239.98660278320312,244.53976536365172,237.70017911753783,243.63307882054247,6352500
2021-07-28,240.43011474609375,242.51943535299296,239.48399850564448,240.29214102748736,4100200
2021-07-29,240.50892639160156,242.59826188370408,239.9668964897227,239.9668964897227,3271100
2021-07-30,238.429443359375,240.70603198780404,238.13379616945423,239.48396846344437,3748400
2021-08-02,237.3749237060547,238.96162872590213,235.42357714136196,238.80394020564282,3525700
2021-08-03,237.64105224609375,239.5332696223613,235.5812813964109,237.88743495193077,3077900
2021-08-04,240.63702392578125,241.11007444074326,236.20213587325009,238.12391768841263,4121600
2021-08-05,246.93460083007812,247.26967770108214,240.01617023566448,241.13967477338917,5235200
2021-08-06,246.96417236328125,248.43261874507468,245.61399990946256,245.6238498042907,4045400
2021-08-09,245.7125244140625,248.76766059945382,244.26379306391053,247.782129887133,3312200
2021-08-10,239.8683624267578,247.61463581435098,239.52342060046996,247.24012926443936,4430600
2021-08-11,238.7744140625,242.58841365465346,236.62596401939768,241.12983220162954,3999200
2021-08-12,244.79598999023438,244.83540460473537,238.4294545308741,238.9912142940557,4467400
2021-08-13,247.92013549804688,250.0981652693579,245.26905513457143,248.06797414672818,5986400
2021-08-16,245.5942840576172,247.3682425897668,240.93272736208556,246.55025018221983,4047500
2021-08-17,243.416259765625,245.59427443077305,242.38144940926645,244.6678730648522,3472600
2021-08-18,247.58506774902344,253.08431680093042,244.13570968473343,244.411657126836,8306700
2021-08-19,249.4082794189453,251.743982533901,244.7861376971758,245.56470038949232,6600800
2021-08-20,252.42401123046875,254.13882521590452,248.95493856789838,249.33929498235884,5510700
2021-08-23,256.7505187988281,258.07112669630465,252.85768949289823,253.28146059393546,7603900
2021-08-24,255.90289306640625,258.70179651289135,255.31156865917504,258.13020196737335,6685200
2021-08-25,257.07574462890625,258.1105400569791,255.00612369674386,257.0855794863433,9701000
2021-08-26,263.9153137207031,271.23780068960133,263.49151259907325,265.89621026984156,18987000
2021-08-27,262.67352294921875,266.99015266584524,261.5894330538995,263.98426567991396,7992500
2021-08-30,261.1360778808594,263.7082986412987,260.91925991792493,261.9639200822425,5730000
2021-08-31,261.4317932128906,262.9100896884076,258.89900144261253,260.9390277210516,5901500
2021-09-01,264.4376220703125,269.30614645525907,261.74711225462767,262.41726595655246,7189000
2021-09-02,260.32794189453125,265.36401967230734,260.1012890704199,265.107772052691,4498300
2021-09-03,263.2155456542969,263.54078765199694,258.0119443752074,259.78591781245,7356700
2021-09-07,261.3726501464844,264.0237307605794,260.2491605231377,262.68342312907566,4672500
2021-09-08,258.8200988769531,260.51521308869553,257.7951384038961,259.8056296959658,3851500
2021-09-09,256.9672546386719,259.89428190162283,256.68147240202654,258.0316445939316,4126500
2021-09-10,253.478515625,257.80497988741934,252.78863208403487,257.22352036621095,5280900
2021-09-13,250.43321228027344,253.9614140683449,248.54099509926402,253.2813954643248,5258200
2021-09-14,250.689453125,251.4187512967648,249.3392808039547,250.433220542599,4097500
2021-09-15,252.45355224609375,253.0350117603946,249.2899920256679,250.8569822576334,4764600
2021-09-16,256.5928039550781,257.4403761463681,251.31037290616536,251.8327030664199,5122600
2021-09-17,256.76031494140625,257.91339910675504,254.93707711080006,255.51853662118606,7049400
2021-09-20,254.4837646484375,255.45943051714613,251.25122482405607,252.87734463057484,5985500
2021-09-21,254.23736572265625,258.7510832699216,254.04024754462245,255.71566182987578,6040600
2021-09-22,255.42001342773438,256.5927673306374,252.5028208019252,255.15390088104942,4355600
2021-09-23,273.8395690917969,275.3474600636616,262.5453947331405,266.0933115692666,15617200
2021-09-24,281.4971923828125,282.2166106824821,274.18453995959476,274.4703523384309,13368300
2021-09-27,275.63323974609375,279.65422214792306,275.0025156900496,278.35331430756577,5941100
2021-09-28,268.34033203125,272.6963915144962,266.13275260590206,271.1293710346668,7127100
2021-09-29,266.5860900878906,270.7056017479,265.3443116150975,269.5328176515986,4361900
2021-09-30,267.295654296875,270.29167623266784,266.52694150606106,266.7338945446616,5224200
2021-10-01,271.2771911621094,272.3415510888073,264.8810764425294,267.5715860913643,4756000
2021-10-04,266.94085693359375,271.3166160733496,262.2891804500471,271.23778684312555,6393800
2021-10-05,267.8376770019531,269.591920507071,267.1083938824356,268.1727538427047,4050400
2021-10-06,271.2870788574219,271.50389685753686,263.62951462448035,265.76812990179707,4745500
2021-10-07,270.6070251464844,275.4558497603262,270.1142597622977,272.8934637473533,5374200
2021-10-08,268.53741455078125,272.91317324184433,268.3304314501427,271.5531360708369,2683300
2021-10-11,269.7890625,272.2725893438679,267.58148308322853,267.8475655777813,2693000
2021-10-12,274.96307373046875,276.687752508348,272.0261813270589,272.4204176799544,5970100
2021-10-13,280.2947998046875,280.9748184175647,274.5688686433965,275.9486056564766,6573500
2021-10-14,285.8236083984375,286.4346627082833,280.5411781792082,281.86178573401554,5433900
2021-10-15,287.4399108886719,288.6323947111251,285.13377247271575,288.25788820258293,5119300
2021-10-18,287.4793395996094,289.00690027312027,284.5325821255283,286.5726380515815,5163300
2021-10-19,288.11004638671875,291.2538917820817,287.1442154560645,287.8735286388078,3631200
2021-10-20,285.8926086425781,291.1356393955137,283.78358849935165,288.8689006488179,4487900
2021-10-21,285.61669921875,287.35124317542954,284.09897325665537,285.2816223318488,2828500
2021-10-22,288.3268737792969,288.7605097153257,284.01024428265333,284.8183867157991,2927000
2021-10-25,289.6672058105469,290.8596895742743,287.49902617103237,289.0561514932211,2993500
2021-10-26,290.8399963378906,294.04297161835126,289.3715649874811,291.5003152445398,3601400
2021-10-27,290.8794250488281,294.8609781135095,290.82029560376975,292.2394624372004,3742700
2021-10-28,294.0627136230469,294.4864846901729,289.2828827612293,290.8006087626759,3450400
2021-10-29,295.3537292480469,296.4279542159807,291.983200662739,293.6881797821276,4251900
2021-11-01,298.3793029785156,300.44889351687306,295.38328104224763,297.13752459469157,3825100
2021-11-02,298.5665588378906,299.0494592909249,295.0777714903867,297.3543451632801,4177500
2021-11-03,298.5074462890625,299.5521065584204,293.87543937699326,299.5521065584204,3260200
2021-11-04,303.58294677734375,303.94758839808514,298.0245380663196,299.10862807123743,3833800
2021-11-05,302.8043518066406,306.8942987938708,298.9509225976362,304.0362653615903,4681800
2021-11-08,305.4751281738281,306.88446012093624,301.4738754031892,302.75508353001345,3893000
2021-11-09,305.2287292480469,307.23922045918357,302.7747672318148,305.5145415953389,3126500
2021-11-10,295.33404541015625,304.1249638197528,293.57980168619537,302.1342023142288,4350900
2021-11-11,298.5960693359375,301.32597824607836,297.1374732336635,297.1374732336635,2681900
2021-11-12,302.2129821777344,302.7747418931885,297.2656289068474,300.09409719468164,3803700
2021-11-15,301.06976318359375,303.306937115778,298.8424842587187,302.4593650763222,3595300
2021-11-16,302.64666748046875,303.12956797641453,298.33990244450354,299.68020997448167,2989400
2021-11-17,303.5632019042969,305.41600471637975,302.8043539763756,303.3266841243764,3864700
2021-11-18,298.6059875488281,302.5481110139346,295.24532368570306,301.73013362837173,4443100
2021-11-19,296.8122863769531,301.5723862998099,296.7432920115181,301.2865739830144,4758900
2021-11-22,292.54498291015625,301.06981900986943,292.4267240166783,297.47263731184194,4474700
2021-11-23,287.203369140625,292.1802871333191,284.1383530314294,289.4010833477229,6431100
2021-11-24,284.9859619140625,285.2619093420368,279.1023416854547,281.9012456194839,5091400
2021-11-26,280.09771728515625,283.40911661411667,278.9446630215829,280.383529655826,4195300
2021-11-29,292.4464416503906,294.07259176297816,280.58067078187867,285.33090705716506,8215600
2021-11-30,280.83685302734375,294.93979660431245,279.299427359801,291.9043749231677,13597600
2021-12-01,247.86097717285156,272.9328812062777,247.82156256060014,267.33507391023886,30723100
2021-12-02,257.420654296875,258.7806615227934,248.49173271037756,249.16190146712864,12200800
2021-12-03,254.58229064941406,257.9626536393203,248.058067368777,257.7655354743307,8944000
2021-12-06,255.00608825683594,255.4791538566189,247.08242743554916,252.39443771597809,7123000
2021-12-07,263.12689208984375,266.3200327391229,259.78595789300783,261.6288959109342,7401200
2021-12-08,262.4566955566406,264.6150103375418,260.74188165028545,264.42775708615676,4586500
2021-12-09,260.49554443359375,262.82138300795674,258.8398596780115,262.19065884793287,3967000
2021-12-10,262.1807861328125,266.6551048743797,260.613795598928,262.24978051458504,3480100
2021-12-13,261.9146728515625,266.6452086217697,260.78128838018876,261.95407242850496,3625700
2021-12-14,251.891845703125,258.3569261699586,249.634986499883,258.2091025462996,7227300
2021-12-15,256.2774658203125,256.42528944135694,248.2552297901156,251.16255800006047,6484900
2021-12-16,249.45755004882812,257.56847932003745,248.57057834842198,256.2380067314217,6556700
2021-12-17,249.27029418945312,250.22626025378122,243.21913577210154,247.60475979501146,12119400
2021-12-20,243.63307189941406,247.900406963667,242.93333842556285,246.27428718413452,5580100
2021-12-21,248.89581298828125,249.34914874672853,241.70143495451092,244.41164472464305,5428200
2021-12-22,249.14219665527344,250.58106324477114,245.89979180558427,249.75322095727873,4982400
2021-12-23,249.47727966308594,250.6303489571645,245.73225941204012,247.59491212370662,3769500
2021-12-27,254.5625457763672,254.69066956845438,249.57577830948657,249.72360188650734,3531800
2021-12-28,251.75384521484375,257.00672629529276,251.25122990982024,255.97193096365652,3293700
2021-12-29,250.85699462890625,252.71964717563085,249.4575427453677,252.2958761643789,2592700
2021-12-30,251.6355743408203,254.1683806103462,250.77816737956536,251.60600962063953,2950600
2021-12-31,250.45294189453125,252.77878009848277,249.96017650460806,250.78801875055754,3169300
2022-01-03,251.7637176513672,252.98578131950438,245.05223992844466,251.32021673829635,4316800
2022-01-04,244.63829040527344,253.15327536344185,239.87817514547018,253.13357557608438,7240700
2022-01-05,224.3758087158203,234.75344745119767,224.02101700529428,232.75282101178922,18882500
2022-01-06,225.83438110351562,231.0872621720641,222.7792445881656,224.7404412931724,9376100
2022-01-07,225.00653076171875,228.91908917502673,222.77923660482057,225.19378401665386,6286700
2022-01-10,226.3074493408203,226.50455249925005,215.72284281126534,222.23720220011492,7803800
2022-01-11,231.4420623779297,232.93022359329706,223.28186810161077,225.48946263048248,7635300
2022-01-12,234.38876342773438,235.81777990612593,232.34870770190275,233.5707711587781,6718900
2022-01-13,225.32191467285156,235.33489630780144,224.62218117863617,234.06356817527765,6680300
2022-01-14,227.88429260253906,229.91448373291578,224.316675763256,224.73059691273025,5805100
2022-01-18,222.78909301757812,227.39152010635755,222.04009501392898,225.1445110574033,6032000
2022-01-19,222.99606323242188,228.85011871928864,222.89750413505098,224.17869721083778,5332600
2022-01-20,219.7142791748047,228.05186284764073,219.2707932412299,225.75558889677424,5663700
2022-01-21,215.46661376953125,221.51777256515794,215.0921072357214,219.83250820102083,9128400
2022-01-24,219.8029327392578,220.14787453386143,204.50749053917747,209.31688564698777,11664300
2022-01-25,212.2734832763672,220.6603451629346,211.56389988106108,217.8023117926233,9092700
2022-01-26,207.94699096679688,218.25564936320055,206.04492381268943,216.43241143667788,10029600
2022-01-27,209.66184997558594,219.9212152595389,208.99168114095804,210.98245777810706,9462100
2022-01-28,218.91595458984375,219.07362808404213,207.8287334355696,211.1992468619082,8254900
2022-01-31,229.2640380859375,229.53998551083254,219.04407331833536,219.72409198611487,7084200
2022-02-01,228.76141357421875,229.41186753718767,223.04534673748248,229.00779628400937,6387100
2022-02-02,221.75428771972656,231.09713086078762,219.7930909828428,230.35798273470408,9378900
2022-02-03,209.69139099121094,217.59533712197083,207.35567278646937,214.91470720056537,12826600
2022-02-04,216.0579376220703,218.46263545337547,210.10533753045303,211.87929617961325,6176500
2022-02-07,213.83062744140625,218.23595149684806,213.52511528725375,215.8312538424763,3922300
2022-02-08,214.28396606445312,214.78659642360827,209.0803643657201,212.48045783762583,5628700
2022-02-09,218.82723999023438,218.97507862477914,212.4508699054239,217.94026833498873,6107700
2022-02-10,214.52047729492188,218.77797736798973,212.68738949201864,214.55004201448435,5312600
2022-02-11,204.89186096191406,216.74779607313377,203.12776732905087,214.47122217946924,8165600
2022-02-14,203.41354370117188,206.86290137562588,201.66916507602662,202.82223426549766,7005900
2022-02-15,211.1499786376953,211.46535571901478,205.50289123763017,206.71508993818713,6353000
2022-02-16,208.67628479003906,209.34643847656596,205.19736247273127,207.9469866270489,7072700
2022-02-17,197.13572692871094,206.7150876150321,196.6133968019018,205.31563566792025,8820100
2022-02-18,193.9918670654297,199.6685337466798,192.9570567818263,197.50035409036585,6691800
2022-02-22,192.30662536621094,198.54503699041567,190.72977010749653,192.7008316618864,8434800
2022-02-23,187.78305053710938,196.12064854420464,187.37899429814064,193.50899768180918,7784300
2022-02-24,201.3341064453125,201.93528091225866,181.77132656860508,182.06698885428506,11792600
2022-02-25,205.07907104492188,205.45357750717957,198.69283659076328,201.75783753912413,5853600
2022-02-28,207.4838104248047,208.60731500190855,203.95560814702057,204.78345045899027,7904700
2022-03-01,205.86752319335938,211.28794246126037,205.44375217793012,210.31226157935595,12587300
2022-03-02,207.34580993652344,214.1656807918956,198.239500566515,212.97319702842165,16670100
2022-03-03,201.7874298095703,208.56788647565102,201.26509969246882,207.345822878995,6559900
2022-03-04,200.07260131835938,203.39385032400273,196.37686083638727,201.73815076831585,6813600
2022-03-07,193.3907012939453,201.9648160965153,193.20344803913642,200.5062347486452,7043500
2022-03-08,189.30078125,194.34669475708264,186.4624473832618,191.46894627019907,8229000
2022-03-09,200.220458984375,202.26050010449458,194.36640309862744,195.48005781517094,6881300
2022-03-10,197.25399780273438,198.2888082248192,194.67191173304323,196.2192024186572,5604200
2022-03-11,195.03651428222656,201.8071202354236,194.77043182772886,201.8071202354236,5196900
2022-03-14,190.32568359375,197.26382812924996,189.04450571669915,195.37161099356953,5665500
2022-03-15,193.302001953125,197.0667366607058,189.95120339666533,195.6574198593319,5276300
2022-03-16,202.59559631347656,202.92080828021136,194.47481620433842,195.7855741187241,6043400
2022-03-17,207.36553955078125,207.63162203981898,199.62911674387655,201.65930778886636,5842600
2022-03-18,215.6341552734375,216.4028681415457,205.29593113366423,206.2026177207147,12220600
2022-03-21,210.62762451171875,215.92978454286177,207.5626234025718,215.03294798777898,6448700
2022-03-22,215.05267333984375,218.64000469777613,209.54354497322836,210.6276348223313,7018800
2022-03-23,208.05540466308594,210.83459365755982,205.29591545695126,210.7754642165294,8404700
2022-03-24,210.8839111328125,211.01203497009294,206.8333782756533,209.27750588987732,4150300
2022-03-25,207.97657775878906,212.73669365322175,205.46347103914346,211.169703183069,3656500
2022-03-28,212.16505432128906,212.2636134094773,206.27158476736588,207.33595976017568,4290900
2022-03-29,218.08810424804688,218.94552627041332,213.63351585669972,215.4567388150057,5370400
2022-03-30,211.82998657226562,216.6689462726496,210.31226076186928,216.5309725660687,4951200
2022-03-31,209.24790954589844,213.6532184473895,208.72556437976385,211.39635950113995,7141300
2022-04-01,209.1788787841797,210.9331221240644,207.00084944843294,209.40554662121983,6007900
2022-04-04,215.68344116210938,217.80232655913304,211.0021694374221,211.52449960576763,7843600
2022-04-05,207.09945678710938,215.11182758656392,205.65072520260267,214.84573004055045,7304600
2022-04-06,197.914306640625,202.49701894189508,195.21394677809616,202.24078634218338,7171300
2022-04-07,197.26385498046875,199.78681150479653,195.32235803801194,196.23889449370617,5246000
2022-04-08,194.3170928955078,197.24412037667983,193.775047984549,195.7658242766134,3897700
2022-04-11,192.6219940185547,194.24812887964555,189.37960426681485,191.39994543713618,5173800
2022-04-12,191.9912567138672,198.20995378443962,191.7645888358197,196.85978137266912,4832200
2022-04-13,192.8881072998047,194.24814474232457,186.58071560900294,189.2120812849159,8733000
2022-04-14,186.6693878173828,193.6075178609534,186.48213456393594,193.47940908596834,5126700
2022-04-18,184.30409240722656,186.61024569430487,182.84551116909552,185.57543544264226,4899500
2022-04-19,188.62074279785156,189.41902035495292,182.83568170398777,184.53079591526765,6120400
2022-04-20,183.53538513183594,190.5030946679185,183.38756153633437,190.09902345620674,6015400
2022-04-21,174.66561889648438,187.41838981244643,174.1827184304035,186.04850260649107,9119500
2022-04-22,168.9495086669922,176.45926229273857,168.62429679256587,175.12878992716034,8843900
2022-04-25,172.0441131591797,172.23135137292553,166.78136743617463,167.23471820557435,7988900
2022-04-26,167.61907958984375,171.20641108579778,165.12568787898041,170.1223211949848,8073300
2022-04-27,172.1525115966797,174.66561812487896,168.16112391789986,168.5257654989226,9644600
2022-04-28,183.05250549316406,184.22527457274097,176.39030732282183,178.78515510809197,10614800
2022-04-29,173.39430236816406,182.67800128909377,172.76356321763404,179.92837679922275,7110800
2022-05-02,175.00070190429688,175.20765493981418,170.61507805121423,172.55657482519305,6278400
2022-05-03,175.77928161621094,177.7799080228352,173.58155204874822,174.38967951958801,5047700
2022-05-04,182.79624938964844,183.28901479184893,172.21165817470637,177.10974747561968,7563100
2022-05-05,169.80697631835938,179.60315582663992,167.36286390792978,177.87847675935132,8379400
2022-05-06,167.2445831298828,169.93507815409833,163.18420081837735,167.03763007156255,7232700
2022-05-09,161.23284912109375,167.82603771397478,159.78411760408218,164.30770048552307,9997800
2022-05-10,164.7314453125,168.78197696371717,160.9174464355307,164.99754280377832,8598700
2022-05-11,158.93653869628906,167.52050259081204,158.50290278630993,163.1053293072158,7220100
2022-05-12,158.09884643554688,164.43581719125265,152.40247971172153,154.65933858851477,10187500
2022-05-13,164.4949493408203,166.23932802843436,159.6658394008435,161.18356525323867,6499700
2022-05-16,161.7452850341797,163.70649643612725,159.53770600839394,162.3563242613919,5065800
2022-05-17,161.3609619140625,166.6532728061853,155.97997189253903,164.90887899045728,7317700
2022-05-18,155.05355834960938,162.13952701488378,153.9300538696998,160.4641277080721,7454400
2022-05-19,153.3485870361328,156.94576817212854,152.49116507835973,152.98393044153752,8382200
2022-05-20,157.3400115966797,158.40438683701174,152.31381272834446,156.4431898528336,9068700
2022-05-23,158.00030517578125,158.4043613751559,153.6541107358666,157.52723956411248,6148800
2022-05-24,154.65931701660156,156.09819837609328,152.31376430560047,155.4871741879003,6928400
2022-05-25,157.3400115966797,159.54760635862863,153.07267577745333,153.07267577745333,7436800
2022-05-26,160.1093292236328,161.3215278124896,155.29008454909868,157.37940488729177,6697700
2022-05-27,162.7111358642578,162.83924463829482,157.93130562272032,158.34522674085252,7883600
2022-05-31,157.92147827148438,164.85960925410498,157.04435636399668,164.54424718298998,18114600
2022-06-01,173.52243041992188,181.75160430013304,171.8470158823147,175.43434770797737,37037400
2022-06-02,185.67401123046875,187.37899047521762,172.17224122179798,172.4679034925296,19231200
2022-06-03,182.2344970703125,186.89605337057574,181.14055732141287,182.32319122989747,9224000
2022-06-06,180.2239990234375,187.66475901118173,179.07092987875743,186.19631281598805,5811700
2022-06-07,184.44207763671875,185.87110928398332,179.08080287849455,179.08080287849455,6331100
2022-06-08,186.4525909423828,187.80276344558965,182.70757056368367,184.29427589348478,6226200
2022-06-09,184.40267944335938,189.89207850269892,183.90991401435548,185.80213145716954,8467700
2022-06-10,175.8679656982422,181.28838501952063,174.63605221613346,180.9730229878641,7855800
2022-06-13,163.62767028808594,170.18144380318526,162.6717042513022,168.08227351781989,10726200
2022-06-14,162.07052612304688,167.17558314254683,159.80380242830384,166.2885964595575,8576200
2022-06-15,166.11122131347656,169.0185342002824,162.2972068464944,164.31754801800582,7740700
2022-06-16,157.53709411621094,164.48507377246338,156.3248804839408,161.3609431448677,8090900
2022-06-17,160.89773559570312,163.82476295823068,155.8813879752655,156.26574434418302,13074600
2022-06-21,164.41612243652344,166.8996645240017,162.51403997299195,162.66187863132282,6736800
2022-06-22,165.02713012695312,167.98372253903833,161.8340199462254,162.31692041587505,5864500
2022-06-23,170.54611206054688,170.88118893150613,164.7019064558427,166.64340338170499,7258000
2022-06-24,183.22987365722656,183.71278913424916,173.99545542142718,175.14852458443477,12107100
2022-06-27,178.68658447265625,183.88033592752586,177.85874222121777,183.4171352548863,6170600
2022-06-28,168.97911071777344,179.69182526626952,168.95939589193276,177.6813340946879,6668600
2022-06-29,168.1414031982422,171.26553389606474,165.6282967581245,170.0040557290577,5430400
2022-06-30,162.65200805664062,165.076420611903,158.77887895843787,162.66187298965878,9539400
2022-07-01,165.76629638671875,166.70254774549406,161.6763491172227,162.37606764344085,4561600
2022-07-05,169.70840454101562,169.85624318711996,162.22822921114772,163.69667554961208,4614200
2022-07-06,170.23072814941406,172.52701668123083,168.3582256745795,171.00930589023935,4085100
2022-07-07,174.08416748046875,174.37982974092685,170.6643742527197,171.64990509557518,4000100
2022-07-08,172.96066284179688,174.05460267838492,170.3391471918821,171.53164612791338,2869200
2022-07-11,171.83714294433594,173.76878983974584,168.78199159039346,171.48235127122007,3689300
2022-07-12,163.92333984375,170.87133499453827,161.9719930694968,169.71826576257016,7073000
2022-07-13,161.12440490722656,163.44039281885355,158.83796667286745,160.0600300434391,6225900
2022-07-14,158.70986938476562,159.37018823744233,155.36892065913085,158.70001949069814,6096100
2022-07-15,164.95816040039062,165.18482828788026,159.87281754622606,161.34126394345793,6037700
2022-07-18,165.46075439453125,170.14202538286435,164.6920416247507,166.50541456689942,3818200
2022-07-19,171.2951202392578,171.58093261639715,165.38193494570717,168.44693659105124,4373400
2022-07-20,179.81008911132812,180.84489944545655,173.06906213621573,173.5519776356107,5654000
2022-07-21,182.66815185546875,182.84554019293725,177.30686154342018,178.04600969222085,3886000
2022-07-22,179.82980346679688,184.84615155122782,178.31207763724794,182.39218952192797,3804700
2022-07-25,174.72476196289062,179.35676909919215,172.54674715353053,179.19908055029512,4407900
2022-07-26,167.99359130859375,174.56708011704933,167.30370769961073,174.54736528987658,3886500
2022-07-27,177.6912078857422,179.59327512903425,171.82730257928398,172.32991787823522,4960900
2022-07-28,178.66685485839844,179.24832940312064,173.3844096790932,175.8285366543873,4562100
2022-07-29,181.3573760986328,181.7515823905448,177.61235617344457,179.1892114171047,4751400
2022-08-01,180.33242797851562,182.5005928079245,177.15901748675995,178.67674339395117,3997100
2022-08-02,181.1306915283203,182.4611640677939,176.83377681878338,178.1938140779781,4317900
2022-08-03,186.90589904785156,187.9209945082171,182.68782867868072,182.84551720638945,5786300
2022-08-04,188.50247192382812,188.80798405212838,184.54063407379186,185.8316769581604,3759700
2022-08-05,187.41839599609375,189.0248160599522,183.58468167178688,184.29426507189572,4090300
2022-08-08,187.00445556640625,191.55760271586135,186.3441517834597,188.32506313229933,3396800
2022-08-09,179.60311889648438,184.4223633834788,177.21813642411135,183.60437110377154,5851700
2022-08-10,185.8809814453125,186.82709771481177,183.51571332857623,185.43749555317544,4179200
2022-08-11,184.0281524658203,189.7146690955868,183.62409628779983,189.35002753078572,4175100
2022-08-12,187.14244079589844,187.27056461054437,182.8258111308179,183.92961583960033,3846200
2022-08-15,188.29550170898438,189.33031199870013,186.16675169094148,186.3145903254756,2768500
2022-08-16,186.84678649902344,188.08856496946993,183.66352612794006,186.80737188253633,3835900
2022-08-17,185.24037170410156,186.68908811322203,183.77192543076728,185.0038389036297,3181300
2022-08-18,185.21080017089844,185.84155433350148,183.90990730554702,185.6937156873888,2791600
2022-08-19,181.1110076904297,182.7568423978743,178.9526927326767,182.540024408821,4346100
2022-08-22,174.4192352294922,177.977001987521,173.5125487060785,177.39554242978934,5182900
2022-08-23,173.4534149169922,175.5328854359832,172.37918999054818,173.33515603716526,5076800
2022-08-24,177.40538024902344,178.60772893558425,173.5125368960463,174.1137112393267,11438800
2022-08-25,171.39366149902344,171.62032936770248,163.16447347369683,166.14078063889846,24025600
2022-08-26,162.83924865722656,173.7490817499919,162.2479392044466,171.44294330433638,11074700
2022-08-29,157.8918914794922,163.4207197077532,157.7342029469699,161.90299389873698,9329900
2022-08-30,157.35972595214844,161.4792531683122,156.0883976355339,159.7939886166977,8079400
2022-08-31,153.86105346679688,158.87741633457364,153.71322987181563,157.4779494580585,9166100
2022-09-01,151.30853271484375,153.08249104747705,148.68701734761927,152.62914029213525,9924000
2022-09-02,151.4662322998047,156.37417151339824,150.7467990205486,154.19615684882652,7315700
2022-09-06,149.5247344970703,152.1955145494672,148.6377627903864,150.66795383662344,6373700
2022-09-07,151.06216430664062,151.83087715042646,148.3026749770983,149.1009525427215,6211400
2022-09-08,154.62977600097656,154.75789981672122,149.58386313357946,150.11605818512913,6659200
2022-09-09,160.23744201660156,160.92731053823346,156.17706011384877,156.3051839242968,5642300
2022-09-12,163.2334442138672,163.26300892993603,160.3852612745377,161.32151237206045,6353400
2022-09-13,155.81243896484375,158.92670513318018,155.52662658685222,155.96026258242014,5463200
2022-09-14,157.9608917236328,159.31106424681798,155.72373236610042,156.29534209365534,6037300
2022-09-15,152.5404510498047,157.5272343292089,152.07725038585946,154.53122741156895,7012200
2022-09-16,149.3177490234375,150.00763253497124,147.3959671907482,149.7218202143633,9882300
2022-09-19,150.61866760253906,151.31838601968118,148.22382003999581,148.52934720700802,4874800
2022-09-20,147.63250732421875,149.38675083201662,146.69625613221515,148.81514120032884,5505700
2022-09-21,145.49392700195312,151.0818852245961,145.37565307182848,149.03197921252476,6164400
2022-09-22,147.97744750976562,150.648242664968,146.99191668375852,147.34670838264137,12405100
2022-09-23,144.8828887939453,147.67194298002852,142.69500904426886,145.9275641553466,9175800
2022-09-26,144.20286560058594,149.00239550905022,143.24689957639407,144.87301928789262,7862400
2022-09-27,146.73565673828125,148.43077064616716,144.14370633673394,146.223176593617,7046600
2022-09-28,147.99716186523438,148.69689536619234,143.56227316233714,143.88750013844376,7908400
2022-09-29,144.6857452392578,146.82434484053067,142.9117871484774,146.3020148246347,8602500
2022-09-30,141.7587432861328,146.47944412696765,141.67004912536711,143.89734326662978,7575600
2022-10-03,145.75999450683594,146.80466975237405,141.81787143659824,142.88224647012316,6819900
2022-10-04,153.47669982910156,155.14224920639657,149.0319615503722,149.50501210078542,8017900
2022-10-05,153.96949768066406,154.68894610887966,149.74157647869953,149.99780911463378,4256200
2022-10-06,153.2106475830078,155.96027230743877,152.20540180678185,153.46688021545376,3853900
2022-10-07,148.11541748046875,150.95375099979643,147.11018689071238,149.60357861445272,5956700
2022-10-10,143.5326690673828,148.77569882502655,142.48800908779288,148.44060700828788,5497800
2022-10-11,140.5071258544922,142.87239363270362,137.50125406776104,142.41904287224344,7415000
2022-10-12,140.23118591308594,141.36455547710443,137.5604055807281,140.2509007418363,5707100
2022-10-13,143.33558654785156,144.22255815728926,135.59916458440355,136.94935186108734,6548600
2022-10-14,140.16220092773438,145.56290586131473,139.94538293423227,145.19826425315557,5736300
2022-10-17,145.05043029785156,146.84410374981806,143.828381609091,143.95650543794807,6288200
2022-10-18,151.30853271484375,156.66982232546636,149.7021128027917,154.18628065977973,16354800
2022-10-19,151.44651794433594,153.6935269907096,148.4603607896023,149.6627095822417,6220500
2022-10-20,155.22108459472656,158.96610424651777,151.37752089615438,152.75725785512773,9203400
2022-10-21,157.8524627685547,158.10869535692657,152.57988213370612,155.22109739817495,8335500
2022-10-24,158.3255157470703,159.23221730931334,156.10807146468554,158.84784586388042,6259200
2022-10-25,162.87867736816406,163.6276753525559,159.35047534635922,159.3603252405463,5804500
2022-10-26,157.59622192382812,161.74529785690012,156.4037231292507,157.4878129425029,6617500
2022-10-27,157.4385528564453,162.27751292581837,157.0147818103491,159.45889410101523,4987700
2022-10-28,160.66122436523438,160.73020369680765,155.88139429316934,157.20200186676885,5055400
2022-10-31,160.23744201660156,161.62704399174962,158.67045172360784,159.7742413582189,4878100
2022-11-01,157.5075225830078,163.30243283235416,157.33011923849452,162.61256435481351,4545900
2022-11-02,147.8394775390625,157.45826826877214,147.79021302692033,157.20202062319743,7238200
2022-11-03,144.21270751953125,148.24352442824122,144.01560438934098,146.84407265448388,5999400
2022-11-04,137.74765014648438,144.82375438148085,134.07160927446944,144.38026850970095,14265300
2022-11-07,142.49789428710938,142.83297114886904,136.76211287002332,138.58533582113202,7379900
2022-11-08,144.97161865234375,149.36707856798304,142.98084178686057,142.9906916833495,9101800
2022-11-09,140.00450134277344,144.2127220183428,139.8862424603708,143.73967145072575,5588500
2022-11-10,154.0384521484375,154.10743147800213,147.56350820047464,148.81513640605442,8777900
2022-11-11,155.44775390625,157.6060685565202,153.32886890546703,154.22570545623776,7382500
2022-11-14,156.36431884765625,157.8426150335746,152.41233075297714,153.56541501143911,6580100
2022-11-15,159.72500610351562,162.85898726347324,158.42409804903676,160.32616553831758,8116100
2022-11-16,152.8755340576172,158.49307169115397,151.60420593257882,157.68492921070586,6454700
2022-11-17,147.52410888671875,149.56414983717985,146.19363628223917,148.01687429015465,7357900
2022-11-18,145.89797973632812,150.11606558960784,143.54256161734185,149.6429999564505,7555700
2022-11-21,142.75413513183594,145.2080970746535,141.32510351414015,143.9072043046067,8015900
2022-11-22,147.09046936035156,147.2185931743015,140.85205769950252,143.09906668166536,7017700
2022-11-23,150.03721618652344,150.69752002580003,145.41507427358067,145.48405361063598,5558900
2022-11-25,151.13116455078125,151.8111682174499,149.18966753870845,149.8696862433847,3023700
2022-11-28,151.4662322998047,153.07265232913628,149.80068282806943,149.80068282806943,7931700
2022-11-29,149.48529052734375,151.79144381227115,149.0713694346658,150.51025088464596,6398100
2022-11-30,157.93133544921875,157.93133544921875,147.95776700243565,148.56879138202638,14591500
2022-12-01,144.87301635742188,145.4544758751773,140.02420700226475,145.4150612629589,33721500
2022-12-02,142.46832275390625,143.1089267639399,140.71407922268565,142.20222524087671,15086700
2022-12-05,131.99215698242188,142.30081765379373,130.95736148344312,140.7338270041311,20294600
2022-12-06,131.34169006347656,132.60316824733206,129.01583684236684,130.78979523779054,16981800
2022-12-07,128.592041015625,131.8147306024918,128.13870531670483,130.58281723237508,12915900
2022-12-08,128.24713134765625,129.55788915231088,125.18212235473266,126.5717169111157,15156900
2022-12-09,129.2129364013672,131.44023046833232,126.50272685633189,127.86276409472961,10287500
2022-12-12,131.1840057373047,132.14982171322333,129.05525559453952,129.20309423773543,11852400
2022-12-13,133.65768432617188,137.8560552226486,132.10054383381745,135.40207807946862,12579800
2022-12-14,132.80026245117188,135.28380403752354,131.30225156946713,133.05649502069824,9611800
2022-12-15,128.55262756347656,132.17937333955499,127.80361460336961,129.76482611995868,10807300
2022-12-16,126.41402435302734,128.000729347073,125.05398720441542,127.05461327890715,15464700
2022-12-19,127.14332580566406,127.70508559188681,125.35951742570519,125.92126969292448,9441400
2022-12-20,126.59143829345703,128.10916426712464,125.34967480064444,125.65518696679618,8455500
2022-12-21,128.4146728515625,130.2477608353527,124.76820419263416,126.10852675108298,9313200
2022-12-22,127.32070922851562,127.66563593903477,124.51194081340716,126.80822907122472,9968600
2022-12-23,127.56710052490234,127.9810216283292,125.74386265308841,126.86736708753432,5821300
2022-12-27,128.76943969726562,129.8436645079829,125.80299030413454,126.69981929521933,8300800
2022-12-28,126.61113739013672,129.24250270334318,126.31547515582012,127.83320094090922,6249800
2022-12-29,130.62220764160156,131.0262787612541,127.62620149730473,127.82330459240282,7628800
2022-12-30,130.6715087890625,130.72078833048883,128.4737795910912,128.72016226021816,5630200
2023-01-03,132.829833984375,134.9684339186234,131.10515516275476,133.23390520313316,8196400
2023-01-04,137.5702362060547,139.79754536460237,135.62873939132356,139.17665616900635,14322600
2023-01-05,134.3672637939453,136.58470806310257,132.29765816553572,135.64845682372635,8493500
2023-01-06,138.47694396972656,139.60044861549886,133.58871903436966,135.5893455962448,9145700
2023-01-09,144.97161865234375,147.04122476575802,140.52686414023017,140.52686414023017,13679700
2023-01-10,145.30667114257812,147.12004430010825,143.493297985048,143.70025104256655,6527700
2023-01-11,142.80340576171875,144.91244105531658,141.48279810941122,143.1779122748831,13595000
2023-01-12,147.4354248046875,147.65224280006558,141.85731644724692,145.70088084166272,11678000
2023-01-13,147.34669494628906,147.7901958079556,143.97618163325828,144.08459061575365,8378100
2023-01-17,146.3217315673828,148.3125076197156,143.98602882270768,147.43538597415375,9407600
2023-01-18,143.34544372558594,147.3762608599416,143.18775519740433,146.7061071721784,7812600
2023-01-19,144.2915802001953,144.55766271126004,141.08860483020018,141.44339654962764,7070100
2023-01-20,149.06153869628906,149.33748612686807,142.21210240511886,142.21210240511886,10127100
2023-01-23,153.6146697998047,155.58573125630005,151.01286927875103,155.0732661049752,19922900
2023-01-24,152.6193084716797,157.89190454955443,152.2645167631385,153.64425394190573,6390200
2023-01-25,153.9103546142578,154.13702250437973,147.65224259422772,149.0221299060208,9390500
2023-01-26,162.70127868652344,162.78012295630717,155.81242791199531,155.90112207624946,13354600
2023-01-27,162.1395263671875,164.82017126258032,161.23283986404084,162.661856471848,9872300
2023-01-30,162.36619567871094,164.03174509964487,161.03572311318212,161.6960419679007,8169800
2023-01-31,165.53961181640625,165.57902643219225,161.90300071137108,161.90300071137108,6421300
2023-02-01,169.3339385986328,170.57570220799275,164.58367210176266,165.30310549970864,8853900
2023-02-02,172.1130828857422,176.25230886718433,170.3982540337424,173.16760796547905,10667100
2023-02-03,168.56517028808594,172.5467228785425,167.4022512390948,167.55993976580717,6481700
2023-02-06,166.60398864746094,168.69330918020555,164.92858925584457,165.56917827563683,4310600
2023-02-07,168.80169677734375,169.24518258391353,164.19927022150972,165.14538630846295,6179200
2023-02-08,167.17559814453125,169.9547872427496,166.78137679293533,167.5402397365014,7694500
2023-02-09,171.1472930908203,172.84240737636998,169.5211581458414,170.82206610182453,11512300
2023-02-10,164.6132354736328,167.28403099889888,162.93783584487983,165.23412479220957,11273700
2023-02-13,168.6046142578125,168.68345852786467,164.53436716465936,165.84512495801388,8820300
2023-02-14,167.5008087158203,170.2898474354259,165.42133828358052,165.7859798398388,8393100
2023-02-15,168.6243438720703,169.12695921997124,165.80572488206,166.40689933567083,4997000
2023-02-16,165.67759704589844,167.90489142380622,165.52977342891637,166.54486903354754,7483500
2023-02-17,162.78012084960938,164.69205301260203,160.38528821770038,162.6421471387752,8084500
2023-02-21,159.281494140625,162.12967774881608,159.11395569755584,161.37082980750415,5210800
2023-02-22,160.99632263183594,162.6125926481518,159.76440905116812,160.74993991570238,4343700
2023-02-23,161.7452850341797,163.0757574233307,159.23219391378996,162.89835408704192,4679400
2023-02-24,159.85311889648438,160.04037218519082,157.34987687180035,158.26641344745735,6569900
2023-02-27,160.77947998046875,162.38589985545158,159.87279352871315,161.46934847223875,6891200
2023-02-28,161.24269104003906,162.07053328366712,159.19278521914606,160.1783159962289,6912600
2023-03-01,164.92857360839844,165.5494477421825,160.62179409434276,160.63165902596197,15841200
2023-03-02,183.8901824951172,191.1042749391655,182.52029532834925,190.32569721072548,37712500
2023-03-03,183.7324981689453,187.02418244014748,181.62346287748386,185.34878310285677,12087200
2023-03-06,181.1405792236328,186.26533680538577,180.97304077815716,182.3922076551366,10770300
2023-03-07,180.6675262451172,183.46643030584218,180.3817138716302,181.79103083501425,9024300
2023-03-08,180.30284118652344,182.2246230719453,179.1694868801992,180.6477829517553,6749100
2023-03-09,176.1340789794922,181.17999224149844,175.9566756024332,180.45070901916617,7102400
2023-03-10,170.67422485351562,176.76481330732187,169.22550834349167,175.9172561774397,14109000
2023-03-13,172.9705352783203,174.5375409508418,167.54026504267915,168.52579601351843,9154800
2023-03-14,180.2437286376953,182.62871138537304,176.51842339137156,177.39554520782332,10138100
2023-03-15,180.26344299316406,181.19969424948948,175.63145122133835,176.56770247766377,7716900
2023-03-16,184.58993530273438,184.93486208507284,180.3324347181534,180.64781181538504,8369500
2023-03-17,182.1753692626953,184.94470832659243,181.51505041185297,183.34813824972883,10493300
2023-03-20,182.569580078125,182.83567760386043,180.00719399165044,181.5446346663391,5513200
2023-03-21,185.94996643066406,186.54129099679676,182.21481086735088,183.18062695655973,6982000
2023-03-22,183.81134033203125,188.67001489634637,183.7127962768522,187.2508481673131,6575600
2023-03-23,184.72792053222656,187.8027722317666,182.8948323948834,184.6884908736122,8685000
2023-03-24,187.30996704101562,187.5662146536388,183.3974088627833,183.80148006883877,6102700
2023-03-27,188.4925994873047,189.3303066118127,186.1766113255564,186.18646121904277,7776500
2023-03-28,189.51759338378906,190.0399235530801,188.41378855980878,188.41378855980878,4899000
2023-03-29,193.7947540283203,194.5733166556867,190.08916405241604,190.34539661780138,8085200
2023-03-30,193.75535583496094,195.30263132759356,192.66141607626912,194.90842503390536,6932500
2023-03-31,196.88934326171875,197.10616124212564,194.13971892911405,194.63248433221938,6634300
2023-04-03,193.64695739746094,196.05163998076443,192.70084118786073,195.35192151564965,5340800
2023-04-04,194.34664916992188,195.82494520575497,193.77503956483918,195.2829003183485,4659100
2023-04-05,192.48402404785156,195.4209017113211,190.92688353151348,195.13510438727496,3953700
2023-04-06,189.7639617919922,191.2619728442455,186.85664888988723,191.19297846882273,6304700
2023-04-10,188.7192840576172,189.76394422066562,186.54125453733272,187.8322973817796,5263800
2023-04-11,186.15692138671875,187.70421203723257,184.59978084140178,186.32445982641644,4907700
2023-04-12,187.5662078857422,189.1134832471901,186.78763022041088,187.54649306132742,5033400
2023-04-13,191.2126922607422,191.56748395440778,187.69434004539113,187.69434004539113,4716400
2023-04-14,191.83355712890625,192.34603733664497,188.42362910796712,189.07408302109633,5073800
2023-04-17,194.2284393310547,194.66207535044873,192.20809789779173,192.33622173206962,5413500
2023-04-18,195.62783813476562,197.2243930091448,194.20867156287096,196.19944772833455,4679000
2023-04-19,196.0417938232422,196.1896324727516,192.89794802256674,193.45970782228946,3665100
2023-04-20,194.65219116210938,197.18501264393336,193.97218751315197,194.3269641797347,3620000
2023-04-21,196.1501922607422,196.23888642286988,193.62723584017758,194.17913067742526,4860100
2023-04-24,192.0996856689453,195.89398573695496,191.2521284738111,195.57860862341272,4449700
2023-04-25,187.91114807128906,191.311226183275,187.87173345763966,191.16340258458231,5010000
2023-04-26,188.74887084960938,191.55762472321825,187.81261955840642,189.83294575173645,4007600
2023-04-27,193.1049041748047,194.6521796855349,190.47353878674275,191.36051047691865,4794400
2023-04-28,195.49977111816406,195.77571858306956,192.44463417442205,193.31189119069262,4094600
2023-05-01,194.92811584472656,196.16989418486696,194.2678120623052,194.89855112596183,2882900
2023-05-02,191.0352783203125,195.53916109786982,190.13844172235605,195.15480470417504,6051000
2023-05-03,189.8230743408203,192.957054841237,189.7737947967623,191.39992952264356,3779900
2023-05-04,189.59640502929688,191.74485478409386,187.99983503449718,189.12333945557566,4386500
2023-05-05,194.7310333251953,195.24351356805474,190.45383312696373,191.1437017011935,4284400
2023-05-08,195.03651428222656,197.59890004868316,193.24285627611067,195.8446566527876,4169400
2023-05-09,198.26910400390625,200.85120524974423,193.93277395500058,193.93277395500058,6996800
2023-05-10,201.88600158691406,203.29530349079667,200.10217810810084,201.9746957547093,6535600
2023-05-11,200.5259552001953,200.85118217219636,195.67714541746562,199.97406035243847,5366300
2023-05-12,198.88999938964844,201.00889996322343,197.23431460543088,200.48655472271665,4733600
2023-05-15,200.3879852294922,202.4280262253957,199.55027800978837,200.80190637303772,4518200
2023-05-16,201.6001739501953,202.69411371751272,198.8308348644835,199.00822318664004,4423200
2023-05-17,206.3504180908203,206.45882706687794,201.83668578279114,203.5120849271327,5772200
2023-05-18,210.23345947265625,210.78535437232438,206.30118575550853,206.46872420447863,5165500
2023-05-19,207.31626892089844,210.15460256344588,206.89248283826467,209.878655130199,6091600
2023-05-22,207.2176971435547,209.74066858146557,206.01534838453668,206.14347219856515,3890800
2023-05-23,203.6500701904297,206.60666239124197,203.48253177027766,204.73416001259642,4256800
2023-05-24,206.03506469726562,207.16843412937234,202.44773322064478,203.05875749871555,4894000
2023-05-25,206.87278747558594,209.25777036425947,205.42405590103516,208.9522582021991,6496700
2023-05-26,212.32276916503906,213.02248764868838,209.47458560422467,209.7209683172294,6933300
2023-05-30,215.70310974121094,218.92579949390733,212.60854379776114,216.0973310627367,10421000
2023-05-31,220.14788818359375,221.74444336364962,213.91932593398008,216.37330318755383,19624000
2023-06-01,209.81948852539062,212.24390076245064,203.0784618730857,205.20721188055222,20907400
2023-06-02,209.9476318359375,213.01263332348896,207.38524565877933,209.81950801567746,11026900
2023-06-05,206.823486328125,209.24789861952337,204.06399718674655,207.42466069450384,7804400
2023-06-06,209.7702178955078,210.3122477562672,205.35502948193886,205.53243282971877,6796000
2023-06-07,202.7532501220703,213.5251097371799,201.81699885651716,211.77086609157305,9323900
2023-06-08,206.4982452392578,207.335952344881,201.88596880671054,202.40829887181513,5548600
2023-06-09,212.1946258544922,215.4961599207508,207.64147854848102,207.64147854848102,7676700
2023-06-12,210.59805297851562,217.20110551322043,209.07047742008277,213.02245002500493,11568300
2023-06-13,205.9562225341797,213.10132083975896,204.91156229144502,212.38188756583904,11698900
2023-06-14,206.37013244628906,208.64672110422177,202.0535179994428,204.69473318366798,8963400
2023-06-15,208.8536834716797,210.2432854964274,204.3695153640081,204.94112502747893,7905400
2023-06-16,208.6959991455078,210.5586517769724,207.55279483351336,210.45024278623077,13672700
2023-06-20,213.83062744140625,213.90947171312416,205.59158902197225,205.63100363882762,9522900
2023-06-21,206.5574188232422,214.6486341721081,205.05942267462072,213.38715581642256,7971600
2023-06-22,210.203857421875,210.86417629039912,206.06463107525383,206.59682612779469,5689800
2023-06-23,207.05015563964844,207.94699224851468,205.05939431373324,207.45422686403953,14037600
2023-06-26,204.3596649169922,208.68614447724335,204.3498150227889,205.99564963512069,4771500
2023-06-27,205.7985382080078,207.4345078223329,204.51734522680883,205.12836947897824,4014800
2023-06-28,209.10003662109375,209.1296013376121,204.59616936141384,205.3944467834181,4775900
2023-06-29,207.38522338867188,209.5731028027438,206.68550499471516,208.8339547584764,3838300
2023-06-30,208.20323181152344,210.7557680175233,207.90758460133628,208.794556307911,5984200
2023-07-03,208.58758544921875,208.89311262569396,206.88262139511474,207.52322543068436,2400000
2023-07-05,210.72621154785156,211.5146241898978,207.05017068517893,207.44439204420925,5069300
2023-07-06,207.09945678710938,209.4253102459494,204.82288287945818,208.14411710507852,4250900
2023-07-07,206.5574188232422,209.0409609151267,206.2519066486945,206.73482220595233,3022200
2023-07-10,209.73080444335938,209.78993388451752,205.3057808326194,205.9759345497535,3820100
2023-07-11,217.96986389160156,219.1327981549225,214.09673473427037,218.84698577717074,10028100
2023-07-12,223.99143981933594,224.7897173641002,218.40348196797947,218.68927928427524,8923500
2023-07-13,227.03672790527344,227.61820251210398,224.30681838872502,224.95725729449072,5800300
2023-07-14,226.01174926757812,228.84021746469963,224.8488152628144,226.37639080156117,4278700
2023-07-17,224.70101928710938,226.94802827693994,224.51376603162242,225.9230828758619,3557900
2023-07-18,224.33641052246094,226.29760744983554,222.20766010345335,223.7648007782084,5092700
2023-07-19,230.97885131835938,234.7731509551967,227.88428517392308,230.5944949036621,8516300
2023-07-20,224.85870361328125,230.12143430474802,224.03086137736636,227.75616647698945,5303000
2023-07-21,224.76014709472656,227.47035673748383,224.00128418411276,226.67207921242542,3529700
2023-07-24,222.39488220214844,224.29694941306664,220.30554669660353,223.97172244704305,5363200
2023-07-25,222.75953674316406,224.22798312282399,221.9316944385805,222.6117131309196,3203700
2023-07-26,222.31605529785156,224.21812265732777,219.8916427426873,221.2122655364149,4856700
2023-07-27,221.89227294921875,226.81007748363209,220.76876834079263,224.74045660800127,4299600
2023-07-28,222.3357391357422,224.02098826603765,220.73916912419241,222.7299454133069,4238700
2023-07-31,221.75428771972656,222.1189443544393,218.5414626120327,219.13278712810236,5571900
2023-08-01,221.02503967285156,221.55721979153378,218.42323845682955,220.65053308392106,4212600
2023-08-02,217.30953979492188,219.62554317301817,215.6341404548979,218.76812115750673,5127000
2023-08-03,212.44100952148438,215.0526750742938,211.49490840736945,213.07174861022966,5515200
2023-08-04,211.48504638671875,214.10656186959454,209.9870504290808,213.27871962384629,4800400
2023-08-07,212.9337921142578,213.7517845207435,211.26824257895618,212.19464397998837,3615200
2023-08-08,208.51861572265625,211.0908518016613,208.08497974948955,210.46011266923898,4843800
2023-08-09,202.88137817382812,208.59746002102628,201.94512688873698,208.5875950883576,7847500
2023-08-10,205.23675537109375,207.29651079546898,203.4529473223284,205.16776100818922,4004700
2023-08-11,205.68026733398438,206.46869495238226,202.52657189839883,203.14746109156317,2930800
2023-08-14,208.99168395996094,209.03111361794583,204.1231588214065,204.89187173401947,3304700
2023-08-15,205.7591094970703,209.29716129274533,204.8327081827697,207.28668517248053,4076400
2023-08-16,203.99502563476562,206.65595578623925,203.95559598149563,204.9904063287372,2759600
2023-08-17,200.8905792236328,203.93586555246878,200.4470934053178,203.5810889282211,4062700
2023-08-18,201.8662872314453,202.52659110103377,197.3032745516538,198.06213752213915,4267200
2023-08-21,206.00550842285156,206.38986484546226,201.26510753131734,203.01935120764378,4023300
2023-08-22,203.7683563232422,207.06989073764572,203.01935827919584,206.8136581263159,3153200
2023-08-23,206.10406494140625,207.93715286583762,204.14285319837268,204.99041030403464,3833200
2023-08-24,202.53643798828125,208.92268867377854,202.4674586490837,207.9568576209551,3960300
2023-08-25,206.4391326904297,207.74002549396982,202.50685948358048,202.53642420379688,3068800
2023-08-28,208.65658569335938,210.39111451689095,206.60667979027284,207.40495734563686,4086900
2023-08-29,208.8931121826172,209.3858775760072,203.53182229645282,203.75849016677043,5850400
2023-08-30,211.9285430908203,212.47058805498398,206.39971453236495,208.7058681037152,9946000
2023-08-31,218.2556610107422,225.47958865469238,217.9994133743956,224.70102592719397,19268400
2023-09-01,218.3246307373047,220.729328227277,217.32925007117944,220.2661275613558,5600900
2023-09-05,215.52574157714844,217.13216165680737,214.46136646651618,216.15648071255933,5807300
2023-09-06,218.41331481933594,218.99478937692052,215.850943952951,216.2944297723248,5066700
2023-09-07,219.31016540527344,219.5072685555909,216.1367550597408,216.5901058396768,4201900
2023-09-08,221.50790405273438,222.2076375591227,219.63540148995983,220.08875228871955,4578900
2023-09-11,222.04995727539062,223.5479684041271,219.56641527948682,222.73982587480623,4418000
2023-09-12,218.4527587890625,221.5374599397101,218.058537449774,220.21685228860824,4002300
2023-09-13,215.6341552734375,218.6498773003246,215.14138984321394,217.9797084954566,4173600
2023-09-14,215.6144256591797,217.37853419968525,215.18078970423963,216.24516476509072,4297200
2023-09-15,211.50477600097656,216.01850909172873,210.37142154038912,215.7031320019609,9939000
2023-09-18,211.88909912109375,213.2491362904047,211.08095673411046,211.4554632098349,4279400
2023-09-19,212.5789794921875,212.93377116324842,209.18875131049566,211.28793661743987,4001500
2023-09-20,209.9476318359375,214.03757877154797,209.83922284294988,212.08623193577782,2990900
2023-09-21,205.59161376953125,208.8241541090392,205.0594336688844,206.76439801574466,4957300
2023-09-22,203.44313049316406,206.68553548021174,202.90110054449124,206.2814642139583,3848300
2023-09-25,203.3544158935547,203.54166914632322,200.92015368357607,202.03380826814293,4067300
2023-09-26,199.5601348876953,203.45297849682746,198.3676360162263,202.4970124284119,5404500
2023-09-27,199.79666137695312,200.9792953678478,198.0325678042529,200.05290901761848,4123800
2023-09-28,200.25987243652344,202.18165465094964,196.66269072844383,197.85517467569974,4344000
2023-09-29,199.84593200683594,204.7834358415089,199.1757782891745,202.1126558270554,4405100
2023-10-02,200.7624969482422,202.14223412907342,197.61865111691165,197.8945985530779,3745700
2023-10-03,196.9385986328125,200.62448880923088,194.56346607230222,199.81634642910512,4622400
2023-10-04,198.9490966796875,199.80651869677337,196.62324340307552,197.9734308174266,3656400
2023-10-05,199.08706665039062,199.22504035751336,195.61800914615995,199.07721675631265,3592600
2023-10-06,204.3596649169922,205.2565015437019,196.99774872342036,197.57920827954828,4989200
2023-10-09,204.22169494628906,205.26635519520192,201.72830320863653,201.9254063623548,2781100
2023-10-10,203.88661193847656,206.19275034731513,203.2755726309506,204.63560991524287,4503500
2023-10-11,203.85704040527344,206.1730286307981,201.4523429839072,204.2315318621379,3971000
2023-10-12,202.70394897460938,205.56199705302933,200.32883139520484,204.82284902140427,3548500
2023-10-13,201.62973022460938,204.14283661593413,200.26970803102634,202.14221041938285,3677500
2023-10-16,205.5127410888672,206.45885729461932,202.07323310673527,202.8616607718609,3623200
2023-10-17,206.8037872314453,208.87340800439307,203.0193524264049,203.50226795022797,4006100
2023-10-18,201.8662872314453,206.5968383523556,201.23554808452442,205.8576902096511,3380800
2023-10-19,205.30577087402344,207.89770649310424,202.5561316894932,203.4628181652864,4995900
2023-10-20,200.7821807861328,205.09881039722413,199.19547563523443,204.35966231521567,5539100
2023-10-23,199.0772247314453,200.62451533002707,194.9872778623139,197.00760400368796,4564100
2023-10-24,201.26510620117188,201.67902734293958,198.02270136698104,200.78219068343938,3959600
2023-10-25,194.20870971679688,200.79206371021772,192.60228959579302,200.2598686222007,4490000
2023-10-26,193.410400390625,196.7710636957056,190.87757926663016,194.56346950813844,5149100
2023-10-27,193.7257843017578,195.4405981608005,192.5825650370589,194.44521752954003,3168600
2023-10-30,196.38671875,197.67776163948065,194.22840397958325,196.12062123416624,3438300
2023-10-31,197.92416381835938,198.98853894849364,195.7855636632034,197.5200925578625,3425400
2023-11-01,200.95956420898438,201.531173806924,197.58905109396508,198.01282206736587,3593600
2023-11-02,205.0988006591797,205.24662425336024,202.97005067494644,203.3248423389853,4963600
2023-11-03,204.4680633544922,207.1388432323869,204.20196584467053,206.3602805663232,3861900
2023-11-06,204.41880798339844,205.46346828281932,201.7283129619456,205.1973857795379,3729700
2023-11-07,208.7748565673828,210.25315287716734,205.93653787844173,206.46871793324078,5467100
2023-11-08,208.41018676757812,209.44499705206377,206.6165136027356,209.3464379628725,3433500
2023-11-09,206.9713134765625,210.48966557570722,206.04492717626152,210.47981568159986,4731400
2023-11-10,210.5389404296875,211.1696795126461,205.8182396823828,206.37013450022081,4112600
2023-11-13,212.16505432128906,213.01261135048915,208.69598194153917,209.4942744646507,3306600
2023-11-14,217.9796905517578,218.0486849245532,214.79643034519592,215.83124067108318,4743800
2023-11-15,216.2451629638672,218.16694498633808,214.51063419656126,217.55592071201562,4800700
2023-11-16,218.2458038330078,219.54671177389577,215.7721268119651,216.8167871074014,3712300
2023-11-17,218.01914978027344,219.56642549394303,217.19130742246261,217.969870227021,3634900
2023-11-20,221.87254333496094,222.82850936884188,217.4277900126057,218.22606751681423,4599300
2023-11-21,221.0742645263672,222.70038424475263,220.30553670825128,220.75888746888316,3852300
2023-11-22,220.60122680664062,222.42446493526919,219.98035258304907,221.0545776245401,3893600
2023-11-24,221.13339233398438,221.2418013169441,218.9060832364487,221.1136775085356,1869100
2023-11-27,221.53746032714844,222.94677718080894,221.00528031568635,222.23719380685517,4885500
2023-11-28,221.66558837890625,222.26676277560665,219.01450808916198,220.37454542156772,5535300
2023-11-29,227.01702880859375,228.1503832284351,223.97172716728585,225.30219978014898,12327400
2023-11-30,248.25521850585938,248.8465430391753,240.1245888818071,245.4464645676277,24425700
2023-12-01,256.2380065917969,259.6183699989763,246.08703639998205,246.38269864595853,14538200
2023-12-04,247.03317260742188,251.4286318863387,246.23489500517064,249.14220807729853,11429200
2023-12-05,247.38795471191406,248.02854374023693,245.04238650961145,246.37285915367542,5771500
2023-12-06,245.52528381347656,250.3050989915174,245.24933640286005,247.88070173567144,5374800
2023-12-07,245.2493438720703,247.10213153720807,243.31769690091926,245.15078477756018,6568200
2023-12-08,247.18099975585938,248.4424780901868,244.41166036506232,244.95370536137673,4605800
2023-12-11,248.4523162841797,249.85176819077302,246.09689831551805,246.3826956257211,4766000
2023-12-12,252.7393798828125,252.86747362001802,247.38793994201757,248.15665274531312,5827600
2023-12-13,253.59678649902344,255.37072986542168,251.46803641373808,253.78403975254477,6567600
2023-12-14,253.48837280273438,255.02579846985986,249.55611447058803,252.78865434454596,6613200
2023-12-15,257.81488037109375,258.5145988641546,250.82745510740958,251.32022054004696,13739500
2023-12-18,259.7760314941406,261.7470928781329,255.92260287931452,256.06059161267876,7498500
2023-12-19,260.51519775390625,262.72277703422486,259.9238732821032,261.6288523259994,4665500
2023-12-20,256.484375,261.0868167877197,256.31682154081057,257.87397695206084,4510500
2023-12-21,263.3830871582031,264.477011830214,260.416630041471,260.91926033726577,5160700
2023-12-22,262.48626708984375,264.27007541427685,261.4613066466073,263.39296865040154,3110600
2023-12-26,262.3680114746094,262.6735236173383,260.7911561752263,261.6879928147255,3218800
2023-12-27,262.8608093261719,263.1466217154969,261.5599012878823,262.0920964082766,3387000
2023-12-28,261.73724365234375,263.0578813257517,261.4612962450671,262.64394517683087,2958700
2023-12-29,259.33258056640625,261.8062423408565,258.8496500386989,261.1755182892559,3706600
2024-01-02,252.42401123046875,256.7899055014423,250.09815791686006,256.770205712603,4741400
2024-01-03,248.1960906982422,250.48252953494634,248.12711135710435,249.83207555160732,5097100
2024-01-04,247.60476684570312,248.98450396855498,246.2250146848445,248.1862264161902,4489800
2024-01-05,247.48648071289062,250.23611996650476,246.5502294944294,247.57518991056008,3676000
2024-01-08,257.0954284667969,257.7754471605404,247.75260020346903,248.56074272009394,6626000
2024-01-09,257.5586242675781,260.11114551573297,255.03566774137047,255.74525114411728,4571800
2024-01-10,260.3082580566406,262.60453161401597,258.9482207245929,259.46068591921386,5128300
2024-01-11,267.4533386230469,269.0104639680571,261.26420674210044,264.12223988988575,9012600
2024-01-12,267.9953918457031,271.2574964925461,267.1379848342871,267.3055383091222,4847600
2024-01-16,265.2950439453125,267.64061210998915,263.84631243630713,265.79767428803285,5858700
2024-01-17,267.5124816894531,267.9658174343585,260.3082539763128,264.40806569705694,4706500
2024-01-18,270.4887390136719,271.70095256400026,268.20233071917954,269.0498726581016,4752400
2024-01-19,276.81591796875,277.9197077405215,271.5433217535051,272.5091528418129,7413600
2024-01-22,276.2442321777344,281.5858215924416,276.1161384556844,279.68375463543686,6735900
2024-01-23,272.7653503417969,277.63387492938483,271.7206900935465,276.7666030079664,6573800
2024-01-24,272.873779296875,276.8947318243998,272.6865260342781,275.9289308657567,7037800
2024-01-25,274.9927062988281,275.80084891524314,272.85409085314814,274.5787700565609,4178000
2024-01-26,275.8894958496094,279.24029457009294,274.6575823438424,275.23904190944285,4877400
2024-01-29,283.6949157714844,283.9807281591427,276.9341881068584,277.32839445906694,5762300
2024-01-30,283.5668029785156,285.1042287021247,282.37428899242263,283.4682438780761,4810900
2024-01-31,277.0228271484375,281.4971450493865,276.75674468075516,279.93998966543893,4557300
2024-02-01,279.693603515625,280.92551690333653,277.28890617673125,277.92952519914957,3218300
2024-02-02,281.5267333984375,283.99056041122645,279.06290638564855,281.0733976493681,3629600
2024-02-05,283.9412536621094,284.86765498531463,277.2889210125466,282.1081808796045,5274800
2024-02-06,281.6942138671875,284.46358267748843,277.83095054239953,283.77369918862905,4207200
2024-02-07,284.6607360839844,285.6068373085433,281.0734193163566,283.19230469549007,3621400
2024-02-08,287.7257080078125,288.86889718515573,284.79868054324476,285.11402751836823,4488400
2024-02-09,287.0850524902344,290.96804547033247,286.83866983959877,289.0068491955952,4376300
2024-02-12,283.1627197265625,286.78946589141344,282.8473426489198,286.61207756374444,3750000
2024-02-13,277.08197021484375,279.3289791693864,272.42042891727743,276.35268706872404,4956600
2024-02-14,284.9661865234375,285.27169862431504,280.521463664215,280.8762402680692,3850700
2024-02-15,287.7159118652344,287.77504131695775,283.8427823972608,287.1245872719822,3986500
2024-02-16,285.5279846191406,287.8439880146685,283.7146115560075,287.7749936404157,4159400
2024-02-20,282.2461853027344,286.6416443281612,280.03857581951326,285.3111717091335,4295500
2024-02-21,279.447265625,279.46699549101214,274.33235801337634,276.0176374525924,3797200
2024-02-22,289.401123046875,290.3669540904187,287.18367867299565,287.77500318789964,5264300
2024-02-23,288.56341552734375,293.6881878832286,286.86830129356775,293.6881878832286,4416800
2024-02-26,296.0436096191406,299.4338078802594,290.731584203479,291.3130437627643,8719300
2024-02-27,295.16644287109375,297.3838869327297,292.30840987352053,297.216333481295,6178800
2024-02-28,295.4325256347656,296.5264803458222,292.31824502921273,295.24527239662086,12490800
2024-02-29,304.3516845703125,306.0467990595574,290.52468611902543,295.6592941053701,21737800
2024-03-01,312.2949523925781,314.09846022096286,302.1833984543983,302.55790490781357,9450200
2024-03-04,310.0874328613281,313.05386018951015,309.00334293986,310.01843848541336,9350000
2024-03-05,294.4273376464844,308.02765117096226,291.85511659759106,306.8056025570219,9015300
2024-03-06,299.3746643066406,301.4640147549526,298.3595688398716,300.24193617650377,8270000
2024-03-07,298.0442810058594,302.33131654695654,297.38396204062303,301.57246854823745,6788900
2024-03-08,300.86285400390625,304.40090611475614,297.827432246402,297.827432246402,4851600
2024-03-11,301.5723876953125,303.1590776516039,295.9055862925411,298.26101905122107,4895500
2024-03-12,302.1834411621094,304.56843886903255,299.47323153315745,302.2721353226627,4832000
2024-03-13,300.6637268066406,303.67354003403346,299.1144151860524,300.9795158214034,5548800
2024-03-14,299.32171630859375,305.4103679954856,298.0191090018402,300.979563727024,4828800
2024-03-15,290.4501953125,296.09479677186596,289.89757951496506,295.01916851897465,11885100
2024-03-18,296.5487365722656,297.0026644961436,292.1179025304531,295.6704539495643,5240500
2024-03-19,297.476318359375,297.792077253206,292.70997023094037,294.2494040063199,3329900
2024-03-20,302.0452880859375,302.9728995622566,296.726353882444,297.9894799181317,4946600
2024-03-21,304.32489013671875,307.68991381870035,302.311772503779,303.88080988457085,6083900
2024-03-22,303.7130126953125,306.14060703940856,302.6077811802607,305.24259890460394,3779000
2024-03-25,302.0255432128906,303.65378704370437,298.55195436613474,299.69666696814824,4141200
2024-03-26,301.798583984375,303.9202671161322,300.87100262201125,303.4268580371747,3893900
2024-03-27,297.40728759765625,305.22287123614365,294.69353742298364,303.38740375516505,3859900
2024-03-28,297.2098693847656,298.80850989506524,295.6803133694292,296.0454312495225,4892300
2024-04-01,298.2756652832031,299.5091879774329,296.0355687966898,297.7131717069623,2918100
2024-04-02,299.99273681640625,300.4466647621992,291.0028373493911,293.57841843052915,4746100
2024-04-03,300.7229309082031,303.1110439033692,299.1045649231689,299.9828173510435,3047400
2024-04-04,290.2627258300781,307.1964999922092,288.2496082279953,304.1965942849392,8351000
2024-04-05,297.9302978515625,299.42040302785506,289.4337771623354,289.6706340178637,4918200
2024-04-08,297.7526550292969,299.4993123355115,295.5717652070336,297.13095476843904,3142900
2024-04-09,298.3841857910156,301.57161911381615,295.30531811979336,299.3216750375154,2997700
2024-04-10,295.6704406738281,296.95332230064713,294.2198168309622,294.51588033652,3036400
2024-04-11,295.20660400390625,297.1210333676755,292.5027322720098,295.5223929972755,3468600
2024-04-12,290.4403076171875,293.9237742719633,289.63110955532386,292.9566817017874,3820000
2024-04-15,269.3027038574219,282.70371302751414,268.0790588213555,279.2103678675745,18365100
2024-04-16,273.75323486328125,276.8617061064903,268.84874730522216,271.15789823204324,7624300
2024-04-17,272.6776123046875,275.29267451213565,271.217110526895,274.07887728439107,4199400
2024-04-18,268.3356018066406,272.68744330139475,266.1941931926905,272.67759559840124,5918200
2024-04-19,266.8060302734375,269.5493836479409,265.1876640953549,268.8980800261133,4913600
2024-04-22,270.2006530761719,276.0130259581937,266.00667628272777,275.7071147660133,6747200
2024-04-23,273.0328369140625,273.0525925507387,266.8454979913349,271.3256607983604,6285200
2024-04-24,272.54931640625,275.2630664098411,270.49671772078347,274.3354549084804,3938800
2024-04-25,269.53948974609375,269.9736619709283,265.73035651045586,268.0197815556364,4811900
2024-04-26,270.67437744140625,273.2499585349832,269.85530145591554,271.37500994388586,3754600
2024-04-29,272.1052551269531,273.63484148649536,269.61848397381186,271.26648370512703,3576400
2024-04-30,265.3949279785156,270.99017112724795,264.82255647413547,270.8915133850429,5218000
2024-05-01,265.1481628417969,270.38816464522307,263.036357611487,265.47379957038254,3761000
2024-05-02,268.5428161621094,269.48027529418135,264.4080458863146,266.8652133348036,3859900
2024-05-03,270.05267333984375,274.0098239750641,269.74676210580594,273.1710224785436,4041600
2024-05-06,271.9966735839844,273.476900711468,270.44736196288,272.5295637821619,3744800
2024-05-07,273.5262451171875,275.20384800314525,270.45725515376915,271.9572078867045,3507700
2024-05-08,275.29266357421875,276.24987839498493,272.09538236952784,272.09538236952784,3283300
2024-05-09,271.5427551269531,271.7203751607478,267.4967948149355,268.58230076917914,4709700
2024-05-10,273.0229797363281,275.95383072755305,271.3453769032584,272.4604861859731,2912300
2024-05-13,273.86175537109375,274.13806324164585,271.5624823892103,273.48678978022247,2998700
2024-05-14,273.1512756347656,275.1841187913746,271.41449601809063,273.30917016633657,3056800
2024-05-15,283.74969482421875,284.0062470607831,276.04264760305733,276.0524953059986,5828500
2024-05-16,280.9273986816406,286.19700426955984,280.8287108383227,285.6049374402556,3559200
2024-05-17,281.8451232910156,283.552329567912,280.51294285275094,283.25629616280884,3478900
2024-05-20,283.2859191894531,283.927345021951,281.3517337573667,282.23001644570735,2799300
2024-05-21,280.01953125,283.4339136577968,279.55572550930765,283.0095890758634,3492100
2024-05-22,280.0787353515625,283.30561986966666,279.10176490189974,279.674136295084,3309200
2024-05-23,274.8979187011719,283.21678785545686,273.802534976689,282.90099884341697,5456600
2024-05-24,268.7007141113281,271.335501625045,264.99026834621174,267.3586258092502,8325100
2024-05-28,266.27313232421875,269.628338178883,263.63834468711883,269.5000469989305,9294100
2024-05-29,268.0395812988281,269.27310417139495,264.24032482826146,264.4673038783234,13397900
2024-05-30,215.13623046875,222.12290513515936,209.20545850454064,220.45517996710188,66763300
2024-05-31,231.3496551513672,231.52727519503773,213.21193229247976,216.2217307350947,36807400
2024-06-03,233.5009307861328,237.81333680165244,227.17543721251346,231.52729427523278,19962700
2024-06-04,231.76412963867188,237.4185938691717,229.13918953826175,232.61279391708825,11197500
2024-06-05,233.41209411621094,233.7969525896041,228.49774398111757,232.5338265714086,10772100
2024-06-06,239.5599822998047,243.49739236302491,236.29361644673253,236.71795610534764,11693800
2024-06-07,238.66197204589844,240.71454051659524,237.1225231064012,239.13564053470157,6883800
2024-06-10,238.652099609375,240.42837530450484,237.26068239338576,238.6027556899672,7656900
2024-06-11,237.81332397460938,240.5369367919921,233.14566303658336,237.98108126206927,7264400
2024-06-12,232.6917266845703,239.00735692744513,231.7937185391716,237.38897573660532,10260100
2024-06-13,226.0109405517578,232.54367133313193,225.64582268562322,232.4153952236961,13566700
2024-06-14,228.88262939453125,232.14899542249492,226.17874194420116,226.32677371763754,8833700
2024-06-17,227.44186401367188,228.78393742399834,224.76759501232772,227.24450337696385,10563700
2024-06-18,228.7543182373047,229.22798674412678,226.208325544454,227.44184826050665,7119800
2024-06-20,238.61264038085938,240.55667341184684,229.78062062789198,229.78062062789198,14809600
2024-06-21,241.8296661376953,242.13557737104665,237.02386631310307,237.39886204825675,15719600
2024-06-24,236.77716064453125,241.18823919061128,236.6488694604475,239.9843197854196,7545700
2024-06-25,238.57315063476562,239.89549840019777,236.7080649326998,238.59289121391686,6037800
2024-06-26,239.94483947753906,240.39878247522816,236.7376803252588,238.28699212803272,4524700
2024-06-27,249.5169677734375,255.19117196590207,241.22768652724733,241.77043950501297,12869000
2024-06-28,253.71096801757812,256.7503548560834,249.84262738054227,250.15841643566802,12619300
2024-07-01,252.8326873779297,256.05960222683484,251.1748399982053,254.7471171314098,5871700
2024-07-02,252.8129425048828,254.33265087763013,250.7110150415082,251.68797042398865,5130600
2024-07-03,257.51019287109375,257.7766229141342,253.55304268961834,253.59252384553855,4755700
2024-07-05,259.72064208984375,262.30610053353854,257.87529717538814,259.25683640690863,6562100
2024-07-08,253.97738647460938,259.3752830453209,253.79976643246468,257.9345369557576,6539300
2024-07-09,249.49024963378906,254.00703567835393,248.16585859251495,253.1076297146619,7014900
2024-07-10,249.64840698242188,251.83267660329537,243.2438753933363,248.2745951198647,8947700
2024-07-11,248.19552612304688,252.44545261441885,247.99785827995532,249.6583013403217,5341800
2024-07-12,251.01231384277344,252.3169335262205,246.78215913287937,248.6896754730729,4705500
2024-07-15,249.9152374267578,253.40414154096558,249.18384990767692,253.03842515979332,4404300
2024-07-16,253.04833984375,253.78960553834705,249.72746892871174,250.82454275995892,4780400
2024-07-17,248.2943572998047,252.59370434412605,246.7031063450356,251.041980923902,5625300
2024-07-18,244.46942138671875,249.51001884021582,242.8583991885146,249.20363144619654,6351600
2024-07-19,244.74618530273438,246.0903477823598,242.31482703771704,245.75429585163587,4468900
2024-07-22,251.1210479736328,252.60357933873772,245.11185236401028,245.85311804656274,5647600
2024-07-23,253.07798767089844,254.33318671412533,250.79489175889518,253.60181421862694,3905500
2024-07-24,246.87112426757812,252.92974066833654,246.0013676984269,250.6762941765257,5204100
2024-07-25,253.53260803222656,261.00456335671157,248.78851994632944,251.77335384722548,7155800
2024-07-26,259.6505432128906,261.4098126163984,254.0762407846553,255.16343651989695,6127300
2024-07-29,255.57850646972656,262.98126970374227,255.509314437478,259.6505209081252,5101400
2024-07-30,254.92623901367188,257.7134056153387,252.1489656077429,256.5965603355244,3944300
2024-07-31,255.78604125976562,258.7807531196374,252.37623754884032,253.22620763768563,4647700
2024-08-01,250.11293029785156,260.2929672605684,246.83160194860122,256.8732699161284,5527400
2024-08-02,241.1287841796875,245.11185054454933,238.3119685744618,244.90428951929624,6504500
2024-08-05,236.22654724121094,239.00383539153933,229.50575030997865,229.61446988227684,6899300
2024-08-06,235.6434326171875,241.01020435893554,235.2579750397982,238.2823368133282,5673900
2024-08-07,237.24453735351562,243.65896158994738,236.86897300977265,239.78461490593676,4035500
2024-08-08,246.21881103515625,246.52519844602966,240.2491578771575,240.40729817989518,4474300
2024-08-09,249.58909606933594,250.0042030421493,245.55660894346317,245.80369750450132,2975300
2024-08-12,248.38330078125,251.13092435244758,246.1199762151672,249.65828619184435,3679700
2024-08-13,251.63499450683594,252.8012452663414,250.05362169687078,250.05362169687078,4031600
2024-08-14,252.3466033935547,254.70875426417177,250.90359961552204,252.41578034588517,4145200
2024-08-15,259.7296447753906,259.82848624156856,253.25590576799672,254.89657758757167,5167900
2024-08-16,259.8482360839844,260.5302029730172,256.6558407941956,258.7017414612941,3494900
2024-08-19,262.28948974609375,262.29938294177526,258.5831608273714,260.0360429699978,4501300
2024-08-20,258.7906494140625,262.4080292560361,257.9900849581198,261.8644465333702,5731300
2024-08-21,258.0494079589844,259.08719802058465,256.16164771876066,258.05930115339845,4648200
2024-08-22,255.57850646972656,260.19413381013743,254.27387169950867,258.45462078318025,5111400
2024-08-23,260.925537109375,262.50691003338295,257.6639799603797,258.93893529994017,4711300
2024-08-26,262.1905822753906,264.1870467586597,260.1743314057394,260.8661913612805,3818300
2024-08-27,261.1231994628906,261.3801510522447,256.37908106463607,256.6261696219771,5276400
2024-08-28,255.8848876953125,262.09175065495236,254.36281383336905,258.7807581644719,10981900
2024-08-29,254.01695251464844,268.7829684149171,253.29544300527803,267.8539129445092,14301700
2024-08-30,249.95477294921875,256.11223051798476,248.07690598811854,254.4419094949711,10507700
2024-09-03,245.17115783691406,250.73559720372722,243.76769658305193,249.67805089575904,6190400
2024-09-04,244.7955780029297,246.57461870259124,242.3049361044928,243.5996777833581,4706500
2024-09-05,243.25375366210938,245.60604170438174,242.14680168037634,243.11538466439274,4083600
2024-09-06,241.1287841796875,247.08855901668278,238.62824916892578,244.85488387236393,6259400
2024-09-09,242.89791870117188,246.45599979411043,241.91945771142977,243.62930622613368,4588800
2024-09-10,243.2932891845703,244.45953997687445,240.47647350044238,244.25199402689657,3544800
2024-09-11,246.66357421875,247.1083306092755,239.19160351734814,241.95899839774637,4822200
2024-09-12,250.4193115234375,251.18034851872414,246.6635774379055,248.46237433093233,5219700
2024-09-13,251.6053466796875,253.83900675681332,249.51002543105048,249.59897369338853,4998900
2024-09-16,253.9180908203125,254.80760360178365,251.60534552361645,251.60534552361645,5367000
2024-09-17,252.21812438964844,256.34943793078173,251.7931242184333,255.7070136983761,5423400
2024-09-18,249.88194274902344,253.53469799032126,248.42679495108064,253.41591411410525,4436700
2024-09-19,263.3050842285156,266.8192686136035,255.44522826263156,258.08829054426633,11022800
2024-09-20,264.1069030761719,267.59139145586204,258.6822376461174,263.32489910373585,11463200
2024-09-23,261.5429992675781,265.35414258568824,259.59288366072343,264.5523213157684,6034000
2024-09-24,267.7101135253906,269.70971226554855,263.60201070358926,267.1062553087597,7154500
2024-09-25,271.3233337402344,274.2534470612778,266.6608849075363,267.7200915849504,7920000
2024-09-26,272.97650146484375,275.8274357166231,269.95726989270815,273.3427618690799,5253400
2024-09-27,273.84759521484375,275.03546422351263,272.2835269038948,273.4714261220957,5220100
2024-09-30,270.9471740722656,272.95668212747637,266.42332642332696,271.1847720646322,5059700
2024-10-01,268.13580322265625,271.92715969348814,266.96772152434716,271.37281481261164,4369900
2024-10-02,276.6589050292969,279.1534569607494,268.11601248807256,270.95703751794264,8512300
2024-10-03,278.074462890625,278.28233466564626,274.9265694593265,276.1738303189839,3868400
2024-10-04,284.845458984375,284.98406032859293,278.62885034941365,280.9947100426196,6129900
2024-10-07,281.6975402832031,285.2612077051513,280.519549799149,283.6872306779115,4794700
2024-10-08,288.6268615722656,289.67615937699827,281.2322635199527,283.1130786297831,5211200
2024-10-09,285.0137023925781,288.6268526622048,284.182154903621,287.88442328312277,4851000
2024-10-10,287.24102783203125,287.30041977330836,281.74703158763606,285.0137394055412,3965500
2024-10-11,285.1919250488281,287.3103081828932,283.4100761205655,286.29070620981975,3597000
2024-10-14,288.6961975097656,289.4980189451407,285.3404017020947,286.9935579980795,3642500
2024-10-15,285.43939208984375,290.61658097155936,285.0929189589246,290.4977970888517,3850800
2024-10-16,287.9240417480469,287.98346390021703,281.3609904104182,284.64745533794115,3497000
2024-10-17,288.1715087890625,290.379009949733,287.17172431446323,289.01293489484925,2830000
2024-10-18,289.98309326171875,291.7352161706632,287.22124680394484,289.0921838200442,3087900
2024-10-21,288.3497314453125,289.9632830826013,285.1325368979316,286.0828382132576,2712600
2024-10-22,285.4195861816406,288.99316258182205,284.7464573460473,286.8252660061175,3100100
2024-10-23,281.55889892578125,285.3898295312098,279.7671718478394,284.82560618548865,3227100
2024-10-24,283.86541748046875,285.99370906305313,282.30134928559966,283.66742422228566,3210700
2024-10-25,287.528076171875,291.40852082037213,285.91452462641774,287.0727278897534,3351200
2024-10-28,290.8046875,293.0814895255865,289.53760897280404,290.63642038995823,3867800
2024-10-29,295.87298583984375,297.56571645237256,289.8543411138054,291.03233153917876,4280700
2024-10-30,293.4081115722656,296.51643069264003,293.3586283595846,294.071361837474,2826500
2024-10-31,288.42889404296875,293.10125137139346,286.62725794978286,289.6464892462931,4301800
2024-11-01,291.74505615234375,293.9921315782256,287.07269928660816,287.3003885097488,3527500
2024-11-04,295.0018615722656,297.1499404189445,289.96324425785167,294.98204412052564,5107900
2024-11-05,294.4870910644531,295.79377407851587,291.76484988992075,294.4376078541828,4456100
2024-11-06,303.8021240234375,305.4453714931837,300.01079760188014,301.9213087974254,5874900
2024-11-07,307.6429443359375,309.0387152344496,302.91119549701244,304.39605429846836,5722600
2024-11-08,318.7002258300781,319.55153042818847,306.3164929949405,306.9005338677321,8485000
2024-11-11,338.28057861328125,341.3987763824952,321.96691732284415,321.96691732284415,13954200
2024-11-12,337.7063903808594,345.33855638040427,335.09305452435694,335.86517991486113,7659700
2024-11-13,338.2706298828125,344.67532197122284,335.350395527581,342.0124728052675,6902900
2024-11-14,328.3022766113281,342.50743192527966,327.4806680292496,338.9833694355276,7630600
2024-11-15,321.9768371582031,326.9263671878894,320.9077217544519,323.62996327077934,7093000
2024-11-18,318.9971923828125,323.6992456452434,316.9777757861732,323.6992456452434,4250400
2024-11-19,320.1652526855469,321.42245249183026,312.8102592206152,315.7799768714438,5469900
2024-11-20,322.412353515625,323.95660425401655,318.7595984434024,322.00648848431916,3763500
2024-11-21,332.390625,339.4783553618525,325.283107394203,328.0053488084416,8364200
2024-11-22,338.567626953125,339.3496611234033,332.39062340442723,335.5286386026988,5649400
2024-11-25,335.68695068359375,344.3387481589551,334.87525086423545,341.51751050850095,7117200
2024-11-26,339.7159423828125,340.33958801203954,335.7167437929881,338.52807327862547,4492800
2024-11-27,326.6788635253906,333.9744653490456,325.5602649981596,333.06373860710886,7471500
2024-11-29,326.6590270996094,328.638838831884,323.94669469344257,326.01559432852605,3517600
2024-12-02,327.6687927246094,331.1235549764459,326.7778531624271,328.6487899915697,6063400
2024-12-03,328.08447265625,329.44063877125757,320.3830067262524,324.095153483183,12632400
2024-12-04,364.15667724609375,365.2752757424614,353.0499318809905,363.1073794127559,24733100
2024-12-05,357.7322082519531,361.76113261971534,353.06975980071877,357.13825865464514,10942100
2024-12-06,358.33599853515625,363.4439161974923,357.44508933801666,361.3057159986403,5738900
2024-12-09,348.0212097167969,358.04896089098133,347.2490843560058,358.04896089098133,6475000
2024-12-10,345.29901123046875,351.9016672004297,343.92302741754713,347.80347215175277,6033000
2024-12-11,351.2681579589844,356.5641612187477,348.32813586517614,349.92187006006674,7546600
2024-12-12,354.416015625,356.36613149740873,349.35761087015345,351.4166018932781,5422000
2024-12-13,350.73358154296875,361.1176854931957,348.9418541554156,360.32577280162064,5538000
2024-12-16,353.62408447265625,354.45560177750644,347.0213990339651,347.23917953353515,5482300
2024-12-17,347.4272766113281,353.624097242342,345.58603591946905,353.29741137642515,6911000
2024-12-18,334.2069091796875,351.58964989856094,332.2347279886705,351.3220812041027,8400000
2024-12-19,333.2158508300781,340.45039731314677,332.42300434607,338.63681579822986,7423400
2024-12-20,340.5693054199219,343.3442226558385,328.1714732680367,329.7571056954178,14932300
2024-12-23,339.8260192871094,340.76751497779475,333.6617781310404,339.1818523511663,5330300
2024-12-24,341.34234619140625,341.85770400180843,337.7746123824806,339.9251727008062,1811000
2024-12-26,338.6565856933594,341.78826088698463,337.97276891327044,341.78826088698463,3483300
2024-12-27,335.4158935546875,339.2016252366051,332.2643784639662,337.29885448703317,3220400
2024-12-30,332.730224609375,335.0789737325117,328.63724345649916,330.4805850777464,3411100
2024-12-31,331.3328552246094,334.1275823385823,329.43008417458566,333.25546633898784,3026000
2025-01-02,327.69580078125,335.8817636574054,324.87134356846485,333.2951452856116,4807100
2025-01-03,329.9156799316406,330.4508475181026,326.31821657620225,329.12286370606756,4101200
2025-01-06,327.5669250488281,333.5825171026854,324.3460600431088,331.02562886919753,5785300
2025-01-07,322.0171203613281,328.52823009876863,320.0152397716431,327.5371947138553,4643100
2025-01-08,323.969482421875,325.8524437272939,320.21344959961186,324.80194857024964,3788200
2025-01-10,315.0005798339844,319.87645663031134,313.18696827715735,319.87645663031134,6540000
2025-01-13,316.2096862792969,317.67639937980897,310.9869101348471,311.7797566362065,4583000
2025-01-14,320.63958740234375,326.9822076290517,318.617866808706,322.08649055312424,5935200
2025-01-15,318.28094482421875,328.55797747487685,317.9043465188251,326.9227750513529,6042700
2025-01-16,317.1313171386719,324.7821113744023,316.6853391263459,320.0449635344034,5047700
2025-01-17,321.65045166015625,326.6155487641028,320.17381857086303,325.7731626131098,6303600
2025-01-21,323.9100036621094,326.56597125222436,319.5593740211972,326.44705184430876,6397200
2025-01-22,329.63818359375,332.2248016650757,324.3460582884166,328.2804699608011,7259300
2025-01-23,331.659912109375,332.45272833539906,326.64527538197194,329.3507826801793,4355900
2025-01-24,330.8869323730469,335.6141607458301,328.81567183991535,333.2852213086717,3299100
2025-01-27,343.9883728027344,349.9841245163171,327.5371800984598,329.38049131502635,15661100
2025-01-28,356.72320556640625,363.79918262009915,347.31825902182516,351.58961919113847,12099300
2025-01-29,350.8265686035156,356.95116076294835,348.34897984219134,355.5439072831581,6266700
2025-01-30,340.49005126953125,344.88033098296677,336.95204751209394,337.8439733537669,7591100
2025-01-31,338.63677978515625,346.366843157159,337.0511172297717,344.88029018223557,5778000
2025-02-03,336.1988525390625,338.39895242268784,328.29040909457257,332.9581775424258,4549400
2025-02-04,341.054931640625,343.81989858690304,335.6339668792129,342.5216446531023,4965600
2025-02-05,344.8109436035156,344.91997322570484,335.83216519122925,342.62076381153867,4521000
2025-02-06,327.84442138671875,334.45464087523317,326.1497593048479,334.45464087523317,13240600
2025-02-07,322.9090270996094,330.8274199236125,320.8179570779852,329.0237283709712,7626100
2025-02-10,324.26678466796875,328.77598349700463,323.72169706889895,324.9803313430425,5981900
2025-02-11,321.49188232421875,323.5136030375481,318.3800468504478,321.115284027775,5455900
2025-02-12,323.1964416503906,324.06855759243143,314.12847429866815,316.68533217965273,5643400
2025-02-13,326.89300537109375,327.3885230296087,320.32243638014626,323.27573251273435,4312100
2025-02-14,323.61273193359375,325.5551529930244,319.7278595707299,325.0893651107933,5879700
2025-02-18,326.0109558105469,326.2091749632761,320.104394035973,325.6442775975946,5262100
2025-02-19,321.6206970214844,326.78398266398597,319.9755747311752,326.78398266398597,5012000
2025-02-20,315.57537841796875,321.5414305655505,315.35734943177806,319.3512206720901,6393100
2025-02-21,307.0227355957031,316.11054295195714,304.1090892826445,316.11054295195714,7353200
2025-02-24,305.5560302734375,309.9264998520415,300.7990423862771,308.71743549983813,6652900
2025-02-25,303.1379089355469,305.6551472861904,297.92505312320634,303.5045871896013,7360100
2025-02-26,304.57489013671875,310.88781091453103,303.7028044069673,309.85712565064335,12638500
2025-02-27,292.25634765625,302.186542204424,290.0463579626917,293.6834411213289,16691400
2025-02-28,295.1799011230469,299.27288218050774,289.5309872227836,293.30682969241207,10863100
2025-03-03,290.4328308105469,300.35310480526164,288.4507600180125,298.3016542764285,6298200
2025-03-04,284.76409912109375,289.0354591392926,279.70981269355474,287.40025683026505,9096300
2025-03-05,289.3526306152344,290.05625733846716,283.05954926169443,284.6452120801931,6612600
2025-03-06,283.48565673828125,295.4078110820806,282.2765923718012,285.6461368398272,10396800
2025-03-07,280.35400390625,285.72539855181265,272.70320981556785,280.6413823812792,8248100
2025-03-10,270.4535827636719,275.8547383534974,268.29313262534305,274.4871045200955,10040200
2025-03-11,274.5663757324219,277.93592065898036,269.56165850845093,271.2662407940734,8313400
2025-03-12,282.0288391113281,283.3667429420005,276.58806447646066,279.3233318419241,7463900
2025-03-13,269.303955078125,280.02696557015156,267.3318042724162,279.52152782838664,9494500
2025-03-14,276.8952941894531,277.3809221179966,270.2355348637265,272.5347443289896,6976900
2025-03-17,278.2331848144531,280.195445767948,273.60503625123033,274.8834803683861,4484300
2025-03-18,276.2312927246094,277.98541439821315,273.4662956424894,277.5097065445586,5881700
2025-03-19,276.8853759765625,279.68999265928966,274.8041957301723,275.01230468161185,5245400
2025-03-20,276.5285949707031,280.344087151083,274.5762541040048,274.5762541040048,5504700
2025-03-21,278.1043395996094,279.32332398776816,271.5932299856867,273.7338700057708,9804100
2025-03-24,283.3964538574219,284.18930026602726,280.6810267374437,281.1963542200387,6763800
2025-03-25,286.02276611328125,287.84629820723427,283.0496593536706,283.0496593536706,4301700
2025-03-26,278.47100830078125,286.4488608709313,277.0736448531798,285.7551240408319,5070300
2025-03-27,275.3195495605469,278.3818454007545,273.53569788951364,278.0250871641483,3757200
2025-03-28,267.5498352050781,274.7249220122595,266.7768287824481,274.22940429918896,4973400
2025-03-31,265.95428466796875,266.0435044818532,256.866505645723,262.1784416563697,7585800
2025-04-01,267.7778015136719,268.39223867847284,263.4370612281385,266.44978734225964,4598200
2025-04-02,269.1057434082031,271.1770036296428,263.3676403486561,263.5757493007438,5396900
2025-04-03,252.94195556640625,260.21616674151517,252.16894918049002,257.80795802892993,8872600
2025-04-04,238.6016845703125,248.0462510039967,237.38271522614775,245.4794728707878,9705000
2025-04-07,242.02078247070312,250.68242293242312,227.93816157370776,227.93816157370776,11965200
2025-04-08,241.80271911621094,255.08260180393856,238.1160664254029,251.6734226777943,9340300
2025-04-09,262.7928771972656,265.7659834750109,238.74042805414567,238.74042805414567,12491100
2025-04-10,253.23020935058594,259.3048709781,246.29199704152617,258.07406589557706,9692300
2025-04-11,253.11109924316406,254.5106583680793,245.84531453610123,252.38651092535923,6089000
2025-04-14,252.66444396972656,258.074070495185,251.264884798597,258.074070495185,6038100
2025-04-15,253.0416259765625,254.81837522432568,251.92000663001826,252.48577654008724,5227700
2025-04-16,247.98931884765625,254.70915950053566,244.8626583761,250.0638336404224,7190900
2025-04-17,245.42843627929688,249.69658740942216,244.97185217337696,247.91985335245417,5566900
2025-04-21,234.50990295410156,240.68382963045758,231.04576475803316,238.64901193850412,9240000
2025-04-22,241.5871124267578,242.41096610265356,233.85482273309714,236.46533097326102,7145300
2025-04-23,248.6245880126953,255.88045257709055,247.6518515140943,250.7388150786776,5818900
2025-04-24,262.7392578125,263.0171825124178,255.09628312748092,256.28740629371157,7857600
2025-04-25,265.8659362792969,267.03718828751244,262.2429793161094,262.7591165676478,5651700
2025-04-28,263.67230224609375,267.50369498874835,261.37938556370517,266.1636889740998,4977700
2025-04-29,265.776611328125,266.5905142601848,263.2058000608287,263.4340769783174,3139800
2025-04-30,266.7195129394531,266.87833136892516,261.051818442721,262.8384727641248,4624100
2025-05-01,267.3349609375,272.56594350820075,267.0074186963658,271.37482023012063,5208900
2025-05-02,273.0423583984375,274.27319381760145,270.2333346757163,272.4269558346166,4323400
2025-05-05,270.61053466796875,274.1243210741358,270.2928977551068,271.34504352387904,4219600
2025-05-06,271.3351135253906,272.7644493713569,266.5508399517086,267.82135733795377,4681600
2025-05-07,276.1690368652344,276.7248862714701,271.6824991400905,271.6824991400905,4267600
2025-05-08,277.6678466796875,280.953325791343,276.3179352717122,277.14177380870854,4789900
2025-05-09,273.3798522949219,280.38755324501017,271.8512512927506,279.533907904024,4324200
2025-05-12,286.6806335449219,286.82951639299876,281.13204393540315,282.8889221257613,5937400
2025-05-13,287.02801513671875,290.57154769304395,286.7897723147605,288.8444462643381,6711600
2025-05-14,288.58636474609375,293.85702906375394,287.1173470749179,291.3259300335637,7926200
2025-05-15,288.606201171875,289.8072295993469,285.8170187071279,287.42501368919346,4635600
2025-05-16,288.9933166503906,290.0057804441866,287.57391656513175,288.93376352034625,3846000
2025-05-19,285.4993896484375,287.75256375027027,284.7847218266968,285.96590934167824,5781200
2025-05-20,285.92620849609375,286.3033985130119,283.0973136607281,285.9559850610336,4032300
2025-05-21,280.1889953613281,285.49937102309445,279.02764886744325,282.3032221248636,5689800
2025-05-22,281.32061767578125,284.2289068236345,278.94830674042794,280.4074191241686,6642700
2025-05-23,271.1068420410156,278.660457754257,269.63779397776244,276.93335619386266,8887800
2025-05-27,275.1367492675781,276.5164372502968,268.28786628506094,271.14653786178667,10958000
2025-05-28,273.9853210449219,276.7447271291104,271.55345717477724,275.6528692630961,12758600
2025-05-29,264.94281005859375,265.8063607085615,252.6147975718107,261.637459987625,28053100
2025-05-30,263.404296875,267.7419217473283,258.7689063353696,266.0942143747041,12388500
2025-06-02,259.68206787109375,261.83600711403915,257.22045764089535,261.161021133045,9213500
2025-06-03,262.5109558105469,262.78888051595675,259.4239771943492,260.05925097329805,7838500
2025-06-04,261.2205810546875,263.53330824700487,259.68204450771253,262.2330144978082,7372500
2025-06-05,265.1612243652344,266.75928404787766,261.68714996833177,261.756608434711,8642900
2025-06-06,272.4765625,272.86365780299764,266.2232119048414,267.9701843060058,7507000
2025-06-09,270.2333068847656,272.16887436749,267.66249595654665,270.8288684403361,5728300
2025-06-10,266.23321533203125,271.7222517539757,264.86343255873703,270.05470328715023,6309700
2025-06-11,263.9402770996094,267.51361618214196,263.4439808462443,266.51108805705826,6568100
2025-06-12,264.93292236328125,267.0272784296085,261.44891227758995,262.7393009682101,8054000
2025-06-13,256.48590087890625,263.73184444329814,256.08886992956747,261.5282878392201,7659300
2025-06-16,261.9253234863281,262.0245887983231,258.03434741337384,258.46118522580036,7177000
2025-06-17,260.8136291503906,268.4962858241233,260.15851442984837,261.8955513991357,9110100
2025-06-18,257.9862060546875,263.5336417603326,255.9680492787089,263.255276354665,7628000
2025-06-20,259.109619140625,261.33654238673626,257.74761589315324,259.16926670332055,12859200
2025-06-23,261.8734130859375,263.1956412405084,257.24059334855605,259.11958268034937,9283800
2025-06-24,269.588134765625,271.78523416718275,263.89154997564634,264.15996400005474,9713900
2025-06-25,266.19805908203125,272.4016489703623,265.4226103459899,270.41331576619905,6074300
2025-06-26,269.1606750488281,269.42911946756624,263.6132383688821,267.21211686692794,6708000
2025-06-27,271.8250427246094,272.5706676680349,267.85829739468716,270.2741149298922,21741400
2025-06-30,271.0992736816406,274.7677506070595,268.82262383127994,272.85893751872624,8541900
2025-07-01,270.3238220214844,272.4016264069809,269.0612414636624,270.49281333968855,6256800
2025-07-02,267.6395568847656,270.1249731525477,264.10032654660836,269.9360790890319,6115200
2025-07-03,270.56243896484375,273.1274058289055,267.74896078589074,268.12674895498185,5031800
2025-07-07,268.2261047363281,272.40161609699385,266.64538367052626,269.9261512652074,6283500
2025-07-08,272.0537109375,275.1853299694128,268.1565944700938,269.21040874318754,6661200
2025-07-09,269.339599609375,273.95251635992315,267.7986233416278,272.75950443260615,6373600
2025-07-10,262.4301452636719,269.9062667930616,261.67456897745586,269.3197121696511,7244600
2025-07-11,256.5645446777344,261.4160818391642,255.75927227523627,261.048214765082,7011200
2025-07-14,258.1651611328125,260.7003040263811,255.99788534613265,257.09147461358054,6533900
2025-07-15,256.077392578125,260.28272777660254,255.72945857632033,259.4774553423595,5201500
2025-07-16,256.4452819824219,257.4692723483783,253.0352827176153,257.4195458155407,5649500
2025-07-17,258.364013671875,258.6821542565146,255.15284472100365,256.4850242871813,5837400
2025-07-18,260.84942626953125,261.4459322720758,257.60843358269847,258.7815428393175,6381200
2025-07-21,260.75,262.76815687115004,260.11374918827875,262.0821795284855,6714700
2025-07-22,262.0523376464844,264.3389387439551,260.4716165911243,261.46578306666294,5001400
2025-07-23,265.6611633300781,266.9138227815191,260.96869641336804,262.3804261395597,5620700
2025-07-24,266.1383972167969,267.7290394230367,264.0904165536856,266.41676263684434,5877100
2025-07-25,267.5401611328125,269.5185733122775,265.45243552908687,266.44660213640657,4015400
2025-07-28,268.67352294921875,268.76299430223855,265.03486956196264,267.92789800116356,4533700
2025-07-29,265.8302001953125,272.4016263258066,265.750649883607,270.0156327470681,5137100
2025-07-30,263.2652282714844,266.20795261454987,261.79385093017476,265.313208833026,3928200
2025-07-31,256.8230285644531,263.4939078828691,256.35576907773384,263.4541327262501,7340300
2025-08-01,249.27732849121094,254.49670292651433,248.67088628336552,253.50253636740894,7646900
2025-08-04,250.84811401367188,252.02122327444218,249.17790630250352,249.53580687134115,4403500
2025-08-05,246.04627990722656,251.81243364391432,245.56906905071017,251.53406822916847,6761000
2025-08-06,247.71649169921875,248.8001296603355,245.5790395616194,247.91532198670592,5834700
2025-08-07,239.47483825683594,251.53406793296992,235.5876434893715,249.2276094749663,10010200
2025-08-08,239.10699462890625,241.53276347002299,236.4426355213045,239.88244333453827,8812000
2025-08-11,231.32266235351562,240.45905524804178,230.2191520613582,237.5262670003088,10740100
2025-08-12,230.30862426757812,232.30689355160166,225.15883370275498,231.6408037902605,13178000
2025-08-13,235.64730834960938,235.96544894359607,228.2705939865508,231.6507543638778,10209200
2025-08-14,232.00865173339844,235.61748130133012,231.51156843951378,235.61748130133012,7544800
2025-08-15,241.02574157714844,243.0737222495095,233.26130322407292,234.7724254626479,12942800
2025-08-18,242.54681396484375,243.09360860027977,238.09295207668592,238.37131749658468,8809200
2025-08-19,244.56497192382812,247.05038830516784,242.02984418090608,243.57080537129224,8642200
2025-08-20,245.01234436035156,246.12582121701215,243.02401125104495,244.2667194443616,8195100
2025-08-21,244.39596557617188,244.85327369553588,238.61986032965456,243.61056550412414,5646800
2025-08-22,246.84161376953125,248.07438579132983,242.686004741641,244.34626111185875,6694300
2025-08-25,246.42405700683594,247.91530682646618,245.35035531632886,247.91530682646618,4957700
2025-08-26,242.3181610107422,247.3784651231242,241.4333533856503,245.26088551159216,8862300
2025-08-27,248.70071411132812,248.90948059705997,244.17725315987514,244.3164358736224,6506900
2025-08-28,253.04519653320312,254.15865815228202,248.82992513704096,251.00715218631447,8461200
2025-08-29,254.7551727294922,256.137078766016,251.39488501145345,253.91012511301514,7363200
2025-09-02,251.38494873046875,253.50252828820425,247.2989236959773,253.33352179891597,9312500
2025-09-03,254.9540252685547,256.4949712936049,249.08843348981875,253.57211919355984,17417900
2025-09-04,242.58657836914062,243.78952658900343,233.2513549188597,238.65962346641524,30967500
2025-09-05,249.2971954345703,249.66504736882345,242.93453566370152,243.40179514981912,13029400
2025-09-08,250.79840087890625,251.46449064985578,245.85739189088432,249.3369748306306,12602200
2025-09-09,250.58963012695312,253.8504953530182,249.74459762098473,249.85395655349575,10901900
2025-09-10,241.1549835205078,252.50836352249323,240.31987210261696,251.27559155877046,11363600
2025-09-11,244.84332275390625,245.72813032614337,242.07954111614188,242.27837138084453,6944900
2025-09-12,241.3438720703125,246.1456984436469,239.84268600452347,244.66439995687796,8386400
2025-09-15,241.10528564453125,243.28251290370721,239.43507788511445,241.8310230076638,7244600
2025-09-16,237.91400146484375,241.26433797993545,235.85608453570973,241.1052828564127,8779800
2025-09-17,241.21640014648438,242.0031526808087,238.39800769707,238.98558372110153,10124000
2025-09-18,243.27789306640625,246.2755397236182,241.9533472793982,243.15839020316116,9344400
2025-09-19,246.0763702392578,246.18591959908863,242.3517223973972,245.01076755380677,11813900
2025-09-22,248.66571044921875,249.45246298166114,242.16249938826553,244.27379774546753,7523800
2025-09-23,243.55674743652344,250.32885506809865,243.12851870500444,248.7155056015298,7669800
2025-09-24,244.8813018798828,247.81919726001365,242.01311144158052,244.66220315494616,6707100
2025-09-25,239.96156311035156,243.65635049978948,238.50756088530252,243.4970032105202,8145500
2025-09-26,242.43138122558594,243.52687482561674,239.36402953788692,239.70263112473512,4974600
2025-09-29,244.09454345703125,244.81159104935898,241.8736805437026,243.71609745102674,6373500
2025-09-30,236.0277557373047,244.20408256963498,234.84263503870963,244.04473528998338,10801100
2025-10-01,234.72314453125,241.4753301008956,232.5520795212582,235.51986577524877,10016600
2025-10-02,237.90005493164062,238.417910810692,232.64171612572034,234.46419560147106,7679200
2025-10-03,239.3739776611328,241.81392404684235,237.5216072857734,237.77058171689055,8849800
2025-10-06,244.77174377441406,249.44250657688326,234.4442891386711,238.348206431253,13922600
2025-10-07,238.7565155029297,246.34525096902988,236.57549715024606,245.46885614700727,8387400
2025-10-08,239.44369506835938,240.3300586776376,234.68330491320722,238.75653836749612,7120200
2025-10-09,244.3236083984375,244.95102887342443,236.17715651572658,238.28847017909752,7929100
2025-10-10,240.6885528564453,248.02832936128195,239.73249955836667,245.50870935395082,7988300
2025-10-13,247.72955322265625,248.32709792197198,241.37572102495773,241.89359208461852,8276500
2025-10-14,238.78640747070312,247.26149184186426,238.5673087502845,247.09219104812144,9123900
2025-10-15,235.60948181152344,240.33004242266787,234.93226346740383,239.8818762966772,8389200
2025-10-16,244.9908447265625,255.68677675857293,241.67450341952556,252.15135192862007,24869700
2025-10-17,242.08282470703125,249.7512342735308,241.1666006088499,245.55851329376827,10851200
2025-10-20,253.23687744140625,254.352278053282,243.2978221989444,243.99494758136672,9963900
2025-10-21,262.3294372558594,266.0341782043845,252.95803552115822,253.4559844099794,13354700
2025-10-22,255.5872039794922,261.32355414688476,255.45773241385484,261.12439283946185,9370000
2025-10-23,254.00372314453125,257.4993187621963,253.07753033877435,256.54326543594993,6110100
2025-10-24,253.7846221923828,257.43956506433716,252.95802524696958,256.3640088808192,5490800
2025-10-27,254.4219970703125,257.0412129915265,253.874250273607,256.0253778447331,4942400
2025-10-28,253.21694946289062,257.77816285567604,253.09744659896745,254.42199239349145,6435600
2025-10-29,250.42845153808594,252.52979637021275,248.0183656428028,250.9662296295384,7904200
2025-10-30,255.59713745117188,258.21635325290924,248.97442385510325,249.47237270281346,7767800
2025-10-31,259.34173583984375,260.7459553096397,251.59365258697179,253.75474887355597,6878300
2025-11-03,260.2679138183594,260.4870125386175,254.05352159632866,258.9334144831098,7054300
2025-11-04,253.39622497558594,258.1964594064631,252.42024943924005,257.09099710413506,6792200
2025-11-05,251.6434326171875,255.77640214276323,250.9761829576667,253.65515029867285,5241200
2025-11-06,238.2884521484375,249.5122085317898,233.51809355117896,249.5122085317898,11041800
2025-11-07,238.89596557617188,239.9814905149515,234.82273208560284,235.18125589612202,5741500
2025-11-10,240.71844482421875,240.91762132917594,234.1156380713445,239.0154530350192,6486600
2025-11-11,243.4969940185547,244.69206825057273,240.17069926064326,240.90765385235449,5762800
2025-11-12,245.01077270507812,247.41087477260695,242.68036038297123,244.73192254622668,4278200
2025-11-13,239.44369506835938,244.89125712056887,238.92583916592858,244.2439296444333,5542100
2025-11-14,242.6604461669922,244.17419978548932,236.44603881946762,237.33238719726674,5512900
2025-11-17,236.05764770507812,241.83385782249474,234.6235524818636,241.0769809863289,5280900
2025-11-18,232.54212951660156,236.81452426764758,229.32538397137048,235.27089487963178,8045100
2025-11-19,226.9451904296875,231.32713457279306,224.13675140259053,231.04828441075148,9710700
2025-11-20,224.44546508789062,230.1220942689338,222.38396470221582,228.3095531179468,7521100
2025-11-21,226.17832946777344,227.7418809700509,221.04946234106984,223.93755962084978,7479300
2025-11-24,225.88954162597656,227.90124419917868,224.11682959808087,226.40739753002381,8563300
2025-11-25,233.15957641601562,233.6674939941859,225.59076263214777,225.86961278651063,10233000
2025-11-26,227.21405029296875,231.86490584512586,225.07287635304297,229.5643694326447,8506600
2025-11-28,229.59426879882812,231.60598658061255,227.69211557749833,228.0605928953768,3691500
2025-12-01,231.87486267089844,233.2890355774298,227.66221966652606,227.73192460331222,5634700
2025-12-02,233.74716186523438,235.67919068812355,230.66982634397957,232.06409227755546,7626200
2025-12-03,237.74070739746094,238.27848548550813,232.20351844827792,234.39449041574116,13782000
2025-12-04,246.44485473632812,247.94865481227382,236.62530267865807,242.6903161035208,20912100
2025-12-05,259.5010986328125,260.80572232742827,248.4765026249778,249.80104853065026,15852400
2025-12-08,258.46533203125,263.1958461641941,255.28841589794504,260.80569773339437,10805400
2025-12-09,259.94921875,261.1741839189824,257.93751624410464,258.93341399022086,8045900
2025-12-10,263.1161804199219,264.83906396309857,258.0868788774203,259.6803212512068,8894700
2025-12-11,261.2737731933594,266.8009933881776,259.7002377743795,262.41904949407825,7783800
2025-12-12,261.1542663574219,263.4049745059162,259.83967409147124,262.4389525155051,6006600
2025-12-15,253.53564453125,261.20405397079736,252.05175145108907,260.13843611139066,10271800
2025-12-16,253.86428833007812,254.81038811320366,251.0757717091347,252.95801776893774,6145300
2025-12-17,257.0810546875,260.89532962189156,255.19879338889092,255.2784518346646,6269000
2025-12-18,257.20672607421875,259.4211888717437,255.52093982359895,257.7753113533743,5654200
2025-12-19,259.2615966796875,261.3862877614952,254.86259481484151,260.029664773634,20732100
2025-12-22,263.9698181152344,263.9698181152344,257.76533426755947,259.9698123375785,5664200
2025-12-23,262.7727966308594,263.5807734355272,259.87005274535335,262.06457643793505,4745100
2025-12-24,264.5982666015625,265.63565019957264,261.8950053106858,262.57333205270294,2076600
2025-12-26,265.4161682128906,267.2416197622822,264.1393627842122,264.1393627842122,2456400
2025-12-29,265.5658264160156,268.4386158867702,264.0495989948868,264.0495989948868,4300100
2025-12-30,265.2566223144531,267.6107202065141,264.668067399992,265.9947664939221,3291800
2025-12-31,264.2491149902344,265.43614865310394,263.73042322787006,264.6281718494961,3367900
2026-01-02,252.98727416992188,264.7179455369111,251.85011880482824,264.3388886749725,9680600
2026-01-05,255.62069702148438,258.9423760046907,251.68053923202604,252.9872686328812,6421500
2026-01-06,262.2441101074219,262.892482396947,254.36382514228285,254.56332313746586,6103300
2026-01-07,265.4560852050781,267.16181061364534,262.84262639015986,262.84262639015986,5976200
2026-01-08,259.8800354003906,264.53839820162807,259.76033964386096,263.7403757556908,5243500
2026-01-09,259.29150390625,260.37878092036664,255.87006837906054,259.3513517828845,5174400
2026-01-12,258.75286865234375,260.9074837526564,255.13193476454603,258.35387262075534,4927700
2026-01-13,240.4586181640625,260.2591038794056,239.76036751858797,257.0172117490315,13661000
2026-01-14,238.9723358154297,241.63567295926623,235.8700939340521,238.58329416292764,10149300
2026-01-15,232.94740295410156,238.2441534676664,231.09204255526936,236.42870180297643,11489600
2026-01-16,226.5434112548828,232.36883809010013,225.87508458358042,232.36883809010013,13902600
2026-01-20,219.52098083496094,227.37134203727652,218.81274543240602,222.9823099415697,13050800
2026-01-21,221.0272216796875,222.83270380044326,218.41376271777347,219.60078121508738,12616600
2026-01-22,227.52096557617188,228.14939874534454,220.55838329222703,221.68556907928988,9483000
2026-01-23,227.4810791015625,230.27409689230103,226.084562595832,226.21424315112648,9408000
2026-01-26,228.82769775390625,230.37383393211957,227.02221569072847,228.8576216936821,7239600
2026-01-27,227.95986938476562,235.1518888025041,225.70551304056352,231.36136587786606,9838400
2026-01-28,227.39129638671875,231.28156065195455,227.10201134964737,228.8177215437313,8465900
2026-01-29,213.54592895507812,216.73794275889466,208.2591480064982,216.12946393842319,18555600
2026-01-30,211.7603759765625,215.0122527276515,210.50352488167195,213.62572108382403,11090400
2026-02-02,210.28407287597656,216.3489064366914,209.2765980837965,213.81524987641757,7950900
2026-02-03,195.8900909423828,205.04718206875432,192.6282444285455,204.488581549593,20194200
2026-02-04,198.94244384765625,200.16937100852354,186.81277669902488,192.8277319681121,23010000
2026-02-05,189.49607849121094,199.06215043466523,188.3190143508059,193.50605396236043,21956300
2026-02-06,190.8726348876953,194.11452693680988,186.65317673869706,191.15193513888434,13652600
2026-02-09,193.5459442138672,194.71302354057786,185.26664751883544,188.82774859992284,12112000
2026-02-10,192.96739196777344,198.60330589119863,190.27413077551486,191.421255750879,13393000
2026-02-11,184.53846740722656,193.1868359181489,181.35642329067295,192.66812893714805,16350200
2026-02-12,184.96739196777344,187.85019676410866,179.7903524842344,185.49608375552793,16849100
2026-02-13,189.2467041015625,192.9673945570117,183.84022727724403,185.97488798072564,14822900
2026-02-17,183.83023071289062,192.51850789587922,182.71302973459214,190.49357351235233,13692900
2026-02-18,187.32150268554688,187.67063560851238,181.40630390682867,183.42126875733624,9852900
2026-02-19,184.82774353027344,186.48360592024,182.77288512329625,186.13448821053632,9565100
2026-02-20,184.6980743408203,191.25167586879246,183.27163392937373,184.85767883258197,10816200
2026-02-23,177.71554565429688,182.01479100763024,174.13450532554185,180.81778770690732,15498600
2026-02-24,184.95742797851562,188.19932015231703,175.84023028933072,177.196838084735,15564700
2026-02-25,191.27163696289062,192.1195225370647,181.80530639984335,182.54346578466223,21875100
2026-02-26,198.9723663330078,200.53844160483254,190.85267449666222,196.26912050488014,26680500
2026-02-27,194.30404663085938,195.43123246694375,189.4462007919714,191.43124177696404,16346500
2026-03-02,192.4686279296875,195.4511739979618,190.2042868328992,192.01975362768917,9932700
2026-03-03,195.5609130859375,198.17437204754034,189.1070527100527,190.274132060556,13208900
2026-03-04,192.5983123779297,195.97985451184678,191.62076151056044,194.61327721210554,11583700
2026-03-05,200.88758850097656,203.91002829331285,193.75543180990664,193.87512757333457,15860900
2026-03-06,201.6057891845703,202.45367474586595,196.87760876152007,200.2890749323073,9657400
2026-03-09,198.2940673828125,203.16189800680186,195.38135379950296,198.0646454308295,10754800
2026-03-10,194.4237518310547,199.07212994665105,190.12450664106865,196.76788003492268,14467400
2026-03-11,193.6457061767578,199.0521830041587,190.81277959479434,195.91003221863537,9580000
2026-03-12,198.7828369140625,204.34891780907077,192.66812510973307,193.64569117387683,26309700
2026-03-13,192.34893798828125,200.49855400363384,191.2716304984915,199.2317180822067,14834700
2026-03-16,197.84518432617188,198.13446936744256,194.66314019652606,194.66314019652606,13419600
2026-03-17,194.82275390625,201.87512354558928,193.96489875615978,197.7254979255844,11559300
2026-03-18,193.85516357421875,195.66064561292413,192.1594077201115,192.9175062186935,10525100
2026-03-19,194.50355529785156,199.90004716370177,192.8177689803211,195.10204931886724,9254300
2026-03-20,194.892578125,195.1818479466855,189.52599507795117,192.72799358664898,20201100
2026-03-23,194.6930694580078,197.5559199060217,191.52101003524578,196.59830815872763,13976200
2026-03-24,182.56341552734375,191.66065855717017,181.83522573428624,191.66065855717017,18631400
2026-03-25,181.5060577392578,186.92250381404787,179.40132110218693,185.23671754568545,12565200
2026-03-26,185.1768798828125,187.0023163747792,179.08212200290018,180.72799962938814,10330700
2026-03-27,178.8626708984375,183.65069932879598,178.37390304819075,183.54097313819966,9902000
2026-03-30,184.56838989257812,185.92499760247125,179.13198948025172,179.65069645716662,11617700
2026-03-31,186.2042999267578,188.02973632874367,181.85517650417125,184.43871140340727,11041400
2026-04-01,185.77537536621094,188.50852989411632,182.55342258633885,186.3838541517522,11677700
2026-04-02,186.71302795410156,187.11203919201645,181.1270076097946,184.83772840842994,11635500
2026-04-06,184.56838989257812,187.67063173987012,183.14196473196435,187.0322290070217,14391000
2026-04-07,182.50357055664062,186.11453475668867,181.5659131692702,184.48859629898368,12344600
2026-04-08,175.92999267578125,186.30405620795747,175.34146824261524,186.03472553385433,13472100
2026-04-09,170.85000610351562,174.2899932861328,167.1199951171875,173.1699981689453,20855400
2026-04-10,164.9600067138672,171.25999450683594,163.52000427246094,171.25999450683594,18109300
2026-04-13,172.82000732421875,173.39999389648438,165.77000427246094,167.0500030517578,12390800
2026-04-14,171.30999755859375,177.5,170.5,175.2100067138672,13123600
2026-04-15,177.60000610351562,179.6199951171875,172.8800048828125,174.22000122070312,14340300
2026-04-16,181.22000122070312,184.5500030517578,178.57000732421875,184.0,11866700
2026-04-17,182.13999938964844,187.97999572753906,181.02999877929688,185.42999267578125,17225700
2026-04-20,186.27000427246094,189.0,182.1199951171875,182.5,14382300
2026-04-21,187.11000061035156,193.55999755859375,184.10000610351562,186.60000610351562,12073700
2026-04-22,189.8000030517578,191.14999389648438,187.02999877929688,188.1999969482422,14565900
2026-04-23,173.3000030517578,178.8699951171875,170.64999389648438,177.55999755859375,22719900
2026-04-24,178.16000366210938,178.4499969482422,174.39999389648438,175.6199951171875,10817600
2026-04-27,180.17999267578125,184.2899932861328,177.50999450683594,178.25999450683594,11907000
2026-04-28,181.32000732421875,184.4199981689453,181.32000732421875,182.42999267578125,8711700
2026-04-29,181.22000122070312,181.77999877929688,177.35000610351562,179.1999969482422,6882800
2026-04-30,176.52999877929688,178.69000244140625,173.0,178.3000030517578,14408300
2026-05-01,183.82000732421875,186.0399932861328,178.75,182.19000244140625,12324400
2026-05-04,185.47999572753906,190.30999755859375,183.97000122070312,184.24000549316406,8444700
2026-05-05,186.99000549316406,187.38999938964844,181.10000610351562,185.5500030517578,9740800
2026-05-06,181.19000244140625,187.10000610351562,179.5800018310547,185.52000427246094,11303400
2026-05-07,186.33999633789062,188.5800018310547,184.0,184.60000610351562,13955100
2026-05-08,181.82000732421875,181.8699951171875,176.8800048828125,179.67999267578125,15123900
2026-05-11,177.49000549316406,182.5,176.30999755859375,179.91000366210938,11145000
2026-05-12,171.30999755859375,177.5800018310547,170.5800018310547,177.5800018310547,10214000
2026-05-13,165.83999633789062,169.77999877929688,164.75,169.77999877929688,11951900
2026-05-14,167.5800018310547,169.35000610351562,164.3300018310547,166.0,9749400
2026-05-15,173.50999450683594,175.97000122070312,169.0,169.25,13776600
