Price,Close,High,Low,Open,Volume
Ticker,DIS,DIS,DIS,DIS,DIS
Date,,,,,
2021-05-11,177.49020385742188,178.05686122665816,174.3247431799463,177.61721763727226,10865600
2021-05-12,173.7581024169922,178.26203792841204,173.49431029769372,176.5425217821355,8988100
2021-05-13,174.23683166503906,176.59138707049897,171.75527737708362,174.26614024620895,12332200
2021-05-14,169.70358276367188,170.88575016792663,164.89678177846798,168.95129441550978,33149400
2021-05-17,166.16688537597656,169.0099371149207,164.69163207497414,168.7266009429823,17771600
2021-05-18,165.77606201171875,167.31971178086997,165.5513579355947,166.34271938832268,10401000
2021-05-19,165.37550354003906,165.50250241157718,163.25543187457933,163.85139781981698,9251000
2021-05-20,167.41741943359375,167.9449887738938,165.0921727348274,165.31689172196133,7400700
2021-05-21,168.43348693847656,169.1369226722145,167.57374374769117,168.2576354589027,8105700
2021-05-24,170.29953002929688,171.0811268719597,167.79843205895176,168.48232370588678,7346700
2021-05-25,172.11676025390625,173.36730941273782,171.3644718839504,171.55988230254187,8089700
2021-05-26,172.40985107421875,173.80694305905035,172.14605895044483,172.5563939720259,8086200
2021-05-27,174.9207305908203,175.45807944721187,172.7224974664459,173.1230679691853,13567800
2021-05-28,174.5396728515625,175.99539678220296,173.98279497847548,175.37988684714696,7124800
2021-06-01,174.72532653808594,176.84539837000247,174.62763623751886,176.03449284591466,7475600
2021-06-02,172.9276580810547,174.97934812307093,172.8592614560509,174.9207160554729,7851700
2021-06-03,172.18515014648438,172.8983504417345,171.38400920321936,172.21445872658222,5583900
2021-06-04,173.103515625,173.43570438880826,171.569645226176,171.88227505904513,6343400
2021-06-07,172.9178924560547,173.97304605048672,172.34145560280862,173.87534084614776,5178100
2021-06-08,172.2730712890625,173.04488872390965,171.15930055190478,171.9213534295537,5356200
2021-06-09,171.98974609375,173.25007471543574,171.83343863002338,172.25353823210406,5082400
2021-06-10,172.50753784179688,173.52360327602062,171.5110015200463,172.38052407212413,5253000
2021-06-11,173.2989044189453,174.38336650251202,172.74201163464787,173.36728613009137,5476300
2021-06-14,174.0804901123047,174.75461722037596,172.82994109444383,173.56268535839607,10170000
2021-06-15,171.81390380859375,174.5885589656595,171.5794202388627,174.0805186851035,7895000
2021-06-16,170.64149475097656,172.2046736334195,169.55703259963414,171.96042553543896,8336000
2021-06-17,170.63172912597656,172.204687600862,169.84036760956798,170.57311196294216,8906000
2021-06-18,168.45301818847656,169.85988954927993,168.15991750368917,169.15645386887826,12357500
2021-06-21,169.96737670898438,170.25069795840304,167.36857322957613,168.16971418952127,9196900
2021-06-22,169.50816345214844,170.68055122646956,168.3846282741989,170.35814197968037,8097100
2021-06-23,171.29608154296875,171.41331586204618,168.96107027244273,169.62541795750968,9174200
2021-06-24,173.8362579345703,174.13913811387647,171.73573014874592,172.07768346630877,7549400
2021-06-25,174.24661254882812,174.9695774338656,173.40639843043496,174.7155647590851,7431800
2021-06-28,172.50753784179688,174.5494481742004,170.96388821640895,174.39312582809845,9881400
2021-06-29,169.92828369140625,172.9472015855104,169.8012848146273,172.57593969710769,13498300
2021-06-30,171.7259521484375,171.93111219673804,169.3518529497739,169.88920173199986,7481900
2021-07-01,173.18167114257812,173.5138598955151,170.58288263314304,171.31562694873605,5887100
2021-07-02,173.03514099121094,174.2563816071763,170.60242431742785,173.76788536079016,11099300
2021-07-06,169.69381713867188,172.92765968886093,168.25763707745176,172.69317613945228,11557900
2021-07-07,168.84384155273438,170.3093302206868,168.0329360342074,168.88291469114893,6757300
2021-07-08,168.8242950439453,169.75243487177187,165.90308230872475,166.26456473769306,6960100
2021-07-09,172.96673583984375,173.435702946831,169.9282887407014,170.680577097237,7873300
2021-07-12,180.1378631591797,180.73382911841895,173.2891369065296,173.62132565180133,21835500
2021-07-13,179.42466735839844,181.39819639022153,177.65631331176968,179.85454644530273,12534600
2021-07-14,179.199951171875,182.00391469819564,177.89078488293353,180.93899651873076,8787300
2021-07-15,179.91314697265625,181.1539315118923,178.83846426250037,179.22925526478957,7867000
2021-07-16,175.18450927734375,181.02691980254167,174.80348282804218,180.68498139854972,8348800
2021-07-19,168.97085571289062,172.41963816405053,168.19903817070676,171.66736464670205,14651800
2021-07-20,172.68341064453125,173.4259195187125,168.89267527547042,169.7035807749201,8372400
2021-07-21,172.8201904296875,173.8069474176834,171.28632006586335,172.4391639781127,6302200
2021-07-22,171.10069274902344,172.65410716857727,169.89898130048851,172.6345631453912,5713700
2021-07-23,172.0874481201172,172.43916599551036,170.0259934713974,171.6184959221668,5126300
2021-07-26,174.6276397705078,174.66671290998082,171.305856421865,171.57941312134213,5641000
2021-07-27,175.37014770507812,175.42876486782203,172.50756693445663,174.14890712217368,6684100
2021-07-28,174.97933959960938,176.20058006329253,173.46499844309818,175.5557615206149,5926900
2021-07-29,174.24661254882812,177.24597167216015,174.1684513624983,175.67301320311208,6209100
2021-07-30,171.97019958496094,175.0770281377334,171.11044153667254,173.4454526835282,6813400
2021-08-02,171.51101684570312,174.70578613143317,171.27653330559755,173.1425923461708,5847200
2021-08-03,169.00991821289062,172.07767370847606,166.98753681826074,171.97020394971233,9931300
2021-08-04,168.60934448242188,169.26392757937236,167.3978685805867,168.531183304137,5665800
2021-08-05,172.64431762695312,173.04487314411074,168.52140888691272,168.52140888691272,8864200
2021-08-06,173.0546875,174.69602775571758,172.56619124659986,173.347773325862,5505200
2021-08-09,172.65408325195312,173.23050514045966,171.03227242976757,172.92763990777723,5339000
2021-08-10,172.9960479736328,173.31844234040884,171.5403239598849,172.19490706590398,5185000
2021-08-11,173.99258422851562,174.38339015850755,172.44893434742175,173.27938390439795,5359900
2021-08-12,175.1649627685547,175.58507725720315,172.39030789980515,173.99257485716822,11081300
2021-08-13,176.91378784179688,183.26423852295247,176.718392340844,182.00390996252236,32504600
2021-08-16,174.96957397460938,176.4350626469456,172.44893166926448,176.35690146216106,8746700
2021-08-17,171.7845916748047,174.34430723363457,170.89552492914066,173.07421401236059,8534500
2021-08-18,170.71966552734375,172.72248811718538,170.4851819733227,171.85296543580796,7063500
2021-08-19,169.26394653320312,170.66103861872296,168.58981933926393,169.99669089048973,8478600
2021-08-20,171.09091186523438,171.1788525149818,168.67773933815917,169.0196926563329,6239600
2021-08-23,173.5724639892578,174.2075030518785,171.86272738158044,173.00580663892976,7395900
2021-08-24,174.3638458251953,175.93680428477785,173.67017461801862,173.82649698973756,5886900
2021-08-25,174.20751953125,174.4810762217382,172.81042749823686,174.06097662838903,4842100
2021-08-26,172.49777221679688,174.82301885152233,172.28283270059265,174.23681746047066,4563000
2021-08-27,175.9954071044922,176.38619809422016,172.22421591350647,172.22421591350647,8697000
2021-08-30,175.83908081054688,177.21664361624974,174.75461869444126,176.34712101200077,6421300
2021-08-31,177.12872314453125,178.77006320269078,174.42245005226974,175.12588576511547,8620000
2021-09-01,179.25856018066406,179.97177536145995,177.59767609330044,177.7735424761408,7302800
2021-09-02,177.67584228515625,181.0366985987411,177.3729770198718,179.9229278350737,6492600
2021-09-03,176.83563232421875,177.6367732838249,175.00866122482066,177.6367732838249,6847400
2021-09-07,180.09877014160156,181.2809374702323,175.90747942826093,176.85516322100807,10702900
2021-09-08,180.89013671875,183.14700168301277,179.68844024209542,180.09877526076477,8634000
2021-09-09,181.63265991210938,183.26423542444803,180.32349367936638,180.89013615023296,7190700
2021-09-10,179.8838348388672,182.79528290696794,179.77636507920278,182.07230316852372,5572200
2021-09-13,180.72402954101562,181.52517037412622,179.27808512668926,180.86080786523948,6818200
2021-09-14,178.2034149169922,180.8706150091187,177.9591668072333,180.70452808340923,6185900
2021-09-15,180.16717529296875,180.4114233973491,176.9333327762084,177.87123714870503,5933400
2021-09-16,179.12179565429688,180.39188884529798,177.92986364972742,179.73730568012002,5678200
2021-09-17,179.24879455566406,181.62287890195952,178.52581482201995,178.70168120381263,10035100
2021-09-20,174.50062561035156,176.71840269074448,172.4880235079944,175.60463187158948,8056600
2021-09-21,167.23179626464844,178.03733040142347,165.14103301311803,176.17128614747284,23216000
2021-09-22,169.65472412109375,171.305843660618,167.71051878805,168.96106786613632,14214500
2021-09-23,172.1949005126953,173.1132757006649,170.35815013675614,170.91504292816242,8052900
2021-09-24,171.95066833496094,172.63456005702162,171.05183708486385,171.2667766129003,5712800
2021-09-27,174.15867614746094,175.32129959744432,171.91160534345394,172.56618852375502,7755000
2021-09-28,170.5047149658203,173.9046442867019,169.85989641476945,173.66039619079362,9133100
2021-09-29,168.70703125,170.9345875152821,168.61910551666153,170.24091638982054,6240800
2021-09-30,165.27780151367188,169.6840318440888,165.20941979810274,169.11738937433017,13978000
2021-10-01,171.96043395996094,173.24030657856676,168.01339106262284,168.31625633372104,12165000
2021-10-04,169.46910095214844,171.91158184677474,168.69726864112315,171.52077595900235,7200600
2021-10-05,170.59263610839844,172.18513842130469,169.6156437510759,169.8305832623045,6798200
2021-10-06,171.442626953125,171.66734594494332,167.6030538698853,169.01968990779946,6005200
2021-10-07,173.621337890625,175.49716163856155,173.25007598264978,173.61155842501176,7780000
2021-10-08,172.67364501953125,174.49085151011485,172.34145626812906,173.83625347241477,4132200
2021-10-11,169.52772521972656,172.45870241622663,169.4886371754495,171.97020621680997,8046300
2021-10-12,169.14669799804688,170.4754082506227,168.5800406204183,169.62541473031936,5188400
2021-10-13,168.98062133789062,169.70358621262912,167.0070924074117,169.63520449289086,8914700
2021-10-14,170.39723205566406,171.97019026821778,169.99666163143846,170.06505824871968,7450200
2021-10-15,172.4000701904297,174.7741543564029,170.09436773438364,171.64778193491324,13943900
2021-10-18,167.20248413085938,169.35186449861843,165.8933178505005,168.39441608990893,20494800
2021-10-19,167.24156188964844,167.63236781767998,166.26456943115238,167.4955894697994,9669500
2021-10-20,166.62606811523438,167.0852557670303,165.97148495171555,167.03640316216908,9737600
2021-10-21,167.3978729248047,168.53118767776616,166.18641189925077,166.28410219385177,7509000
2021-10-22,165.52203369140625,166.8702878359932,164.72090775735097,166.6455837811352,7854300
2021-10-25,168.05245971679688,168.59958799096455,165.14102649808015,165.99100512754373,9798700
2021-10-26,168.081787109375,169.13694082321615,166.78240017248945,168.97085388322117,5850200
2021-10-27,165.6490478515625,168.08174914357014,165.5317986380266,167.81797195548316,7054700
2021-10-28,165.77606201171875,166.43066003351976,164.72092334656202,165.58066651475346,7884500
2021-10-29,165.18011474609375,166.53813360652256,164.28126860557344,165.13126214380355,7598800
2021-11-01,166.2743377685547,167.3099473200155,165.19964017304582,165.31688939746914,8182900
2021-11-02,165.92263793945312,166.91917446286783,165.09218835198712,166.11803345776204,6777200
2021-11-03,166.16688537597656,166.27435514675966,164.4962216497522,165.7956234573217,6829300
2021-11-04,166.3622589111328,166.49903724608149,164.78930060536288,166.11801081960158,7505500
2021-11-05,171.5891876220703,172.9178979415368,168.36510957698172,169.5081889469481,16859200
2021-11-08,172.8006591796875,175.12590610655255,172.04838568617913,174.5787926902837,10584600
2021-11-09,171.08114624023438,173.04489567183444,169.22486657301368,172.8788087464702,7293300
2021-11-10,170.4363250732422,172.80064494606734,169.869667679433,170.6708086213526,11045800
2021-11-11,158.38023376464844,160.18767561300854,154.6872037970889,159.14228662095624,62366500
2021-11-12,155.95730590820312,159.84573159389313,155.2733992830571,159.75780585330742,25638400
2021-11-15,154.784912109375,157.02223324642026,154.03263863013368,156.40672321092987,21285300
2021-11-16,155.17568969726562,156.55325242610212,154.90213304429776,155.4003937534065,15516200
2021-11-17,153.710205078125,155.23431072779195,153.14354773776066,155.0779883771287,14695500
2021-11-18,152.00045776367188,153.68088564530186,150.17348700597134,153.47571071108428,14487700
2021-11-19,150.4568328857422,151.6390002749561,149.25513638166086,151.45336932966686,16776500
2021-11-22,150.6131591796875,152.23497021926258,149.05974476709625,149.70454845212925,12790400
2021-11-23,147.55516052246094,150.70107723333692,146.73449048685526,150.3005067727243,17382900
2021-11-24,147.8580322265625,147.9264288530387,145.376477989454,147.2229931039311,14123700
2021-11-26,144.70233154296875,145.42531121871093,142.49433429048204,143.42247400287727,12027700
2021-11-29,144.4092559814453,145.86498014239586,140.9311651403404,145.38624846075442,21231300
2021-11-30,141.5662078857422,143.89145481604928,139.81739786274252,143.34434139897056,26011100
2021-12-01,138.87945556640625,144.9563491312606,138.7719858123891,143.32477370770545,16469000
2021-12-02,143.81329345703125,144.2529371018275,139.48522382453908,139.55360554773193,18177700
2021-12-03,142.8558349609375,144.90752503641477,140.9995552985316,144.40924935389293,14975600
2021-12-06,146.91033935546875,147.27183667318428,143.29547053235785,143.89143648024495,14333900
2021-12-07,147.34022521972656,149.2453574668122,146.27530705439682,148.3465262247954,14661100
2021-12-08,149.81201171875,150.1246564438764,147.0959740270286,147.43792733167047,12886300
2021-12-09,149.4212188720703,150.7401496571176,148.20974293877012,148.7666357581187,11862300
2021-12-10,149.19650268554688,151.1016347144541,147.96548283016097,150.0464812274317,10247900
2021-12-13,146.9689483642578,148.9913296336795,145.8551777095345,148.62006777953178,10195800
2021-12-14,145.66957092285156,148.13158100551397,145.10291354923922,145.8258783749661,10872000
2021-12-15,146.93963623046875,147.447676401576,143.9598216360968,145.3373694517946,12231500
2021-12-16,145.32762145996094,148.5614639623388,145.16153453864752,147.86780769730754,11145600
2021-12-17,145.33738708496094,146.39254068786894,143.1977862068733,145.09313897987263,13785000
2021-12-20,143.10006713867188,144.3310721022814,141.7420484022503,143.59832785800245,11201900
2021-12-21,147.57472229003906,147.9459693082807,143.9989261092787,144.1650130478094,10781400
2021-12-22,148.3856201171875,148.69824995347173,146.42185572473835,146.95920456117275,7820400
2021-12-23,150.09532165527344,150.64243492098876,148.4344229315711,148.8154642141783,6572400
2021-12-27,149.28443908691406,150.47637098665575,147.9166408062377,149.36260026647162,7762000
2021-12-28,151.62921142578125,152.89930447645884,148.90340929834548,149.1085693458052,12198700
2021-12-29,151.3068084716797,152.332653474947,150.632681329312,151.0039432124063,8737000
2021-12-30,152.3424072265625,153.45619279684482,151.93207223590477,152.12748262854933,7228400
2021-12-31,151.3263397216797,152.9676945699185,151.17979683689038,152.28378802031582,6410200
2022-01-03,153.15330505371094,153.934901862356,151.7855218193714,152.24470938541094,10222800
2022-01-04,152.1470184326172,156.63142476515043,151.97116696076753,154.94121722230807,16582000
2022-01-05,151.61944580078125,155.71304614923022,151.5315200667751,152.918847420513,12272100
2022-01-06,153.29010009765625,154.14009361459313,150.14418340780725,152.64529644983068,11095300
2022-01-07,154.19871520996094,155.63489525785914,152.69413853705748,153.29010450868682,9554600
2022-01-10,152.99703979492188,154.6286155698467,151.09189238999437,154.34527938109233,8672900
2022-01-11,154.25730895996094,154.5797181980833,152.36194157036107,153.01652460252987,8042600
2022-01-12,154.1693878173828,155.3320110388324,152.73320794473557,154.85327944537687,6995600
2022-01-13,151.8637237548828,154.88262714455504,151.59993159326663,154.07172154234465,9680600
2022-01-14,148.44424438476562,149.1085921359936,145.00522657470526,148.84481489180035,16832000
2022-01-18,148.76663208007812,149.60684611303952,146.38276831643321,147.63331735511244,10419500
2022-01-19,146.6563262939453,149.34305533044187,146.50978340049735,147.36952655492627,10413200
2022-01-20,144.22360229492188,149.14765196291424,143.76441470939864,147.43791539358463,11760400
2022-01-21,134.21922302246094,138.60590943399743,133.4864787096862,137.98063488340517,34491800
2022-01-24,134.29739379882812,134.51231843082587,126.28604348065751,131.71813422991008,31419500
2022-01-25,133.36923217773438,134.5807081661184,129.3342635510934,132.17730021224796,14694400
2022-01-26,130.5261993408203,135.02035573703716,129.2170181073127,134.54163896993217,14569900
2022-01-27,132.3043212890625,134.73703795745377,130.93653776530175,131.96238286198346,11913900
2022-01-28,135.44046020507812,135.49907736341976,130.4871016171175,132.0991480101169,10011700
2022-01-31,139.68060302734375,139.85645450163184,135.28413727749225,135.66516371283723,10185500
2022-02-01,141.16563415527344,141.36102964945565,138.977165860359,139.72945416606717,8573300
2022-02-02,139.33865356445312,141.26332981610742,138.12719250985896,140.87253881289405,9529900
2022-02-03,136.80824279785156,138.77199212949986,136.04618992839275,136.77893421885088,9820600
2022-02-04,138.75245666503906,139.89553591691202,136.31974036527657,136.81800109320474,8061100
2022-02-07,139.23118591308594,140.77483574230573,138.3518986886657,140.09094402245427,10937500
2022-02-08,139.2018585205078,139.6024289407581,137.50190146200464,138.52773144928645,9231700
2022-02-09,143.84259033203125,143.9598395600971,139.95416466081764,141.04839140462335,22877400
2022-02-10,148.65916442871094,153.87630017093934,147.6333194460272,152.43035561968532,42500300
2022-02-11,146.03103637695312,151.1309372394859,145.14196982982415,150.00738717983484,17975200
2022-02-14,147.37930297851562,150.1930308286999,145.7770361097578,145.93334355697007,14694700
2022-02-15,151.16026306152344,151.2872768420959,149.00110333039493,150.00740429473805,12726000
2022-02-16,152.75277709960938,153.12402409719624,150.21259074026253,151.41428729202252,10656400
2022-02-17,149.4309844970703,151.7855397573258,149.0988106591487,151.13095663869646,8110300
2022-02-18,147.87757873535156,150.14419348123909,146.59772100323673,149.3919200236845,10785500
2022-02-22,144.68280029296875,147.3206767796616,144.2138481172218,146.7344902869081,12227200
2022-02-23,142.51388549804688,146.29485645890207,142.1524030579924,146.0603729015111,9300700
2022-02-24,145.962646484375,146.12874829738567,136.7789246495636,136.7789246495636,12475500
2022-02-25,146.08966064453125,146.82240488567257,143.83281076705114,146.11896922155933,10149500
2022-02-28,145.04429626464844,146.04081776535702,143.09031149157488,144.42878629065962,10834700
2022-03-01,142.34779357910156,144.7414220428118,140.4719699088899,144.4581007984852,8944000
2022-03-02,143.95005798339844,145.05406417618636,142.56273055136,142.94375699461196,7851000
2022-03-03,142.2207794189453,145.22990265084766,141.12653788144289,143.92073651768342,8048400
2022-03-04,137.4823760986328,140.94092274537022,136.33929674315888,140.69667463759234,12913000
2022-03-07,130.42849731445312,137.6484712136784,130.3698801503339,137.0525051989289,14549700
2022-03-08,128.71873474121094,132.3726912877404,126.31532713844912,129.95951912881705,16552000
2022-03-09,130.57504272460938,132.3824848274084,130.29172145670142,132.37272026910904,14673100
2022-03-10,130.56527709960938,131.11239051435666,128.59174807550878,129.31472789226626,8447200
2022-03-11,128.71873474121094,133.0272743358282,128.54288328398704,131.9721208693269,7058400
2022-03-14,126.06133270263672,130.00839048858631,125.42629358293901,127.9664649694513,9971500
2022-03-15,131.1123809814453,131.46409885217054,126.5302841045078,126.75500309672209,9834800
2022-03-16,134.96173095703125,135.78240100379674,131.8353582257429,132.5290144887038,10638700
2022-03-17,136.26113891601562,136.26113891601562,133.4180872936002,134.27784542462607,6816000
2022-03-18,137.07203674316406,137.49213631958557,135.11805194257076,136.33929244294157,11308800
2022-03-21,135.43069458007812,136.09505722719095,133.73073718356585,135.70425128544153,9090300
2022-03-22,136.88641357421875,138.9185596711466,135.70424614333967,135.86056851411607,8511600
2022-03-23,134.47323608398438,136.54445524378255,134.37553087890205,135.87034299651106,8761300
2022-03-24,135.7628631591797,136.0657284016498,134.24852203910902,135.39160129668335,5858800
2022-03-25,135.938720703125,137.15019663488437,134.94218429002814,136.07549904157196,5949400
2022-03-28,135.52841186523438,136.41747869072415,133.14454758523803,135.68473425585924,8456100
2022-03-29,139.10418701171875,141.13633305589042,137.71685954946838,137.71685954946838,11280700
2022-03-30,137.71685791015625,139.97370801229494,136.857099811162,138.05879631209532,7922400
2022-03-31,134.00428771972656,137.63870081820437,133.95543511579163,136.91572104004382,12306500
2022-04-01,133.84796142578125,134.92265904995267,132.41178137698913,134.1801352704447,10341000
2022-04-04,135.3916015625,136.0559492043555,133.74048210685532,133.81864328373013,8174600
2022-04-05,132.4997100830078,135.99734481084795,132.02099332784135,134.57094419525757,8694100
2022-04-06,129.51988220214844,130.84857747860138,127.80036613573621,130.67272601238383,11679700
2022-04-07,128.8359832763672,130.1451644248653,127.02855627736854,129.94975401829598,9858700
2022-04-08,128.8359832763672,130.0572237788207,127.6245222388747,128.96299705909306,6702000
2022-04-11,127.64403533935547,129.38308040405406,127.04806945261815,127.04806945261815,9915300
2022-04-12,127.82966613769531,130.14514797492785,127.15553908031315,128.7773498404327,7885600
2022-04-13,129.30494689941406,129.83251622294574,127.74175313505556,128.03485382933786,7694500
2022-04-14,127.46820831298828,130.51642003838265,127.35097398746449,129.75436710703406,7283500
2022-04-18,124.83031463623047,127.22395046875668,123.90217484544833,127.07740757305665,10571000
2022-04-19,128.86529541015625,130.1256239917743,124.8498633848875,125.14295664124411,12767200
2022-04-20,121.70394897460938,124.41998678799857,121.25453334289887,123.14990107764996,36465700
2022-04-21,118.86089324951172,123.5406800612084,118.48963138488351,122.6516208959432,18688600
2022-04-22,115.54888916015625,119.08560437108706,115.43165484131625,117.24886132194175,19472800
2022-04-25,117.19023132324219,117.5614931928025,114.06385873350395,114.95292536444026,16491000
2022-04-26,113.10641479492188,116.40865410881709,112.9794084574109,116.40865410881709,16116000
2022-04-27,112.55929565429688,114.21041522699348,110.78116975057002,112.77423517901012,15553000
2022-04-28,112.637451171875,113.33111485974295,110.09727250199764,112.56906200416577,23192100
2022-04-29,109.06165313720703,113.32134037131752,108.79786848291316,112.54951552183978,16907000
2022-05-02,110.88863372802734,111.04495608470391,108.45592481966514,109.13981649547453,14300700
2022-05-03,110.93749237060547,112.18804147669317,110.09727829235393,111.42598858103727,11149500
2022-05-04,113.5167465209961,113.76099461492794,109.25705916651603,110.76162831959938,11488300
2022-05-05,110.01911163330078,112.61790746742929,108.91511293606885,112.10010270276423,12720200
2022-05-06,107.75250244140625,109.51108444823089,105.8082894765478,109.19844715009354,12525200
2022-05-09,104.5186538696289,108.19214005471062,104.03015765262604,105.62265263666548,17941600
2022-05-10,105.20254516601562,108.15305902507008,103.69797592927424,107.3128449389176,15657700
2022-05-11,102.78936767578125,107.53755125138281,102.37903266402812,105.41747957013126,26933300
2022-05-12,101.91007995605469,102.58420713100821,97.18144008139285,100.53252447916022,36298800
2022-05-13,104.86060333251953,105.21232121715128,102.88707437387906,102.93592697880163,16782600
2022-05-16,102.76005554199219,105.14391925823107,102.43764627797101,104.9875969045747,11993600
2022-05-17,106.14044952392578,106.28699986887707,103.85429097658215,105.25139035124553,11847600
2022-05-18,101.90031433105469,105.18300952117328,101.48997184189429,104.90944537711276,11794000
2022-05-19,100.76700592041016,102.87731329966081,100.59114697213927,101.05033464006111,11285000
2022-05-20,100.06356048583984,102.38880718380467,97.7480932528816,102.08593446916137,15650400
2022-05-23,103.39511108398438,103.59050658924922,99.22334921644716,101.37273704366417,14402400
2022-05-24,99.2526626586914,101.45089574297357,97.82625452957609,101.32388940371615,13970200
2022-05-25,100.88423919677734,101.42158055450487,98.83255660920003,99.09634128243201,11026600
2022-05-26,103.18017578125,103.68820858805971,101.56813670828716,101.82215683862253,11297800
2022-05-27,106.8048095703125,106.85366217217708,104.07899986197233,104.43071772458788,13671300
2022-05-31,107.8990478515625,108.68063733409083,105.4272581619835,107.46916879116239,20274600
2022-06-01,106.67780303955078,110.25359136424663,105.77896436241815,109.43292132226613,11829700
2022-06-02,108.31914520263672,108.39729892618989,105.42724872308558,106.91227382463774,8829900
2022-06-03,106.16976165771484,107.32261298068786,105.43701736227929,106.65825785467187,6767600
2022-06-06,105.3490982055664,107.65480099554374,105.17323926552201,107.22492193013278,7575900
2022-06-07,105.31002044677734,105.4370267859479,103.56120301090347,104.3330279655424,7279100
2022-06-08,104.87036895751953,106.84389793624158,104.49911449945768,104.95830215650273,7019500
2022-06-09,100.9233169555664,104.59680297835442,100.87446435448012,104.0789982038256,8261200
2022-06-10,97.11305236816406,99.7704730616521,97.09350834473082,99.09634587656346,15369700
2022-06-13,93.50794219970703,95.36422926020981,92.64819156658997,95.36422926020981,15239700
2022-06-14,92.0522232055664,94.05505311158332,90.95798905694105,94.05505311158332,12443700
2022-06-15,93.67403411865234,95.06136907289515,91.9252167256945,92.43325697763156,11751600
2022-06-16,92.11084747314453,93.18553768296992,91.26086880768834,91.84706278996937,15298500
2022-06-17,92.1694564819336,93.76195881332688,91.31947789166624,91.84705466520816,15403800
2022-06-21,91.14363098144531,93.2539308999265,91.12408695733406,92.7165894986465,16649800
2022-06-22,91.34879302978516,92.43325523318559,89.89307638302255,90.04939129722634,11403500
2022-06-23,92.13038635253906,92.47233220195623,89.95169001963453,91.79820506034775,11348800
2022-06-24,95.53031921386719,96.30214413288687,93.20507989922643,93.25392504871735,11681200
2022-06-27,94.38723754882812,95.96996794014755,93.59587608009869,95.96019592894358,10793700
2022-06-28,93.71311950683594,98.09004921903092,93.57634115212934,97.44523058639014,16812400
2022-06-29,93.44932556152344,93.98666691501906,92.3550913782984,93.74241881237727,8653200
2022-06-30,92.22808837890625,93.24416141705238,90.41088183331847,92.24762494812447,10983500
2022-07-01,93.92804718017578,94.09413409649169,91.81774750722117,92.07176016022417,10543400
2022-07-05,94.94412231445312,94.99297491629795,90.18616661378226,92.09130627782302,10660600
2022-07-06,93.86942291259766,95.93087728254243,93.20506784379279,95.28605878023487,8640200
2022-07-07,95.18836975097656,95.2860675001232,93.72288115219555,94.67056497202495,7813100
2022-07-08,93.65449523925781,94.88550779212346,93.15622701126398,94.34815897233985,7717300
2022-07-11,91.48555755615234,93.14644146973005,91.28039006945342,92.81426766855837,7643700
2022-07-12,91.44647979736328,93.05851861853508,91.16315112967831,91.42694323063253,8665300
2022-07-13,90.80168151855469,91.1045467955887,88.91608577465777,90.0005480003833,12006400
2022-07-14,89.72697448730469,89.92237743101703,88.15402365011622,89.37526409634278,11146400
2022-07-15,93.0096664428711,93.12690820536707,90.56718562815432,90.77236057598725,14946700
2022-07-18,93.49817657470703,95.03205445736049,93.11715010699358,94.14299518398275,10430400
2022-07-19,97.31822204589844,97.55269815526248,94.45563376614278,94.45563376614278,13683400
2022-07-20,100.97216033935547,101.86122697734788,97.65038477773258,97.94348547141058,15112700
2022-07-21,101.7830810546875,101.85147023294846,99.27221057587623,100.34690085734609,8611300
2022-07-22,100.3566665649414,102.16410112302825,99.76070056873849,100.90377995665784,7803500
2022-07-25,100.32735443115234,101.01124614658093,99.46759632734422,100.41528017148146,6726700
2022-07-26,97.48429107666016,100.00493301446139,97.26935157677418,99.78999351457541,6346600
2022-07-27,101.11871337890625,101.26526372964777,98.49060143821913,98.64692380003956,9684800
2022-07-28,102.48650360107422,102.55489277048626,100.34688787340264,100.87446466052141,7970300
2022-07-29,103.65888977050781,103.89336585404622,100.99170475387511,102.72097798249388,10320000
2022-08-01,103.77613067626953,104.19623769329017,101.47042808804376,102.45719246827554,7769700
2022-08-02,102.30087280273438,103.91291174552036,102.21294706502299,103.30717377713145,9093000
2022-08-03,106.51171112060547,107.17606626917457,103.29741259490838,103.29741259490838,11243000
2022-08-04,105.63241577148438,106.9318099345859,105.18300018407075,106.41400518069324,7322400
2022-08-05,104.17668914794922,105.22207063971823,102.94568418266901,104.35254806496923,10100000
2022-08-08,106.5996322631836,108.6708586578166,105.41747245453139,105.72033768744977,13025900
2022-08-09,105.64218139648438,106.70710694683794,104.56749128929228,106.70710694683794,8776500
2022-08-10,109.84325408935547,110.07773017455855,107.38123656007221,109.89210669012544,26398700
2022-08-11,114.98223876953125,120.43385073586899,114.63052090668874,119.39824116964412,50375000
2022-08-12,118.77296447753906,118.8120450675771,116.18393315493687,116.26209433501295,21964800
2022-08-15,121.40106964111328,123.06195362916414,118.20630053131926,118.21607254175062,24628300
2022-08-16,122.08496856689453,123.57000117880656,120.609707965996,121.86026449060732,14607300
2022-08-17,119.98442840576172,121.61601129910485,119.74995232828071,120.60970291495114,9140900
2022-08-18,119.84764862060547,120.29706420277375,118.90973686818556,120.17982989238378,7343900
2022-08-19,117.3758773803711,118.59711799524416,116.73106621172593,118.46033964268727,8702500
2022-08-22,113.27250671386719,115.49027628931758,113.02825860206661,114.99200805416339,11575800
2022-08-23,112.21734619140625,113.69260678317632,111.98287010555643,113.31158034847272,7180700
2022-08-24,113.73168182373047,114.46442607838563,111.47482445076774,112.03170978615127,7840500
2022-08-25,114.75751495361328,115.06038018214375,113.4385768360513,114.32763595529156,6920900
2022-08-26,111.44552612304688,115.64659655099395,111.26966718760117,114.7673018737654,7807400
2022-08-29,110.9179458618164,111.83632110207834,109.82371914544693,109.95072547392253,6882700
2022-08-30,109.84325408935547,112.10987612327956,108.88579827283066,111.65068850993912,8060000
2022-08-31,109.5013198852539,111.13289555190241,109.27660833323027,110.27314484552825,7353000
2022-09-01,109.94095611572266,109.9995732758396,107.49847505937456,109.2179838101246,7718700
2022-09-02,108.64155578613281,111.26966782141368,108.28983791323795,110.44899775389949,8465100
2022-09-06,107.55708312988281,109.20820256967404,106.02320545427807,109.19843055919351,9537300
2022-09-07,110.0972671508789,110.36105179811928,107.34214910100673,107.34214910100673,8193900
2022-09-08,109.74555969238281,110.3903708098435,107.82088344350403,108.51454716322623,8443300
2022-09-09,112.52999114990234,112.87193701803025,110.5857782535229,110.66393198490866,9563100
2022-09-12,113.71214294433594,114.78683307565089,112.61790879118487,113.46789484840706,7923400
2022-09-13,109.18866729736328,111.20126915634049,108.61223793393596,110.44898832533816,10504600
2022-09-14,109.9116439819336,110.1461200686808,107.35192123425348,109.27659743704368,8610400
2022-09-15,108.22144317626953,111.7777023142194,108.16282601842136,109.80417352291346,9739800
2022-09-16,105.75942993164062,107.05883164490051,104.49910880981646,106.69734176451568,15978800
2022-09-19,106.65825653076172,106.7071091313952,104.5772654409451,105.05598962093984,7979500
2022-09-20,105.09507751464844,105.91575504839295,104.40141376983416,105.78874125946272,6957400
2022-09-21,102.08592987060547,105.55425573902663,102.08592987060547,104.91920921262921,9776400
2022-09-22,99.80955505371094,102.25203624683587,99.67276924934376,101.81238515975674,10953400
2022-09-23,97.21075439453125,98.85210210356824,95.76480220524529,98.30498868517634,11976900
2022-09-26,95.86249542236328,98.34405697272739,95.80387081068547,96.67339343632615,9760500
2022-09-27,93.64472198486328,97.34752415186341,93.23438695730817,97.24005438933318,13360200
2022-09-28,97.11305236816406,97.57224001865278,93.25392766480424,93.58610897842073,12895500
2022-09-29,95.2079086303711,96.3314514074819,94.01598413567216,96.2630622360331,9435100
2022-09-30,92.15970611572266,95.23723404166303,92.11085350822304,94.27977809324506,12094900
2022-10-03,94.89527130126953,95.53031786658123,92.32578391383002,93.52748787304205,9468400
2022-10-04,99.10610961914062,99.18426334476978,95.96996496726281,96.40960855763565,10229000
2022-10-05,98.4808349609375,98.89116997192517,96.42914499827855,97.73831866448818,7562800
2022-10-06,97.73831176757812,99.12563906141689,97.57222486349738,98.11933817287384,6728200
2022-10-07,94.9245834350586,96.52685034560255,94.23091228428011,96.2435216602934,7051000
2022-10-10,92.97059631347656,95.49123093078234,92.24761660217895,95.34468058639173,9532300
2022-10-11,90.95799255371094,92.87289679702626,90.5183489474999,92.62864869271776,8900900
2022-10-12,91.26085662841797,91.9056676867152,90.07868935612987,91.01660854724206,6156200
2022-10-13,94.41654205322266,94.73895132429259,88.62297700018702,89.46319103480913,11025400
2022-10-14,92.27691650390625,95.83316775436339,92.1596822025049,95.22743732016451,8202100
2022-10-17,95.0906753540039,95.7159499152174,94.04529374817567,94.16252806974025,7083800
2022-10-18,96.21421813964844,98.0607332428248,95.3935406194252,97.57223702602977,8533500
2022-10-19,96.71247863769531,99.5262216088668,96.2337544336849,98.12912213467006,11731000
2022-10-20,96.32168579101562,98.43199314244396,95.8527335710501,95.96997535297204,8212400
2022-10-21,99.69230651855469,99.94632663251005,95.63778652190273,96.08720213652494,10193400
2022-10-24,99.37967681884766,100.81585696516734,97.81649033280148,99.77047530382448,8221500
2022-10-25,101.95892333984375,102.32041319662463,99.68252935091313,99.80954312825082,7687500
2022-10-26,102.22270965576172,104.95829129113002,101.14801953253142,101.14801953253142,9203700
2022-10-27,102.03709411621094,104.41118607375134,101.9100803269251,103.3755690055584,8673500
2022-10-28,103.51233673095703,103.64911506395214,101.14801702763002,101.68536580286802,7250900
2022-10-31,104.0887680053711,104.44048585491744,102.40833993617412,103.22901740306902,8814800
2022-11-01,103.56119537353516,106.3358502377655,103.20947750991998,105.22207948760425,7955800
2022-11-02,99.47736358642578,103.63935320197172,99.44805500771622,103.02384323362953,9583200
2022-11-03,96.96649169921875,98.38312763922498,96.29236458579749,97.89463145938005,8978400
2022-11-04,97.28890228271484,98.83255202082975,95.8527223019282,98.82278001001984,11035800
2022-11-07,98.11934661865234,99.22334534263253,96.71247518331727,98.55899021526434,11355200
2022-11-08,97.60154724121094,99.623921314462,95.79411269956758,98.42221732131937,27130300
2022-11-09,84.75408172607422,89.00399672531292,84.2948941540762,88.46665543452393,62029800
2022-11-10,88.37873840332031,88.41781899678774,85.59431134005004,87.68507464046077,36968100
2022-11-11,92.82405090332031,93.38093627851876,89.00400700474842,89.47296664095474,22373300
2022-11-14,92.11084747314453,94.39701369405974,92.04245829944276,93.64472532947934,20598000
2022-11-15,93.31254577636719,94.94412128783968,91.5441844719803,93.79126996305604,15801900
2022-11-16,91.7884292602539,93.02921373188323,91.56372519156714,93.02921373188323,11137700
2022-11-17,89.345947265625,90.14708069303296,88.75975334744894,90.00053780388401,12306400
2022-11-18,89.68790435791016,91.01661460423922,88.81838172736751,90.72351390577884,10011700
2022-11-21,95.33491516113281,98.56875744962174,94.10390271486999,97.81647662093117,70273500
2022-11-22,93.99642944335938,95.4228373244208,92.50163239861213,94.76825426430504,25753700
2022-11-23,96.60501098632812,97.05442661985906,93.5763358754,93.79127540749325,15503200
2022-11-25,96.59524536132812,97.51361318758761,95.82342043818504,96.53662074622078,6664300
2022-11-28,93.48839569091797,96.84924413855994,93.23437560551477,95.95041301034522,13660000
2022-11-29,92.51141357421875,94.2113782784445,91.7591252452832,93.79127124450739,13205300
2022-11-30,95.61825561523438,95.68664478990335,91.71028573960979,92.76543194109406,15368100
2022-12-01,96.32168579101562,96.56593391295718,94.3579362573856,95.61825746106733,13855700
2022-12-02,97.1423568725586,97.39637698950325,94.77803699890788,95.21768060751228,12608100
2022-12-05,93.72288513183594,96.8785739949058,93.46886501018015,95.9797352845532,10764500
2022-12-06,90.16663360595703,93.791274680934,89.86376833336864,93.52749000059262,11492400
2022-12-07,90.02985382080078,90.6551283790358,89.16033115532205,90.52812204665892,10353400
2022-12-08,90.42064666748047,91.28039726819262,89.5608886129081,90.3717940675215,9351200
2022-12-09,91.2315444946289,92.72634907652225,89.78559996646179,90.24478757130547,10111900
2022-12-12,92.48210906982422,92.48210906982422,90.47927156199063,91.57350579145076,14140700
2022-12-13,92.52117919921875,95.14929119444625,91.41718044792788,94.26999652560986,22882100
2022-12-14,91.98384094238281,93.27347068221165,90.48904368188356,92.36486740275082,11505400
2022-12-15,88.40804290771484,90.97753776920473,88.04656047906894,90.34249119890318,15957700
2022-12-16,88.00747680664062,88.98446920248558,86.76669228975568,88.1149465664924,26383900
2022-12-19,83.80641174316406,87.40174428197689,83.4449293046558,87.38220771254169,19225300
2022-12-20,85.01787567138672,85.8190091440883,83.78687060977778,84.09950788073789,14918400
2022-12-21,84.92018127441406,86.0730326541923,84.4903096685356,85.18397340793071,11004800
2022-12-22,84.6759262084961,84.73455081882916,82.74148550628884,84.05065169325131,15487400
2022-12-23,85.98509979248047,86.04371694891461,83.79663153671018,84.07996021590883,11171600
2022-12-27,84.38284301757812,85.91672091005324,83.98227252370053,85.40868064727488,11561400
2022-12-28,82.23345184326172,84.69547696494799,82.1357540900845,84.09951098054793,12399500
2022-12-29,85.17420196533203,86.20981157559103,83.01504954843422,83.28860624141879,13045100
2022-12-30,84.88109588623047,85.1155794258542,83.26906441101451,83.75756060444004,23231000
2023-01-03,86.92301940917969,87.900011858506,85.80924861325656,86.93279142075399,14997100
2023-01-04,89.86376190185547,90.61604275065294,87.30403919683008,87.92931372031012,14957200
2023-01-05,89.80513763427734,90.35225843481047,88.42758225673033,89.55112498267086,11622600
2023-01-06,91.75912475585938,92.51141308078238,89.21894599730818,90.52811969412072,9828100
2023-01-09,92.58956909179688,93.49817234769627,91.29993938541004,92.25739524423786,11675800
2023-01-10,93.36138153076172,93.43954270346033,91.66141702079518,92.11083258302268,6914600
2023-01-11,94.11368560791016,94.32862514206404,92.86313644977218,93.71311512083045,8757300
2023-01-12,97.51360321044922,98.31473663224733,95.32514245278168,96.2337456284432,19764300
2023-01-13,97.11305236816406,97.30844787933073,95.75503344013114,97.09350834473082,12230200
2023-01-17,97.61131286621094,98.66645897819055,96.72224621706974,98.01187586847625,14914200
2023-01-18,96.7613296508789,98.80324021984437,96.4486923763147,97.97279815808263,11384500
2023-01-19,96.8004150390625,97.1618974799616,94.8855107057274,95.86250316888986,10973600
2023-01-20,101.09918212890625,101.20664444098522,97.01535338477494,98.03141897461565,14549900
2023-01-23,103.2583236694336,103.51233631319357,100.55205069068089,100.9135405429148,11479100
2023-01-24,103.56119537353516,105.94505923718022,99.65322573679799,102.29110226005136,8606700
2023-01-25,105.63241577148438,105.67149636002384,101.78306351973885,102.54511636160804,10008000
2023-01-26,107.17606353759766,107.23468815035359,105.09507240434411,105.68126635488,9204400
2023-01-27,107.0197525024414,108.03582553194484,106.6484980595666,106.74619581254831,10249700
2023-01-30,105.11460876464844,106.46286304745907,105.00714645817298,105.76919933774744,8548500
2023-01-31,105.993896484375,106.21860800143568,104.97782356009971,105.10483733429662,8251700
2023-02-01,106.87319946289062,107.41054827159053,104.44049044157588,106.00367681162028,9975500
2023-02-02,110.60530090332031,110.91793815110083,107.16629117773472,108.1237394879988,13093200
2023-02-03,108.16282653808594,110.5369183425279,107.83065270353656,108.90534284112509,12472500
2023-02-06,107.3421630859375,107.88927647229961,106.03298932789278,107.6352563484054,11956500
2023-02-07,109.06165313720703,109.54038475456493,106.35538761261404,106.78526663102191,10844000
2023-02-08,109.20820617675781,110.7225473352793,107.7524896291959,109.61854118417361,27719900
2023-02-09,107.82088470458984,115.46096517597834,107.28353588887056,115.324186832679,46137200
2023-02-10,105.57379150390625,107.21513895858257,104.7433494928666,106.45308611424359,15566000
2023-02-13,105.1830062866211,105.79850882064282,104.09854411677767,105.6128778777754,12341500
2023-02-14,105.1830062866211,105.94505917270338,103.38533637880856,104.36232878739827,10768100
2023-02-15,106.72664642333984,106.75595500237462,104.24508486230329,104.62611129747619,8156000
2023-02-16,103.39511108398438,105.53471944591918,103.26809729708756,105.07553926316072,9479900
2023-02-17,102.79915618896484,103.36581365074736,101.4899823101522,102.61352522124193,9492200
2023-02-21,99.74114990234375,101.34342428568164,99.48713724674249,101.16756535664823,10648200
2023-02-22,99.34059143066406,100.20034209303155,98.76416201602369,98.99864556800999,9885100
2023-02-23,99.38943481445312,99.7020720675729,97.31820835387211,99.11587069584576,10974800
2023-02-24,97.9923324584961,98.11933877642264,96.68315887661544,97.24004419961621,8523000
2023-02-27,98.13887786865234,99.13541423263179,97.75785145120727,98.4124419859232,6641200
2023-02-28,97.31822204589844,98.43199288270402,97.27914145202757,98.13889215560313,8233700
2023-03-01,96.2728271484375,97.33774523302459,95.84294812882284,96.90787366727004,7898300
2023-03-02,96.64408874511719,97.00557862520735,95.17860010984559,95.49123738721578,7776600
2023-03-03,98.8130111694336,98.85209176006681,96.60500624874994,97.37683114256991,7434300
2023-03-06,98.34406280517578,100.3371208277745,98.17796842507524,99.27220264367872,6773300
2023-03-07,96.7808609008789,98.61761131013293,96.61477398842598,98.09003454069997,6951300
2023-03-08,97.01534271240234,97.3279799642366,96.03835036868776,96.72224202774395,5668700
2023-03-09,93.92804718017578,97.74809097860349,93.71310766312682,97.16188958524799,8275600
2023-03-10,91.41717529296875,93.69356929229721,90.69420302996484,93.4004686012593,13978800
2023-03-13,90.46949005126953,91.85681739830099,88.37872702014887,89.7758263777538,11915300
2023-03-14,91.2120132446289,92.13038850785726,90.21547679860227,91.83728779929397,10323600
2023-03-15,90.95799255371094,91.21201266927274,89.30688043721074,89.52181250775931,9543800
2023-03-16,92.12061309814453,92.38439776303176,89.77582987772101,90.53788274724006,9931700
2023-03-17,91.05569458007812,92.10107621744875,90.77237332517458,91.8861441368083,12943200
2023-03-20,92.0522232055664,92.73611488979456,90.86029130974565,91.28039833116017,6657200
2023-03-21,94.31884002685547,94.6217052626172,92.98035785712472,92.98035785712472,7285800
2023-03-22,92.71658325195312,95.67686912715816,92.63842206849658,95.2079094802796,8811100
2023-03-23,93.62518310546875,94.78779898818128,92.57980153981538,93.08783430607946,9527000
2023-03-24,91.91544342041016,92.81427460662152,90.87982644564818,92.62864367217301,9534600
2023-03-27,93.42001342773438,93.81080441400547,92.2085375179411,92.59933595807246,7487900
2023-03-28,92.63842010498047,93.79127144801677,92.41370857077095,93.31254725374846,5426100
2023-03-29,94.6412582397461,94.68033883093956,93.15622558983664,93.86943333486141,5889100
2023-03-30,95.84294891357422,96.64408234968653,95.42284190110922,96.45845887012769,7669500
2023-03-31,97.82625579833984,97.8946449748056,96.23376071557368,96.61478719214878,8920000
2023-04-03,97.46476745605469,98.11935059893656,96.98603579586279,97.90441107050114,7313200
2023-04-04,97.27914428710938,98.10958643294927,96.48778273627929,97.99235210178117,6794200
2023-04-05,97.61131286621094,97.87509753074075,96.36075635084853,97.4061379057473,7747200
2023-04-06,97.66992950439453,98.01187534691368,96.28260211253955,97.15212473517121,7042500
2023-04-10,98.4906005859375,98.4906005859375,96.62454899448196,97.01534744179078,8016600
2023-04-11,98.10958099365234,99.56530512508111,97.98257465730781,98.83256078045918,7504600
2023-04-12,95.6866455078125,99.86817211348583,95.45216194673584,98.9204882189189,9289200
2023-04-13,98.51991271972656,98.74462425754152,96.24352603070034,96.24352603070034,8745000
2023-04-14,97.60154724121094,98.5394590987038,96.65386337213748,98.18774122041137,7337300
2023-04-17,97.9923324584961,98.2561171046081,96.86878980223564,97.27912478679202,6705300
2023-04-18,98.60784149169922,98.82278100852751,97.30843983368113,98.29520422736543,8180100
2023-04-19,96.4780044555664,97.5331580906906,96.09697799630393,97.48430548663711,11523300
2023-04-20,95.81365203857422,96.31192028953552,95.14929685524616,95.50101474370578,7762700
2023-04-21,97.27914428710938,97.42569465493085,95.47170962760808,95.90158871885471,9468000
2023-04-24,97.38660430908203,98.422213884637,96.39983988200271,97.84579193714451,8540600
2023-04-25,95.75503540039062,97.41591964089113,95.75503540039062,97.09351033239103,6511400
2023-04-26,94.38723754882812,96.21421604322312,94.24068719621067,95.58893404179796,8634500
2023-04-27,97.63084411621094,97.76762244649603,94.48492761193376,94.89526260278905,8166500
2023-04-28,100.1417236328125,100.20034079311824,96.80041132589302,97.08374002380525,11329700
2023-05-01,99.8583984375,100.24919691225404,99.2722044522994,100.05380140180749,6909500
2023-05-02,98.28543853759766,99.36012873699653,97.32799011506188,98.99864630259174,6955900
2023-05-03,98.5394515991211,100.21987967776727,98.3245120838719,98.73484709269658,7772100
2023-05-04,95.2079086303711,97.24982667024629,94.38723857298554,97.24982667024629,13260700
2023-05-05,98.20726776123047,98.52967702571904,95.85272007328389,96.32167222721263,9300100
2023-05-08,100.60090637207031,101.51928159277891,99.35035732063922,99.36012187764142,10810100
2023-05-09,99.82908630371094,100.6106832254044,99.74115310943661,100.54229405379577,6829900
2023-05-10,98.8130111694336,100.8744657387078,97.73832101553181,100.63021763764554,19525200
2023-05-11,90.1861801147461,92.92176224264486,89.76607301911581,92.6188969366771,57127200
2023-05-12,89.87352752685547,90.74305015433622,89.14078323714514,90.21547337128155,21837500
2023-05-15,90.7235107421875,90.73328275282486,88.61320367612554,89.43388113088079,16792000
2023-05-16,88.88677978515625,90.29364389841525,88.6913768153556,89.92238943658572,17013300
2023-05-17,90.63558959960938,90.90915375679113,88.75976581638695,88.9258527499943,12461600
2023-05-18,91.60281372070312,92.07176592009203,90.3327205607916,90.7137470179929,15014800
2023-05-19,89.24825286865234,90.86029179448792,89.2189442897234,90.86029179448792,16429000
2023-05-22,89.70743560791016,89.82467737111598,87.82184010937779,89.22871145240794,14150600
2023-05-23,87.75345611572266,89.91260840178343,87.74368410474797,89.00400518150805,14778700
2023-05-24,87.02072143554688,87.43105649548237,86.3759102633427,87.38221134293455,15350800
2023-05-25,86.11211395263672,87.4994414428059,85.77016808588527,87.4994414428059,13605800
2023-05-26,86.25865936279297,87.18679915557107,86.07302842269318,86.45405486005349,12892700
2023-05-30,85.7994613647461,86.92300397271607,85.00810000656335,86.92300397271607,14800700
2023-05-31,85.9362564086914,86.14142393207328,85.14489489652406,85.56500195502817,11440600
2023-06-01,86.5517578125,87.01094545791678,85.10581315657153,86.36613431510025,11993200
2023-06-02,88.68159484863281,89.23848020579567,87.53851555559226,87.56782413430709,14350200
2023-06-05,88.90630340576172,89.64881967513242,87.38219773261244,89.10169889324135,18506700
2023-06-06,90.03962707519531,90.38157293928502,88.92584883323616,89.00401001755975,12109100
2023-06-07,90.3913345336914,90.93845535215985,89.74652341881219,90.6453546474853,11082400
2023-06-08,90.40110778808594,90.54765814243859,89.19941128088763,90.39133577676625,9030200
2023-06-09,89.81490325927734,90.7821235580501,89.44364886526856,90.64534523110687,9625400
2023-06-12,90.9970703125,91.08500350332157,89.65858805916108,90.12754768453526,12341600
2023-06-13,91.69074249267578,92.26717193022039,91.29017945303927,91.95453463567688,12964400
2023-06-14,90.32293701171875,92.34531081617176,89.80513227468323,92.0912981797248,15877400
2023-06-15,90.80168151855469,91.36833147980207,89.50227975924594,89.94192338422184,13354600
2023-06-16,89.21894073486328,90.8309795964684,88.76952515018513,90.7430464093248,22683400
2023-06-20,87.68507385253906,88.69137490023456,87.67530184079475,88.2126506788171,14939200
2023-06-21,86.6006088256836,87.60690984092523,86.08280402784942,87.48967551921831,17873000
2023-06-22,86.45405578613281,87.13795494159127,86.09257336694269,86.40521063822467,10915300
2023-06-23,86.07303619384766,86.36613692006163,85.5943119646352,85.99487500634245,13538000
2023-06-26,86.65922546386719,87.43105037717912,85.75062220681498,86.014414336786,13132700
2023-06-27,87.01094055175781,87.59714195345157,86.4540551832371,86.85462564413714,10032700
2023-06-28,86.7862319946289,87.3431173344037,86.49313130891161,87.33334532385044,12118300
2023-06-29,86.9034652709961,87.06955963298344,85.33050701435464,85.77993004813219,13402600
2023-06-30,87.22587585449219,87.53851310847797,86.57129276862511,87.1281781102204,12837500
2023-07-03,88.41781616210938,88.85745978026615,86.86440175435203,87.06956927308258,7979500
2023-07-05,87.7241439819336,88.31033790103442,87.19656721858482,88.03678123571137,11028800
2023-07-06,86.69830322265625,86.78623641439364,85.76039141599998,86.6299140530207,12084600
2023-07-07,86.6006088256836,87.66553445563942,86.05349544742269,86.27819953326811,9705100
2023-07-10,86.07303619384766,86.63969362246876,85.83856008519314,86.21958655695465,13642600
2023-07-11,87.43104553222656,87.52874327893278,86.12187932787063,86.17072447429359,13735500
2023-07-12,88.07587432861328,88.62298773693502,87.5092168963594,88.03679373461014,14912100
2023-07-13,88.38849639892578,88.72067020993283,87.03047767019015,88.46665757346622,15325500
2023-07-14,86.58106994628906,88.40804098016972,86.38566699222392,88.3298872524042,17770000
2023-07-17,83.59147644042969,86.45406478158553,83.33746375561242,86.38567560430992,34503400
2023-07-18,83.97249603271484,85.29144177089645,83.34722147638698,83.54262443390236,21885100
2023-07-19,85.03742218017578,85.86786425664693,84.20698010370464,84.21674466124543,17177000
2023-07-20,84.22650909423828,85.1741928606761,84.05065017413786,84.84201158765973,15277500
2023-07-21,85.17420196533203,85.87763772092714,83.90410880063409,84.31445129397181,19901000
2023-07-24,84.6075439453125,85.93625426209567,84.55869879555271,85.47706662196109,13911900
2023-07-25,83.65985107421875,84.32420616105905,83.20067093739883,83.75755627093702,15335400
2023-07-26,83.88455963134766,84.2851225990905,83.4839892097451,83.69892870876504,14983700
2023-07-27,83.39607238769531,84.88109756538782,83.22998546757151,84.60754088427555,16691400
2023-07-28,84.14835357666016,84.58800463340725,83.48399843981034,83.88456890570033,13638300
2023-07-31,86.84485626220703,87.30404389563364,84.8810993963476,84.9983411710078,20837800
2023-08-01,86.98162841796875,87.66552754071066,86.42474307220499,87.06956160617364,13717500
2023-08-02,84.314453125,86.29774664606956,84.27537253174481,86.22935747133822,15162700
2023-08-03,83.52307891845703,84.47076274735231,83.48399832765242,83.84548820219965,14145400
2023-08-04,84.314453125,85.10581464029981,83.484003562584,83.96273523956431,11533900
2023-08-07,84.8322525024414,85.22305095607665,84.01157500442135,84.6661655821511,10818400
2023-08-08,86.10234069824219,86.29774365775172,84.11904724585011,84.50984571100844,16767900
2023-08-09,85.47705841064453,87.49943227216886,85.03741483573667,87.14771443069853,32517900
2023-08-10,89.64883422851562,90.4011151766818,85.73109220151345,87.90001675239176,56716800
2023-08-11,86.97186279296875,89.24825694259309,86.81554788025888,89.21894836232627,21998900
2023-08-14,86.76669311523438,87.24542476053247,85.96555964117412,86.94255204631396,13676400
2023-08-15,85.05696868896484,86.20005563298092,84.89088174503367,85.96557205510697,13677900
2023-08-16,84.36328887939453,85.05695256122335,84.09950422162983,84.54891981321498,12182700
2023-08-17,83.94318389892578,84.95925687340957,83.82594958324019,84.92017628356093,14206000
2023-08-18,83.98226928710938,84.72478562893673,83.40584732509369,83.40584732509369,12364400
2023-08-21,83.90410614013672,84.2655960180387,83.44492596510742,83.8357169690591,11215000
2023-08-22,83.81617736816406,84.10927061052452,83.40584235654323,83.73801618865714,9835300
2023-08-23,83.85525512695312,84.3437513015892,83.66962419535619,83.83571110580604,7576000
2023-08-24,80.57256317138672,83.97249249651092,80.5627911604573,83.54262091580095,27531000
2023-08-25,81.44208526611328,81.72541395033471,80.56279063471233,81.15875658189185,16050900
2023-08-28,82.22368621826172,82.74149101185381,81.60817621889998,81.90127692848755,12166400
2023-08-29,82.45816040039062,82.60471075178408,81.80357727854174,81.86219443755492,11210700
2023-08-30,82.34092712402344,82.7317256167731,81.90128347834336,82.45816890800671,11816600
2023-08-31,81.75472259521484,82.66332580608754,81.71564200558093,82.51677545842543,10448000
2023-09-01,79.76165771484375,80.33808709799935,78.67719557118829,80.22084532840998,27701900
2023-09-05,79.32201385498047,80.49440173146928,79.31224184408264,79.54671792860833,12741700
2023-09-06,79.1168441772461,80.20129883360288,78.67719314523755,78.93121324458514,15518500
2023-09-07,78.71627044677734,78.98982710210045,77.91513704739116,78.96051852529581,14768000
2023-09-08,79.70304107666016,79.7909668140302,78.32547822697944,78.68696809517505,16220900
2023-09-11,80.62140655517578,81.92080818753877,79.30246835524157,80.05475664928758,26579100
2023-09-12,81.75472259521484,82.72194296360826,80.67026045791968,81.11967605791925,16594600
2023-09-13,81.55933380126953,82.11621920504724,81.20761591952983,81.43232001105963,9772700
2023-09-14,82.53632354736328,82.7903362117104,81.1294520666563,82.0673639025074,22371900
2023-09-15,83.61100769042969,84.20697362443325,82.66332391164171,83.25928984564528,21631200
2023-09-18,83.06389617919922,83.94319088936695,83.02482303995708,83.27883571433588,11894200
2023-09-19,80.05476379394531,82.83919078761082,79.83005225059016,81.9892046721294,21478900
2023-09-20,80.6604995727539,81.28577418542166,79.76166824877667,80.14269473293793,12715200
2023-09-21,80.82658386230469,81.74495164207379,80.03521495623357,80.17199329479196,14378000
2023-09-22,79.38062286376953,81.43230516393812,79.3317702681557,81.00243362874653,11495300
2023-09-25,79.14615631103516,79.88866516731703,78.70650525927462,79.68349765803964,11034400
2023-09-26,78.20823669433594,78.88235631355425,77.95421660893759,78.64788024834178,14867900
2023-09-27,78.06169128417969,78.70650236766737,77.39733617927287,78.27663079662898,14662500
2023-09-28,78.2863998413086,79.05822474668553,77.81744765440907,78.43295019491242,12229800
2023-09-29,79.18523406982422,79.45879073907851,78.55995955328295,78.80420764424002,11261400
2023-10-02,79.79096984863281,79.88866760071308,78.9312191949215,79.05822552723977,9128100
2023-10-03,77.70997619628906,80.00590683978012,77.63181501555785,79.38063230165133,12586200
2023-10-04,77.49504852294922,77.95423621261598,76.91862649812438,77.77837725601725,12010500
2023-10-05,78.95075988769531,79.0777736805087,77.06516410399753,77.28010364211765,15466600
2023-10-06,81.03175354003906,81.60817548884782,78.6381176434489,79.18523846619384,15391100
2023-10-09,82.75125122070312,82.927110146442,81.21737348937079,82.36046023360365,13604400
2023-10-10,83.03458404541016,83.32768475421348,81.99897446099689,82.83918854211504,9450600
2023-10-11,82.8978042602539,83.74779033790878,82.32138231785822,83.40584448616045,9499200
2023-10-12,82.40931701660156,83.11275281888517,81.58864688317826,82.87827670274442,9554900
2023-10-13,82.40931701660156,82.63402857438824,81.4616330859618,82.00875396210533,10808000
2023-10-16,83.7380142211914,83.95295373285516,82.37022342739853,82.37022342739853,10275100
2023-10-17,84.21674346923828,84.30467666288583,83.34722081332907,83.38630140452125,9985700
2023-10-18,82.73171997070312,84.27536981209342,82.6535587867151,83.71848442043499,10047000
2023-10-19,81.3346176147461,83.30813899068455,81.25645643351712,83.2983744334263,14316800
2023-10-20,80.74842071533203,81.52024558060472,80.70934012614427,80.99266880736035,10437000
2023-10-23,81.18805694580078,82.09666006400344,79.04844892205351,80.19152810028473,10772500
2023-10-24,80.6604995727539,82.2627666994477,79.85936600940701,81.49094917276511,11499500
2023-10-25,78.7358169555664,80.65072869234945,78.66742778309992,80.24038620368978,9372500
2023-10-26,77.9444580078125,78.75536354625477,77.59274012255707,78.23755873014568,11651000
2023-10-27,77.50481414794922,79.16569835927434,77.40711639208203,77.915149194908,10300600
2023-10-30,78.82374572753906,79.06799382319284,77.70020299675966,77.88583393469183,10291200
2023-10-31,79.71281433105469,79.79097551981852,78.48180915039973,78.83352704597579,8672200
2023-11-01,79.20478057861328,79.70304883378557,78.33525786197875,79.65419622791846,9093000
2023-11-02,81.37369537353516,81.38346738431383,79.93751539733923,79.96682397581502,11518500
2023-11-03,83.11274719238281,83.95296129335681,82.22368794136108,82.23345249905412,11331800
2023-11-06,82.08690643310547,83.82595934144234,81.66679936065316,83.12252355000024,14160900
2023-11-07,82.6437759399414,82.73170912386433,82.0185014577375,82.22367640227108,10540200
2023-11-08,82.55586242675781,82.9661974688281,82.01851359509847,82.20414454673731,26942600
2023-11-09,88.26148986816406,89.1114759398429,85.58453277833458,85.8190088673334,51062700
2023-11-10,86.2391128540039,88.08563528301443,84.93971867235531,88.0563192507963,25175700
2023-11-13,87.3822021484375,87.83161775543974,85.39890878024009,86.38566573189567,12834400
2023-11-14,88.97469329833984,89.4338808969128,87.91953976806924,87.95862035665633,13152000
2023-11-15,91.76888275146484,92.39415719795518,90.60625958352529,90.85050764711868,20593100
2023-11-16,92.3355484008789,92.43324614438242,91.47579036878386,91.72981046498104,12923900
2023-11-17,91.98384094238281,93.1855374854324,91.75912939848996,92.57003492342122,12189300
2023-11-20,92.84358215332031,93.39069548600284,91.71027489935506,91.81774465454058,14105300
2023-11-21,92.27691650390625,92.77518464644037,91.79819238084534,92.5504805995148,7654800
2023-11-22,92.8826675415039,93.50794208369703,92.57980228152738,92.72635263288588,7328200
2023-11-24,93.84988403320312,94.28953506900349,92.71657676778435,92.71657676778435,5440500
2023-11-27,92.98036193847656,93.53724729047052,92.34531540806165,93.53724729047052,11049500
2023-11-28,90.37179565429688,92.95105495558094,90.32294305348013,92.81427661792651,18660300
2023-11-29,90.37179565429688,91.09476793245034,89.33618611095322,90.46949340206999,13857000
2023-11-30,90.55742645263672,91.70050575292007,90.07869481772666,91.39764049913397,13396700
2023-12-01,90.44995880126953,90.70397146023211,89.65858988321688,90.60627371033415,11898200
2023-12-04,89.89307403564453,90.28387249174025,89.50227557954881,89.7856042738717,12602800
2023-12-05,88.7011489868164,89.66836946402022,87.86093484981555,89.50228252978685,12357000
2023-12-06,89.39481353759766,90.42065864170475,88.53506282303047,89.01378705981188,10462000
2023-12-07,90.22525787353516,91.24133099040112,89.54136609000105,89.68791645900447,10264700
2023-12-08,90.97998046875,91.68570873003439,90.2350442509328,90.2350442509328,9498200
2023-12-11,90.37227630615234,91.23483646941285,90.14683988395743,90.89177616727684,10811000
2023-12-12,89.2646713256836,90.37226805087622,89.05883516320459,90.29385961623163,13218400
2023-12-13,90.98979949951172,91.02900746258226,88.98043439153398,89.36270268377882,10173200
2023-12-14,92.0777816772461,92.95013815332821,91.36224955060692,91.36224955060692,12439300
2023-12-15,91.6072998046875,92.08758422208216,91.08780742776928,91.20543130633993,17551600
2023-12-18,91.0191879272461,91.85233643408851,90.86235610197302,90.86235610197302,9083600
2023-12-19,92.0679702758789,92.12677846733305,90.77413771682005,90.80354181254711,8804000
2023-12-20,89.4607162475586,92.40124608884094,89.44111600567118,91.39166537317199,13060600
2023-12-21,90.19584655761719,90.25466223818546,89.25487792821795,90.10763425399566,13037200
2023-12-22,89.21566772460938,90.41148433133476,88.95102334224323,89.80377964658521,9419800
2023-12-26,89.14704895019531,89.46070512848827,88.80398867364882,89.03922893783025,8086900
2023-12-27,88.58834838867188,89.13725230768691,88.25509197190662,89.10784820951976,11123500
2023-12-28,88.60795593261719,89.17646008991213,88.18647974402309,88.30409613646127,8479600
2023-12-29,88.50012969970703,88.80398199635067,88.07865354074039,88.3335015033639,9211000
2024-01-02,88.91181182861328,89.66655194184513,87.95124302033167,88.31390354914775,10587600
2024-01-03,89.83318328857422,90.25465950882383,88.21589046770227,88.44133436706291,11929800
2024-01-04,88.76478576660156,90.11743418844432,88.21588929289933,90.11743418844432,12087400
2024-01-05,89.0980453491211,89.50971768438045,88.56874914172197,88.61776095798518,9092100
2024-01-08,89.73516082763672,90.11742906123794,89.19606076581285,89.73516082763672,11103700
2024-01-09,87.8924331665039,89.29408599149828,87.82382110422392,89.24508164881482,11255100
2024-01-10,87.51995849609375,88.03945083220567,87.11808255116004,88.03945083220567,15091600
2024-01-11,87.67678833007812,88.00024838236479,86.9318595454921,87.6179801308091,9642200
2024-01-12,88.55894470214844,89.02943270946925,87.87282414788181,87.87282414788181,11919400
2024-01-16,91.20542907714844,91.24462955756023,87.68659144698974,88.50013976137349,16780900
2024-01-17,88.54914093017578,91.90135022501052,88.31390066536125,90.74474166228872,15735200
2024-01-18,90.38207244873047,90.67612838439939,88.6177592691762,88.86280338951595,12203200
2024-01-19,91.21522521972656,91.72492120158901,89.81357248683499,90.48989668354908,19790100
2024-01-22,93.19518280029297,93.3422107699542,91.0289936469537,91.0289936469537,15119400
2024-01-23,91.91114807128906,93.98912496505329,91.33284751978326,93.5382446677386,11559400
2024-01-24,91.6465072631836,93.36181622265494,91.41126698548196,92.54826789283452,10454900
2024-01-25,92.97954559326172,93.05796150987813,91.89154905420763,92.05817726840245,8661600
2024-01-26,93.46963500976562,93.63626322601924,92.82271490691723,93.11677085878532,7812800
2024-01-29,95.55741119384766,95.5672150533772,93.11677364175215,93.52844600414826,13422200
2024-01-30,95.01831817626953,95.60642261699073,94.10675367579789,94.60663833742638,9139600
2024-01-31,94.14595794677734,95.63582297010547,93.91071019718339,94.50861847396627,9592300
2024-02-01,95.13592529296875,95.98868150959177,93.99892448229102,94.45960861731197,8484800
2024-02-02,95.20454406738281,95.47899977858661,93.92051520068875,94.37139550900764,9321300
2024-02-05,94.73406219482422,95.43979048603563,94.5772303620424,94.7830665339535,11679300
2024-02-06,97.32172393798828,97.35112803598693,94.871282729392,94.99870298010389,16455500
2024-02-07,97.17469787597656,97.31192198809744,94.72425661931355,95.45938899631246,28886300
2024-02-08,108.34871673583984,110.53450625460331,104.68285853267341,104.95730677017254,60558400
2024-02-09,106.2413330078125,107.96644578669107,105.55521243117789,107.42734570636857,21509100
2024-02-12,107.12349700927734,108.8584062279762,105.69244013079914,105.74144447184723,13424000
2024-02-13,108.27030181884766,108.45653775808246,106.06490456091258,106.13351662092218,14594500
2024-02-14,109.34849548339844,109.46611936364036,107.49596236897227,108.38792663496089,11405500
2024-02-15,110.2208480834961,110.68153225025532,108.87801102004862,108.87801102004862,9961900
2024-02-16,109.38770294189453,110.32867154505394,108.95643033929254,109.79937530362295,8782200
2024-02-20,107.27052307128906,108.92701634091708,107.18230329393353,108.65256810586172,9770900
2024-02-21,105.53559875488281,107.05487527500016,105.11412257355789,106.32954678091296,10427500
2024-02-22,105.5062026977539,106.33935126531165,105.28076628018655,105.84926299284786,9266200
2024-02-23,105.60420989990234,105.85905787385184,103.73207674651356,105.43758169615391,11724000
2024-02-26,105.54541015625,106.60400261450697,105.25135420290522,105.38857832029184,8694200
2024-02-27,107.25091552734375,107.40774736371851,105.64342659527027,105.64342659527027,7595000
2024-02-28,108.60356140136719,108.83880167227147,106.5059842469333,106.62360064330875,10773000
2024-02-29,109.36809539794922,110.51490010539476,108.77018713615557,108.9368153459923,11658300
2024-03-01,109.73075866699219,109.92679845832059,108.82899806134174,109.23087402494991,7242400
2024-03-04,111.43627166748047,111.86754425390592,109.58373863103532,110.43648742289372,11558900
2024-03-05,110.63252258300781,112.90653172967617,110.04441070933157,111.35785108821456,14929600
2024-03-06,107.87822723388672,111.05400459699736,107.08428663218581,110.83836456242341,14743900
2024-03-07,107.995849609375,108.87800997575559,107.03527332639317,108.50553811097633,8609300
2024-03-08,108.1330795288086,109.10345224483902,107.17250319426414,107.99585540646707,10009200
2024-03-11,110.08362579345703,110.67173770521043,107.84882445888563,107.90763265879953,8794300
2024-03-12,110.23065185546875,110.71093626210947,109.42690739861645,110.2894600543605,8085000
2024-03-13,110.26985931396484,111.86754436122305,110.21105111533983,110.50509958661834,7267900
2024-03-14,109.83857727050781,110.12282935566436,107.33913165797121,109.5249210865684,10520500
2024-03-15,109.73075866699219,110.72073904827877,109.19166606668423,109.38769837985923,15364200
2024-03-18,111.59308624267578,112.16159037285817,110.06401338867758,110.06401338867758,11820800
2024-03-19,112.2400131225586,112.88692572399773,110.99518477964111,111.16182046805787,10999700
2024-03-20,114.15135192871094,114.20036374395725,112.09298281696745,112.33802693689293,11699600
2024-03-21,114.38660430908203,115.03352444373922,113.56325956841347,114.67085641569014,10353500
2024-03-22,113.57305145263672,115.32756824956887,113.5436398765822,114.6022322699524,7144800
2024-03-25,116.99388122558594,117.04289304753932,114.55324355102019,114.65125971677286,12103600
2024-03-26,117.55257415771484,118.01325833357019,115.84706905144824,117.25851820091036,11870000
2024-03-27,118.58174896240234,119.6109297371706,117.64077299953885,118.56214124584328,10782800
2024-03-28,119.93440246582031,121.28704340377038,118.79739408580008,118.84640590423851,15367400
2024-04-01,119.120849609375,119.97360586195711,118.38571722967937,119.64034196118872,8419700
2024-04-02,120.38528442382812,121.08120888187469,117.77801867101665,117.83682687142368,15517100
2024-04-03,116.62139892578125,121.23802917181108,116.03328706511772,119.8461729101474,22480400
2024-04-04,114.76886749267578,117.8074207495584,114.64144723459597,116.85664830914125,13815400
2024-04-05,116.03328704833984,116.50377504117205,113.99452568780816,114.28857413994446,9653900
2024-04-08,115.02371215820312,116.17051688219354,114.50421980348028,115.68042862631866,6266000
2024-04-09,115.63142395019531,116.16072016237402,114.57283152583788,115.0531159213108,7451100
2024-04-10,114.86688995361328,115.22955048372633,114.06314549807011,114.28858191222362,6746300
2024-04-11,114.82768249511719,115.93527928680113,114.06314599482619,115.25895508508826,6559400
2024-04-12,111.74993133544922,114.38660118811556,111.47548309604785,114.08274884851457,12155200
2024-04-15,110.71092987060547,113.25939468837228,110.53449780596243,112.602670766663,9637100
2024-04-16,111.62249755859375,112.23020968307395,110.28945691519755,110.58351285759355,9291400
2024-04-17,110.70114135742188,111.94596227887071,110.6521295389228,111.74012610185099,7379000
2024-04-18,110.20124053955078,111.98516141126494,109.9660002812349,110.93637289017178,8235600
2024-04-19,110.37767791748047,110.48549793234862,108.87800904650948,109.50532141765873,9436000
2024-04-22,109.76996612548828,111.3872588753556,109.53472585511861,110.85796265840884,6901700
2024-04-23,111.45587158203125,111.97536394294546,110.56391483434825,110.59331893354666,6839300
2024-04-24,111.66170501708984,111.9165530008172,110.897168544061,110.897168544061,6157200
2024-04-25,110.53450012207031,110.65212399368134,108.20168275460051,109.01523104073212,8045900
2024-04-26,110.49530029296875,110.77954489759928,109.1132478364842,109.63274018572056,6304800
2024-04-29,109.85819244384766,111.6225057939322,108.15267981716597,110.79916105952351,7151200
2024-04-30,108.89761352539062,109.81898187807359,108.60356504642945,109.77977391858138,8156600
2024-05-01,108.28990173339844,109.76996284667476,108.02524989375348,109.083842296027,6338400
2024-05-02,110.38748168945312,110.63252581793235,108.3683129856401,109.22106924488298,6799800
2024-05-03,111.40686798095703,111.84794442816256,110.56391556696798,111.28924410523061,7411100
2024-05-06,114.16116333007812,114.62184750248016,111.88715404605074,112.52427029558223,16303200
2024-05-07,103.30079650878906,105.74143380001425,102.14418798700132,105.12392532242318,55084600
2024-05-08,103.34980773925781,104.36919214915606,102.36963128491175,102.8205115565326,15238100
2024-05-09,103.70267486572266,104.02612742163228,102.32062243553818,102.54606631695698,15096000
2024-05-10,103.69287872314453,104.8984916988693,103.33021070540629,104.80047553893166,15884600
2024-05-13,103.73208618164062,104.52602679489979,103.49683842514237,103.49683842514237,9666400
2024-05-14,103.26160430908203,103.88891674087257,102.86953216967443,103.21259996550236,11278400
2024-05-15,100.73273468017578,103.78108416515035,99.38009381485858,103.52624366178468,20745600
2024-05-16,101.32085418701172,101.96776683108551,100.80135432606218,100.99739412589797,9476700
2024-05-17,101.20323181152344,101.76193216259165,100.99739562725134,101.57569621951762,7356000
2024-05-20,100.86016082763672,101.61489342340725,100.48768898091748,101.2816370112406,7667400
2024-05-21,100.96798706054688,101.64430378519764,100.6837349677473,100.94837934206221,7333300
2024-05-22,100.97777557373047,101.77172359112,100.7131312200359,100.93857509612255,7190300
2024-05-23,98.6645736694336,100.96798703261287,98.28229794062348,100.93858293304751,10504000
2024-05-24,99.74275970458984,100.0662122563698,98.6939711805688,98.8507955271662,6451600
2024-05-28,100.40928649902344,100.82095884839512,98.9488180796303,99.3506940479361,7813100
2024-05-29,98.88020324707031,100.05641954132793,98.77238323314288,99.74276335848988,7376300
2024-05-30,99.68395233154297,100.04662034786153,98.96842763646094,99.135055855518,7300600
2024-05-31,101.85013580322266,102.01676400053927,99.39969474332204,99.50750727005723,14735800
2024-06-03,100.73273468017578,102.15399507888354,100.44849007858738,102.1049832630769,6908600
2024-06-04,101.2816390991211,101.43846344979913,99.61533456947858,100.08582257781909,7269100
2024-06-05,99.48792266845703,101.03660345647663,99.02723848028567,100.95818753547856,10796900
2024-06-06,99.20365905761719,99.90938730844037,98.81158697625398,99.04683471196367,10294700
2024-06-07,99.5271224975586,100.24264715328434,98.55674985848721,98.8606021798376,6047800
2024-06-10,100.70333862304688,100.8111586439083,98.64496932341237,99.24287762886077,7621900
2024-06-11,98.87041473388672,100.84056428372836,98.74298699193062,100.6053239974189,9134200
2024-06-12,98.80179595947266,99.67415246183258,98.26269588356334,99.19386058396668,9041800
2024-06-13,98.10587310791016,99.06644947416441,97.63539252382346,98.61556913185048,10164600
2024-06-14,97.98824310302734,98.39011156791058,97.28251484667794,97.8314112779928,7087600
2024-06-17,99.50751495361328,99.89958704910208,98.62536208645501,98.97822622457961,10389000
2024-06-18,99.48792266845703,99.74277067262383,98.61556611227655,99.11545826094695,7044700
2024-06-20,99.82117462158203,99.91919825749358,98.39011777948481,98.57635371393253,7886900
2024-06-21,100.24264526367188,100.50729710089097,99.57612495851505,99.78196859997571,14137300
2024-06-24,99.95840454101562,101.03659721459157,99.88979248391952,100.2230489103425,7393600
2024-06-25,100.17404174804688,101.62470635168476,99.75256552682775,100.62492954780532,10296100
2024-06-26,100.1544418334961,100.34067777408339,99.4193094088457,99.87999359146454,10122300
2024-06-27,100.14463806152344,100.25245808215209,99.79177389913039,100.01721779994129,8365200
2024-06-28,97.32172393798828,100.54650546587935,96.42975974854575,99.99760155000968,21439400
2024-07-01,96.09651184082031,97.76280901891673,95.93968000007281,97.42955257455895,15299000
2024-07-02,96.04749298095703,96.04749298095703,95.02810852527847,95.99848864293068,13340300
2024-07-03,96.65520477294922,97.11588892211682,95.890668303332,95.90046468401198,5030000
2024-07-05,96.04749298095703,96.36114916130788,95.64562450526682,96.36114916130788,8550800
2024-07-08,95.8801040649414,96.78602496141718,95.40744543788874,96.19520731209185,8167600
2024-07-09,95.56499481201172,96.03764589670664,94.67876463739182,95.97856638928315,9044400
2024-07-10,95.48621368408203,95.7914678116349,94.77722956994984,95.46651550721543,7761100
2024-07-11,95.12187957763672,96.08688747387278,94.82647451665707,95.52560959409222,7422600
2024-07-12,95.64376068115234,96.33305412491224,95.49606191923891,95.61422092876965,6465700
2024-07-15,95.38774871826172,95.99825699500394,95.12187590971294,95.84070913775398,7417700
2024-07-16,96.96327209472656,97.20944674409364,95.06280350110661,95.5354546208051,10755500
2024-07-17,95.82101440429688,97.10112553648665,95.05295073004454,96.79587138714375,9456100
2024-07-18,95.30897521972656,96.5595390944887,95.20065777632348,95.87025310251805,7529400
2024-07-19,94.27503967285156,95.3385159392111,93.97963460729876,95.3385159392111,9301000
2024-07-22,92.6896743774414,93.7039202226979,92.05946788897664,93.65468228877093,13377000
2024-07-23,89.5484848022461,90.28700868391145,88.4554688563691,89.31215175100272,22534700
2024-07-24,88.42593383789062,89.36139446636126,88.2092989523112,88.8395054307311,11768500
2024-07-25,87.8449478149414,89.1152097168435,87.8449478149414,88.70163817091806,10765300
2024-07-26,88.55394744873047,89.16446329942077,87.97297135469942,88.62287605182016,11301900
2024-07-29,90.7301254272461,91.13385544607864,88.8099662252846,89.00690293376387,13024800
2024-07-30,92.35487365722656,92.60104828340128,90.2673101227097,90.2673101227097,9896100
2024-07-31,92.25640869140625,93.38880600320093,92.20717075930489,92.35487704295531,10241800
2024-08-01,91.6261978149414,92.5124204488692,91.18307898532422,92.42380119053773,9263600
2024-08-02,88.19944763183594,90.78920207880525,87.63816976642231,90.74982074847239,15433600
2024-08-05,86.43683624267578,88.189598433811,85.09764563340657,85.56045514710817,19103200
2024-08-06,88.59333038330078,90.5036479881022,86.6140841800093,86.8799569975094,21717500
2024-08-07,84.64468383789062,87.87449377994776,84.43789805030626,86.65346971926473,30581900
2024-08-08,84.64468383789062,85.00902499467462,82.62605638043168,83.8470804411147,21890500
2024-08-09,84.89086151123047,84.93025035494252,83.4138136789706,84.81208382380636,16008400
2024-08-12,84.63483428955078,85.05825495115853,84.17203229851049,84.54621502934737,11754600
2024-08-13,84.29019927978516,85.13704068304973,84.00463578215835,85.13704068304973,14615200
2024-08-14,84.9794921875,85.21581774796363,84.25080981436813,84.69392869197331,9475100
2024-08-15,87.43138122558594,87.56923841537635,85.87555578349037,85.91494462523812,12401000
2024-08-16,87.93358612060547,88.29791978678186,86.98826887351342,87.59878469712413,10277700
2024-08-19,89.43031311035156,89.55832120455679,88.04189219960773,88.04189219960773,9723600
2024-08-20,88.3668441772461,89.28261411271026,87.94342350788838,89.00689972571521,8863400
2024-08-21,89.33185577392578,89.39093528427594,88.0615937128201,88.83950648726407,7637600
2024-08-22,88.5440902709961,89.98174922744127,88.32745539174412,89.59771740064136,7613000
2024-08-23,89.17430114746094,89.36139628201802,88.30776910019074,88.77057863557678,7369200
2024-08-26,90.3756332397461,90.39533141816409,89.52879187146507,89.52879187146507,8043800
2024-08-27,89.50910186767578,90.31655439774629,89.36139557906391,90.03099090980437,7237400
2024-08-28,88.12067413330078,89.23338834074713,87.40184837443667,88.9478248500155,8569700
2024-08-29,88.4357681274414,89.3121491740522,88.25852210044971,89.06597455393337,6181800
2024-08-30,88.99705505371094,89.06598365388058,88.03205465133598,88.60318163140099,8403600
2024-09-03,87.76618194580078,89.10537261889303,87.18521338825178,88.23884057092616,8465500
2024-09-04,87.88433837890625,88.64255289464708,87.4609177366306,87.58892583307556,6317200
2024-09-05,87.29352569580078,88.29791488518117,86.98826404461416,88.29791488518117,6234100
2024-09-06,86.59439086914062,87.72678816507708,86.37775599117427,87.0965817088042,7791500
2024-09-09,86.98826599121094,87.52985319684416,86.46637696359369,86.87010697373003,8750200
2024-09-10,87.04735565185547,87.52985585072378,86.63378405282549,86.97842705201714,6858300
2024-09-11,86.96858215332031,87.07689960295042,85.26505022858214,86.70271683046278,10779000
2024-09-12,87.93358612060547,87.96312587595447,86.83072100743404,86.87010985211737,7173300
2024-09-13,89.16445922851562,89.33185618371155,88.02220527214679,88.08128478276795,7084200
2024-09-16,90.4445571899414,90.9566046253353,89.55832702303157,89.70603330295879,9028600
2024-09-17,91.4391098022461,91.82314164349613,90.75966538496348,90.95660960653649,8193100
2024-09-18,92.14808654785156,92.63058670467368,91.27170549228245,92.08899952981488,10289800
2024-09-19,92.02008056640625,93.83192988520146,91.89207245379434,93.36912034418708,10912400
2024-09-20,92.31549072265625,92.5715144538035,91.39972075418135,91.77390350535512,19251500
2024-09-23,91.54743194580078,92.26625773164713,90.74982846728095,92.26625773164713,7338700
2024-09-24,92.25640869140625,92.35487704295531,91.0452261806572,91.91175819200404,7860300
2024-09-25,92.4828872680664,92.99493472810158,91.92160938745533,92.20717287234922,8408200
2024-09-26,93.7433090209961,94.32428513446064,92.73891969771347,93.0146341192948,10061600
2024-09-27,94.54090881347656,95.41728991199392,93.82207557458689,94.0288613662159,10155400
2024-09-30,94.7181625366211,96.07704392586896,93.97963857259751,95.36805971838163,7982300
2024-10-01,92.61090850830078,94.3833615223013,91.89207520786458,93.73346433763074,10099200
2024-10-02,92.7093734741211,93.13279416706256,92.15793715676341,92.15793715676341,6144200
2024-10-03,92.19732666015625,92.65028711191948,91.7049773631109,92.17763599384223,6180300
2024-10-04,93.69406127929688,93.88114888070415,92.45333909883622,92.85706907914488,6308900
2024-10-07,90.97628784179688,93.68420853903386,90.35593053207579,93.63497061220477,11043600
2024-10-08,91.09446716308594,92.30564220173791,90.28701463309999,91.10430873971283,10209100
2024-10-09,92.16778564453125,92.57151566866386,90.06053128299321,90.45441221777641,8654500
2024-10-10,91.56712341308594,92.44350459194025,91.27171833195945,92.28595671787032,6698000
2024-10-11,92.6896743774414,93.16233300011696,91.38003097923884,91.42926140051188,8089100
2024-10-14,93.5168228149414,93.73345769870593,92.36472731054319,92.73891005626591,6262000
2024-10-15,92.7782974243164,94.18641663373656,92.24655931243883,93.79253571612499,6535800
2024-10-16,95.26958465576172,95.30897349925671,92.19732247703608,92.29579834210041,9936300
2024-10-17,95.06279754638672,95.8407102911768,94.14702760759874,95.44682937433133,9542500
2024-10-18,95.79147338867188,96.04749711427064,94.58029838372508,95.5256080867201,8609700
2024-10-21,95.1415786743164,95.95887277897084,94.48182492185387,95.71269813611801,8189900
2024-10-22,95.25973510742188,95.77178255773413,94.72799699178393,94.72799699178393,5344300
2024-10-23,94.76738739013672,95.65361759740888,94.52121274993078,95.44683180115435,5388500
2024-10-24,93.94023895263672,95.31881836324023,93.79253267424109,95.12187415449493,5015300
2024-10-25,93.57589721679688,95.36804818559786,93.55620655237196,94.34396084447539,6638100
2024-10-28,94.72799682617188,95.21050452132519,93.75314737220013,93.7629964611726,8146400
2024-10-29,94.65907287597656,95.14158059481868,94.21596151495851,94.78708850094262,6834400
2024-10-30,93.62513732910156,95.23019321633727,93.48728013695388,94.23564560499742,7718200
2024-10-31,94.72799682617188,95.15141750014403,93.54636157970029,93.81222688072761,8147700
2024-11-01,94.34396362304688,94.91509057268341,93.37896327208513,94.23564618388637,7944900
2024-11-04,94.32427215576172,94.55074860833204,93.57589917683273,94.36366099808993,6088000
2024-11-05,95.15142059326172,95.19080943777836,93.79253926438044,94.1371822630836,6561700
2024-11-06,97.37683868408203,98.0267433309907,96.7072433718066,96.7072433718066,11325100
2024-11-07,97.41622161865234,97.99719011990423,96.62845982399722,97.26851534307286,7805100
2024-11-08,97.50484466552734,97.74117772069992,96.11642365149272,97.2192887043375,7982100
2024-11-11,99.31669616699219,99.35608501043647,97.4851562664288,97.4851562664288,9137900
2024-11-12,99.44470977783203,99.74012236368795,97.97751096343036,99.01144750127193,9366200
2024-11-13,101.14823913574219,101.62089024610326,98.81450080129083,99.24777057966676,17701300
2024-11-14,107.45030975341797,113.05323946068607,106.7413255869947,108.64179411151392,47436100
2024-11-15,113.31910705566406,113.4274244934663,108.56301141903157,108.56301141903157,32048000
2024-11-18,111.80267333984375,113.67360207183387,111.16261778512954,111.59588754757984,14226200
2024-11-19,110.6998062133789,110.77858389829899,109.12429007824491,110.3354725677672,12166800
2024-11-20,112.51165771484375,112.61997515567087,109.76434787620357,110.54226062730129,9319300
2024-11-21,112.9646224975586,114.47121012557376,112.08824136083534,112.4033446064813,10261000
2024-11-22,113.8803939819336,114.55983090368584,111.86175885769535,112.10793350637543,10098000
2024-11-25,114.22503662109375,114.7961636072362,113.17140942862947,113.90993337230034,10397800
2024-11-26,113.68344116210938,114.63859992881264,113.67359958601703,114.22502835332881,6808100
2024-11-27,115.80054473876953,116.39136234971484,113.68344141294975,113.68344141294975,8142400
2024-11-29,115.67253875732422,115.93840405769797,114.94386394087982,115.46575296533271,5095200
2024-12-02,115.3672866821289,116.81478725202038,114.76661996062843,115.97779498010041,8390500
2024-12-03,114.66813659667969,115.43620773246396,113.68343810289058,115.20972377332501,9194000
2024-12-04,115.19989013671875,115.49530272954078,114.06748521444004,114.1955008439016,7996200
2024-12-05,114.7173843383789,115.47559893788029,114.28411456000444,114.76662227234108,9823600
2024-12-06,114.9438705444336,115.46575959886914,114.44167215637215,114.76662449645038,6677900
2024-12-09,112.8563003540039,115.3869753031722,112.16701438055482,114.60906255447757,8666100
2024-12-10,112.97447204589844,113.19109942412878,111.97992437077218,112.89569435600342,7526400
2024-12-11,112.8563003540039,113.28957011597399,112.23594297789973,112.8858401082012,6426800
2024-12-12,113.1418685913086,113.25018603635716,112.41319374406237,112.94492436728666,5285100
2024-12-13,111.60572814941406,113.20094247779052,111.56634681922031,112.57073601754013,6864500
2024-12-16,110.88372039794922,111.8332188323924,110.5078796257559,111.7639848073583,10528500
2024-12-17,111.78376007080078,112.79260732129272,109.58804923784723,109.81552922358578,12238600
2024-12-18,110.13203430175781,114.84986350115642,110.02323689575454,112.10026524918818,12292800
2024-12-19,110.15181732177734,111.67497342610584,110.03312718714842,110.43864615434012,9468500
2024-12-20,110.8045883178711,111.73430879160782,109.22209100316995,109.40012242269523,17955300
2024-12-23,110.18148803710938,110.62656283684323,109.10340673157249,110.38919011338137,6037200
2024-12-24,111.32878875732422,111.50682017510864,109.9737789820216,110.03312027263563,2475000
2024-12-26,111.31890869140625,112.0804829577595,110.63645363419558,110.89361181525133,4781400
2024-12-27,110.32984924316406,110.89361417976767,109.64739417140181,110.59689261484246,4523800
2024-12-30,109.58805084228516,110.3199544639852,108.6286596855734,109.22209525846377,5716300
2024-12-31,110.13203430175781,110.36940703033632,109.45947194916621,109.56826935516949,4757500
2025-01-02,109.60783386230469,110.97273649810697,108.9649421509261,110.47820557334545,5688100
2025-01-03,109.9441146850586,110.31995545721965,108.97483078872155,110.15181676014308,5393100
2025-01-06,109.83531951904297,111.61562629000218,109.65728808735275,110.2507236776725,6274400
2025-01-07,110.17160034179688,112.4958942112047,110.07269566466226,110.92328947071769,7878800
2025-01-08,108.5594253540039,109.89465727571495,107.45167342071821,109.78585987396625,7805300
2025-01-10,107.4615707397461,109.33089701914247,106.44283824891498,108.79680271846594,8835500
2025-01-13,106.8978042602539,107.42200582213037,105.55267956950455,106.7494434767557,6690200
2025-01-14,106.93737030029297,107.7681786350508,106.43294664222252,107.49124252346485,5501600
2025-01-15,106.9967041015625,108.40117002390299,106.80877994788928,107.97587315491903,6296900
2025-01-16,105.29552459716797,107.41211637162269,104.99881056705206,107.1055096100533,7872800
2025-01-17,105.84939575195312,106.56152149053146,105.37465029019629,105.66147913189828,7144300
2025-01-21,107.51101684570312,108.25281321091066,105.63180542393161,105.92851944244893,8643700
2025-01-22,107.61981964111328,108.35173085786397,107.04616949153079,108.35173085786397,8781700
2025-01-23,109.82542419433594,109.85509484125981,107.30331356260781,107.31320629356335,7608300
2025-01-24,110.93317413330078,112.14971591086139,109.41990325403307,109.94411234200933,8304500
2025-01-27,112.10025787353516,112.83216901957242,110.24082445444975,110.4584192521396,10176900
2025-01-28,110.91339111328125,111.72442149815572,110.33973345067807,111.6156240950433,6516800
2025-01-29,111.95191192626953,113.12889038296687,111.52661503383217,112.25851868153497,7607100
2025-01-30,112.18927764892578,113.92013575839775,111.88267091280665,112.84205449775082,6236200
2025-01-31,111.82332611083984,112.76293936031657,111.52661209464412,112.06070637892775,7793400
2025-02-03,112.75304412841797,113.34647969358954,109.64739070960889,110.13202887413902,8870700
2025-02-04,112.06070709228516,113.40583176957502,111.27934734989304,112.55523800170222,13521100
2025-02-05,109.33089447021484,117.29283759233114,109.0242877207673,114.43444953667974,23310000
2025-02-06,110.86393737792969,111.44748778402173,107.95610071650475,110.6562352982524,12470800
2025-02-07,109.64739990234375,111.31891688329806,109.59794379029033,110.38919630748538,8669300
2025-02-10,108.08467102050781,110.16169926679608,107.5011281874501,109.92432655046265,8239500
2025-02-11,107.8275146484375,107.85719284117596,106.51206818285583,107.19451569698599,7456700
2025-02-12,108.03522491455078,108.33193893022691,106.57141011434312,107.0659410197461,6521200
2025-02-13,108.39128112792969,108.5594273720852,107.3725486616563,107.72861152019068,6553200
2025-02-14,109.17264556884766,109.30122844026161,108.39128579265632,108.65833672102133,5964500
2025-02-18,108.36161041259766,108.71767327090824,107.52090937611987,108.57920522000332,8362900
2025-02-19,110.13203430175781,110.53755327794146,107.94620854232089,107.94620854232089,8452100
2025-02-20,109.34078216552734,110.30016574799161,108.1835741546982,110.02322965854275,5970100
2025-02-21,107.4714584350586,110.53754849517173,106.73954727253367,109.7858594169306,9082100
2025-02-24,109.9836654663086,110.33972830608549,107.4615624881551,107.64947909263448,7093300
2025-02-25,109.32099914550781,110.67601652307509,107.87696982831964,110.21115627143001,7289000
2025-02-26,110.6067886352539,112.01125465298911,108.85614493283006,108.85614493283006,7831600
2025-02-27,110.09246826171875,111.88267527890291,109.84520280785921,111.09142280817527,7854700
2025-02-28,112.55523681640625,112.7431534287647,109.78586073445726,110.24082826081666,14609400
2025-03-03,111.55628204345703,114.28609474184033,110.77492231092931,112.8222799482311,7884700
2025-03-04,107.817626953125,111.02218501347865,107.08571580147199,110.47819801508012,12658000
2025-03-05,108.11434173583984,109.72651728123782,107.03626800793263,108.14401238215764,9956100
2025-03-06,104.27678680419922,107.6395984633264,103.87126784053645,107.19451612179827,11618800
2025-03-07,104.35591125488281,104.61306188641342,102.17997079600798,103.85148763066992,12715900
2025-03-10,101.95249938964844,103.65368701371676,100.99310816821853,103.28773140520892,10947100
2025-03-11,96.82915496826172,99.93480852047485,96.38407261580747,98.69848122911793,16906000
2025-03-12,97.67974853515625,98.40175944600449,95.32577654814791,97.60062177765583,11891800
2025-03-13,95.81041717529297,97.57094593322121,94.88069668903951,96.70056673896094,11059500
2025-03-14,97.5610580444336,98.01602557949354,96.35440140773669,96.37418687001137,10199800
2025-03-17,98.27317810058594,99.02486715887707,97.5808378797536,97.65995708646126,8332100
2025-03-18,98.26329040527344,98.63913872664965,97.4028114504234,98.18416364856868,6727000
2025-03-19,99.1930160522461,99.85568569548546,98.38198561901233,98.56990978940146,8614600
2025-03-20,97.77864837646484,98.95563431179785,97.56105357706454,98.4808813362024,7836500
2025-03-21,98.3720932006836,98.79739010885216,96.68079829962534,97.30390456445419,15089900
2025-03-24,99.08421325683594,99.34137144245197,97.7786519585479,99.12377663508016,8224400
2025-03-25,100.49857330322266,100.64693408713747,99.31170212379,99.54907485048794,7365200
2025-03-26,99.67765045166016,101.15135047187736,99.16334161804805,100.58758552817395,6314000
2025-03-27,99.35125732421875,99.92491499386828,98.49077836568732,99.608415511638,6598800
2025-03-28,96.9972915649414,99.29191466609062,96.67089935607648,98.95563727218817,7679700
2025-03-31,97.62039947509766,97.76876025859244,94.6532139889738,95.77085868481724,10554000
2025-04-01,96.61155700683594,97.51159932170033,95.7807411702492,97.24455595569123,8762700
2025-04-02,96.80937194824219,97.23466884903635,95.3950131894098,95.56315944019308,7959900
2025-04-03,87.86824798583984,93.74327757918721,87.64076799421284,93.4762342094636,19353400
2025-04-04,82.6163330078125,86.58247303762616,82.17125820508556,85.0593169221124,22580900
2025-04-07,82.38885498046875,85.68242520033913,79.2238525383928,80.10411697969049,20456000
2025-04-08,80.82613372802734,85.99892285867644,79.96564722180375,85.00986103145327,14845600
2025-04-09,90.43981170654297,91.2409493347809,80.30192844712288,80.40083311607505,24970900
2025-04-10,84.29774475097656,88.03639733464149,82.1613675340577,87.94737784429834,16377000
2025-04-11,83.96145629882812,84.73292330191377,82.43830020860707,84.17905110399438,10204400
2025-04-14,83.73397827148438,85.5043923093263,83.11086448827577,84.89117880323901,10841300
2025-04-15,84.08014678955078,85.0395379549817,83.59550106836969,83.82298860544886,7840500
2025-04-16,81.8646469116211,83.87244882796648,81.11296533036894,83.358132434538,10144300
2025-04-17,83.88233184814453,84.84172303586283,82.44819520514774,82.45808793636607,14810900
2025-04-21,83.08119201660156,84.29774136277376,82.0723522909005,83.98124188550061,14166800
2025-04-22,85.14833068847656,85.61319096338407,83.67463065100156,84.08014962985894,9578500
2025-04-23,86.335205078125,88.8869863228245,86.07804689830174,88.05617049029651,12089100
2025-04-24,89.02545928955078,89.25293928947134,85.82089346037728,86.49345582065459,10310000
2025-04-25,89.2925033569336,89.35184465372777,88.0957394139445,89.08480127221084,7749600
2025-04-28,89.17382049560547,90.37058443500133,88.65950410512303,89.46064179321158,8491800
2025-04-29,90.17276000976562,90.65740571148727,88.77818683409099,88.84742085634515,6359900
2025-04-30,89.95516967773438,90.19254994805421,87.59131252721842,88.90676656128845,8474800
2025-05-01,89.81670379638672,90.60795629135099,89.37162898418372,90.27167133991111,7790600
2025-05-02,91.47832489013672,92.17067268618656,90.83543320307001,90.83543320307001,7594000
2025-05-05,91.10248565673828,92.06187683804932,88.629831084676,88.71884302721764,10231000
2025-05-06,91.16182708740234,91.72559202883363,90.00462655698173,90.20243590466387,11839400
2025-05-07,100.97332000732422,102.17997666406133,99.04465243037099,101.29971222679107,36155300
2025-05-08,103.97017669677734,105.0284724961464,102.72395674510922,102.83275414423578,19265400
2025-05-09,104.78121185302734,105.02847730856426,103.61411860105537,104.1086495121292,10438200
2025-05-12,109.28144073486328,109.72652309102423,107.47146330015973,108.66822722264683,18366600
2025-05-13,110.16169738769531,110.9727277384476,108.94515563453812,109.04406030249476,14076700
2025-05-14,111.70464324951172,112.16950350761837,109.61772222648577,110.16170169448542,15352200
2025-05-15,110.99252319335938,111.61562944893876,110.35952420631085,111.00241592482853,8322400
2025-05-16,112.17938995361328,112.199175415766,110.20126631114036,110.69579722175858,10961000
2025-05-19,111.4277114868164,111.75409616194204,110.67602236900632,110.89361718305211,7209700
2025-05-20,111.13098907470703,112.1596142950108,110.58700204370018,111.21011583302493,6433300
2025-05-21,109.25176239013672,111.25955657922054,108.92537019446844,110.46831168947189,10150600
2025-05-22,109.91443634033203,110.5771134886212,108.77702129443168,108.77702129443168,7903700
2025-05-23,108.51986694335938,109.14297318975905,107.59014639347852,108.40117680530766,8086100
2025-05-27,111.13098907470703,111.6551906431629,108.94516331129014,109.8155350149581,10201100
2025-05-28,110.3001708984375,111.23978415544833,109.95400077046209,110.97273323819383,5787900
2025-05-29,110.7947006225586,111.03208089000861,109.31110790773839,110.78481543753858,9682100
2025-05-30,111.80354309082031,112.11014982400837,110.15181175031196,110.78481067776357,12881100
2025-06-02,111.71452331542969,112.35741497173613,111.02218309844885,111.4474799591492,7546800
2025-06-03,112.357421875,113.4355031887562,111.28923329236346,111.49694291616186,9738800
2025-06-04,112.24862670898438,112.80250647358747,111.74421060096597,112.61458230828079,5614900
2025-06-05,111.29912567138672,113.0893251552944,110.61667059920407,112.48600438587579,8547200
2025-06-06,112.65414428710938,112.97064377182946,111.97168920764236,112.12004999177991,5790700
2025-06-09,114.39488983154297,114.8399646170244,112.73326572863364,112.73326572863364,7960400
2025-06-10,117.43131256103516,119.18194865256338,114.26631022692837,114.26631022692837,18948400
2025-06-11,118.2126693725586,118.24234756674636,116.36312853650462,117.08513946360216,10439200
2025-06-12,117.3126220703125,118.08408907596204,116.37301636772759,117.5697802541766,7980300
2025-06-13,116.64995574951172,117.02579653193126,116.01695677599301,116.02684196130771,13204900
2025-06-16,118.17311096191406,119.02369719483791,116.58072080933391,116.72907404732224,9592100
2025-06-17,116.8378677368164,118.02474642457864,116.36312229846567,117.68846148863274,9241200
2025-06-18,116.57083129882812,117.45109574961293,115.56198397697698,116.59060921579203,8181200
2025-06-20,116.34333801269531,117.7478115180404,115.62132711700576,116.95655905153451,17180400
2025-06-23,116.46202850341797,116.6994012257202,113.7618864331876,115.38395474909068,8348000
2025-06-24,117.85262298583984,118.27973350583949,116.95866985350084,116.95866985350084,8350200
2025-06-25,118.61744689941406,118.91543380786469,117.8327551134078,117.97181364985227,6976300
2025-06-26,120.64373779296875,120.85232559697707,118.87570133965093,119.17368824716101,10439600
2025-06-27,121.517822265625,122.11379608635268,120.66360878403398,121.03111738494454,13435600
2025-06-30,123.17660522460938,123.85203565522283,122.35218133848433,123.47458455751058,13456200
2025-07-01,122.66009521484375,122.92828494957035,121.62708352540444,122.67003013268005,9815700
2025-07-02,122.15352630615234,122.86868123943782,121.70654594746189,122.49123772647145,7317100
2025-07-03,123.16666412353516,123.40504909351313,122.07405813483778,122.24291383948378,4252300
2025-07-07,122.33231353759766,123.77256585999585,121.75620957738974,122.38197296843666,7023500
2025-07-08,121.0013198852539,122.87861771239797,121.0013198852539,122.39191283302186,6622900
2025-07-09,119.79945373535156,121.52775812574536,119.79945373535156,121.02118340544784,6724900
2025-07-10,120.7430648803711,121.13044331532811,119.8093872162264,119.8093872162264,6888700
2025-07-11,119.06442260742188,120.41528340417669,118.92536407641373,119.82924452796671,6112400
2025-07-14,119.16374969482422,119.69018664766304,118.7962335305209,118.97502415394932,6853300
2025-07-15,118.18040466308594,119.42200410552073,118.08107064519388,119.42200410552073,7943600
2025-07-16,119.01475524902344,119.75971491071691,118.0810700480354,118.5578475658927,6747500
2025-07-17,121.3886947631836,121.5674853880584,118.94522794197565,118.94522794197565,9933700
2025-07-18,120.60400390625,121.33903624634299,119.48160071715057,121.15031070251888,9486800
2025-07-21,120.02790069580078,121.15031147013362,119.96830634605631,120.25635833335758,6392500
2025-07-22,120.24642181396484,120.61393798144448,119.74978203105155,119.93850757355754,5614500
2025-07-23,122.1137924194336,122.35217739369311,120.68346741763307,120.70332967460399,8258900
2025-07-24,121.13043975830078,122.5706996724952,120.99138122563673,122.02439288122807,6702200
2025-07-25,120.65367126464844,121.62708100502067,120.05770503489295,121.43836303877318,5656600
2025-07-28,119.56106567382812,120.5841424278824,119.08428814144891,120.21662625546254,6042200
2025-07-29,119.10415649414062,119.9981020417757,118.55784970114436,119.76965198515667,6283700
2025-07-30,118.73664093017578,119.69018840979206,118.37905967805447,119.14388161401733,5281500
2025-07-31,118.30953216552734,119.10415886605173,117.78309519713173,118.65717850521108,7235000
2025-08-01,115.80646514892578,117.09773166265464,114.79332328935355,116.79974475083353,8637800
2025-08-04,118.54791259765625,118.7167683021518,116.93880457908668,116.93880457908668,8845000
2025-08-05,117.52484130859375,118.76644080161816,116.54149663199254,118.44859163452878,15365700
2025-08-06,114.39600372314453,115.33962384060702,111.44596225311774,115.00190485366755,22153700
2025-08-07,112.12139892578125,115.61774737418712,111.06852497096862,114.9721141162254,15484400
2025-08-08,111.67442321777344,113.52192383844323,111.26717495344046,112.53857917844859,9491000
2025-08-11,111.79361724853516,112.38958346752098,110.79040277340069,112.15119849555097,8532600
2025-08-12,112.95575714111328,113.63118757114158,111.73401990072314,112.54850886827593,7274000
2025-08-13,115.85613250732422,116.44217141482872,113.38286841303926,113.46233260017918,9025700
2025-08-14,115.5283432006836,115.92565654031509,113.84970589737605,114.70392692524119,6800900
2025-08-15,114.61453247070312,116.05478485986843,114.41587958189479,115.78660270216498,6768600
2025-08-18,115.76673889160156,116.22364659222919,114.38608087197494,114.41587804708429,5798400
2025-08-19,115.48860931396484,116.20377179856202,114.94231011131865,115.71706694359176,5914000
2025-08-20,116.2534408569336,117.09772696908973,115.22042920298055,115.29989338669732,7046700
2025-08-21,115.42901611328125,115.87599645965679,114.75358571313026,115.78659735913304,6337100
2025-08-22,118.06121063232422,118.97502602057473,116.34283363696201,116.79974133108728,7161700
2025-08-25,116.91893768310547,118.24993625217091,116.90900276549674,117.69369453790813,5424900
2025-08-26,116.85934448242188,117.58443433443024,116.37263960851416,116.64082176161217,5787400
2025-08-27,117.29637908935547,117.6638952530702,116.50175999170744,116.74014496318969,4378000
2025-08-28,116.84941101074219,117.57450844984554,115.82633423985592,117.30631871530683,5687700
2025-08-29,117.58443450927734,117.85262424089598,116.46203130668432,116.6010898422933,5212600
2025-09-02,117.47517395019531,117.48510886798425,115.22043261190494,116.23357446084289,6015900
2025-09-03,116.59115600585938,117.82282815856429,115.56807923662433,117.0381363699952,6288700
2025-09-04,118.01154327392578,118.87569922785605,115.97532470251925,116.29317386175997,6949300
2025-09-05,117.11759948730469,118.97502746097847,116.90900410573872,118.1108790721559,6669100
2025-09-08,118.04134368896484,118.08107578222587,115.95545805055379,117.16726037158817,6450700
2025-09-09,116.58123016357422,118.24994020591319,116.43223670694857,117.73343056669384,5444300
2025-09-10,115.0118408203125,116.72028287093971,113.73050928234208,116.06471472578767,7484900
2025-09-11,116.29317474365234,116.38256626812213,113.85963523208837,114.67412418245188,8399100
2025-09-12,115.18070220947266,116.22364882708563,114.32648114201034,115.47868912253979,7640900
2025-09-15,114.84298706054688,115.96539025091153,114.22715099661521,115.32969192987576,7150900
2025-09-16,114.45561218261719,115.07144068752592,113.93910254443091,114.67412733002617,6844900
2025-09-17,115.31975555419922,115.8759972616639,114.44567226835709,114.46553452521005,7333900
2025-09-18,114.08808898925781,115.00190435066159,113.28353498390464,114.55493158727018,9460500
2025-09-19,112.9954833984375,113.82983458049183,111.17778000851997,113.82983458049183,23398400
2025-09-22,111.80354309082031,112.86635190018592,110.77053145528677,111.00892400218635,15479800
2025-09-23,111.49563598632812,112.85643177726959,110.8500027255713,111.96247861453877,13145000
2025-09-24,112.6677017211914,113.38286422277672,111.44596451796286,111.65455989602667,8755200
2025-09-25,112.23065948486328,113.28354101025933,111.89294805955721,111.95254241034725,6365500
2025-09-26,112.70743560791016,112.80676205068485,112.00220801265147,112.36971660873002,6145700
2025-09-29,114.00862884521484,114.23708648271854,112.56837648716503,112.707435021951,9304100
2025-09-30,113.73051452636719,114.10795804732642,112.57830654956221,113.76031170195319,9303700
2025-10-01,112.19092559814453,115.28002570007743,112.03200480587098,113.31333637422672,9736300
2025-10-02,111.38636779785156,112.40944451879446,110.03550700763913,112.22072655798114,8695100
2025-10-03,111.71415710449219,112.80676314182585,110.81026903681929,111.28704657612008,7148400
2025-10-06,111.99227142333984,112.34985267448894,110.70100495217682,111.9326770741889,6141200
2025-10-07,111.77375030517578,112.63790627083965,111.0486604530571,111.87307674788936,5409800
2025-10-08,111.13805389404297,112.43924774570301,110.89966891179637,112.05186930775656,7074400
2025-10-09,110.24409484863281,112.2405888608638,110.13483349216455,111.06851869175823,6502400
2025-10-10,108.4561996459961,111.92274325451196,108.3767354609342,110.78047022314306,9635200
2025-10-13,109.52893829345703,110.214303643306,108.64492005461048,109.64813457372875,7435100
2025-10-14,110.42288970947266,111.08838521305776,108.46612771339308,108.91310807377432,7898000
2025-10-15,110.95925903320312,111.92274142146394,110.39308998562286,110.72087406004346,7012600
2025-10-16,109.14155578613281,111.33670271363943,107.78076763317718,111.03872339125253,7531200
2025-10-17,109.9262466430664,110.71093840167597,108.70451703294233,109.00249635286745,10090500
2025-10-20,111.20758056640625,111.49563255320116,109.85671973501306,110.2838302563818,8047500
2025-10-21,113.5318603515625,113.77024533167328,111.2870463526638,111.49563415752596,8163200
2025-10-22,112.32005310058594,113.51198552687362,112.22072666141555,113.23386846594792,7569200
2025-10-23,112.2703857421875,113.06501240931819,111.14798258462784,112.40944427221714,6945400
2025-10-24,110.9294662475586,112.88622827587592,110.84006714276074,112.46905266181125,6235200
2025-10-27,111.58502197265625,111.84327677975944,110.56194523982494,111.18771621172414,6029600
2025-10-28,110.89966583251953,111.72408969679515,110.71094028866513,111.15792064335369,6839400
2025-10-29,109.49913787841797,110.78046943547379,109.27068782064158,110.43282310095206,7097100
2025-10-30,111.08838653564453,112.81669849136719,108.81378292634732,109.38987933346628,8311300
2025-10-31,111.86315155029297,112.33992151569616,109.78719324065575,110.83013985442342,8700600
2025-11-03,111.36650848388672,112.05186623632473,110.28382980839201,111.79361900352049,8542300
2025-11-04,110.72087860107422,111.03872777103038,109.89645471152099,110.22423879938508,7950100
2025-11-05,110.61161041259766,111.21751153951793,109.85671583874066,110.60167549530281,5746000
2025-11-06,109.7474594116211,110.95926171988367,108.44626557805479,110.42288983369588,10291800
2025-11-07,109.99578094482422,110.68114629483698,109.30048825504456,109.5190109798673,8782100
2025-11-10,111.4856948852539,112.03200167054673,110.28382753573126,110.40302381019195,9158700
2025-11-11,114.07815551757812,114.19735179244971,111.6644858928104,111.89294352511719,9713300
2025-11-12,115.8660659790039,116.30310384657444,113.6212519781136,113.80004260788579,15248700
2025-11-13,106.8868179321289,108.62505722513409,104.20496605416966,108.15821460251318,44045400
2025-11-14,105.08898162841797,107.99929107416766,104.59234184298711,106.79741612467787,16691400
2025-11-17,104.97972106933594,106.94641039088046,104.41355201275533,105.03931541904281,12296400
2025-11-18,105.56575012207031,106.36037679904399,104.29435350140973,104.39367994150103,11796200
2025-11-19,103.96656799316406,106.86694244126105,103.38053670003252,105.36709578691344,12790000
2025-11-20,102.00981140136719,105.08898420915303,101.81115851356509,104.6618736800688,12609900
2025-11-21,103.57919311523438,104.07583290391742,101.99988222472078,102.78457400021458,10785400
2025-11-24,101.25492095947266,103.6387858454032,101.20525395013175,103.39046595494197,15024800
2025-11-25,102.61570739746094,103.22160852632899,101.31451361814831,101.8012184734595,10574500
2025-11-26,102.73490905761719,103.54939802432393,102.18860224782283,102.62564769565832,10130200
2025-11-28,103.7679214477539,104.03610360647413,102.54618420039697,102.60578612976299,6525500
2025-12-01,106.05245971679688,106.11206164600925,103.76792118024125,104.21489396966332,12628900
2025-12-02,104.12550354003906,105.85380794296738,104.11556862204534,105.81407584911452,8548200
2025-12-03,105.02938079833984,105.13864215852587,103.76791906453988,104.19502958759753,10177800
2025-12-04,104.76119995117188,105.50615964638382,103.8076524506752,105.12870855081175,11471400
2025-12-05,104.59234619140625,105.45649460398495,103.85731382216203,104.47314990982345,10680100
2025-12-08,106.90667724609375,107.32386042430089,104.1254990007359,104.5923416105027,13727700
2025-12-09,106.30077362060547,107.02587102316372,105.83393859986201,106.866942658392,8549400
2025-12-10,108.09861755371094,108.93296875603028,105.86373851848477,106.40011039631365,11237900
2025-12-11,110.7109375,110.81026393916609,108.37673207805003,108.46612359986304,13281400
2025-12-12,110.8499984741211,112.57830280370004,110.40302569895952,110.97912966819308,13059100
2025-12-15,110.48999786376953,111.55000305175781,108.55000305175781,110.69999694824219,14318000
2025-12-16,111.62000274658203,112.8499984741211,110.86000061035156,111.22000122070312,15580200
2025-12-17,110.62999725341797,112.12999725341797,110.45999908447266,111.05999755859375,12142500
2025-12-18,111.87000274658203,112.80000305175781,110.41999816894531,110.52999877929688,12913900
2025-12-19,111.23999786376953,113.4800033569336,110.91999816894531,112.31999969482422,21138400
2025-12-22,112.37999725341797,112.80000305175781,111.1500015258789,111.41000366210938,8803300
2025-12-23,113.22000122070312,113.30999755859375,112.04000091552734,112.29000091552734,7634500
2025-12-24,114.4800033569336,114.52999877929688,112.80000305175781,112.94000244140625,4606700
2025-12-26,113.55999755859375,114.73999786376953,113.2699966430664,114.1500015258789,5428900
2025-12-29,114.19000244140625,114.48999786376953,113.30999755859375,113.31999969482422,7966000
2025-12-30,114.79000091552734,115.27999877929688,114.0999984741211,114.0999984741211,6883900
2025-12-31,113.7699966430664,114.88999938964844,113.55000305175781,114.7699966430664,6608000
2026-01-02,111.8499984741211,113.44000244140625,111.62000274658203,113.44000244140625,8906200
2026-01-05,114.06999969482422,116.02999877929688,111.37999725341797,111.41999816894531,12029000
2026-01-06,114.56999969482422,114.76000213623047,113.11000061035156,113.79000091552734,7388300
2026-01-07,112.91000366210938,114.97000122070312,112.51000213623047,114.45999908447266,8296300
2026-01-08,114.16999816894531,114.98999786376953,112.55000305175781,112.55000305175781,9778200
2026-01-09,115.87999725341797,115.9800033569336,113.9000015258789,114.30999755859375,8935200
2026-01-12,112.81999969482422,114.94000244140625,112.55000305175781,114.62999725341797,10833800
2026-01-13,112.9800033569336,113.22000122070312,111.61000061035156,112.83999633789062,8945700
2026-01-14,113.52999877929688,113.58999633789062,112.26000213623047,112.80999755859375,8950900
2026-01-15,113.41000366210938,114.11000061035156,112.16999816894531,113.70999908447266,7958500
2026-01-16,111.19999694824219,113.8499984741211,111.12000274658203,113.19999694824219,12049600
2026-01-20,110.33999633789062,111.08999633789062,108.80000305175781,109.66000366210938,9818200
2026-01-21,113.19000244140625,113.25,110.5,110.56999969482422,10041400
2026-01-22,113.20999908447266,114.29000091552734,112.16999816894531,113.16999816894531,12437700
2026-01-23,110.9800033569336,112.94999694824219,110.55000305175781,112.69000244140625,10819800
2026-01-26,111.30999755859375,112.41000366210938,111.12999725341797,111.68000030517578,8859800
2026-01-27,110.61000061035156,111.80000305175781,110.02999877929688,111.5,8956900
2026-01-28,109.55999755859375,111.43000030517578,109.0,110.27999877929688,9016600
2026-01-29,111.58000183105469,111.66999816894531,108.76000213623047,109.62999725341797,11079000
2026-01-30,112.80000305175781,112.94999694824219,110.98999786376953,111.36000061035156,17895200
2026-02-02,104.44999694824219,108.61000061035156,103.75,104.01000213623047,37778500
2026-02-03,104.22000122070312,104.98999786376953,102.33999633789062,104.77999877929688,24827100
2026-02-04,107.05000305175781,108.5999984741211,103.62999725341797,104.19999694824219,19070400
2026-02-05,104.97000122070312,108.33000183105469,104.80999755859375,107.05000305175781,11859500
2026-02-06,108.69999694824219,108.95999908447266,105.37000274658203,106.12999725341797,12105600
2026-02-09,107.12999725341797,108.91999816894531,106.7699966430664,108.69000244140625,10515400
2026-02-10,109.95999908447266,111.11000061035156,107.5999984741211,107.5999984741211,9815500
2026-02-11,108.12000274658203,109.87000274658203,107.80000305175781,108.93000030517578,9374900
2026-02-12,102.37999725341797,108.16000366210938,101.0199966430664,107.93000030517578,25319600
2026-02-13,105.44999694824219,105.5199966430664,101.19999694824219,101.4000015258789,12845300
2026-02-17,105.44000244140625,107.27999877929688,104.37000274658203,106.56999969482422,10467400
2026-02-18,107.0999984741211,107.7300033569336,105.80999755859375,105.95999908447266,8791600
2026-02-19,106.0,107.7699966430664,105.44999694824219,107.11000061035156,7492900
2026-02-20,105.58000183105469,106.19999694824219,104.6500015258789,105.61000061035156,9043600
2026-02-23,104.41000366210938,105.19000244140625,102.95999908447266,104.9800033569336,10626500
2026-02-24,106.05000305175781,107.2300033569336,103.9800033569336,104.44999694824219,13594800
2026-02-25,105.05000305175781,106.72000122070312,104.51000213623047,106.0,8556500
2026-02-26,105.55000305175781,106.7699966430664,105.31999969482422,105.47000122070312,9578500
2026-02-27,106.04000091552734,106.33999633789062,103.93000030517578,104.77999877929688,13954000
2026-03-02,104.33000183105469,104.61000061035156,102.86000061035156,104.61000061035156,14178600
2026-03-03,103.30000305175781,104.30999755859375,102.1500015258789,102.83999633789062,13608400
2026-03-04,103.04000091552734,103.83999633789062,102.63999938964844,103.16999816894531,9672300
2026-03-05,102.41000366210938,104.55000305175781,101.58999633789062,103.0999984741211,11751500
2026-03-06,101.54000091552734,101.80999755859375,99.94999694824219,101.38999938964844,10448600
2026-03-09,101.66000366210938,101.87000274658203,98.44999694824219,100.55000305175781,11715100
2026-03-10,101.31999969482422,102.23999786376953,100.23999786376953,101.75,7833100
2026-03-11,100.88999938964844,101.88999938964844,100.4000015258789,101.4000015258789,8152800
2026-03-12,99.43000030517578,100.87999725341797,99.37000274658203,100.0999984741211,10309400
2026-03-13,99.29000091552734,100.7699966430664,99.16000366210938,99.83000183105469,9551500
2026-03-16,98.66000366210938,99.69000244140625,98.45999908447266,99.47000122070312,11578500
2026-03-17,100.30000305175781,100.70999908447266,99.0199966430664,99.16999816894531,11785600
2026-03-18,99.41999816894531,101.0199966430664,99.0,99.83999633789062,12615100
2026-03-19,99.19999694824219,100.77999877929688,98.44000244140625,99.02999877929688,14793800
2026-03-20,99.51000213623047,100.02999877929688,98.38999938964844,99.01000213623047,27544200
2026-03-23,97.94999694824219,100.5999984741211,97.86000061035156,100.22000122070312,11373000
2026-03-24,96.38999938964844,98.05000305175781,96.25,97.73999786376953,9155700
2026-03-25,95.94999694824219,97.18000030517578,95.05999755859375,96.81999969482422,8467500
2026-03-26,94.75,96.4000015258789,94.58999633789062,95.12000274658203,8548800
2026-03-27,92.41999816894531,94.19000244140625,92.19000244140625,94.19000244140625,12475900
2026-03-30,94.31999969482422,95.19000244140625,92.88999938964844,92.88999938964844,10592600
2026-03-31,96.37999725341797,96.88999938964844,94.19000244140625,95.33999633789062,11180200
2026-04-01,96.55999755859375,98.36000061035156,96.48999786376953,97.26000213623047,8518600
2026-04-02,96.61000061035156,97.16999816894531,95.08999633789062,96.0,6379100
2026-04-06,96.27999877929688,97.16000366210938,96.12000274658203,96.5,5882200
2026-04-07,95.77999877929688,96.79000091552734,95.33000183105469,95.80000305175781,7913000
2026-04-08,99.18000030517578,99.19000244140625,97.69000244140625,98.0999984741211,10821000
2026-04-09,99.79000091552734,100.2300033569336,97.68000030517578,98.66000366210938,8918300
2026-04-10,99.16999816894531,100.16000366210938,98.81999969482422,99.83999633789062,6359600
2026-04-13,101.18000030517578,101.2699966430664,98.52999877929688,98.52999877929688,6790300
2026-04-14,102.58999633789062,103.0999984741211,100.9000015258789,101.33999633789062,9997400
2026-04-15,103.04000091552734,103.37999725341797,101.79000091552734,102.5999984741211,7035300
2026-04-16,103.9000015258789,104.52999877929688,102.77999877929688,103.62000274658203,8145900
2026-04-17,106.29000091552734,106.33000183105469,104.69000244140625,104.69000244140625,10506200
2026-04-20,106.30000305175781,107.11000061035156,105.91000366210938,105.91000366210938,6423400
2026-04-21,104.29000091552734,106.87999725341797,103.97000122070312,106.19000244140625,7784500
2026-04-22,104.81999969482422,106.27999877929688,104.2300033569336,105.02999877929688,6886600
2026-04-23,103.6500015258789,105.19999694824219,102.55000305175781,104.94000244140625,6147000
2026-04-24,102.5999984741211,103.63999938964844,101.97000122070312,103.5999984741211,5974500
2026-04-27,102.3499984741211,103.80999755859375,102.05999755859375,102.62000274658203,6524300
2026-04-28,101.47000122070312,103.29000091552734,100.61000061035156,102.66000366210938,6409300
2026-04-29,101.30000305175781,101.4800033569336,100.5999984741211,100.94000244140625,5533700
2026-04-30,103.75,104.12000274658203,100.41999816894531,100.91000366210938,9203500
2026-05-01,103.08000183105469,104.83000183105469,102.97000122070312,104.4000015258789,5956900
2026-05-04,101.30999755859375,103.05000305175781,101.2699966430664,102.73999786376953,8400100
2026-05-05,100.4800033569336,101.7300033569336,100.05999755859375,101.52999877929688,14314700
2026-05-06,108.05999755859375,109.13999938964844,105.30999755859375,106.5199966430664,23219500
2026-05-07,108.66000366210938,110.4800033569336,107.08999633789062,109.05000305175781,14309200
2026-05-08,108.0199966430664,109.20999908447266,107.54000091552734,109.02999877929688,8364000
