Price,Close,High,Low,Open,Volume
Ticker,GS,GS,GS,GS,GS
2021-05-26,325.8180236816406,327.050717838326,320.9493851462259,323.6896587355572,2121200
2021-05-27,329.3387145996094,331.2719779087569,325.72934658874937,329.30323418134503,3897000
2021-05-28,331.0293884277344,331.96371166154717,327.6836982289849,331.01160188086465,2169700
2021-06-01,340.3012390136719,341.1198545408108,334.84666249588054,336.0835197913799,3644000
2021-06-02,341.1911315917969,342.28561531186665,337.5695730801773,341.0932376875455,2809700
2021-06-03,345.88934326171875,348.1405770893475,338.24582560735803,340.1322315460782,3003900
2021-06-04,348.3185119628906,348.8523798816309,343.7537511724412,346.74352013751246,2514100
2021-06-07,345.3910217285156,349.92908928389494,344.84821978517965,349.69772840755184,2188700
2021-06-08,342.3122863769531,343.8961580498279,340.10553253231564,343.28218272924397,2452600
2021-06-09,340.6037902832031,341.9296075226919,337.13351308099794,340.9419247307313,2025900
2021-06-10,332.7378234863281,346.70794665146053,331.3230191932147,346.70794665146053,3900800
2021-06-11,336.3949890136719,337.01787118877377,333.77892732629886,334.30394275804616,2117300
2021-06-14,331.8302307128906,337.01784660817657,329.8548378921147,335.84328284338386,2560500
2021-06-15,330.38873291015625,333.5386897539469,326.70490808863366,332.3463393452882,2302900
2021-06-16,330.12176513671875,332.86238671039456,325.0053226851389,330.1128582863233,3264200
2021-06-17,321.66851806640625,332.36409774331446,317.26391753792393,332.36409774331446,4146300
2021-06-18,310.3945617675781,318.89232246040905,309.7717067433352,317.23725026820506,6290100
2021-06-21,318.14483642578125,318.52745080803584,312.36103213158924,314.00719724632694,2717300
2021-06-22,318.1359558105469,320.22702912035345,313.78476911102274,317.6643543538699,1870800
2021-06-23,321.26812744140625,322.5405852424346,318.25166465065894,319.25716129925314,1713100
2021-06-24,328.11968994140625,330.01500259692386,322.80748668856035,323.0032473185911,2716600
2021-06-25,328.13751220703125,330.2552791201564,324.3736070383585,328.1820193103114,2782400
2021-06-28,328.0840759277344,328.226449757695,323.7684625524737,327.2743400445385,1833400
2021-06-29,331.5632629394531,336.43055797671684,329.8993112168932,333.5564422663658,2365900
2021-06-30,337.7117919921875,338.2278732118044,330.03267723643734,330.03267723643734,2238400
2021-07-01,333.6721496582031,339.58944878432885,332.9247073502263,338.7530194302761,2571000
2021-07-02,332.93353271484375,335.1046857635374,331.3852616811954,334.84663153958695,1598900
2021-07-06,329.1073913574219,332.4620156542808,325.14772574500876,332.10609462187784,2162900
2021-07-07,327.1587219238281,329.31206184019265,322.273612703744,327.00744122729014,2012800
2021-07-08,319.390625,322.90540980799113,316.4097353363289,320.0579871416412,2940500
2021-07-09,330.7980651855469,331.1450793682253,324.7384192926997,325.67271540109897,2641800
2021-07-12,338.5751037597656,341.68946082457296,326.8562110848309,329.50787344725217,4135900
2021-07-13,334.5530700683594,342.8728289543001,331.0204990333272,339.07332394887567,6466800
2021-07-14,333.1471252441406,339.7050652184485,330.468797386559,337.01783051071544,3295700
2021-07-15,332.21282958984375,337.0178308561932,329.73914204296193,330.3353035930387,2183900
2021-07-16,324.60498046875,333.6188240739199,323.74185755801216,333.6188240739199,2583300
2021-07-19,315.63555908203125,316.0537737233127,310.5458100488968,314.9948904220901,4394600
2021-07-20,324.5693359375,326.8383561767099,312.80596576966394,313.45551415667535,2937900
2021-07-21,332.3463134765625,333.59205058603044,327.39003128046727,327.4879251721214,2398800
2021-07-22,331.643310546875,332.51533999424583,327.85271288898116,331.27848273180234,1887100
2021-07-23,332.83575439453125,336.3505394117748,330.45996023566545,333.3162627685298,1706900
2021-07-26,334.48187255859375,335.17592804284175,331.9992779916544,332.0615716369795,1559100
2021-07-27,333.53863525390625,333.8055963541854,328.5378735426863,331.45646901587327,1791800
2021-07-28,332.99591064453125,335.8522129088196,331.31414507118996,334.40180822621113,1668900
2021-07-29,335.9500732421875,337.6941324305333,333.5119857049528,335.4873786245837,1296600
2021-07-30,333.57427978515625,338.0856541440272,331.9548078888897,335.07807123811324,1474900
2021-08-02,336.5195617675781,344.29654599386123,334.3484082548116,334.7221429747281,2383200
2021-08-03,338.4504699707031,339.29580620566605,330.8069522254847,338.3526032250942,1494600
2021-08-04,336.2259826660156,340.4882104552231,334.3573901123491,336.7776915963307,1460500
2021-08-05,341.9563293457031,341.96523619665146,338.0856508878314,338.2635978215653,1583800
2021-08-06,354.0490417480469,354.9121375416634,345.8182404823678,346.0317877174861,3655800
2021-08-09,355.8197326660156,360.0196665262396,350.213873899192,352.89222954850896,3319100
2021-08-10,363.01824951171875,365.3851634275077,355.48150659605915,356.0331881939065,3152300
2021-08-11,368.2860107421875,368.98894593261855,362.20855137304534,363.75682274821406,3000500
2021-08-12,369.273681640625,372.4948115790465,365.32289598271785,368.72200000322005,2312800
2021-08-13,365.5186462402344,370.95543657966505,363.20511901398794,370.1634872384177,1980000
2021-08-16,363.3564147949219,363.9258829860299,357.8395440380728,363.9258829860299,1590700
2021-08-17,360.3488464355469,363.35642935970577,356.1044331866501,359.3433498437978,2077400
2021-08-18,354.858642578125,361.36319596401586,354.67178880434625,358.23995998215844,2187800
2021-08-19,350.2048645019531,353.906502054879,347.8379508532301,351.12137382997133,2241500
2021-08-20,352.25146484375,352.76757334414646,347.9180651545329,348.35406631639574,1612100
2021-08-23,357.2166748046875,359.57468197661575,355.0366145550561,357.60819605078484,1857600
2021-08-24,363.54327392578125,364.52207709447146,358.3289644667192,359.1208866975005,1958400
2021-08-25,367.6008605957031,370.76860406424777,363.88143543337213,364.73565137358855,1845300
2021-08-26,366.96905517578125,374.3723315262881,365.8567850686149,370.0567180794763,2076500
2021-08-27,373.44696044921875,373.5893342987932,367.04917984509177,367.2983272930883,2174500
2021-08-30,368.0279846191406,374.3990718501507,367.2449420207432,373.67832290277016,2089400
2021-08-31,369.73577880859375,370.9428457788035,365.48861451301536,368.4839611866265,1958100
2021-09-01,369.869873046875,372.0604991853048,366.87449925863297,369.4228031467487,1680400
2021-09-02,370.6209716796875,373.37491044005776,368.95788463914204,371.1663838961084,1830400
2021-09-03,367.7686462402344,371.1753167627592,367.13381461001364,370.17388453283866,1373600
2021-09-07,366.8834533691406,370.82661320547487,366.27544484724757,367.4914618910337,1557000
2021-09-08,362.12664794921875,367.47361420398045,361.8584169025682,365.8999192983418,1646200
2021-09-09,361.7510681152344,365.59588562569604,360.79435926776983,361.83156470974166,2424600
2021-09-10,360.7675476074219,366.4095677388722,360.4814163135999,364.80904980647415,1956000
2021-09-13,365.9356384277344,366.0339807013046,361.05361580466484,364.28147445267876,1802800
2021-09-14,360.9552917480469,372.86524022515175,360.1416212698037,366.8655426251908,3263200
2021-09-15,359.3995361328125,360.88378432293365,354.2671546600086,355.867672687577,3199800
2021-09-16,354.6873779296875,363.0028946438415,353.0868872954416,361.69743085750827,2882900
2021-09-17,350.0199279785156,356.9048147535874,347.6683361434384,354.36546121722023,3843700
2021-09-20,338.10113525390625,340.5421197930502,333.0671230946388,337.8239540592561,3834500
2021-09-21,336.05352783203125,341.11436280629533,334.4798329179185,340.5331773441007,2377300
2021-09-22,344.6640930175781,348.0797138325648,339.51383869077034,340.48844786399223,2991300
2021-09-23,350.37762451171875,352.0586117763901,347.08719645026724,349.06326514277043,2518000
2021-09-24,349.47454833984375,350.9409234312255,347.46273377802845,349.13477084793124,1789700
2021-09-27,357.4859924316406,358.55002086104435,353.34612124131854,354.5979113679764,2788500
2021-09-28,348.2674865722656,361.42027669180237,347.2750043937786,358.0583292661768,2609000
2021-09-29,344.14544677734375,350.8514946159391,343.61788033483316,349.32249606211485,1955000
2021-09-30,338.01165771484375,346.94410532635624,336.7509173589128,346.926232354187,2665700
2021-10-01,339.7731628417969,342.2052244673018,336.0624877050004,339.2724466795151,2382300
2021-10-04,334.5423583984375,345.9158163073593,333.35316462112286,339.96084271812884,2895600
2021-10-05,344.96807861328125,347.12295883419256,335.74949933642995,338.07426830454455,2508100
2021-10-06,346.9709777832031,348.31218763514744,338.5750182992635,341.90121982356476,2111800
2021-10-07,349.2689208984375,355.733562152967,348.49997368763593,351.31650889529135,2348000
2021-10-08,351.2270812988281,352.5682911082084,347.0872093212902,349.45667452713207,1446700
2021-10-11,344.45843505859375,354.9288325911784,344.2617231955593,351.3075497426327,1787400
2021-10-12,345.6119079589844,347.45383404199185,340.68518818565667,345.3347267621133,2088200
2021-10-13,345.4151916503906,347.26606784083737,338.54820358706405,346.9262903040035,2391600
2021-10-14,349.78753662109375,351.9871131147809,341.7402775941083,350.50283761980995,3380900
2021-10-15,363.0834045410156,364.1563560748275,354.3834132798615,359.7214297037049,6451400
2021-10-18,369.89666748046875,371.9084818751106,364.4513597934089,364.8179603575367,3832300
2021-10-19,368.5286560058594,371.82803398602994,366.32012965174766,371.2289483255221,2568300
2021-10-20,364.710693359375,370.4689285237701,363.19959492585355,367.49145501857737,2453400
2021-10-21,364.44244384765625,368.97573925766443,361.78684750616446,363.73606575359435,2162100
2021-10-22,370.4599609375,371.3898465635256,365.7925506890682,366.58832081970337,2411000
2021-10-25,370.84454345703125,375.0827580789904,369.5212065105906,372.14998014083983,1824700
2021-10-26,373.4017333984375,375.36885200292113,369.9593167710657,372.29300870517386,1843300
2021-10-27,367.4825439453125,373.80411950420694,367.08912021151815,372.45395954109523,2067200
2021-10-28,370.9070739746094,370.9964934109424,365.7568200560144,368.38559321971553,1444700
2021-10-29,369.59271240234375,371.9264043127602,367.65241692184725,370.19177082104824,2061700
2021-11-01,372.5880432128906,374.403145806473,369.50325017324053,372.9188705531181,1820800
2021-11-02,378.981201171875,381.04666215300836,369.09201608433204,371.15747706546546,3000800
2021-11-03,373.6609802246094,379.11523792574815,368.88627743649135,378.3283906131932,3542400
2021-11-04,364.87164306640625,371.9532151633984,360.3651707311501,370.75507107847756,3802300
2021-11-05,363.9864501953125,370.5762840292845,363.1102105769403,367.8491410242093,2105600
2021-11-08,365.1130065917969,369.8608862778441,364.773229135443,366.4989395170835,1728400
2021-11-09,362.4395446777344,364.4334588101239,357.70953787005425,363.1190723167602,2246900
2021-11-10,356.8690490722656,362.6183610581859,355.19701212246423,359.7392300006039,2243900
2021-11-11,359.74822998046875,361.01792059493835,356.32368630406927,357.78113864981833,1252400
2021-11-12,362.0461730957031,362.21606185164353,356.9406421480279,360.3383626928697,1360100
2021-11-15,361.9566650390625,364.2188372339936,361.1519448214502,363.0206933923084,1436500
2021-11-16,360.41876220703125,362.8776463397908,356.76173417129166,361.15196329731054,1311000
2021-11-17,350.1004638671875,360.0254221277512,350.02894468208626,359.310121128803,2927000
2021-11-18,349.939453125,352.2195257523978,344.85179600394395,350.77099650449617,1847400
2021-11-19,346.3808288574219,348.92910544781444,340.70303569235665,341.90117974520655,2610400
2021-11-22,354.222412109375,359.8823048080844,348.87544649841846,351.53999281791494,3058700
2021-11-23,363.3247375488281,363.8790998199898,355.42949567541837,357.8794298235765,2402300
2021-11-24,356.9316711425781,364.344097770571,356.1358736179275,362.12662122960484,2186300
2021-11-26,348.16912841796875,350.2435121266708,342.2052036271209,343.7788984910173,2687900
2021-11-29,345.6208190917969,354.41020165417905,341.963790444994,352.2910946134115,2883400
2021-11-30,340.6583251953125,345.8800985295377,337.3232010921466,342.9294480045038,4570400
2021-12-01,338.40216064453125,350.6985348051606,338.15945136349444,344.9997768456085,2476000
2021-12-02,348.3435974121094,349.7368169812961,337.9977282899499,339.768480462616,3343700
2021-12-03,344.02008056640625,350.4469125516454,340.6942935598445,350.4469125516454,2807500
2021-12-06,349.9255676269531,353.79067524397317,344.7032024655051,349.3593098713472,1990200
2021-12-07,359.6422424316406,361.1163834613041,353.30530131093565,353.77269783130106,2441000
2021-12-08,357.1343994140625,361.08037323141514,355.17489483176024,360.6489387874466,1635200
2021-12-09,356.3883361816406,359.71412302820426,353.25132933770027,355.6782578398932,2111500
2021-12-10,351.50750732421875,358.5185907471786,349.3502529964601,357.7455858140474,1893800
2021-12-13,345.7369079589844,351.6244195034604,343.95715845277766,351.6244195034604,2313300
2021-12-14,349.4941101074219,352.8019022508224,344.4964598776593,344.7661064101724,2788500
2021-12-15,350.473876953125,351.81316717178845,342.10550756496207,350.10534172275175,2802300
2021-12-16,357.1793212890625,359.39950240599285,352.1726739324777,355.1658874580249,3578200
2021-12-17,343.1841735839844,353.8536473087888,342.13252447197056,349.844718540351,7058600
2021-12-20,334.02471923828125,337.6381471551545,329.56638975706625,337.5392584781813,3735600
2021-12-21,341.85382080078125,343.4447902355902,336.8561704735715,338.3572485854633,2942800
2021-12-22,343.6604919433594,345.1705947796092,340.9099876584096,341.94369667879505,1487900
2021-12-23,346.09637451171875,348.40641927490793,344.7750518394703,344.97280174385355,1624000
2021-12-27,348.7930908203125,349.75484865269084,346.0605530583443,347.8492728533794,1430400
2021-12-28,348.4065246582031,351.75027932400184,347.17509292110515,349.5930244433862,1528200
2021-12-29,347.1391296386719,350.06938940831805,345.53916276277295,348.7300991525379,1327800
2021-12-30,346.5279541015625,350.3571004768555,346.2403402000141,348.53241863449983,1160100
2021-12-31,343.8582458496094,347.858176421682,342.3212057740018,346.0604597476682,1601300
2022-01-03,355.3456726074219,358.91414148643304,348.163802902626,349.65591111065135,3334300
2022-01-04,366.266845703125,368.78363835377684,360.6040210926845,361.54783890991587,3916400
2022-01-05,358.31195068359375,370.9229337233079,357.6468042041067,368.35218427518475,3469600
2022-01-06,356.78387451171875,360.6220176117905,347.34586087833475,360.4422349511425,2960900
2022-01-07,357.30511474609375,360.0376237929127,354.6265075632397,357.44893534292225,2360700
2022-01-10,358.79730224609375,363.47134924146667,354.34794240887345,360.7298422264393,3009400
2022-01-11,362.2849426269531,362.54561929793795,356.2266445266663,359.76814955499077,1748800
2022-01-12,350.83343505859375,363.2466679041216,349.26043279067113,362.455668089009,4158000
2022-01-13,351.2738342285156,356.7299110278401,350.3300439279779,354.1951238828221,2497800
2022-01-14,342.41107177734375,345.5121437831282,337.0718514558056,343.4807153137751,4685300
2022-01-18,318.5553894042969,325.0002157554313,312.11059048414194,323.62496359594803,13123500
2022-01-19,312.19146728515625,323.3283072134188,311.3555356604469,322.09687574736733,7426100
2022-01-20,312.8926696777344,321.0542933186984,311.1309145838762,313.61174555208856,4599900
2022-01-21,309.1263732910156,313.6925615633242,306.25901300779964,310.5915167660671,4904100
2022-01-24,308.6589660644531,309.2701831275146,293.2345542817414,303.20288957773533,6569800
2022-01-25,307.0050964355469,308.24552550089993,297.441256672955,303.6883065194014,3959300
2022-01-26,308.0207214355469,315.0318318551104,304.1826067961624,311.5442576496677,3745900
2022-01-27,306.5376892089844,313.4948446775298,303.5624700009072,310.70840549001264,2573400
2022-01-28,311.912841796875,312.03866770054935,299.7243248831515,303.5714374867312,3714600
2022-01-31,318.80706787109375,319.2834616916985,308.70390895737273,309.74658791833366,3312400
2022-02-01,327.23834228515625,327.6698041334726,318.2407621502112,320.11040272860436,3303700
2022-02-02,326.3395080566406,331.2562642937289,321.6384690441185,326.7350079223317,2742400
2022-02-03,322.5823059082031,328.76645606859466,321.9351267651161,326.12381018690434,2372900
2022-02-04,330.4203186035156,333.4314994132778,324.50581559169984,325.53952458785625,3762300
2022-02-07,330.9147644042969,333.89898132600973,326.60025440568916,328.523797407815,2635600
2022-02-08,332.6675109863281,334.95958901427383,329.20690053883607,333.5483746933746,3422300
2022-02-09,336.6493835449219,338.222385502372,333.38652366708334,335.2741315022189,2250400
2022-02-10,333.0899353027344,339.229125578552,331.5259031678121,334.1146195267382,2406200
2022-02-11,326.3395080566406,336.98198755392,324.28111476897277,331.2742315854495,3142100
2022-02-14,323.80474853515625,327.44514159578284,321.05424396365106,326.3395358637143,2585600
2022-02-15,327.13055419921875,328.8833391904319,324.81148398219875,327.26537748370043,1846400
2022-02-16,323.6339416503906,326.3035520776942,320.4699700973191,324.8024739773571,2165300
2022-02-17,313.7554626464844,324.4518704749267,312.6588544699295,322.49236604778054,3102400
2022-02-18,311.0409240722656,314.600395148125,308.64096041679124,310.6184595872562,2910900
2022-02-22,309.44989013671875,313.70149912610003,306.6904164217459,307.8229590549267,2590800
2022-02-23,306.6814880371094,313.93528163291325,305.4500564648587,312.4162088001569,2217300
2022-02-24,305.78253173828125,306.5106045869573,293.8816595639009,295.337805261253,4564000
2022-02-25,314.7082824707031,315.229635677301,305.7826256001328,305.7826256001328,2980500
2022-02-28,306.7713928222656,309.0634707833637,303.4096437334117,305.83657240008864,4245700
2022-03-01,296.74432373046875,305.7497192782118,295.6773975529072,305.0625511626095,5631500
2022-03-02,304.1402587890625,305.60498834202764,296.02092105892024,299.81839053100947,3469900
2022-03-03,301.4639892578125,308.7695644696397,298.4893054934877,306.3916275378123,2393700
2022-03-04,298.07330322265625,298.9684093812363,292.94672342199726,295.65919308331206,3293100
2022-03-07,291.03900146484375,296.3735202574099,290.09867080948135,295.4964871906916,3689900
2022-03-08,290.56878662109375,298.8779875390903,288.01905852291816,291.59048793939826,3596400
2022-03-09,301.6176452636719,305.1257778492189,298.3988494587765,299.8907025695423,3202100
2022-03-10,298.2813415527344,300.0354080624167,293.63398965677294,296.22891542107317,2232600
2022-03-11,295.6592712402344,304.3482047744004,295.397058044378,302.3229023882214,2613500
2022-03-14,293.8327941894531,299.836379101099,291.95213318628663,297.6573585887445,2342200
2022-03-15,297.6122741699219,300.0896551268525,293.7063099279502,295.722589651128,2140700
2022-03-16,308.1004638671875,308.6158122457731,302.2234449748763,302.95580973711964,3468500
2022-03-17,310.36993408203125,310.6683213156926,302.802145123105,305.03541380544715,2403500
2022-03-18,312.2776794433594,313.5344430449325,304.9720770604559,306.3916098561731,5861900
2022-03-21,306.5091552734375,313.1094888779486,304.83645967450155,312.1691856724499,3401200
2022-03-22,310.1348571777344,313.05526621199874,307.5218305758368,309.4024923195763,2840200
2022-03-23,303.44403076171875,308.16373005592175,303.01005318512244,307.41329210127464,2196800
2022-03-24,304.0046691894531,305.1529384615594,302.2596254894455,304.19453440299066,1944100
2022-03-25,305.1439208984375,309.0679587589652,303.3265841879544,305.0896736887323,1580800
2022-03-28,303.16375732421875,306.05707005754925,299.7370229944364,305.74060966598574,2182600
2022-03-29,307.1059875488281,311.0300258428161,304.456814009097,309.64666665716436,2378700
2022-03-30,303.42596435546875,307.2867037946627,301.65382482844075,306.5091422240648,2650200
2022-03-31,298.46221923828125,304.2488182874712,298.46221923828125,303.91428462572844,2632000
2022-04-01,298.5706481933594,302.1330280566792,296.1746382834297,301.92506206726085,2444800
2022-04-04,296.7532958984375,300.0625131008637,294.62852189778016,298.37174429800314,2569400
2022-04-05,292.9106140136719,298.13663894297827,292.4766364314875,295.9847414557331,2573900
2022-04-06,285.9486389160156,289.8907493266774,285.48751011752347,289.33017652448933,3151300
2022-04-07,284.0408935546875,285.5598705722439,278.66117638600537,284.8094324624077,3562600
2022-04-08,290.5870361328125,292.6575358292732,283.0011455367178,283.52554446434425,3294200
2022-04-11,290.01739501953125,297.3772183181311,288.4531935469828,289.8817494015269,2747700
2022-04-12,289.1313171386719,295.7678260418821,287.53096922198705,290.84920987725155,2365200
2022-04-13,291.1113586425781,291.70810542661786,284.5562220082432,285.53269918678774,3022900
2022-04-14,290.81298828125,301.11131924355806,288.4531248320585,296.98836669979784,5460900
2022-04-18,298.26324462890625,300.7767993873162,289.9178675706009,289.9178675706009,3653400
2022-04-19,303.7514953613281,304.881691388729,298.79670604383915,298.79670604383915,2774800
2022-04-20,308.37176513671875,311.84372449082167,305.15296862324794,305.6954683082253,3040100
2022-04-21,302.2595520019531,314.0588126426864,301.4096425577561,311.32824194605183,3097800
2022-04-22,289.1222229003906,300.6321494112122,288.85098688536107,300.46035740413447,3125200
2022-04-25,290.6141357421875,291.28320304800695,282.76603253399253,286.0571770394743,3093600
2022-04-26,283.1095886230469,290.776848648903,282.8202518086348,287.47668166300485,2791700
2022-04-27,283.20904541015625,288.6430090345693,282.223517805753,282.223517805753,2469300
2022-04-28,287.892578125,288.75151055363824,282.2325475675872,286.7262080941295,2176000
2022-04-29,276.21087646484375,288.4983651539589,275.5056352020914,286.84377020419777,3129600
2022-05-02,280.66839599609375,281.5273284922955,273.245248007942,276.50021835438554,2968100
2022-05-03,284.5019836425781,288.89617247147726,281.48210322425456,281.66291802969357,2606200
2022-05-04,293.0462951660156,293.6701656675378,282.25068659237434,285.55987674043047,2629400
2022-05-05,283.0643615722656,289.94498122512016,279.1041505752641,289.78223963165624,2622100
2022-05-06,282.96490478515625,283.64302238607434,276.7262283752449,282.350084782566,2375600
2022-05-09,279.2850341796875,283.6972966121319,275.7497774390066,279.31215778260105,3234000
2022-05-10,275.82208251953125,284.9450216947894,271.8347475567814,281.8437703657651,2798400
2022-05-11,272.6484375,281.1113584252314,272.15116235999915,275.82203629604584,2320600
2022-05-12,270.713623046875,273.86009901905055,265.73170965576685,271.24707231129906,3408300
2022-05-13,277.5670166015625,279.954003190903,274.47481658397993,274.5290637707678,2152500
2022-05-16,274.3573303222656,277.09692420995066,271.7443040331867,276.626772626639,1568800
2022-05-17,282.9739685058594,284.19458576351644,278.5978526930185,280.1710767715631,2096200
2022-05-18,277.3320617675781,282.87452050458324,275.65936594847403,279.38448804085675,2033200
2022-05-19,278.6611328125,280.2795535946317,274.31214087410024,274.70092167029884,2108800
2022-05-20,277.395263671875,282.630338674762,270.7135600275645,281.42782240822737,2201100
2022-05-23,286.2651062011719,290.98480637789106,281.25609678351645,282.7479501673695,2653000
2022-05-24,283.86004638671875,285.53271443965775,277.06076940003084,285.12586042381173,1870900
2022-05-25,284.7189636230469,287.16019795856806,280.2705277311006,281.4187969047868,1929500
2022-05-26,292.6122741699219,294.3030429975064,287.503793688654,287.7931028987399,2440400
2022-05-27,297.0878601074219,297.1692585094439,292.21446879666473,295.433265132082,2106700
2022-05-31,297.3334655761719,299.94428270465556,293.5218458013159,294.7499381550305,2722900
2022-06-01,292.7850036621094,299.5349172315507,287.30862830999547,297.46992195711493,2330200
2022-06-02,294.96826171875,295.83248207131624,290.4016081082334,291.63877854805867,1957500
2022-06-03,289.9012756347656,293.3763133581154,288.82784338357095,291.9026135282282,1238900
2022-06-06,291.5660095214844,295.8415543227839,290.91102878336477,293.83113851672255,1099700
2022-06-07,292.4757385253906,292.77592534227136,288.0637168965385,289.5374167936345,2516800
2022-06-08,286.262451171875,290.69265573488804,284.55222230923647,289.5919339607377,1438100
2022-06-09,276.7471008300781,285.771277233027,276.5651509313061,285.2436391835823,2896500
2022-06-10,261.1003723144531,271.6801183988856,260.94573987480527,270.17002296717175,3866900
2022-06-13,257.7345275878906,260.5545847245363,253.18605729061028,253.80464258824213,4218100
2022-06-14,257.02496337890625,263.0653174047302,255.89692388460162,258.6532957318938,2487700
2022-06-15,263.8749084472656,267.8866617592533,258.50772014801447,261.2276959450022,2725800
2022-06-16,259.24456787109375,260.2907102644379,253.94103708692887,257.1522553227518,2777300
2022-06-17,254.5232696533203,260.4089904262618,253.0313582989067,256.65195009474894,5234400
2022-06-21,259.08990478515625,262.0555156380572,257.4251772445829,261.78259082439297,2506300
2022-06-22,258.8442687988281,260.1815197290298,255.6603406566004,256.7974578502531,2463100
2022-06-23,260.32708740234375,260.7091432524664,253.74088540125797,258.1347220092298,2547000
2022-06-24,275.4098815917969,275.7555697826464,263.81128211930996,264.72097619558343,3984300
2022-06-27,273.61773681640625,276.8380610743467,271.88932391650957,275.6918378486133,2091700
2022-06-28,272.44427490234375,281.0681848941775,272.16227195457753,278.27541736716563,2276600
2022-06-29,275.8919677734375,279.6762977685035,272.82630374016793,275.9738368938971,2475900
2022-06-30,270.19732666015625,273.2084118553096,265.83991198901913,269.7970590425232,2669500
2022-07-01,272.2077941894531,273.20843555869055,265.3759821465914,268.60538531821265,1749400
2022-07-05,270.36102294921875,270.4974714741986,262.31930489613126,266.5402976798632,2480900
2022-07-06,267.2317199707031,270.488412295645,264.3570835815876,269.51503304684815,1774500
2022-07-07,271.6346435546875,272.0622008602681,267.0861733938979,270.7795289435264,2046500
2022-07-08,269.69696044921875,273.7178198336301,268.42339449996706,273.3630258754516,1438900
2022-07-11,266.7040710449219,269.76065721540573,265.5214799904331,266.7222826917538,1519400
2022-07-12,266.11279296875,272.0712777490176,263.36552699768123,263.5474491463328,1772600
2022-07-13,263.9476623535156,264.89375172120225,259.99959441587595,264.2751665722603,1884100
2022-07-14,256.16070556640625,258.5713888829242,252.74935339350677,258.5713888829242,3171900
2022-07-15,267.33172607421875,269.6605400989774,259.39919462686817,260.6272868712623,3457600
2022-07-18,274.05438232421875,283.1422151409161,271.73464631426486,278.14800471179825,6767900
2022-07-19,289.3281555175781,290.31974637329824,276.09211938327337,276.17398850902276,5641100
2022-07-20,292.421142578125,293.0761233577806,287.74530216970606,288.62770644560794,3489800
2022-07-21,297.0514831542969,297.6154889860161,290.965628142591,291.56602950716035,2518800
2022-07-22,294.6771240234375,299.3347521229045,293.09426559819843,297.5699438218583,1830300
2022-07-25,294.8500061035156,297.7337482132172,293.4672812586742,296.53294550599185,4024500
2022-07-26,289.7829895019531,295.00465152375574,289.0643512876164,292.7122050589844,2054700
2022-07-27,295.23211669921875,296.9150562551034,289.6283979830169,291.3659169613273,2081900
2022-07-28,299.3893737792969,300.18083086524996,292.82140986533534,295.9234419208346,1820700
2022-07-29,303.28289794921875,304.91123023136794,299.7441749407114,299.7441749407114,2112200
2022-08-01,302.0912170410156,304.56558620609763,299.29847713705897,301.772846302141,1476500
2022-08-02,298.2705078125,301.86378287294275,297.6701063713513,299.7442078218372,1862900
2022-08-03,303.082763671875,305.2114443108479,299.8533332991453,302.0820947146678,1770600
2022-08-04,301.9001159667969,304.1106655235828,300.762998569892,303.1827877219042,1533400
2022-08-05,304.447265625,306.4849710498077,299.89879618630107,301.0177019007623,1876400
2022-08-08,304.4563903808594,308.2407208656635,304.14709774298973,306.66694020430515,1460000
2022-08-09,306.22125244140625,307.6312950866672,304.3563904648206,305.79369506353095,1587900
2022-08-10,316.4915771484375,318.11993684355485,310.52398796860575,310.5330660287933,2459500
2022-08-11,319.9211120605469,323.8964695636923,318.1926993759165,318.39283312434645,2360800
2022-08-12,321.8679504394531,322.54111514227685,318.52936111262716,321.52226226395163,2369000
2022-08-15,323.7145690917969,326.23441111672287,317.5286341207162,319.30254827132956,2045700
2022-08-16,322.9140930175781,324.2786340713592,320.23048450714515,321.1128888323899,1740900
2022-08-17,321.79510498046875,323.4780442147376,319.09331304008043,320.1212715687505,1576300
2022-08-18,322.5047302246094,323.03236832932146,319.17524661226463,320.81271258775826,1102200
2022-08-19,317.72882080078125,320.0849249843678,316.11867237740125,319.30260145170604,1812300
2022-08-22,311.4973449707031,313.41678545071323,309.9872500197319,311.5155288514437,1723900
2022-08-23,309.45977783203125,312.99850172757834,308.4136350153565,311.0699543935348,1538000
2022-08-24,311.0607604980469,313.2258366036528,307.92230517493624,308.4044418719417,1530800
2022-08-25,315.19989013671875,315.53647250150726,311.2154256593267,313.34413421815634,1763900
2022-08-26,306.0210876464844,317.2467094342093,305.65721556124356,316.88283734896856,1703900
2022-08-29,303.7649841308594,306.02100712271795,302.02746553724535,303.7649841308594,1835600
2022-08-30,303.501220703125,305.66629691522024,301.2724592467544,304.7474970701735,1830300
2022-08-31,304.91265869140625,307.17656769665604,302.17211959794645,303.88608587054966,2488000
2022-09-01,305.6734313964844,305.84758041668937,297.5343562440201,302.3463068132301,1575100
2022-09-02,303.8220520019531,311.9244585967763,302.43803411149247,306.7550342966183,2215400
2022-09-06,299.2483215332031,305.44428966827263,296.4711397632464,304.5918937125316,1578100
2022-09-07,302.978759765625,304.44526469193465,296.27869317998227,297.1952552625189,1496600
2022-09-08,307.3966064453125,307.7907214414575,300.0457603852058,302.7313086389231,1755600
2022-09-09,311.7228088378906,312.5752049681187,308.908956179602,309.7797014553781,1445600
2022-09-12,313.9958190917969,315.6364730157689,311.7135885067705,313.1525976581244,1563200
2022-09-13,300.9898986816406,308.4415264757925,299.56003580018194,308.0382368374022,2242100
2022-09-14,299.9541015625,303.31786857868394,296.5078193481775,301.04481262562325,1953300
2022-09-15,303.95025634765625,307.30487629733204,300.2565129664251,301.3014069708117,1489400
2022-09-16,298.99169921875,301.5489151763609,293.1073865074783,299.1475270749771,2946800
2022-09-19,301.2373352050781,301.81477386493935,293.7948546363304,293.82235038340673,1652700
2022-09-20,296.287841796875,299.53245114552436,293.3090152895752,298.5242553200557,1569900
2022-09-21,293.9505920410156,302.2729906890664,293.87727938815397,297.80933821151444,1796700
2022-09-22,286.8106384277344,296.40704519493056,285.23415042109474,295.4263169876808,2239900
2022-09-23,276.7742614746094,283.9417838878864,272.6405574077216,281.88866574103946,2918500
2022-09-26,270.0375061035156,276.8934002921348,267.92025001035825,274.052052349114,2308800
2022-09-27,267.06781005859375,274.1894859295762,264.5380902717393,272.677164393576,2007400
2022-09-28,275.6927490234375,277.1775752961668,268.0577703151329,269.4692839199995,2289700
2022-09-29,271.4031677246094,274.3728477052744,267.2236471294175,272.28308740767847,1930800
2022-09-30,268.5984802246094,275.96764646284356,268.27770590482015,271.30234928606257,1970800
2022-10-03,274.1895446777344,276.09600949612746,266.8112310135222,272.3747696341981,1938800
2022-10-04,288.5978698730469,288.86368068261066,280.35798651784023,281.2012078863669,2399500
2022-10-05,283.2177429199219,284.3267754405032,278.2683122301366,280.99964990749845,1992800
2022-10-06,279.2489929199219,283.29100724735537,278.10329027192336,281.7420430008169,1367400
2022-10-07,275.95849609375,279.68891043669197,274.1895380094081,278.63486964904683,1790100
2022-10-10,275.46356201171875,279.2947846074335,273.5296015715471,278.2957353451779,1309600
2022-10-11,269.6617126464844,277.27834103716447,269.3959297915357,273.1446652159811,2392800
2022-10-12,270.669921875,274.7669551322259,267.3702930820576,269.460053322379,1763800
2022-10-13,281.44873046875,282.99772265384695,263.7407440019797,266.1879771137988,2724900
2022-10-14,274.95947265625,285.6190950225476,274.1162511353196,281.80619309109306,2397600
2022-10-17,281.11871337890625,285.6190359984257,278.76317037925065,279.01063204096505,3118600
2022-10-18,287.66302490234375,297.4060846437795,285.9673793981994,294.83054734266926,6428600
2022-10-19,285.7474060058594,288.52458801851037,282.35611508582116,286.52646140501895,2363800
2022-10-20,284.87664794921875,289.6794241307474,283.21767287975933,286.05902082328925,2382300
2022-10-21,297.974365234375,298.5884462206058,283.6668153033404,285.05083312235746,3545700
2022-10-24,301.2739562988281,303.60200376092547,298.66174886836063,301.0906327007675,2232600
2022-10-25,304.66522216796875,305.7651078249261,298.7259179399108,300.50402259702696,1837700
2022-10-26,307.68072509765625,310.41209014994865,306.26006507035504,306.60833516289154,2176700
2022-10-27,309.0464172363281,313.40008742364586,308.4506574365255,310.99869907993696,1998800
2022-10-28,313.2991943359375,313.99576235718644,307.9647973824629,310.27452329318163,1677100
2022-10-31,315.7647705078125,317.2954133205894,312.15351413950765,312.6117951205489,2224000
2022-11-01,319.4952392578125,319.59607564483196,315.0865773150425,316.3331164516646,2316600
2022-11-02,320.6042175292969,327.6159109664217,317.8086867536449,318.61526575814446,3221200
2022-11-03,319.7609558105469,321.4107840660941,314.0049480131939,318.5052704427625,2515600
2022-11-04,328.04669189453125,328.4774771312122,321.92406476271594,324.46293130240934,3172700
2022-11-07,332.3087463378906,332.67536557657826,328.6058276932589,329.97152421640874,2526900
2022-11-08,333.6469421386719,336.5524564472896,331.3005452838684,332.07045412954545,3501300
2022-11-09,331.79547119140625,336.5157602839944,330.7689261426789,332.6662163512668,3047200
2022-11-10,346.7445373535156,348.6876441464759,338.88959499426113,339.12791004401095,3790400
2022-11-11,353.0322265625,354.70952285157784,347.1478857365248,348.2935883297147,3409100
2022-11-14,350.4566345214844,354.9844530602139,348.75184261976773,351.959809634667,2609100
2022-11-15,350.9332580566406,357.0742065867663,348.8893147559876,353.77460581058034,3192400
2022-11-16,350.4291687011719,353.24302100759866,348.30276592788744,351.23574780918716,2303700
2022-11-17,348.0919189453125,349.8700514819344,343.7199282284395,345.6813563842605,2297600
2022-11-18,347.5603942871094,350.8874915471805,345.90141895780454,349.46683133852446,2384500
2022-11-21,348.486083984375,348.99935654590945,344.09577146593756,347.2853898167222,1877500
2022-11-22,351.84063720703125,353.6370908273891,349.57672803348663,349.57672803348663,2019400
2022-11-23,354.0220642089844,355.8093712556276,351.4190315464964,351.86813796517777,1865400
2022-11-25,356.414306640625,356.94592829547196,353.0413649973871,353.57298665223414,1129300
2022-11-28,350.4566345214844,355.98353025955623,349.10931522762917,353.2704865876538,2232200
2022-11-29,351.6939697265625,352.81217639809915,347.6152859277918,349.32925225855894,1746900
2022-11-30,356.2515563964844,356.2515563964844,346.05713606337787,352.88417059559583,2964100
2022-12-01,354.0927429199219,356.5744665566112,350.99291113629596,356.5744665566112,1706300
2022-12-02,351.1127624511719,352.90255603043784,349.1015603976673,351.97998318152503,1932300
2022-12-05,342.77276611328125,349.5352135352657,340.71541827276116,349.2399834303611,2329600
2022-12-06,334.8109436035156,341.69332974097347,332.4306896902946,340.87225447813057,3081900
2022-12-07,332.05242919921875,337.0158474320431,330.41945725224576,334.4234200021573,2128200
2022-12-08,330.3548889160156,334.51570167015853,328.4913018090929,333.99906310279994,1967800
2022-12-09,331.3328552246094,333.6392875470349,328.6296951451612,329.0909816096463,1588800
2022-12-12,335.0600280761719,335.82577937039315,328.7496326490193,330.8069804070394,1750400
2022-12-13,340.1434326171875,349.2492233813636,337.2096573119847,345.62351834447946,3062600
2022-12-14,332.4767761230469,340.2724990608989,331.61879021241805,338.5934380333944,2519700
2022-12-15,322.7436828613281,328.5374398638492,321.0000346254528,327.0336696045875,3163700
2022-12-16,319.5331726074219,320.85244527508627,316.82080566351794,318.3614868475192,5008800
2022-12-19,317.9278259277344,321.4243850181661,316.10114964855785,319.4593002835575,1646700
2022-12-20,317.8171081542969,320.52026796891136,316.8945353157129,319.2009674121729,1623000
2022-12-21,323.04815673828125,323.7124104073608,320.0313532416704,321.29527371436643,1923100
2022-12-22,318.8227233886719,321.10147952779,313.56407486703074,320.28040430527,1528900
2022-12-23,318.7582092285156,320.8339984979804,316.5440114839981,318.14007292465413,1062000
2022-12-27,315.49224853515625,320.82471864920564,315.32619217407375,319.6807372888286,1035000
2022-12-28,314.47747802734375,316.3041828425705,313.0290315495743,314.1361304960201,1117200
2022-12-29,316.8392028808594,317.95553635627215,314.8187659864692,315.9258647234221,1273600
2022-12-30,316.7931213378906,317.07911671559924,313.1212706611214,315.28008810319284,1031400
2023-01-03,319.4131774902344,321.60890540711114,316.26720065144,318.74892390323544,1589700
2023-01-04,320.77862548828125,323.18652736986144,318.36146071302164,321.08306217325304,1881000
2023-01-05,317.14361572265625,318.41677061507227,313.80390689164375,317.59566735805276,1397800
2023-01-06,321.129150390625,321.977929814302,314.5512295145585,320.40954468227056,3097800
2023-01-09,325.66827392578125,328.89727947462046,322.43926837694204,324.6349966549038,1989000
2023-01-10,329.6906433105469,329.8198170328674,323.3618066294266,325.3361261813016,1610100
2023-01-11,336.25933837890625,337.2003524827055,328.62964343779447,331.0836904212926,2127000
2023-01-12,341.296630859375,341.44424590625476,334.49727289228264,337.88309976767226,2103100
2023-01-13,345.04229736328125,345.3652035398807,334.30353427333705,335.34604625407866,3310200
2023-01-17,322.82672119140625,338.39052149207527,317.36507724151176,336.5545822779595,14448300
2023-01-18,322.06097412109375,327.31965097564836,320.87084718259524,321.35060311531544,5585200
2023-01-19,323.59246826171875,324.89329952409946,318.7674015073301,319.2379227301274,3100400
2023-01-20,315.37237548828125,324.97636454436594,312.02343073286687,322.7806361287116,11247200
2023-01-23,322.1070861816406,322.49455099736144,310.1320809058294,315.21546612658386,4915700
2023-01-24,321.3597717285156,323.17724127462003,313.67475267601577,313.67475267601577,2372000
2023-01-25,322.5592041015625,322.86364080501386,317.2728506495391,318.0570433343842,1985200
2023-01-26,327.4857177734375,327.5133938354613,322.4576839864812,324.4965904561026,1919200
2023-01-27,326.31396484375,328.42663598799135,324.5887302998432,324.6994626702462,2427400
2023-01-30,329.7828674316406,334.2757924932304,325.1146512844922,325.9357545962869,3184500
2023-01-31,337.48638916015625,337.5878868192536,329.2293504710852,331.35128502675406,2311500
2023-02-01,337.3941650390625,340.37408597440026,330.982299561119,331.29597100357137,2889400
2023-02-02,340.8630065917969,344.01821826178434,336.32393558763226,339.5068233181157,2619600
2023-02-03,341.3058776855469,345.5681602543935,337.1450646280097,337.3111210036211,2243100
2023-02-06,342.0900573730469,342.5144612247177,337.4587510455561,340.4294372337839,1816200
2023-02-07,345.4112854003906,347.17340300403316,338.89792303021994,339.6636742977974,2205500
2023-02-08,346.0570373535156,349.05539873207704,343.17861493484634,344.04583555517434,1893200
2023-02-09,339.49761962890625,350.2824999453133,339.3223285115038,347.8469219348516,2052500
2023-02-10,342.5328674316406,343.40932295426336,336.3331763768045,338.58425651993906,1933400
2023-02-13,345.060791015625,346.0202749515508,339.5069109237055,340.5125122541278,1570600
2023-02-14,342.994140625,347.8560895162329,340.7799713670175,344.98690140359116,2155500
2023-02-15,345.3559265136719,345.38360257372346,339.73746108568525,340.1895127847574,1687200
2023-02-16,341.5365295410156,345.27293885998796,340.244904841165,342.0439334197476,1947800
2023-02-17,339.9681396484375,342.3299242006754,338.4551064624796,339.552970549812,1857300
2023-02-21,333.1595764160156,338.32599114408663,332.20932729755236,338.32599114408663,2403000
2023-02-22,332.9473876953125,334.89400323568003,330.31804898111835,333.63008271444517,2203800
2023-02-23,335.3922119140625,339.39617554186276,331.76647845773647,335.07854045802594,1931400
2023-02-24,335.67816162109375,336.90517121315037,331.6926398608692,332.28310004224664,2428600
2023-02-27,337.2281188964844,341.62878211868053,336.28710454055096,339.7098426022591,2842400
2023-02-28,324.4227600097656,337.6709217129108,324.1275299197661,337.66168697425735,4945600
2023-03-01,321.70953369140625,327.5726486951754,321.45863730828063,324.64574162353864,2717400
2023-03-02,324.3763427734375,325.0081775870331,316.37609811567904,319.6282240963655,3259800
2023-03-03,331.8004455566406,332.43228031850265,324.80373051103754,325.8072594681463,2396200
2023-03-06,331.76324462890625,333.4450558131644,328.67839288511493,332.70172419313167,1614200
2023-03-07,321.57012939453125,330.9734409962208,321.15201602271856,330.36945219868875,2048500
2023-03-08,324.55279541015625,324.9244611723457,320.72458418267297,321.67233612969807,1584600
2023-03-09,317.86279296875,329.19878640876124,316.89643901412074,324.4692694118229,3177800
2023-03-10,304.4640197753906,315.85573220331605,302.94015298291123,314.87080497648356,4559700
2023-03-13,293.16522216796875,303.0144950957432,292.2639175672625,297.0306095093333,5660700
2023-03-14,299.3349304199219,303.2653667640396,296.36157541602495,301.769374222382,3785900
2023-03-15,290.0802917480469,290.37763572845927,282.85128281743107,288.7608455576435,6596700
2023-03-16,292.7749328613281,295.7761904723425,283.3252007266117,287.11623760069017,4399100
2023-03-17,282.04290771484375,288.4170599220299,280.4911668246101,288.1290167964156,6369800
2023-03-20,287.6086730957031,290.0895926257224,284.5702690477314,285.05343174871774,3963700
2023-03-21,294.8098449707031,297.6345564283625,293.01653671386134,295.1257623561349,3242400
2023-03-22,291.4554748535156,299.3999408385167,291.2882011484782,294.8097961141174,2505900
2023-03-23,292.5519104003906,298.60084426973555,290.4984334760831,292.88640111112335,2585900
2023-03-24,290.4333801269531,290.600625479995,283.7339815818583,288.1847552963549,2456700
2023-03-27,295.9712829589844,298.17343188727585,294.70761356881724,296.05490563719104,2300600
2023-03-28,295.8876953125,297.903997401531,293.7319937203374,296.4916558530208,1224300
2023-03-29,298.0062255859375,299.85528232216166,296.11069289598566,299.6601627141081,1475900
2023-03-30,298.3965148925781,301.8623339176873,297.22574044640794,301.5742907374849,1456300
2023-03-31,303.9436340332031,304.1480544835308,299.5858119737207,300.5614382761169,2281100
2023-04-03,303.3954772949219,305.68127775327844,300.26414901039885,303.04241314026365,1808800
2023-04-04,299.79949951171875,303.7206347289459,297.4486785535699,303.67418713682684,1536800
2023-04-05,298.75885009765625,299.3814123530597,296.7518205428759,296.9841152363975,1329300
2023-04-06,299.5672302246094,300.3384644843824,297.3186334773676,297.6902993146661,1311000
2023-04-10,301.94598388671875,301.9738581209888,298.55448638784327,299.56728804137487,1114400
2023-04-11,304.18524169921875,305.8856546848027,300.7472973510017,302.95871894835244,1559600
2023-04-12,306.8519592285156,308.5523720980826,304.0086747267732,308.2271538877457,1862400
2023-04-13,308.608154296875,309.3607868439729,303.8414625943975,306.703320774484,1765500
2023-04-14,313.0589599609375,315.5770267798199,310.6430892075865,312.6965665876048,2275700
2023-04-17,315.62347412109375,316.33896000437977,310.0484008593191,312.2041026593813,3012100
2023-04-18,310.26214599609375,312.7151636740694,303.0331349133523,304.770695009479,7549500
2023-04-19,313.0310363769531,313.1239315650491,308.1807222656523,309.3979441350681,2625400
2023-04-20,314.7221374511719,315.2796503918766,310.64305734164986,311.2284445115755,2217900
2023-04-21,317.4632263183594,318.1136344525152,312.2040710052195,314.9916073534804,2278900
2023-04-24,319.600341796875,320.6224441791172,317.342444049936,317.7698583711327,1966300
2023-04-25,315.4376220703125,319.14503632412465,314.36904378954506,316.8499636059824,2138200
2023-04-26,312.72442626953125,316.47831670065636,310.9404187868197,313.67217847245377,2041900
2023-04-27,317.407470703125,319.042806041624,314.7686064223591,316.0508776506527,1768200
2023-04-28,319.1171569824219,319.7304183694272,315.6420374790105,315.967227361388,1714100
2023-05-01,316.4504699707031,322.8524979514744,316.2646228451379,319.6839944477321,1375000
2023-05-02,309.7602844238281,315.8185474169897,306.6289568859675,315.00086566162196,2397600
2023-05-03,305.37457275390625,311.11689028939173,305.0029069467815,308.8218177761349,1825400
2023-05-04,298.5079650878906,303.822868508139,295.99917119779093,302.86581555942234,2965100
2023-05-05,303.8600158691406,304.64982345516046,299.58581642721543,302.03883351132913,2413400
2023-05-08,303.3861389160156,306.907705685493,302.60563223005164,306.29447271217214,1607300
2023-05-09,301.76934814453125,304.0086721545772,300.40345435769933,302.02024453486297,1253300
2023-05-10,299.70660400390625,306.5546754285287,296.4823525045887,306.5546754285287,1752200
2023-05-11,298.0062255859375,299.13982485510746,295.6461034964289,297.02129832738007,1515200
2023-05-12,296.8726501464844,300.32919669089216,294.8470470073322,299.23277242543793,1099100
2023-05-15,299.2606201171875,300.3570442854043,295.53460409009165,297.72748078281165,1178200
2023-05-16,298.08978271484375,300.1897354129997,297.80173961897214,299.6600968084821,1618900
2023-05-17,306.7962646484375,306.9914126226768,299.8088499329212,299.8088499329212,2098100
2023-05-18,306.2387390136719,307.1865195457001,302.5963739664296,306.6290065897341,1645400
2023-05-19,303.0516662597656,308.4409204257683,301.7879966764674,306.6290103855208,1546100
2023-05-22,301.90875244140625,304.1573489917609,299.5950782209582,303.0516240821222,1498900
2023-05-23,300.65435791015625,303.9715326652381,299.94817302615223,300.6822321368257,1550900
2023-05-24,297.16064453125,299.102624655626,296.222164948913,297.6995840690158,1439100
2023-05-25,300.94244384765625,302.15036498354016,296.222199514084,296.33372479291006,1618500
2023-05-26,308.49664306640625,309.2957231731494,301.05391227232917,301.7229221005191,2718700
2023-05-30,307.40020751953125,308.97982280967364,304.51977594712145,308.56168101043403,1998600
2023-05-31,303.2525939941406,306.38904987537165,301.30519870115364,305.2842772709636,2938000
2023-06-01,296.2306823730469,303.98286232170256,294.00239386455405,303.82371518378,3339700
2023-06-02,303.0185241699219,304.53525069187464,296.83924363009453,297.953387891963,3987700
2023-06-05,301.2958679199219,302.86876762841047,299.9008587397721,302.34446772558096,1462900
2023-06-06,305.96771240234375,307.1567729445645,300.91194789435775,301.8762881087103,1495600
2023-06-07,314.3471984863281,316.30396540714,305.51833242712206,306.75419424201294,3382700
2023-06-08,314.0850524902344,314.8902170155376,310.2183198593495,313.98204971827846,2009500
2023-06-09,314.5999755859375,314.7685229762341,311.34183081389017,313.8416123322922,1702100
2023-06-12,317.8488464355469,318.41060452368686,314.90902387073265,316.8657912104543,2290800
2023-06-13,320.66693115234375,323.26971561121786,317.8113684497937,318.5135588099813,1772400
2023-06-14,316.8470153808594,325.5635357478601,315.7328711018715,322.8015756803461,1819400
2023-06-15,318.08282470703125,322.0712746348562,314.3003803094632,315.8171067405528,3322700
2023-06-16,316.7440185546875,319.6370393475869,315.62050257374483,319.61832455771054,4544900
2023-06-20,309.63787841796875,314.00082484403805,308.2428693065377,313.94465189808784,3208100
2023-06-21,304.3480224609375,308.9637467289855,304.2075901086821,307.51256480201636,2158700
2023-06-22,299.20794677734375,303.589635836082,298.67430387981807,303.0559643663607,2409100
2023-06-23,294.6484069824219,297.45716820687585,294.049219445414,296.38048211860786,2612000
2023-06-26,292.4482727050781,296.4554670759878,292.270410739425,295.0417144558249,2481000
2023-06-27,293.4687805175781,295.55660831549136,290.762993178209,292.49506851400514,2156800
2023-06-28,293.6653747558594,294.82632034222627,290.8846997851267,291.84904007075056,2423500
2023-06-29,302.49420166015625,304.7505764846043,296.0902298410326,297.58824146138676,3553600
2023-06-30,301.979248046875,305.2467640100015,301.89498865044914,305.05015875167453,2361800
2023-07-03,305.7898864746094,308.4020429746518,301.85763705905373,301.85763705905373,1106800
2023-07-05,299.6480407714844,303.91735614867866,299.25483014506426,303.29945373573275,2561000
2023-07-06,293.0473937988281,298.32787812378604,292.89758978547536,297.7286620703749,2896900
2023-07-07,295.0791015625,297.1388426315108,292.7665536994068,293.23468056584517,2903100
2023-07-10,296.2962341308594,299.6760965532366,295.856193712513,296.48349631525275,1775800
2023-07-11,300.4250793457031,300.5748833601426,294.5266641374491,298.50574219712917,2041700
2023-07-12,305.59320068359375,312.1001753001751,303.58026095147716,303.8892120994151,2741300
2023-07-13,307.7278747558594,308.2896327185886,304.9284851949846,306.4826698439168,2787800
2023-07-14,305.39666748046875,311.2857126187785,304.3012378257795,310.8269287703384,1815200
2023-07-17,306.3422546386719,306.61374766855585,303.683268704441,305.1157644470491,1777400
2023-07-18,315.7703552246094,316.68789436938135,306.4359023245513,306.4359023245513,3887400
2023-07-19,318.8411865234375,323.83143475139843,310.1808397871024,316.4537510141909,6037400
2023-07-20,328.4939270019531,329.26166181740405,317.53977693788033,317.53977693788033,3915000
2023-07-21,329.52386474609375,332.44497190021696,324.67407713579445,329.35534592693983,3217400
2023-07-24,336.0495910644531,338.5681162332693,329.5613586729083,330.33843680482914,3517500
2023-07-25,332.0892333984375,337.81910206752207,331.4151295213571,334.6358448704971,2893000
2023-07-26,334.766845703125,337.29474193335045,331.69593493918984,331.8925402013028,2281600
2023-07-27,331.91131591796875,337.5569247151459,331.59299308135496,335.3005498178992,2010800
2023-07-28,330.7129821777344,333.77452220764343,329.1962268279222,333.40936946448437,1827400
2023-07-31,333.1846008300781,334.42983425592746,331.4525257644911,332.2577188068907,1385500
2023-08-01,334.91668701171875,335.05711935743915,330.86272091354215,331.43382197687055,2024300
2023-08-02,328.71875,332.36076281340604,326.63089351703564,332.36076281340604,2106600
2023-08-03,330.64739990234375,332.56670878938627,326.39679959272013,327.67946274449184,1840400
2023-08-04,330.70355224609375,335.8623195755358,330.03882008073714,330.8158981250614,1725300
2023-08-07,332.8944091796875,334.8699196165768,331.3589677575502,332.74460513837175,1260300
2023-08-08,326.05975341796875,329.561333442694,320.226882031557,329.28046873511636,1917300
2023-08-09,320.8448181152344,326.2469922738896,320.6575559257086,324.7115508941329,1326000
2023-08-10,318.7007751464844,325.12349081691167,318.13901717435823,322.13683902776825,1345900
2023-08-11,319.0097961425781,320.00222297372153,316.03248707694684,318.26077589214844,1256800
2023-08-14,316.2103576660156,316.87511845365157,313.51394207885926,315.9014064755786,1347000
2023-08-15,311.0328674316406,312.73685620789297,309.41316664106756,312.0533806467284,1657800
2023-08-16,308.1304626464844,311.6976157748006,307.9994019770283,309.46932724427023,3340300
2023-08-17,306.6418151855469,312.6993780370353,303.3462123008616,308.9637347508776,3135200
2023-08-18,304.2169494628906,306.73547454588874,302.5972486267211,303.6458483424885,1730500
2023-08-21,301.5299072265625,305.58390232464194,299.03012549241697,304.64764849146695,1983500
2023-08-22,298.46832275390625,302.0729051859391,298.01891069533286,301.9231011664146,1810300
2023-08-23,301.78271484375,301.8950893153144,297.7287479233551,300.1817286334354,1429000
2023-08-24,299.56378173828125,306.6137722716368,299.14248463800146,301.6141800095783,1185600
2023-08-25,299.7416687011719,302.1478479878241,297.9066191288295,300.35022799803943,1159600
2023-08-28,305.190673828125,305.7805183352285,300.85581385720286,300.85581385720286,1440100
2023-08-29,311.3511962890625,311.49165721976624,303.9828833001266,304.80679123295283,1831700
2023-08-30,310.1994323730469,313.34317043767453,309.3214628924712,311.5400111582628,1131500
2023-08-31,309.3780822753906,312.00256951561164,307.7259762728303,310.9829967734833,1271100
2023-09-01,309.0854797363281,313.06941720152344,307.96204515371863,311.2285160494231,1201400
2023-09-05,305.6396179199219,310.1050349102489,304.5822746621941,309.0287920019197,1846000
2023-09-06,303.1661682128906,306.0077996800621,301.4479711020223,304.2801527443779,2120800
2023-09-07,303.9497375488281,306.08332368794737,302.2221193567534,302.6846998235582,1471100
2023-09-08,307.31060791015625,307.73544672060467,303.6665476836024,303.9120126683454,2026400
2023-09-11,306.4892578125,311.68159093943746,306.14940983684,309.89733144633794,1283100
2023-09-12,312.3896484375,316.5246384971383,305.87563602498255,305.88508585037454,2054700
2023-09-13,316.2414245605469,318.1578663921976,312.3141290768284,314.8442045255258,2165000
2023-09-14,325.29498291015625,325.81420474000697,318.0068335884654,320.03655821030617,2822700
2023-09-15,323.3785095214844,326.8243247739028,322.73652645024333,325.8424937329827,3063900
2023-09-18,324.1149597167969,325.00237917074776,320.2914962029576,323.3785934476088,1356600
2023-09-19,322.764892578125,325.67258655146793,319.06416234706364,324.24704582517603,1660200
2023-09-20,317.8652038574219,324.5680108226294,317.4781355683998,323.44457644509856,1224400
2023-09-21,311.76654052734375,315.9676214143252,311.615487385136,315.7882476086061,1685100
2023-09-22,309.54803466796875,312.9938499924099,308.5473039564108,311.6344004643957,1669100
2023-09-25,310.44488525390625,310.8697240494618,307.08403181183826,308.77390835824474,833300
2023-09-26,305.7056884765625,309.1137331690721,304.3840094934624,307.39553608582145,1481800
2023-09-27,303.9403381347656,306.819711596338,301.13647684868283,306.80084075507676,1493000
2023-09-28,307.00848388671875,308.55672811400643,302.2976024349521,302.2976024349521,1389600
2023-09-29,305.46966552734375,309.6140761765677,304.24236958052177,308.8966097814949,1403900
2023-10-02,300.6832580566406,305.479072541516,299.36157916792996,304.01579034516476,1303800
2023-10-03,288.9958801269531,298.02109884028704,287.3626734232308,297.6340304648899,3118600
2023-10-04,291.3371887207031,291.771448651706,286.5036017012499,287.7969604767148,1872000
2023-10-05,293.1308288574219,293.17802036526626,287.1926793621136,290.16646461741885,1584600
2023-10-06,295.00006103515625,297.6811896307835,289.98710164957106,290.874492091044,1595100
2023-10-09,295.122802734375,295.9441597473125,291.1199945703047,291.6203455908135,1094400
2023-10-10,297.16192626953125,299.12558832965436,294.8206745653462,296.8787196312641,1193800
2023-10-11,295.50982666015625,298.91790026942203,294.1692767963508,297.7850160711724,1672500
2023-10-12,292.5171203613281,296.6709803544018,290.78947369749596,296.57656855242436,1727700
2023-10-13,291.9979553222656,298.49309737747046,290.9311909600379,294.5469306695456,1785200
2023-10-16,296.8032531738281,298.2287652198975,292.8948281011756,295.6609189991954,2273900
2023-10-17,292.0545349121094,298.49303427041633,288.79754355744694,295.84967646282604,4123000
2023-10-18,285.0685119628906,290.03427961168217,284.61538134337223,289.8265851409225,3460300
2023-10-19,282.4534912109375,288.2594580975756,281.9248195835312,285.0685286825883,3211800
2023-10-20,283.2654113769531,286.2864172463532,281.4245102341023,281.8021287651655,2329000
2023-10-23,282.4818115234375,286.569581210677,281.50943026598236,281.6038420872819,2959800
2023-10-24,282.4440612792969,286.14479174224107,282.34964945122965,283.2181979348255,1697100
2023-10-25,280.159423828125,283.21817085400676,278.5261886711077,281.8964918187765,1809300
2023-10-26,280.37652587890625,283.35033957865954,278.2901601872279,280.34820521559624,2011200
2023-10-27,273.6926574707031,281.58499156881186,273.1734067681763,280.9052666714742,2601700
2023-10-30,284.0018005371094,284.92699050182875,276.88360277971435,277.03465596643076,3065200
2023-10-31,286.626220703125,287.2682037975788,283.8790297508947,284.8041906865452,2611000
2023-11-01,289.9776611328125,291.0066837429716,285.8993123731491,286.36189285383654,2345400
2023-11-02,296.20843505859375,296.9448011045272,290.77063729758373,292.36610186551286,2597000
2023-11-03,309.29315185546875,310.90748753299005,300.1452016654393,300.6455526677328,3742000
2023-11-06,305.7906799316406,310.50153322227726,304.0819325084077,308.3868466455567,2087600
2023-11-07,305.8284912109375,308.13200174369643,303.31728616094796,304.11029373297924,1505000
2023-11-08,306.404296875,308.3868298378453,305.56409794753773,305.828433755221,1484400
2023-11-09,302.8357849121094,308.3774165147916,301.77844155622086,307.76378283258265,1787900
2023-11-10,307.3012390136719,307.82046092744156,303.6571493586304,305.2337435650014,1781400
2023-11-13,308.62286376953125,310.3316112036612,305.4319342329522,306.0266970390587,1403300
2023-11-14,319.7721862792969,322.6610092179909,313.8718079224151,314.87250978690696,3592700
2023-11-15,318.7148742675781,322.00018681941265,316.58128802565784,320.8862021911571,2534500
2023-11-16,317.8368835449219,320.7445774126421,316.2697395475511,318.865906104975,1620400
2023-11-17,320.21588134765625,321.4054067897452,319.20572970430896,320.5085377960369,1465200
2023-11-20,320.46136474609375,322.22675336230316,318.6204351521492,320.9805865236466,3146000
2023-11-21,316.23199462890625,320.12151986705175,315.83547648238766,319.43234522613983,1900900
2023-11-22,319.6966857910156,319.9515717735847,316.6095892832452,318.09177129514194,1235200
2023-11-24,320.17816162109375,321.23550493260547,318.75264963988695,319.84773463363524,460100
2023-11-27,318.81866455078125,320.99944200889917,316.95886420658115,320.21588446763525,1250500
2023-11-28,318.7620544433594,319.47009989028396,316.13756713917667,318.507168454226,1419000
2023-11-29,323.86376953125,326.9761863239934,320.29447222658365,320.7608511126817,2038100
2023-11-30,325.0821533203125,328.1469917121009,323.70201313524115,325.2153920084659,1903600
2023-12-01,331.6401062011719,332.0779609756561,324.01610590173925,325.00597023800526,3623300
2023-12-04,332.55389404296875,333.6008649039528,328.6514556842308,329.6127668773356,2178100
2023-12-05,325.2820129394531,330.11720901240693,324.13032762519606,329.89831066621304,2429700
2023-12-06,325.4914245605469,330.27904178535283,325.1392584718727,326.95722440653554,1869300
2023-12-07,328.01373291015625,328.0803667795585,325.5199879424482,327.1475797489942,2162400
2023-12-08,333.9244384765625,335.3141059395582,327.21417052588157,327.7186300975936,2238800
2023-12-11,334.8096618652344,336.018453599472,332.2302284017291,334.50507481428605,1636000
2023-12-12,335.6186828613281,336.94171653832797,332.7346913647029,334.4765249792408,1597600
2023-12-13,345.25103759765625,345.36525047627356,334.65735740061615,335.9327829568744,2876500
2023-12-14,364.9916076660156,367.5900667258478,347.41162639583087,348.8393454084164,5376300
2023-12-15,362.1742858886719,367.3045416071684,361.0416263702336,361.8696988314235,4522300
2023-12-18,358.26226806640625,364.3158114967053,357.7958891728246,362.8880925519292,2740900
2023-12-19,364.0207824707031,365.27715317186653,356.5014388258977,357.89110629601674,2091800
2023-12-20,359.3283386230469,366.57164874894937,359.0713596376886,362.38367846185014,1836500
2023-12-21,362.23138427734375,363.1070357386884,358.84293322009904,361.7364230585647,1301600
2023-12-22,362.3075256347656,365.0106704199794,361.1272870932412,363.59247868559794,1538200
2023-12-26,363.22119140625,364.1730040037941,361.7363660778424,362.3074594457719,837300
2023-12-27,365.9530029296875,367.161794752307,361.98393069568056,362.8310580467529,1367200
2023-12-28,367.78997802734375,369.0749310835357,365.14393967361696,365.99103793927077,1024700
2023-12-29,367.1807861328125,368.00888760681704,365.0868155565203,366.9904410151601,881300
2024-01-02,369.5888366699219,370.3883848492788,363.773275379309,364.5442412943163,2263100
2024-01-03,363.3925476074219,366.8285772162884,358.60493130012964,365.3818324936629,2265300
2024-01-04,364.49676513671875,368.43725547570267,363.544952227676,365.0678296445245,1618300
2024-01-05,367.8185119628906,370.7025033592506,362.7167806498035,363.5163289005937,2913900
2024-01-08,370.12188720703125,370.3312871711877,363.62101898979836,367.3711634997694,1902600
2024-01-09,365.24859619140625,367.35212317219305,363.3735240105848,366.06717021783,1708800
2024-01-10,363.55438232421875,364.59185471458056,360.28967163064624,362.9737905013178,1547300
2024-01-11,361.45086669921875,362.621606757304,356.6251694207191,362.53594710139794,2209900
2024-01-12,359.5472717285156,367.256960929054,358.43363801355173,364.8679015955202,2223800
2024-01-16,362.11712646484375,366.45738973103624,356.28251039924726,360.12781250807393,3926600
2024-01-17,359.0047302246094,361.8792233529377,356.101712922352,357.1201595479123,2415100
2024-01-18,358.7477111816406,363.24979549546117,356.510945633611,362.00289419450326,1771200
2024-01-19,363.7828674316406,364.8298382845363,354.1409990233008,358.57645020148084,2603300
2024-01-22,367.3616027832031,373.80539302295665,366.0290708807117,367.7423220343411,2922700
2024-01-23,362.42169189453125,364.88688316974293,360.3848279301665,361.66978081569056,3313300
2024-01-24,361.1177062988281,366.07664197189416,360.9083063581815,363.41157822458825,2235800
2024-01-25,364.25872802734375,368.07547716170075,363.6019749475805,364.2492006053994,2376300
2024-01-26,359.5852966308594,362.5454199265136,358.5954033762317,360.4038415387325,3464700
2024-01-29,362.22186279296875,362.4883692047496,356.2063991590348,357.77691345572873,1632300
2024-01-30,368.227783203125,369.2272039896821,363.2022131916105,365.49608533783663,3897900
2024-01-31,365.505615234375,374.9285554388753,365.2105556122466,367.39971326939644,3421100
2024-02-01,365.353271484375,370.7690874897582,360.5466004371516,365.90531001042655,2138500
2024-02-02,369.1700744628906,370.0076743195016,362.25993373988933,363.4020915967974,2180900
2024-02-05,364.5633239746094,366.76200919336986,362.64067259781626,366.0672044475148,2231100
2024-02-06,366.43841552734375,368.1802492887412,364.54431727311294,364.56334307296146,1487800
2024-02-07,368.02789306640625,368.41813974950384,364.0683488456067,366.74294014343,1963200
2024-02-08,366.4859619140625,369.4080047617327,362.96424338431285,367.3996939523853,1913700
2024-02-09,365.7436218261719,367.52350724119225,364.1540815564715,366.2290266367079,2028200
2024-02-12,373.7197570800781,377.25097410746747,365.8006683471186,366.4478940198171,2797200
2024-02-13,360.4990539550781,370.4074274781391,357.1201305467156,368.9130745934304,3030800
2024-02-14,359.82330322265625,363.0975414344399,357.67219709419993,362.5264479701483,2041300
2024-02-15,366.8476867675781,368.5514106942521,360.8703037962078,361.1368102071471,2218900
2024-02-16,365.91485595703125,368.90353256106357,362.59303911749095,364.7726691630088,2376800
2024-02-20,365.99102783203125,366.9999470223295,362.4978913091174,362.59307839343273,2358900
2024-02-21,369.560302734375,369.9315236260889,362.88811552863484,363.4401541082141,1772500
2024-02-22,371.6542663574219,376.5370696334001,370.25510067627613,370.47402803077375,2326800
2024-02-23,372.2063293457031,377.6697537700602,370.45499753566764,371.206937670781,2247400
2024-02-26,371.4163818359375,376.97496495051155,370.0838497617281,372.20637365767647,1797800
2024-02-27,371.9779357910156,376.8226591675421,370.5692424743616,373.3580758872586,1724900
2024-02-28,376.8857421875,376.96244319176066,370.9618621078598,371.14399042690144,2572900
2024-02-29,372.9268798828125,379.56970730372046,369.6869792693687,378.841194054863,3139100
2024-03-01,372.01629638671875,374.8344587222487,369.284400744783,373.4828886835465,1697700
2024-03-04,375.9942932128906,380.135269887318,370.19503028321844,372.6968520743128,1955100
2024-03-05,374.7098083496094,381.0171053855988,374.13466785703895,374.5276800394144,2697800
2024-03-06,373.4254150390625,378.9083674987146,368.58468000269875,378.6303775117642,2692400
2024-03-07,372.33258056640625,378.1606280798199,371.01936112670256,375.6587771357618,2033100
2024-03-08,370.9522399902344,379.22459773382127,370.68384500071073,372.6201503027869,1657200
2024-03-11,370.15667724609375,370.3963166920072,365.6131227124906,369.68699329301927,1654200
2024-03-12,372.0929260253906,373.0035675539182,367.87527793860687,371.5561360463196,1703900
2024-03-13,376.05181884765625,378.8699811998462,372.09297034087206,372.7927280857571,2370600
2024-03-14,372.505126953125,379.9531396677188,369.47611009369666,378.08394028499276,3029500
2024-03-15,371.16314697265625,374.92070631286185,370.38671751700593,372.75435638566574,3763900
2024-03-18,368.44085693359375,372.9077397922773,367.5206496363252,372.54348314779156,2069000
2024-03-19,372.55303955078125,374.5851771962789,367.80816723007234,368.1532632138913,1858200
2024-03-20,380.0394287109375,380.0681842760771,370.00332693711414,370.3483937187897,2157400
2024-03-21,396.5649719238281,396.8621225260841,382.5508604135348,383.2026727505566,4613800
2024-03-22,389.9604797363281,399.48854632805273,388.9635714628754,397.22633477516325,2190300
2024-03-25,388.1583557128906,393.44958366315996,387.12309701973095,390.00836504526717,1683900
2024-03-26,389.34698486328125,392.36643596389933,387.7557754675487,389.2607181750192,1407000
2024-03-27,398.0411376953125,398.2711822128956,391.4462551645383,392.6444524483893,2353600
2024-03-28,400.3800048828125,401.8274365038718,397.7823214676612,398.96132882528394,2409700
2024-04-01,396.37322998046875,400.62922878886246,394.9257983972718,399.4118417078939,1863900
2024-04-02,393.1524353027344,396.04729828223356,390.72728548877495,393.71798083610804,1976000
2024-04-03,396.84295654296875,399.3639684111276,393.9672829448313,393.9672829448313,1549200
2024-04-04,389.4140930175781,401.63570455228364,388.8868979466374,400.6771467848557,1704700
2024-04-05,391.1587219238281,392.1843858782437,384.83223405212954,389.71129016110837,1694900
2024-04-08,393.5263671875,395.43388804143035,390.66025918379586,392.14604147572294,1181900
2024-04-09,393.6892395019531,396.095228779863,390.1809146783828,394.456103242353,1247200
2024-04-10,384.1516418457031,388.64728036807026,380.82544503549923,387.26695476509514,1903300
2024-04-11,381.0075988769531,384.83223547935575,378.4769920177424,383.8832725335843,2176200
2024-04-12,373.3486633300781,377.75803500359484,371.0768860539321,376.5598377690991,2815800
2024-04-15,384.26666259765625,395.75976146969555,382.1674186368957,390.1330317608752,6177000
2024-04-16,380.4132080078125,388.187126436603,378.8028380365053,387.68868694630146,3459700
2024-04-17,387.1710510253906,390.24801310649025,384.55417792667,385.72361951165,4373800
2024-04-18,386.4042053222656,390.95735469086793,385.73323244071474,388.68557747583367,2776300
2024-04-19,387.2573547363281,391.09158597134126,386.30839186657846,387.3148658646243,2805500
2024-04-22,400.0541076660156,400.6580037664898,387.80374003008876,390.0755173582628,4165600
2024-04-23,406.428466796875,407.7225255488049,398.9517284012839,400.39913064345086,2662300
2024-04-24,405.5082702636719,406.9844281057166,402.2203950178115,404.0320831687668,1575900
2024-04-25,402.6422119140625,406.0546755090081,397.65772866159307,403.54325863043323,1970100
2024-04-26,409.8505859375,410.77079328043556,402.2492292263766,402.8147748461424,2322700
2024-04-29,412.9562683105469,415.3718233467969,409.4958888210151,409.85055051353095,2453000
2024-04-30,409.0262145996094,413.51228759848755,408.3456467125571,410.742041352889,1829900
2024-05-01,409.2562561035156,415.46769179959557,407.569185048846,409.0070217196589,2310100
2024-05-02,414.6433410644531,415.6785705834829,410.425692732367,413.33012160167414,2087500
2024-05-03,420.02081298828125,423.9700660978573,416.8959347259761,416.9726064719999,2406300
2024-05-06,425.2833557128906,425.96392356603513,421.45869016552865,423.4429118495515,1914300
2024-05-07,425.4079284667969,428.8779321816251,424.51647675752383,426.7211771897868,2058200
2024-05-08,428.42742919921875,429.45306383408143,423.7304724805829,424.4493908453296,2006700
2024-05-09,436.68060302734375,437.5145436596211,427.8426986578943,427.8426986578943,2710200
2024-05-10,435.8849792480469,439.73837089906425,435.491967057445,437.6007765705303,1823900
2024-05-13,434.7634582519531,438.25262256353466,434.533413748899,437.36114160847706,1579600
2024-05-14,439.4700012207031,442.63323029903523,435.19484157015063,435.9904316828201,2412900
2024-05-15,446.774169921875,446.8700315456738,441.8471983895113,442.46066012667455,2217700
2024-05-16,445.269287109375,448.84471846232714,443.12212686141686,445.1255092807822,2070300
2024-05-17,448.336669921875,449.2377166233173,445.0104730779201,447.0522059385742,1655900
2024-05-20,443.7547302246094,451.94082165758573,443.4288240976764,448.7967533857406,2591500
2024-05-21,450.9151916503906,451.77788784553564,443.0454400685902,443.074195633333,2762600
2024-05-22,443.21795654296875,450.83847343760925,440.69694486956473,447.9915556252705,2729500
2024-05-23,439.1632080078125,445.06792699860455,438.4538846649075,444.99125525323365,2254500
2024-05-24,442.0676574707031,445.9689945457719,440.0738702158896,440.7831935921344,1932200
2024-05-28,440.7544250488281,444.47363370107746,439.89172894718047,440.8790422334953,1930800
2024-05-29,438.2239074707031,439.7288210709762,432.9326493889188,435.9904512868009,2315700
2024-05-30,434.1832275390625,439.61254229199193,431.64695945253175,436.85449053987634,2135000
2024-05-31,440.2489929199219,440.4900825783786,432.1483862817534,433.7299485675768,2638300
2024-06-03,438.7638854980469,442.51522514059855,434.15425257695745,442.51522514059855,1930700
2024-06-04,439.07244873046875,441.3965564347126,433.199508522851,434.44353932866693,1835000
2024-06-05,445.2251281738281,446.5173653310679,441.194115774841,441.2423219390342,1678900
2024-06-06,441.772705078125,447.9638711531898,440.72155767734023,445.36012044653387,1598000
2024-06-07,438.6964111328125,444.72365288944053,438.30102054199074,439.20752005657886,1736100
2024-06-10,437.3847961425781,439.1302827140505,434.2506309442048,436.20827756783945,1698600
2024-06-11,428.4355773925781,435.75505551139304,427.5773135566132,434.9643038394615,1938200
2024-06-12,432.707763671875,441.3291328682215,430.28721389935345,439.3618328652579,1733000
2024-06-13,430.4414978027344,432.341285557898,426.391179620897,430.8079588057443,1849100
2024-06-14,430.5475769042969,432.25451063820043,423.49811716262695,426.2368923386752,1559100
2024-06-17,434.1349792480469,434.71360033635915,427.5870050644884,429.2360501507709,1531600
2024-06-18,441.1265869140625,441.37732959012436,432.5245239109967,433.5467417643221,1798400
2024-06-20,441.7244873046875,444.0003891224128,439.0146417332948,441.6762811420217,2080600
2024-06-21,434.1349792480469,442.44774627946316,433.86495999748666,442.33202794777895,3780800
2024-06-24,445.62054443359375,446.9995704236992,433.9614503329037,435.16689880605065,1882200
2024-06-25,441.07830810546875,447.5394925830866,440.4707575242397,443.08416089392216,1555900
2024-06-26,439.61248779296875,441.6087171151096,436.3240509361595,439.1785440902566,2131700
2024-06-27,430.0653991699219,433.749256480444,427.01802213529305,433.749256480444,2835200
2024-06-28,436.1986999511719,441.039769649783,433.5081311493474,434.0578226283021,3839700
2024-07-01,447.1345520019531,447.481707002658,437.8284965655421,438.3106759086711,1850500
2024-07-02,449.0150146484375,449.65149488583256,443.21923920332756,445.06116774717754,1491800
2024-07-03,451.2427062988281,453.14249399059645,449.21754727548836,452.3227832633053,993900
2024-07-05,448.18572998046875,450.91485229940537,443.7303972551264,450.808786963037,1593800
2024-07-08,448.2532043457031,457.9353442093131,447.5010057598069,450.9823264344357,2214300
2024-07-09,455.9776916503906,462.21709334946314,445.12865673986283,449.0053973830215,4525100
2024-07-10,461.82171630859375,462.75711592266816,453.1039060933922,455.6691035689009,1946000
2024-07-11,462.1495666503906,465.93948875546374,459.2950441025994,462.8921121522085,2251400
2024-07-12,462.7763977050781,466.2095118778748,461.05984061867986,463.7889624369282,2727800
2024-07-15,474.6862487792969,475.4287943135864,459.3336467723925,463.13322204685574,3568200
2024-07-16,485.0916748046875,488.53444222903175,474.4548001321039,476.39317042528586,3981700
2024-07-17,484.2816162109375,491.3214519617885,481.62962994305786,485.0723973612607,3908900
2024-07-18,468.88079833984375,485.73779768231,466.96173409562726,481.7164092710342,3320200
2024-07-19,467.64642333984375,475.043066980417,465.96844874136235,471.6870883535644,2032700
2024-07-22,469.6812744140625,472.0246590164642,465.18735929334633,467.2896542182197,1792500
2024-07-23,474.6091003417969,478.13865650732384,468.9483198152709,469.7197949578372,2020500
2024-07-24,469.3533630371094,478.3122336356576,468.5047227229985,471.8221188073099,1598600
2024-07-25,474.184814453125,478.4279869036688,466.0070714033222,468.7265406068297,1489700
2024-07-26,481.243896484375,486.0367601575689,477.9843595348533,478.05187170360443,2249700
2024-07-29,475.15875244140625,484.1079987307878,473.55791369489316,482.58432515006865,1599500
2024-07-30,487.64727783203125,491.3118291279941,480.53992947656195,480.54958248114826,2642500
2024-07-31,490.8874206542969,498.8241019397289,486.86603264073534,486.86603264073534,2658900
2024-08-01,482.2950134277344,495.6996213755835,477.04890034259336,491.822881007805,4006800
2024-08-02,453.8657531738281,476.8367530409023,450.55798075413566,473.5965222173947,6115500
2024-08-05,442.6599426269531,446.671678556698,421.7815815850199,431.63732918268954,4177200
2024-08-06,453.4607238769531,458.31144669103776,441.1265685494121,444.5789889841831,2209300
2024-08-07,456.1512756347656,471.1373872479669,455.72695549188046,462.3038882767116,2587600
2024-08-08,468.45654296875,470.34670732270206,460.1534281942162,460.8381146715726,1936400
2024-08-09,472.7864990234375,474.4644737202487,465.0137703652573,467.7332394942533,1622700
2024-08-12,468.1961364746094,475.30345519696556,466.5085087942169,472.7864931828422,1839300
2024-08-13,474.4065856933594,475.68916971912523,469.1315428223309,472.81539984353765,1243700
2024-08-14,480.9256286621094,481.5524558440656,470.9927177738406,475.3323313210748,1545600
2024-08-15,481.2342529296875,488.843056962668,480.5013603527814,487.0011283713005,1732300
2024-08-16,486.2875061035156,486.9143333449834,479.28625283170874,479.3344589926329,1587000
2024-08-19,486.6925354003906,489.68205321796336,483.9730368381534,487.00113724360017,1027900
2024-08-20,479.6141357421875,486.19106891194264,478.804077993785,485.91139665824346,2122700
2024-08-21,478.7655029296875,482.93153949826905,476.4221183960697,481.6971615627513,917100
2024-08-22,480.0094909667969,481.8900020001994,477.1549977641487,479.2862220200865,943800
2024-08-23,491.2635803222656,494.175932755001,482.0346612812336,484.83129538854615,1751800
2024-08-26,489.768798828125,495.19814246992706,487.30969616327764,494.0795123891347,1084200
2024-08-27,489.18060302734375,493.2501979139453,488.5344697499207,489.73991812355985,977900
2024-08-28,485.390625,490.2510008227978,480.70385610043417,488.5440966118245,1568100
2024-08-29,491.9193420410156,494.9474128294683,483.2786969742898,487.9654657801393,1566300
2024-08-30,494.97503662109375,495.8868989294896,490.04712571537726,492.6274692815222,1838900
2024-09-03,472.8672790527344,494.4415175203063,470.8689500463276,492.27826464653714,2373600
2024-09-04,475.9521179199219,481.3456702895517,472.1300641725514,472.1300641725514,1509400
2024-09-05,473.2747802734375,480.92856905043465,468.60877528271027,478.80412674109306,1828300
2024-09-06,465.25225830078125,480.5792832266431,462.7786075938459,472.0330240057147,1995600
2024-09-09,473.9440612792969,479.48311709426827,468.9191380761671,470.99505914141514,1714200
2024-09-10,453.1459045410156,474.55521956600285,447.7523522181096,474.4873079955064,3583100
2024-09-11,457.06494140625,457.76338847710457,443.78476655341535,450.09018080829827,2426500
2024-09-12,459.868408203125,460.14002486261364,451.46765277208857,457.1910228424541,1480500
2024-09-13,464.65081787109375,467.667731473988,461.2653049171153,461.7406266728785,1794500
2024-09-16,470.63616943359375,472.7897123117435,465.1358945137254,467.01782070472103,1500300
2024-09-17,470.8592529296875,475.0693260084608,467.3766980518582,473.39110508096064,1444900
2024-09-18,470.0734558105469,478.23169509894876,467.34757917554396,470.8689151513506,1699500
2024-09-19,488.7472229003906,491.250004039472,478.6876662044951,479.9293466629239,3060700
2024-09-20,483.5088806152344,487.02050674661467,480.64721023932924,485.2162023337385,4452600
2024-09-23,482.5194396972656,486.38998479711046,480.39499760084004,483.2954788978969,953200
2024-09-24,483.1111145019531,484.6050208930464,479.30848136607267,482.69399421480205,1035400
2024-09-25,476.4371337890625,486.97201211208676,475.7192664691754,483.5767889200702,1763900
2024-09-26,482.0440979003906,483.4797733223719,477.7370124264536,479.2114986880549,1378100
2024-09-27,483.58648681640625,490.27021062293437,481.0157942098993,484.0327078498242,1420100
2024-09-30,480.2882995605469,481.656093144366,474.2642113286621,480.0749139329433,1602500
2024-10-01,475.4961853027344,479.7741406040969,470.1026033455109,479.7741406040969,1528600
2024-10-02,477.2616271972656,480.0457052615868,473.3425911895356,476.4661974674557,1445100
2024-10-03,471.54803466796875,475.8260197196772,469.7049193079217,475.2633661188636,1290600
2024-10-04,480.3368225097656,481.45239002341293,471.4510340359497,480.80246381810514,1721600
2024-10-07,479.8129577636719,484.07155210657464,476.09762639095106,479.82266787506745,1173300
2024-10-08,481.7045593261719,483.42156149156096,478.02800945596994,482.1216796301484,1296700
2024-10-09,490.05682373046875,491.1141897207473,480.42409729452044,483.28579734817174,1695900
2024-10-10,488.6405334472656,491.6283168944885,484.6341652582187,491.1529951107024,1309000
2024-10-11,500.8438720703125,502.46386185684975,492.59833069271957,492.79235527261363,2409700
2024-10-14,507.100830078125,507.41125758600145,500.0775779354008,502.15352858982834,2174900
2024-10-15,506.741943359375,524.3292051641073,500.0776096482599,522.6703747159445,4525400
2024-10-16,513.9979248046875,520.1675155699202,510.2340730077369,514.1337479291519,2649000
2024-10-17,513.1637573242188,519.2654373960496,512.4167892412901,515.3366907931062,2123500
2024-10-18,512.6787109375,514.8807746784352,511.09750222956785,513.5420819170203,1779200
2024-10-21,502.2990417480469,513.9882991141632,501.52300252191424,512.1937047032316,1752100
2024-10-22,502.7840576171875,504.07425905435014,497.5845298392634,500.1745836169091,1588000
2024-10-23,501.7170104980469,504.4331773034664,498.0307798901207,500.35889749133923,1263200
2024-10-24,508.7984313964844,509.2834632662618,502.6870416788876,503.4630808289331,2058200
2024-10-25,497.2546691894531,512.9697142431803,495.4503647713126,512.2421664092855,1633200
2024-10-28,507.9059753417969,508.8857491650337,499.56339188666425,499.9708612758059,1687100
2024-10-29,508.5850830078125,511.4564339938824,505.4032452894152,505.57784967035224,1281600
2024-10-30,508.70147705078125,514.9001396938545,507.4112756270451,507.7314132571741,1441600
2024-10-31,502.289306640625,509.2834878553837,499.1269484317053,506.800126930542,2061700
2024-11-01,503.8026123046875,510.8744153202688,501.56176728852284,504.4331774597104,1625000
2024-11-04,496.1585693359375,502.5415765820189,495.227316308801,502.4930852300638,1797800
2024-11-05,511.18487548828125,511.66990742066076,497.2547133922624,497.64276262136576,2169900
2024-11-06,578.138671875,580.6899447026176,549.1531574203353,550.3172459574388,8042800
2024-11-07,564.7420043945312,577.1879390535373,564.1114984733024,572.3376202379613,4475600
2024-11-08,571.6198120117188,577.3335020811081,563.8980827441435,568.8648047308463,2714000
2024-11-11,584.3082885742188,588.9742933492633,578.3229519580647,580.9712665441162,2510800
2024-11-12,574.85009765625,584.0657031849375,573.7635717962522,580.1466077827808,2392900
2024-11-13,576.4312744140625,585.4819861143775,574.9083263732972,576.8290337227423,1763100
2024-11-14,570.9892578125,583.5225251488206,568.6902112678276,582.0382990663625,1670500
2024-11-15,575.7716064453125,577.3237439420323,569.5147427373835,575.5970020784299,2007700
2024-11-18,570.3878173828125,577.2558858227179,567.2156897374331,576.9066770566202,1848900
2024-11-19,563.9756469726562,567.2544670637242,558.28137770619,562.3071065958571,2217400
2024-11-20,564.5092163085938,570.2034860404254,559.3581799328618,566.3523611996445,1528600
2024-11-21,578.2647094726562,582.7173283035319,567.0119932341654,568.9521208068704,2281900
2024-11-22,584.7350463867188,585.8602942673859,576.6446887882968,578.3713714478021,1733700
2024-11-25,584.9775390625,592.9999255675878,580.9032596973972,590.5650562171672,2940800
2024-11-26,587.3735961914062,589.0130062848514,575.2477994079338,582.1643586298659,2846500
2024-11-27,587.3056640625,593.9215056608966,585.2200626135563,589.4883074071092,1424500
2024-11-29,590.3516235351562,594.3870621374209,588.8868179976469,591.0694611397142,1170200
2024-12-02,586.5887451171875,596.5323663627692,586.189015303598,592.7206528188045,1804100
2024-12-03,586.949462890625,596.0547109740058,585.7016013324279,593.6565700126491,1718100
2024-12-04,583.6641235351562,589.0941536393175,581.7631161627563,587.8462921533876,1617300
2024-12-05,581.8021240234375,591.3168601633115,581.3634208343582,585.4384278338542,1672800
2024-12-06,584.6097412109375,584.9217065946121,579.4331864876277,582.15305100282,1405700
2024-12-09,579.1893920898438,587.8462369563703,578.7994205367802,583.9370012169326,1633200
2024-12-10,570.3280029296875,581.2855279494285,569.0898994706051,575.1730763853852,2600800
2024-12-11,577.6686401367188,578.7897638071195,572.1509052185961,575.2899562936232,2195300
2024-12-12,576.7424926757812,581.3341491392082,573.8178843681659,577.6979051838252,1218400
2024-12-13,570.7666015625,580.0473786615048,570.3766894457013,579.0725091175359,1215000
2024-12-16,571.5953369140625,573.4865864097195,564.1570767456788,573.2233525645477,1713300
2024-12-17,560.238037109375,566.9938760864462,557.9080845577491,566.2432669787604,2314100
2024-12-18,536.4219360351562,564.9075939278612,530.8066782613117,562.9773713810939,3271600
2024-12-19,540.0679321289062,552.7509935469029,539.6877187525012,547.3307216339734,2753300
2024-12-20,551.87353515625,558.5026945765948,539.4732251372437,540.9940189980898,4515900
2024-12-23,556.43603515625,557.2744086359693,547.6816666894213,550.801260952601,1519500
2024-12-24,568.1441650390625,568.1441650390625,557.0014139794696,559.7700694940177,913400
2024-12-26,566.6234130859375,567.9492809033138,562.987168681885,563.6208576939148,1092000
2024-12-27,561.7003173828125,567.3350918140786,556.9916809032111,562.4997175357593,1486000
2024-12-30,559.1363525390625,561.5443109841716,550.8986939131235,553.0142034279968,1265900
2024-12-31,558.229736328125,562.421663037551,556.0655547228214,560.6181783664647,1055800
2025-01-02,560.5206298828125,569.6259362516782,555.4220819655471,564.7515892558051,2219000
2025-01-03,565.5510864257812,567.5105837748371,557.3621582659013,566.399218188609,1422600
2025-01-06,568.7291870117188,578.7313585714302,565.2488954192198,570.2791963462249,2257000
2025-01-07,565.541259765625,573.4962277869889,554.1158183885826,572.3555876911765,2021900
2025-01-08,565.4437866210938,566.5941254099482,558.2784605997717,566.4381129801972,1513400
2025-01-10,545.9269409179688,561.7685708999634,543.9869600588456,561.7685708999634,2817900
2025-01-13,548.8027954101562,551.9613630612263,542.7683508417633,543.8601999186441,1871200
2025-01-14,557.1671752929688,559.1754040158656,550.9962349036363,555.3441146476297,2221900
2025-01-15,590.6929321289062,594.0952172866643,578.0976343940448,582.9719820702172,5119800
2025-01-16,597.5852661132812,601.3385495198871,590.7709375909817,594.6606575113457,3224500
2025-01-17,610.2098388671875,611.2431981938103,597.595024709419,602.2743865752332,3425200
2025-01-21,618.7886352539062,619.4612975654173,593.695504722306,601.3092328707942,5076700
2025-01-22,616.8291015625,619.6269720037142,613.8850364108511,617.5212802627391,2835700
2025-01-23,623.4290771484375,629.3172678092409,618.5449711833269,618.9641579496175,2582700
2025-01-24,620.8944091796875,624.5013787334545,613.1539429592981,614.1677858201797,3183500
2025-01-27,617.3653564453125,619.7342820785885,608.7670007201015,609.2934088048374,3351700
2025-01-28,621.7717895507812,623.0196511403518,615.9323304433784,616.3125438496991,2338000
2025-01-29,621.3623046875,632.6902831166329,620.4166503652731,620.991849530501,1918900
2025-01-30,629.4732055664062,633.1972139452262,624.8913073253813,628.2935921305473,1812800
2025-01-31,624.3064575195312,633.6651810077358,621.4208223517003,633.6651810077358,1995100
2025-02-03,616.4782104492188,622.4346487123976,606.8367369782084,610.2682966001496,2102600
2025-02-04,618.2427368164062,621.6450218756664,613.2806843464527,616.1175284312786,1743400
2025-02-05,629.2296142578125,630.1654510212828,619.5589241935917,621.9668236178107,1908200
2025-02-06,641.6785888671875,642.2927614267813,632.6318306344481,633.6651899487736,2439200
2025-02-07,639.4169311523438,647.1866125346837,636.7457387316255,642.8289744146267,2616700
2025-02-10,634.1818237304688,645.8412237543031,628.0596152954829,642.458455473525,2351600
2025-02-11,630.9745483398438,632.729301602655,627.4260089519784,630.526146434566,2711400
2025-02-12,632.6903686523438,634.1233983997525,623.0488940546596,627.5820614826652,2295800
2025-02-13,632.6416015625,635.6149417671293,624.4137002430078,635.4492306052575,2031800
2025-02-14,643.9500732421875,646.5919911591202,633.9771767258645,633.9771767258645,2246000
2025-02-18,655.2974853515625,655.2974853515625,644.4082104652057,645.9387626123774,2350100
2025-02-19,651.359130859375,654.1764587123846,646.6115207854212,652.2657524246944,1953600
2025-02-20,626.1196899414062,653.4355521690118,615.786037617344,651.2420958102978,3929000
2025-02-21,609.8783569335938,631.2280235379513,607.762906704267,628.5471323182921,3000800
2025-02-24,610.4048461914062,621.2843644004647,599.3497990987757,617.5896301545653,3274100
2025-02-25,599.4569702148438,615.4546118210977,590.7709092641607,612.7347473721853,2885900
2025-02-26,602.2450561523438,607.4703415772934,599.7396347878358,601.1726641687656,2001200
2025-02-27,592.7206420898438,609.517624140227,592.0479797705775,602.0208754811105,2396300
2025-02-28,609.6597290039062,610.9921713392113,591.7507783697217,595.4540268671313,3337200
2025-03-03,592.975341796875,616.0179869338183,586.1761972088201,609.7674739063403,3152300
2025-03-04,569.344970703125,587.822166450767,556.0503855296666,583.8837388007107,4061000
2025-03-05,581.0327758789062,585.0005631899545,565.0734270071978,570.2756503253182,2600600
2025-03-06,556.1482543945312,574.8018468109,553.1601707578232,568.8060663331685,4332300
2025-03-07,548.3106689453125,556.6381491181832,533.8502349835927,556.6381491181832,4069600
2025-03-10,520.8692016601562,535.3786099184239,512.5123608538237,531.293262555328,5272100
2025-03-11,520.643798828125,529.0300579935627,513.560561998096,521.6626688925106,4190500
2025-03-12,524.8370361328125,533.9384610336499,517.8615512971461,532.958757435423,3078100
2025-03-13,514.158203125,527.2176678196953,509.50461139426875,524.7977690256091,2529100
2025-03-14,530.4212646484375,532.5374577702953,516.009863916233,523.151881160697,2808100
2025-03-17,540.1497802734375,545.8516022999823,529.0399157326538,530.2449319614321,2695600
2025-03-18,540.5808715820312,542.5108589377596,535.554987418908,539.1210630148173,2641000
2025-03-19,546.0280151367188,551.5731110439198,533.5465414003166,537.8572610357228,2769800
2025-03-20,551.259521484375,556.9026228358981,540.7962959769058,541.8739458365798,2531300
2025-03-21,553.6697387695312,555.4919732194408,540.0224740104447,544.0588482913987,3565600
2025-03-24,568.3259887695312,570.892807211547,561.4190909038572,563.329524729603,1877700
2025-03-25,574.0474243164062,574.9781545246923,566.4743360145101,572.8227950413855,1875500
2025-03-26,562.2714233398438,580.6115041941084,559.410705825363,576.4477642645851,1944200
2025-03-27,547.575927734375,554.512246071323,541.3352204907443,553.532542456356,2100900
2025-03-28,532.0966186523438,549.1238721385837,526.7964484448669,544.6662326826367,2773100
2025-03-31,535.2022094726562,536.2799192125203,517.8615051658468,522.9853353933047,2455100
2025-04-01,537.3184814453125,540.7572508411492,522.4171673288083,532.2240104809753,1869600
2025-04-02,551.6710815429688,555.8054618912911,528.1386413783804,528.8439992787406,2560700
2025-04-03,500.8538513183594,519.2330693906881,499.21773325201116,514.7656236419192,5193900
2025-04-04,461.25421142578125,482.01413138692186,450.66361877639036,477.1156137915263,8105200
2025-04-07,456.0617980957031,480.0351445802109,430.4621401697546,437.8294999241922,6353800
2025-04-08,452.83856201171875,481.93576850222865,443.63913161182774,478.34024343020695,4240900
2025-04-09,506.3793640136719,511.40524795835057,438.03523548538374,442.19897553102163,7024100
2025-04-10,479.8587646484375,492.88883920000785,464.37946123326657,492.88883920000785,5374500
2025-04-11,484.40460205078125,488.40177918481595,468.8664889578371,477.1156056020901,3770200
2025-04-14,493.7510070800781,501.6082188066342,487.0596150745012,499.6488117019208,4392600
2025-04-15,497.5816345214844,508.1232539513384,496.7096840386143,497.1113660691094,2501200
2025-04-16,488.9210510253906,499.1099919964153,482.6901507175,491.5368726931017,2765600
2025-04-17,499.149169921875,504.38081337583486,488.9896485297925,493.0260225160219,2593500
2025-04-21,491.18414306640625,498.93360150733247,484.6397307199707,495.14215366377556,2859300
2025-04-22,509.4360656738281,510.42557587778464,498.6005462437857,499.87417886338756,2514600
2025-04-23,518.5668334960938,540.5905480348376,517.5381568273726,522.799159598251,3048100
2025-04-24,534.3009033203125,535.7410985872054,512.7963991211245,516.401700895124,2223600
2025-04-25,533.8012084960938,537.9453947595002,530.2350735797525,533.5464760311618,1612700
2025-04-28,535.3099975585938,543.245571711949,531.4597103177337,533.801215951801,1459700
2025-04-29,537.77880859375,539.6990489094413,530.313472983474,532.7529250408633,1695600
2025-04-30,536.4366455078125,538.3666925186566,520.6634428986956,524.8859626394012,2438300
2025-05-01,542.5892333984375,547.0174527793138,534.4282860905905,536.9754913999764,2583000
2025-05-02,554.610107421875,558.2154687925919,548.3400411259042,550.1818884231614,2883000
2025-05-05,548.202880859375,555.0608052691946,546.1846940677681,547.0272247155634,2197200
2025-05-06,538.2099609375,546.1259828507382,535.956654593358,538.4450802365252,2902500
2025-05-07,540.718017578125,544.1078137075687,536.6228635283985,539.0427626192707,1954900
2025-05-08,554.2183227539062,560.54716956066,546.8803525655314,547.4779573934482,1994600
2025-05-09,555.58984375,560.4883613630184,554.2966877209578,558.6759337647446,1522500
2025-05-12,579.337890625,591.1236925672272,576.1440476661913,584.1580150739368,3527700
2025-05-13,591.5548095703125,595.3756774077259,581.0229962041985,581.2581154933266,2765800
2025-05-14,599.1866455078125,602.5176613754227,590.271367445028,591.5449700545175,2874400
2025-05-15,603.3994750976562,606.6422916429715,597.3546607928137,597.3546607928137,2428100
2025-05-16,606.4659423828125,608.1901704733003,601.106932648198,604.428142171412,2021800
2025-05-19,599.8724365234375,606.8087539936057,586.1958140372361,596.8255730127611,2842100
2025-05-20,594.2098388671875,599.137716816893,590.7710697085598,595.414855144656,1601600
2025-05-21,581.4149169921875,597.4918266750966,579.9845282168542,589.5856114881987,2635900
2025-05-22,586.0880126953125,589.9774667310387,580.4841373103926,580.5233039241739,1939600
2025-05-23,586.3917236328125,589.7423527262966,570.6773006906964,573.126559491944,1530600
2025-05-27,603.2328491210938,605.1334764044046,592.6716759214373,593.6024062553914,2364700
2025-05-28,596.0908203125,606.0740017106843,594.9837505359403,604.7514258590072,2001900
2025-05-29,592.58349609375,597.6191868719618,586.1566429677683,596.1692447009442,1736100
2025-05-30,591.1951904296875,594.2966029732465,584.6772302425206,590.7521143250611,2129500
2025-06-02,589.4918823242188,589.9349584799718,583.0428496842296,589.3737366952739,1221200
2025-06-03,594.5231323242188,596.974744121744,584.5787684492633,590.7521476221277,1730300
2025-06-04,589.974365234375,596.984619478631,589.4918671517792,596.1476845183231,1294900
2025-06-05,596.5415649414062,600.3223452961132,583.7616451564074,590.7521886847421,2086700
2025-06-06,604.5363159179688,611.8025715585422,600.5979685829983,603.5517290842262,1675900
2025-06-09,604.0637817382812,609.5577334416066,601.5924589729998,605.274804410345,1610700
2025-06-10,605.3928833007812,607.0469819199886,599.9185830749248,603.5517107850583,1376400
2025-06-11,614.5496215820312,620.1322728731088,605.1173218409715,607.6673683961782,2063600
2025-06-12,615.47509765625,616.3612498968458,606.308596095197,611.4284599526529,1634700
2025-06-13,604.0834350585938,610.5620337949908,600.1943648143176,606.5547578338828,1674800
2025-06-16,618.1728515625,622.5247688611436,608.4746947853217,609.4592816700876,1870400
2025-06-17,615.0123901367188,621.9340049577902,613.3976531599939,615.0714629483347,1479300
2025-06-18,625.448974609375,630.0174722616828,614.0376460571571,614.884376371027,2423100
2025-06-20,630.9232788085938,632.7349451613767,626.8766410382121,628.9836714445967,4115400
2025-06-23,636.9096069335938,637.4412622491891,620.2996300013093,629.4070592303253,2020800
2025-06-24,651.9048461914062,653.5392941691196,643.1715648174388,644.3629366520652,2307800
2025-06-25,659.5452270507812,659.7913737777053,650.605161102465,654.3564348170102,1566400
2025-06-26,676.5687255859375,678.7053224832028,660.1753893257218,660.2836794649148,2849500
2025-06-27,680.1624755859375,683.5002396074524,674.8260314018148,680.3495495011543,3650500
2025-06-30,696.8414306640625,703.2904633231717,692.1154252089973,703.2609569630578,3976400
2025-07-01,695.5712890625,702.0203212947517,689.8114195907149,697.0875312677084,3301000
2025-07-02,704.85595703125,707.6521502805656,694.2125746418338,697.8752092036066,2906500
2025-07-03,712.5258178710938,714.8100666176202,702.4042961107822,704.8755586717094,1502000
2025-07-07,699.9723510742188,712.8113424964284,695.4531308982602,710.5763711184853,2863700
2025-07-08,686.5328369140625,700.2284153374733,683.0769270059292,699.7656282086818,3100700
2025-07-09,685.8238525390625,693.4839675097055,684.002390801527,693.4839675097055,1763400
2025-07-10,698.1902465820312,699.4308356713462,685.7155475844797,686.0010561469354,1733500
2025-07-11,694.0845336914062,695.1183378974417,689.437252364583,692.7455099560763,1681800
2025-07-14,702.3058471679688,702.43384827679,691.3080279547069,693.87778542673,1909300
2025-07-15,691.68212890625,703.674389723797,689.250168097933,702.3057995572841,1981200
2025-07-16,697.8948974609375,698.8401225240623,680.6449156490067,697.5798224398959,3323200
2025-07-17,694.9608764648438,706.3919164862083,693.4249232327309,695.394097124897,2046100
2025-07-18,697.3435668945312,699.3422471656058,687.6256984488332,696.1620505287476,1925200
2025-07-21,695.118408203125,701.7742258061262,693.4938156476018,698.210025744423,2006500
2025-07-22,689.6144409179688,695.6007457207976,681.2159464370237,692.8143481421923,1978900
2025-07-23,706.4608154296875,707.9278403032882,690.6877139786087,691.1800074311951,2395700
2025-07-24,708.09521484375,714.5836690966103,703.7137910251154,707.8490681134268,1974700
2025-07-25,717.744140625,718.6401483587367,707.2779770486727,709.6508651354819,1851400
2025-07-28,712.496337890625,721.2296189310298,711.039108406921,716.7792668899069,1464800
2025-07-29,720.6979370117188,722.8148229936925,711.2852881659082,715.6470011465939,2136000
2025-07-30,719.4868774414062,726.5069868485589,712.0335473943167,719.8708807552081,1816200
2025-07-31,712.437255859375,722.726140808645,709.3357831107836,715.3910165363516,2358100
2025-08-01,698.63330078125,703.5070177244826,683.3524935862071,699.5588148272263,2999100
2025-08-04,714.8396606445312,715.5878962142385,704.1765676196106,704.1765676196106,1753700
2025-08-05,709.7985229492188,718.1577162956371,703.5365646233728,716.7792705836714,1977300
2025-08-06,713.5695190429688,717.0746460953043,710.8717604811801,713.3332277958657,1477100
2025-08-07,708.6465454101562,721.6431041352571,706.5493705659179,719.3588553816224,1400400
2025-08-08,710.1530151367188,716.7792657672387,707.5734022570327,714.6722353710325,1275400
2025-08-11,708.1542358398438,712.6833714030436,704.7081818674669,711.0686345476138,1273500
2025-08-12,731.9222412109375,736.6088846408902,713.1855229755927,714.1012417090595,2418100
2025-08-13,733.2120361328125,737.3669640914466,721.3280647926376,734.2852623175571,1862600
2025-08-14,735.683349609375,736.6285145805427,725.6405511298079,731.2723593977347,1371200
2025-08-15,719.4573364257812,737.5048317739765,717.9410941796019,737.4556144461012,1645900
2025-08-18,719.6936645507812,720.3336099813487,712.7129169640594,718.2561460378126,1157800
2025-08-19,710.2613525390625,718.7484874046986,706.6675860642712,717.9214079091541,1856400
2025-08-20,709.5720825195312,711.11789116961,694.6752778595776,710.0840869396483,1872700
2025-08-21,704.9151000976562,708.1346588395905,701.980989867606,705.4959727957345,1162000
2025-08-22,730.4552612304688,733.3598048889263,707.5045407466342,709.0404940573436,1948600
2025-08-25,727.4028930664062,734.9940792699475,726.9500215784518,730.4551483403834,1381200
2025-08-26,737.4063720703125,737.6130968592502,722.548929281649,726.3396249099626,1511600
2025-08-27,738.115234375,741.3939255334765,733.53694140943,734.4722508760722,1534800
2025-08-28,739.641357421875,741.7188814954629,735.4765739792225,739.4149216604194,1411200
2025-08-29,737.6913452148438,741.3241055367608,731.4057738870052,739.1365589995496,1467000
2025-09-02,723.4373779296875,728.9212275115252,713.8456556987015,728.9212275115252,2296400
2025-09-03,723.1503295898438,724.5955433631999,714.9740965571174,721.1706144890813,1485600
2025-09-04,741.3043212890625,741.3141691147367,723.7541063671663,726.3079556866361,1778200
2025-09-05,730.7227783203125,749.6686062892219,719.7749560154416,744.5609678123635,1822800
2025-09-08,734.3258056640625,735.9986673547024,726.1298164954208,731.9204590466531,1400100
2025-09-09,756.1719970703125,757.8547670650672,731.0494064754442,732.623306634614,2611300
2025-09-10,761.7745971679688,766.6149547152107,753.9052174907355,754.1328653961489,1996200
2025-09-11,776.7709350585938,785.1253356186334,763.5266355382638,764.1700671446625,2075700
2025-09-12,772.1483154296875,779.0476543036837,768.3868686407516,775.5534279832335,1099400
2025-09-15,778.7803344726562,784.3433290615676,773.5142850650532,775.0089796297665,1292000
2025-09-16,777.5628051757812,781.9973475236175,771.7820106871163,781.5222352480945,1529500
2025-09-17,786.1646728515625,790.4705896545446,777.2658627079581,780.8590506236679,1945300
2025-09-18,796.15234375,799.092252164196,784.3631666145668,787.500998210878,1501600
2025-09-19,796.8353271484375,801.4480367448667,789.2827092143505,795.934583361706,3789800
2025-09-22,797.3896484375,797.8549129040555,789.4509715247103,793.0144949672299,1151000
2025-09-23,798.1419677734375,816.8799644335024,793.8657757960242,798.9140252661877,1758800
2025-09-24,784.3928833007812,804.5959115890137,784.3038299461056,801.339241283423,1402500
2025-09-25,786.69921875,790.084514751936,774.0785346242089,778.0280566958198,1413100
2025-09-26,794.37060546875,801.2897001929675,787.0654517936772,789.0748312375732,1376200
2025-09-29,795.9642944335938,800.6364537569267,789.8964624669092,799.6069631789122,1059000
2025-09-30,788.2730102539062,801.4084388502719,778.4734570758554,797.330230709602,2463900
2025-10-01,777.5430297851562,788.2038151514331,775.286125524929,785.5707601811681,1788900
2025-10-02,771.4752197265625,782.977360184479,764.6056055783373,780.8788669095619,1553700
2025-10-03,781.9677124023438,786.8576115186179,769.9706427418049,775.058525467603,1470500
2025-10-06,788.69873046875,794.3606866749744,772.1383725159228,786.9367550238064,1632600
2025-10-07,781.6410522460938,797.1521034103881,773.4648190729778,789.9063387672514,1547200
2025-10-08,768.6343383789062,786.9367958252964,766.4863642929768,783.7197586096584,1939300
2025-10-09,772.04931640625,774.9693478457046,763.526596984965,770.9505286095654,1575000
2025-10-10,756.6074829101562,783.6305812451845,756.2511487012102,775.1772197359413,2457900
2025-10-13,778.8001708984375,783.0268216555226,769.99041432535,769.99041432535,2766000
2025-10-14,762.942626953125,778.5922726491231,734.9296699289606,756.6966281306313,4710800
2025-10-15,760.1412963867188,774.5536198083014,754.924727797557,770.7228759469515,3217400
2025-10-16,750.401123046875,773.5142722535526,744.778679098715,762.8435790584349,3160900
2025-10-17,743.1553955078125,751.242515029021,732.5045182684236,750.4605492897394,2884700
2025-10-20,755.5780639648438,758.6465981694845,745.243948840418,749.3221570680545,1925400
2025-10-21,751.2821044921875,757.5380117955826,750.5793442600891,751.3019209774118,1782200
2025-10-22,737.0479125976562,752.8955417479746,735.5730345046603,752.8955417479746,2141400
2025-10-23,743.165283203125,747.3424530802112,737.1072993913618,741.7398859090825,1615400
2025-10-24,775.9295654296875,776.6521421306636,748.3323312380431,752.1432587584587,2505600
2025-10-27,781.9776000976562,788.6294746229553,779.0278437664405,780.9976507347953,1645300
2025-10-28,784.0563354492188,790.2627015379095,779.3643596608299,784.0167024787808,1242000
2025-10-29,775.1178588867188,792.371068915816,770.9208724968944,780.0077576520958,2251500
2025-10-30,782.1458129882812,798.9536352243214,772.6827772527763,775.612777342572,1829500
2025-10-31,781.3638916015625,783.6900328032232,775.0585035008789,777.0184022225524,1328100
2025-11-03,777.5529174804688,787.9266052108942,773.51428178348,781.5618284513977,1569100
2025-11-04,782.80908203125,797.8252045097928,765.1599045732876,769.1193348686215,2046000
2025-11-05,785.046142578125,789.2727931887977,767.7137273950574,782.4229959320296,1832700
2025-11-06,779.592041015625,790.1043235638498,769.1193310203553,785.9469096913283,1572500
2025-11-07,778.3646240234375,779.0772924703011,755.0633382836648,775.0584731741906,2098400
2025-11-10,789.1144409179688,798.1815093776883,780.7996134371599,788.0058053093421,1698200
2025-11-11,802.0914916992188,803.764353422864,787.5405732178239,790.3814596337019,1521500
2025-11-12,830.4608154296875,831.4803977743123,805.8727860713855,805.8727860713855,2954100
2025-11-13,797.3302612304688,832.7473935782169,796.8551489368201,824.6107330528209,2557400
2025-11-14,782.8882446289062,792.4898753928338,770.1092096482948,787.4811983739766,2552000
2025-11-17,767.6939697265625,788.6492385265285,762.6852926096511,781.9875161085326,1850600
2025-11-18,768.4263916015625,779.7107916562021,758.7653724026347,764.2294053237583,1673500
2025-11-19,778.0181274414062,779.8790644720043,767.1396026141396,768.4264053482058,1521100
2025-11-20,765.852783203125,807.7237446475908,764.3580886659374,787.1842008958291,2599000
2025-11-21,766.1795043945312,772.4551677231206,746.3526277375256,768.9510935814214,2284700
2025-11-24,782.6903076171875,785.9370090581717,767.4959575380956,770.7427193951918,2319500
2025-11-25,794.1824951171875,797.0926786515028,770.0992446656658,788.9164458448024,2252900
2025-11-26,807.7337036132812,811.2675024679619,796.8353618547518,797.666868815429,1862500
2025-11-28,817.6619262695312,822.1460100662814,810.6438699235587,811.6832082899759,868300
2025-12-01,802.6359252929688,816.3652454787048,801.3986032833234,810.2875656835731,2133200
2025-12-02,810.9422607421875,815.4087451244128,804.0684017507073,806.8736458634792,2254200
2025-12-03,832.1904296875,833.5233805726734,808.6940890182235,808.6940890182235,2347900
2025-12-04,833.4437866210938,839.5715109068564,830.131202927193,831.1657364333125,1670800
2025-12-05,850.086181640625,851.7176104394313,832.1406470006258,832.8767632178467,2277500
2025-12-08,862.1527099609375,866.002444893174,851.8170890809796,856.5919479945819,2238100
2025-12-09,871.990966796875,879.0935414994099,859.7851829721512,861.4663379540585,2274800
2025-12-10,884.5846557617188,892.5030055591475,864.7192315185519,866.7882986217422,2394300
2025-12-11,906.2606201171875,914.2883187583428,883.3511572446945,885.3207721527939,2683000
2025-12-12,883.3114013671875,910.1998631823126,882.3464479088005,908.9663645061288,2715200
2025-12-15,884.932861328125,899.7349059644096,884.932861328125,887.3302178250863,1976600
2025-12-16,874.5474853515625,891.5479815329278,869.7427544378107,885.5694354583045,2161600
2025-12-17,867.76318359375,891.2793770131915,863.8935340007946,881.6898906109421,2213300
2025-12-18,871.71240234375,888.1160645622505,870.1208029130325,875.890426743916,2066300
2025-12-19,888.8024291992188,895.0396238900029,877.3328226902636,878.5464065961062,4808300
2025-12-22,894.2935791015625,900.7396357488446,890.155384137837,891.8265817606277,1442300
2025-12-23,896.9893798828125,901.1773007871378,889.0213042072145,895.6364536256929,1210200
2025-12-24,906.0119018554688,907.1061188349288,893.9951262280264,896.4422087460688,771800
2025-12-26,902.2914428710938,908.5385949623098,900.5705191950701,906.230733339062,995300
2025-12-29,887.50927734375,901.7344022471889,886.8925280073729,901.7045908744618,1578000
2025-12-30,879.7898559570312,890.3343991290716,876.5668277615088,890.0558358451997,1833300
2025-12-31,874.3982543945312,881.3616079562624,872.1998023409884,879.4715305603999,1221500
2026-01-02,909.5532836914062,909.6527358862218,876.1391069865473,879.3720926211839,2817600
2026-01-05,943.4747314453125,956.6553650747156,907.8223342189048,909.6129594353993,3742000
2026-01-06,950.4678955078125,953.5517028210658,938.3118987800251,944.4396232408563,1966000
2026-01-07,936.0935668945312,953.2333445185499,929.1102987532748,951.8705216356584,2683300
2026-01-08,929.9359741210938,940.2417226461324,927.1207727998783,930.582534797213,1960800
2026-01-09,934.064208984375,941.1867587740012,927.8171177696071,933.8553472396276,1334100
2026-01-12,944.5789184570312,945.5836406352312,924.2459231986793,929.1103377184415,2179600
2026-01-13,933.2386474609375,944.9669029227485,926.1260546561141,942.360623931235,1969600
2026-01-14,927.7872924804688,933.2386450089649,913.0946572994995,927.4192343524101,2513000
2026-01-15,970.7511596679688,976.1229138549161,919.8291473103261,920.0579845001288,3773700
2026-01-16,956.9637451171875,979.5449183976932,951.9899210781169,967.9061580031429,3071600
2026-01-20,938.4312744140625,957.5605822907719,934.1836092442728,941.4255262081355,2629100
2026-01-21,948.0208129882812,963.84749426187,938.51086391661,939.0579724141925,2251300
2026-01-22,949.6522216796875,965.8668754534046,945.8322982089436,955.0338724255563,2468300
2026-01-23,914.0695190429688,932.2836607950206,912.2490823893633,929.1899567211183,3872600
2026-01-26,926.9815063476562,928.851669017591,913.174166149946,913.601907725483,2655900
2026-01-27,924.8527221679688,928.5135101466446,915.5716100839081,919.162696523467,2012500
2026-01-28,931.9056396484375,932.2637404161344,917.9292059047953,927.6281630148297,1674100
2026-01-29,935.1983032226562,950.3784241796568,920.2867881976362,932.3930591278786,2335400
2026-01-30,930.512939453125,942.0422905048018,918.3370276937301,929.06062166473,1893700
2026-02-02,941.3757934570312,944.4694974240364,907.3050989385857,927.2501211047988,1802000
2026-02-03,934.07421875,959.4506792979803,914.2485629582093,944.5292068361143,2321900
2026-02-04,908.5186767578125,939.2171038147529,889.1207632205649,932.2139815030331,3561900
2026-02-05,885.7484741210938,906.0616144851566,872.1301419607223,896.9495351708357,3214300
2026-02-06,923.8878173828125,926.8920265383226,902.4804592404039,903.1171232906197,2473200
2026-02-09,938.679931640625,944.0317709845947,922.2563554994069,924.13647549493,2322600
2026-02-10,944.0218505859375,956.7946575053014,925.0616356705164,940.7490962073659,3324900
2026-02-11,939.6448974609375,963.0616387040892,926.4045805662264,945.6632122829654,2654300
2026-02-12,899.8145141601562,963.3203275747186,899.2474909216053,951.1642697890875,3188700
2026-02-13,900.4014282226562,901.246954018828,864.4506136759369,889.7275606014595,2623000
2026-02-17,911.2443237304688,916.7254874821182,900.9385749946201,902.9778306874582,2008500
2026-02-18,928.8417358398438,942.7386319457272,915.1637195664599,916.7553797076476,1864900
2026-02-19,911.8511962890625,924.7930355925855,901.7443517198849,920.157458247533,1974200
2026-02-20,917.411865234375,917.5411895136228,895.8553293524825,907.7725920429826,2009100
2026-02-23,887.6386108398438,927.12082971861,879.1234262487357,913.6915043954327,2535900
2026-02-24,897.5464477539062,906.9967132720843,877.0344026127526,880.8045393144852,1971500
2026-02-25,916.556396484375,917.680485565874,902.7689709250694,909.9312289141567,1763600
2026-02-26,924.136474609375,933.4773304045714,916.7155075412168,922.9029760046975,2220300
2026-02-27,855.0700073242188,911.453270280643,849.6783989767948,907.2255197772948,5552300
2026-03-02,861.7000122070312,873.6300048828125,836.0,840.0,2873200
2026-03-03,862.5800170898438,868.3400268554688,824.6400146484375,836.0,3782100
2026-03-04,867.25,878.7999877929688,860.0,869.8400268554688,2081700
2026-03-05,835.4600219726562,866.52001953125,822.2000122070312,862.010009765625,3093700
2026-03-06,821.4199829101562,827.1599731445312,801.3300170898438,816.0,2473000
2026-03-09,832.030029296875,836.6799926757812,795.0,810.0,3258200
2026-03-10,833.8099975585938,846.0900268554688,826.3499755859375,834.6799926757812,1871900
2026-03-11,823.760009765625,832.7999877929688,810.5399780273438,829.9500122070312,2227000
2026-03-12,787.52001953125,807.2100219726562,784.0999755859375,805.3200073242188,3533000
2026-03-13,782.2100219726562,798.0,780.5,789.3599853515625,2567400
2026-03-16,794.77001953125,805.4600219726562,790.0,792.0,2082700
2026-03-17,807.0399780273438,820.4400024414062,803.469970703125,806.2999877929688,1955600
2026-03-18,805.47998046875,816.1900024414062,801.0,801.0,1541300
2026-03-19,809.5,816.1799926757812,790.5900268554688,792.9299926757812,1765900
2026-03-20,813.530029296875,827.22998046875,804.9299926757812,807.0,3918400
2026-03-23,831.27001953125,849.530029296875,829.0,833.0,2190300
2026-03-24,835.719970703125,844.5,818.0,824.9299926757812,1656100
2026-03-25,841.8400268554688,854.75,833.9000244140625,845.010009765625,1628900
2026-03-26,822.6400146484375,844.7999877929688,816.1099853515625,833.7899780273438,2052200
2026-03-27,802.8900146484375,817.0999755859375,797.780029296875,813.6699829101562,2106800
2026-03-30,807.5999755859375,818.6300048828125,801.8800048828125,811.1199951171875,1621400
2026-03-31,845.989990234375,848.5,810.0,823.9000244140625,2689800
2026-04-01,860.2100219726562,870.2000122070312,850.1500244140625,859.9500122070312,1803600
2026-04-02,863.0399780273438,867.2999877929688,831.0,838.3900146484375,1717700
2026-04-06,866.0499877929688,873.2100219726562,859.77001953125,863.0,1444500
2026-04-07,864.1500244140625,867.969970703125,850.0,858.0,1498400
2026-04-08,905.75,918.1199951171875,893.5999755859375,903.010009765625,2439000
2026-04-09,903.719970703125,909.4000244140625,895.2899780273438,902.0,1797800
2026-04-10,907.7999877929688,908.9600219726562,895.0,903.3699951171875,1642700
2026-04-13,890.7899780273438,896.9400024414062,865.3400268554688,875.5499877929688,4236200
2026-04-14,909.6300048828125,914.1900024414062,890.0999755859375,894.4199829101562,2822600
2026-04-15,899.489990234375,927.7899780273438,897.0999755859375,915.0,2403900
2026-04-16,900.0,907.9600219726562,895.8499755859375,897.989990234375,1742100
2026-04-17,925.9500122070312,929.1900024414062,912.219970703125,915.5,2805100
2026-04-20,941.739990234375,941.7999877929688,922.989990234375,923.6799926757812,2374300
2026-04-21,926.5499877929688,952.010009765625,922.5399780273438,944.5,1765400
2026-04-22,934.8400268554688,940.97998046875,931.1500244140625,939.0,1382600
2026-04-23,931.2999877929688,944.3900146484375,920.6900024414062,935.0,1655000
2026-04-24,926.9099731445312,932.9199829101562,919.219970703125,930.489990234375,1263300
2026-04-27,937.8099975585938,941.72998046875,926.0,926.0399780273438,1223000
2026-04-28,926.5499877929688,945.2999877929688,924.239990234375,941.239990234375,1501600
2026-04-29,905.5999755859375,930.0,899.1599731445312,927.5,1725900
2026-04-30,923.77001953125,928.0,905.0,910.4099731445312,1880300
2026-05-01,923.7100219726562,935.780029296875,912.1400146484375,916.4000244140625,1359800
2026-05-04,903.27001953125,925.0,899.0,922.27001953125,1660100
2026-05-05,918.8900146484375,921.75,908.219970703125,909.72998046875,1507200
2026-05-06,937.3499755859375,944.0599975585938,931.3300170898438,935.9299926757812,2318200
2026-05-07,925.8699951171875,945.2899780273438,921.97998046875,937.9299926757812,1715300
2026-05-08,936.47998046875,939.780029296875,927.4600219726562,936.0,1665000
2026-05-11,944.8599853515625,949.780029296875,926.6300048828125,932.6500244140625,2411400
2026-05-12,945.9000244140625,948.5,920.7999877929688,942.1599731445312,2236500
2026-05-13,955.4199829101562,959.5499877929688,933.0800170898438,941.8400268554688,2355200
2026-05-14,968.9600219726562,975.6599731445312,960.5,966.9000244140625,1898000
2026-05-15,948.469970703125,959.5,941.6099853515625,953.6500244140625,1862700
2026-05-18,946.3599853515625,961.6900024414062,938.5499877929688,947.739990234375,1508000
2026-05-19,928.739990234375,939.6400146484375,923.8099975585938,933.219970703125,1767300
2026-05-20,982.1199951171875,982.72998046875,940.5,945.0,3104400
2026-05-21,988.1699829101562,999.5,970.2999877929688,982.2100219726562,2452300
2026-05-22,996.72998046875,1005.3599853515625,990.9000244140625,994.6300048828125,1923500
