Price,Close,High,Low,Open,Volume
Ticker,HD,HD,HD,HD,HD
Date,,,,,
2021-06-28,277.50299072265625,278.3771324176173,274.9335153427854,276.9555473603003,2635400
2021-06-29,280.99957275390625,282.818509567638,278.63319260060274,278.83628772023025,3150100
2021-06-30,281.5735168457031,282.8096835078365,280.5139300230675,280.7346750322489,3061500
2021-07-01,283.9133605957031,284.0458021895578,281.2290941924824,282.4740990675314,2578000
2021-07-02,284.9375915527344,285.308427977855,283.7455634363225,284.7874731306775,2201600
2021-07-06,281.90020751953125,285.9354056988998,279.72805728654873,285.05242568606803,3109500
2021-07-07,285.6263732910156,286.4563766269402,281.00837830040643,281.22028487250276,2939900
2021-07-08,281.2644348144531,282.8449494898024,277.96207154838294,281.7324131001078,3663000
2021-07-09,284.3990173339844,285.4762539829309,282.71252234567567,283.0304091492783,2587400
2021-07-12,284.0899963378906,286.0855398995483,283.02159800857004,283.4984147867316,2521800
2021-07-13,279.9488220214844,285.4586360134647,279.754565327113,284.70809756037494,3213800
2021-07-14,281.8648376464844,282.6065375102078,280.79643953942644,281.4498360260955,3381600
2021-07-15,284.9464111328125,285.16715608856055,280.22246369052317,280.2401405326827,2603900
2021-07-16,283.9133605957031,288.09867663995584,283.789730477167,286.08548357414224,3623700
2021-07-19,281.5558166503906,281.67060835707144,278.0592235399183,280.7787899710834,3752600
2021-07-20,287.2775573730469,287.96628071672825,281.02604368755885,281.22913879461805,4251700
2021-07-21,288.16937255859375,290.0324745820968,286.94204423148693,289.2642862063715,2832600
2021-07-22,288.43426513671875,289.5909668415737,287.25988658523505,289.56447851804313,2208100
2021-07-23,293.8910217285156,294.4296534705685,289.56442568072765,290.91538382709916,2786400
2021-07-26,292.4253234863281,292.76086021330553,288.62852008891656,291.44522857517956,2752000
2021-07-27,288.9640197753906,293.04338273012894,287.9044330835378,292.9639177702013,2910300
2021-07-28,287.42767333984375,290.79182537553055,286.71246161234586,288.22237698943184,2376200
2021-07-29,289.1141357421875,290.11190745640636,287.3570141601203,288.2841323841512,2172400
2021-07-30,289.7852478027344,291.48055454351777,288.1517291910894,288.60205767524195,2381200
2021-08-02,288.9287414550781,291.38342498772425,288.2223681730672,291.38342498772425,2016400
2021-08-03,293.09637451171875,294.04116955034885,289.643919582325,289.9264796409376,2405900
2021-08-04,291.6571044921875,293.0787162207176,290.84477802994996,291.99264118388066,1783700
2021-08-05,294.12945556640625,296.6812807067626,292.34584566286526,293.1140339532695,2284000
2021-08-06,291.2420959472656,296.42518380838294,290.6063493218401,295.52455398336724,2656600
2021-08-09,290.2885437011719,292.3282255582064,289.01705021283686,290.70354542231473,1995300
2021-08-10,292.6902160644531,294.2442425194632,288.8668976271872,290.20904445438185,1868100
2021-08-11,297.5642395019531,298.9328476291106,294.3855063316415,294.73869291802964,3258600
2021-08-12,294.9329528808594,298.5973412265431,293.396576392364,297.8732912011841,2554200
2021-08-13,292.5489501953125,296.50468348655863,292.2487402184884,294.79170007154147,2217000
2021-08-16,295.8424377441406,296.3545812333046,289.5909512106473,292.0103077838925,3496300
2021-08-17,283.2158203125,285.72348014888405,279.5602703677985,283.4365653010522,9322800
2021-08-18,283.9222106933594,289.4938123861548,281.67062245232074,281.9708324213651,4880600
2021-08-19,285.1142272949219,287.1362589738493,280.6110240527769,281.485192547774,2974700
2021-08-20,290.71234130859375,291.100854683994,284.7345761063868,284.88469457041475,2929900
2021-08-23,289.3878479003906,291.8513695715216,289.0699880441984,291.3833912634095,2792700
2021-08-24,286.8802185058594,290.3591621270906,286.535870291712,290.2885355781212,2359500
2021-08-25,285.9796142578125,288.3459945841034,285.2997022990686,286.21800919673956,2586900
2021-08-26,283.8604431152344,286.95968484295173,283.4366029801627,285.38798139337933,2952300
2021-08-27,285.5380554199219,286.12963688581965,282.24453056479973,283.33060558452314,2985400
2021-08-30,288.82281494140625,290.9419619303716,287.1539695092559,287.7720663981447,2926900
2021-08-31,288.0103759765625,289.85580072541836,285.7499495987787,288.734425958336,4183100
2021-09-01,287.2205505371094,289.11972057908883,284.23863988308744,288.9244762679123,3339100
2021-09-02,290.8592224121094,291.2497111281044,287.27386541385323,288.45418783941716,3109000
2021-09-03,293.1666564941406,293.66363722223235,288.5695712175833,288.7204258582084,2774800
2021-09-07,291.9330749511719,295.13682653986933,290.11374640003777,293.77899941800695,2555200
2021-09-08,294.26702880859375,294.5776484488535,290.7615416782648,291.933007535776,2219500
2021-09-09,294.43572998046875,296.17518960432585,293.63701289132774,295.03922979048974,3011900
2021-09-10,294.5954284667969,297.5063265244083,294.1516938416524,296.41472959652447,3178600
2021-09-13,297.70159912109375,299.2102807398454,295.3054210843388,297.25786445379947,3908700
2021-09-14,295.6338195800781,299.51205675280005,295.01260721359637,298.2163589359603,2857200
2021-09-15,295.85565185546875,297.00937825653756,292.95363684101,295.8467684953065,2875500
2021-09-16,298.53582763671875,299.82264194412727,296.565644596447,297.05374190556483,3043800
2021-09-17,297.8968505859375,301.4289612887287,297.257871566408,297.257871566408,7098400
2021-09-20,293.938720703125,297.64836323101986,291.47155695256043,294.48894737590035,4036600
2021-09-21,296.6099853515625,299.0505258839592,294.6398024566185,295.55389473632505,3171100
2021-09-22,298.1275939941406,300.8521315974176,295.9355434563921,298.05660835766486,2872800
2021-09-23,298.10980224609375,301.3135532732531,297.8346889422872,299.82261141712485,2426600
2021-09-24,299.51202392578125,299.8226436166869,297.7903312105602,298.8819282671433,2004900
2021-09-27,302.9908447265625,305.05863592236767,298.9617272158375,298.9617272158375,2966100
2021-09-28,296.23724365234375,302.955392802024,295.04803803173974,302.955392802024,3304100
2021-09-29,299.0150451660156,300.7456212525465,295.8467730486637,295.8467730486637,2424000
2021-09-30,291.3206787109375,300.5947165703221,290.7615687231471,300.17760491938424,4255000
2021-10-01,292.7406311035156,295.2876909256068,288.05479394982206,291.22306607601564,2814200
2021-10-04,289.7321472167969,293.40625659037596,287.68209499082076,291.53370908457646,2919900
2021-10-05,292.4034118652344,294.80844622594816,289.6078617395277,290.11372577021893,2514300
2021-10-06,293.184326171875,293.4416998357481,288.7824863091331,291.23191008695966,2226800
2021-10-07,299.50323486328125,301.04742322069757,295.4031027733257,295.97109628798364,2789500
2021-10-08,296.7164611816406,297.6660597643952,293.6458252077383,295.52725565513987,2912200
2021-10-11,299.0506286621094,302.5028712819419,296.9473300683071,297.8347996578218,2589100
2021-10-12,299.78717041015625,302.67144613259984,299.4321880456161,300.97640331066424,2960300
2021-10-13,300.2131042480469,301.95253643780677,298.6777726574622,299.3611413302847,2477400
2021-10-14,305.3338928222656,305.617889582917,301.82840429266525,302.2100097053658,2824300
2021-10-15,310.97808837890625,311.45732933450984,306.8424786202338,307.5435868778043,3473500
2021-10-18,315.06048583984375,315.8947091511121,309.7267866635583,309.7267866635583,3487500
2021-10-19,317.705078125,317.79383045829735,314.5368337852193,316.7732463339015,2375600
2021-10-20,317.9181823730469,319.10738815442676,316.1254767983105,317.4833039373818,2574800
2021-10-21,323.5889587402344,323.7930863705384,317.82040994977234,317.8914226400546,2885400
2021-10-22,324.80487060546875,325.7278462328776,321.3969918466663,323.926284691764,2734700
2021-10-25,329.4818115234375,329.83679377346544,324.8048316811531,325.87868887300533,2923400
2021-10-26,327.6536560058594,331.95786017630905,327.54713694641976,331.37215430815735,2989500
2021-10-27,330.4226379394531,332.9341646104519,327.75134618124457,328.248326915318,2840300
2021-10-28,329.75689697265625,331.86019438708445,329.1534244901905,331.0259712740376,2553500
2021-10-29,329.9078063964844,332.93407975292683,328.39024158042605,328.6564715188882,3820200
2021-11-01,325.2397766113281,331.5319310426286,323.6600822542229,331.0260670139282,3380500
2021-11-02,325.9585876464844,327.37854385981524,323.8730294972246,324.99124941627707,2367100
2021-11-03,327.4494934082031,327.7955922933826,324.148107086369,325.3728188468991,2378800
2021-11-04,330.29827880859375,331.2301377142746,327.8399988861382,329.0558273510966,3210000
2021-11-05,326.94366455078125,332.2773633817089,326.20707699388595,331.7448764178482,3090200
2021-11-08,327.1123046875,330.94617854770274,326.45558607490165,328.5588839738784,2357200
2021-11-09,328.9405212402344,331.8070570960293,327.2188284713368,328.0708185786827,2183300
2021-11-10,327.1033935546875,329.43744193922913,326.3401830246761,326.8105406284627,2161400
2021-11-11,326.2603454589844,330.1385819947703,324.66288445734847,329.25111268833274,2387300
2021-11-12,330.6976318359375,331.469725658745,325.4349463060859,327.58260647028493,2793300
2021-11-15,329.3221130371094,332.6856294422155,327.7335624076346,332.25966148946924,3650600
2021-11-16,348.1808166503906,350.0001449555009,336.35086286271275,339.0132707481696,8648200
2021-11-17,350.4172668457031,354.481864419554,346.8318832051779,348.6245614837334,4647000
2021-11-18,360.1794128417969,360.791768811903,351.5177039990073,353.2127735744622,4503700
2021-11-19,362.6998291015625,363.9511640601488,358.63520455521893,361.75911381356093,3542000
2021-11-22,362.7886047363281,369.68423186557305,362.7087357444931,363.684930366976,4006400
2021-11-23,362.4158020019531,363.57838451657227,357.65897997013906,360.019651351627,3557000
2021-11-24,365.7348937988281,366.30288704770874,357.5435709809066,358.23579582584944,2676300
2021-11-26,357.3839111328125,367.5365624661747,356.984539099708,361.4307691234909,3007800
2021-11-29,361.04022216796875,364.58121556733886,360.3479972835037,361.1112077864273,3725500
2021-11-30,355.52899169921875,362.4690067281006,355.209515815573,358.17365943083325,7773500
2021-12-01,356.83013916015625,365.5900296723648,356.6519003577105,358.30940699967977,3516200
2021-12-02,363.3800048828125,365.99106472290777,357.3469992494279,358.0688201894848,3705000
2021-12-03,363.4156494140625,370.65169884006445,360.4214333186506,365.2335818693758,5237500
2021-12-06,370.44677734375,374.8222492581701,366.4544617709438,368.50407216501543,4624500
2021-12-07,370.8744812011719,372.9953978519081,368.05847673338474,371.6052222178063,4204500
2021-12-08,366.4811706542969,374.1449768657267,363.8344848811468,370.8744824771234,4079400
2021-12-09,366.5613708496094,370.0457300540872,363.84340586585216,366.08014783638583,3822900
2021-12-10,370.1794128417969,370.36654455745594,365.5989690875011,367.3188621207391,2625200
2021-12-13,361.1253967285156,371.15963715830765,360.4748822365255,370.17937817570794,3766400
2021-12-14,358.41644287109375,361.5175920083748,354.7449240055242,359.53036763487086,4662800
2021-12-15,363.4156494140625,363.5225818181239,355.9122689779071,357.0083533149596,4421400
2021-12-16,356.0370788574219,364.3603212243075,354.7805684913179,363.9414844356062,4632800
2021-12-17,345.7442932128906,354.65568770287825,345.2452572970847,353.75562815685583,11097500
2021-12-20,347.0097961425781,347.6959911213996,339.43510864015354,342.45608529786597,4294800
2021-12-21,347.96337890625,350.8952366324326,341.52042798949043,348.9971043974512,3038200
2021-12-22,352.5704650878906,352.6862903853922,346.52851282319654,348.43556451655206,3267800
2021-12-23,353.8448486328125,356.3132958214136,351.66154548083796,354.9320401590137,2743900
2021-12-27,360.1005859375,360.42141032463957,354.8606809093992,355.60034198267397,2228300
2021-12-28,361.9987487792969,362.7116496192928,359.1292780258638,360.90263722226484,2521400
2021-12-29,366.11578369140625,367.47922616809365,362.07892246078893,362.14130875861525,2209300
2021-12-30,365.313720703125,368.4327088839471,363.941358288846,367.0158003738239,1804400
2021-12-31,369.8319091796875,371.1864317830721,365.2692780994167,365.3583703163478,2386100
2022-01-03,364.15533447265625,372.3538032695688,359.36099860897286,371.2220656582922,3715700
2022-01-04,367.89813232421875,368.5843001435988,363.75433791231427,364.15536167929054,3266500
2022-01-05,362.90771484375,369.1278796050122,362.5245313079742,368.9318277874531,4443200
2022-01-06,361.5887756347656,364.53844523196744,359.14703488883833,364.08395538014435,3315100
2022-01-07,350.7615051269531,360.1006595288115,350.1109905123319,359.45011771876324,4520700
2022-01-10,345.28094482421875,345.39679732450065,339.44399127128514,345.22747862338446,6440000
2022-01-11,344.5769348144531,349.18411096559186,342.4827514751081,345.8245247202054,4385400
2022-01-12,347.0097961425781,350.6189282698123,344.3185640203052,346.0206441225364,3623300
2022-01-13,344.853271484375,351.3853139093561,343.85517211663034,349.78127323176375,3466300
2022-01-14,331.5039367675781,340.4242530159292,331.0583669600948,339.8182574092305,6336200
2022-01-18,326.7987060546875,328.0195629212555,320.83698012188654,326.2462038694163,6435200
2022-01-19,320.5340270996094,328.56320415424005,320.28450908214484,327.20865446335455,5175100
2022-01-20,311.5245666503906,322.45886685088084,311.02553065443226,321.9954568579037,5440600
2022-01-21,311.09686279296875,320.89047901830224,309.38586266851894,313.43164436627023,7718400
2022-01-24,324.20550537109375,324.7134614851469,306.20447403597194,306.35597973847706,8584300
2022-01-25,319.9013671875,322.16484264213864,313.85052048222747,319.15281303768705,5536700
2022-01-26,318.3863525390625,326.0679714755908,315.86443945812687,320.81025331862,6103300
2022-01-27,317.6288757324219,324.4817413162261,315.3832137687309,321.19343407217247,3941000
2022-01-28,326.6383056640625,326.7987042597916,314.4296826745936,320.96175095336037,4551300
2022-01-31,327.0303955078125,327.4135789799811,322.77964253167073,325.0966107558259,4084600
2022-02-01,328.56317138671875,330.33653043414864,322.9222426611635,329.2493390674589,3406800
2022-02-02,333.045654296875,333.88332780164006,327.72554912936425,328.27805139943786,3839300
2022-02-03,325.09674072265625,331.6109711354555,323.6620185552076,329.89107767663023,4009700
2022-02-04,320.5162658691406,324.97196489746034,315.6862761564534,323.92931935884496,3728100
2022-02-07,318.44879150390625,322.4143470293492,316.7467113371843,321.0420114105606,2809300
2022-02-08,322.0935363769531,323.46589913407496,316.17635569616584,318.4487782557113,3225100
2022-02-09,324.70458984375,327.45820843737425,323.48373272440557,325.5422633933813,2777500
2022-02-10,316.43475341796875,323.48367083093086,314.45642244242555,319.776526876966,4291800
2022-02-11,312.1573486328125,318.4398729517001,310.6156670848829,316.078358068487,3308700
2022-02-14,313.2890319824219,314.49207586761327,309.0739319327469,310.116577218692,3654300
2022-02-15,314.8040466308594,318.51119137022596,313.1286994972062,316.85365724177603,3552500
2022-02-16,311.9791259765625,314.4475734057657,308.08484944354734,313.2356363445539,3594900
2022-02-17,310.0631408691406,313.95741689980815,309.57302492578543,310.99882665024586,3927000
2022-02-18,309.1096496582031,312.4336108120516,306.641202269769,310.4641995223953,5526100
2022-02-22,281.7516174316406,300.0377921121595,278.3474576552887,298.61196332251984,19752800
2022-02-23,274.8721008300781,285.5212058450465,273.6690565794016,284.5587867617635,11026000
2022-02-24,279.14056396484375,279.3188027657988,266.70918266777636,267.34188417894813,8416700
2022-02-25,282.1793212890625,282.8833291188921,274.0877864788224,279.08706609182946,6510600
2022-02-28,281.44866943359375,281.6714543823,276.6810932876226,278.9000226741998,5735100
2022-03-01,285.3874816894531,287.3301596592975,279.6039938856204,280.343627851881,5640900
2022-03-02,291.7323913574219,295.1365514463704,284.87952507389826,286.1093021779474,5645600
2022-03-03,289.04998779296875,294.68199581620536,287.6865454805649,293.3542066976094,3858400
2022-03-04,288.9609375,291.09966711646945,284.7280243692162,287.13408498946086,3630900
2022-03-07,287.6330871582031,293.7195851839283,285.2626528203557,288.9609035085513,4670000
2022-03-08,282.25958251953125,292.7304740926174,281.555601730643,284.9419217441942,5092500
2022-03-09,284.3753356933594,289.0909987035712,284.1243119109129,286.88557351782424,4443600
2022-03-10,285.0387878417969,285.3256800198663,276.79978948975923,281.8292397386763,3895200
2022-03-11,284.00775146484375,288.4903384120986,283.50570391551435,286.240071009524,2973300
2022-03-14,285.415283203125,290.47165477060054,283.4877761510926,289.4944540299802,3604200
2022-03-15,294.5419616699219,296.01223661497414,287.18153093307086,287.1994787989402,3775300
2022-03-16,296.6665954589844,299.3920161933454,290.6778654028253,297.2672468348029,3942400
2022-03-17,301.5526428222656,301.5526428222656,293.9143228205446,295.07981210088514,3123200
2022-03-18,305.47943115234375,305.47943115234375,297.9217935370913,299.1052034627707,9409600
2022-03-21,295.2859802246094,305.4345654279835,293.2329473802867,303.05879939916167,4521200
2022-03-22,295.6087951660156,297.0163071812591,290.4807127565855,295.2412196207771,4852800
2022-03-23,284.2408447265625,294.22806218706535,283.1650402092973,293.0715470234297,5207700
2022-03-24,283.1022644042969,286.34765302539364,281.7754087985193,284.33048886879084,4599900
2022-03-25,278.5300598144531,285.8097777847169,276.39634371429776,285.522912968205,5176500
2022-03-28,281.7575988769531,281.82036168607965,277.2301951591492,278.8170217356664,3936600
2022-03-29,284.83251953125,287.7820692726277,280.5382211247721,284.11531659525815,5306100
2022-03-30,276.539794921875,282.6181827969209,274.42402664326903,280.7085960440427,7223800
2022-03-31,268.3545227050781,276.0914717083833,267.9600802471922,274.5225663671187,11044600
2022-04-01,270.6496887207031,271.9765171474279,267.9690827168015,269.4035162285293,5554600
2022-04-04,273.9578552246094,274.7647430083682,268.5698026783411,270.2911012687182,4659500
2022-04-05,273.3123474121094,277.11360071026195,270.93658120048053,274.5674939627478,4376100
2022-04-06,267.6463623046875,269.5469751705626,264.4637085238294,267.24291845543036,6499900
2022-04-07,271.4206848144531,273.07027380235195,263.2085808776319,266.07744794500445,5241000
2022-04-08,278.91552734375,279.9734387151313,270.1027729556605,270.26413952840744,5741900
2022-04-11,274.9798889160156,281.6589562117878,274.2716323267461,275.9570898508068,4100600
2022-04-12,274.5943298339844,280.86995181058563,273.52747190919894,277.4183542515468,4122600
2022-04-13,278.2969665527344,279.4445078260436,274.08332347755254,274.4329510657465,3185300
2022-04-14,273.0074768066406,279.9375663613539,272.8371363068809,278.6644995778138,4569200
2022-04-18,269.1435546875,274.594397293337,267.8077521507968,271.6448465790496,3192400
2022-04-19,275.9480895996094,276.24395571101047,268.7849231651184,269.50212625780085,3389700
2022-04-20,282.5285339355469,283.389183062242,277.6962915488953,278.8169384074462,4720800
2022-04-21,278.2431640625,285.4511725758866,277.68732757825046,284.1960535212032,3014200
2022-04-22,269.0538024902344,277.7590054542293,268.75796380984264,277.7590054542293,4043200
2022-04-25,273.38397216796875,273.58120705718005,265.61115557897733,268.95517476802576,4396900
2022-04-26,268.91937255859375,275.73291080042617,268.70421712091274,270.97240522493996,3415200
2022-04-27,270.3896484375,274.7108687938894,268.1662754761472,270.120676806625,3446200
2022-04-28,279.498291015625,281.9906084505107,271.6537632706288,273.2136948900091,4149500
2022-04-29,269.3138122558594,279.46239544224966,268.69521308230213,276.2618218676776,4878200
2022-05-02,275.2039794921875,276.8356479169135,268.8745680982278,270.73931246966976,4233900
2022-05-03,273.4020080566406,277.02394693287624,271.66276167030475,274.056475774236,3336600
2022-05-04,282.68096923828125,283.0754391807727,271.58207669905005,272.61306649256557,4021300
2022-05-05,268.1573486328125,279.13968851321124,263.3161593819333,278.8169553309399,4959600
2022-05-06,263.8540954589844,266.0416006148933,259.4611646444135,265.6381567468062,4325300
2022-05-09,266.29254150390625,269.6186131383899,258.6452497714238,260.24104952485214,5243600
2022-05-10,261.0299987792969,269.91448913266703,257.8921880077742,267.5745645875143,4392900
2022-05-11,253.6785888671875,262.97547113792854,253.3289612626337,261.2900411885328,3880500
2022-05-12,259.712158203125,262.84099554041177,251.58971179687268,252.43244044030664,4447700
2022-05-13,265.39605712890625,268.43526438835465,258.6004669601235,259.9452431224548,3949100
2022-05-16,265.3601989746094,268.56974686013484,259.8018070389582,263.64784731224995,4267900
2022-05-17,269.8070068359375,278.76320970727267,260.7969877329987,274.7826690178907,12425900
2022-05-18,255.6688690185547,264.867147860924,252.08279880907511,262.6796428443779,7799500
2022-05-19,257.9819641113281,262.2314496167274,255.47169792148853,255.9558251814553,5211500
2022-05-20,257.47088623046875,260.4383572342886,250.65734714416868,259.82873184560765,5621800
2022-05-23,256.4309387207031,260.2949275489761,251.31183067203065,259.1742805022717,4305600
2022-05-24,258.1253662109375,259.38048541199925,251.6076655776136,254.61100508841798,4241900
2022-05-25,263.1906433105469,264.91194155172315,256.09918675681195,256.23365890697534,4612900
2022-05-26,271.4744567871094,274.00264265498123,266.26569240062815,266.552584561424,4170800
2022-05-27,276.539794921875,276.5756632844319,270.38969768125946,272.1289439114227,3899300
2022-05-31,271.4206848144531,276.01085023461394,269.6993591021208,274.8722828100139,5966600
2022-06-01,268.11871337890625,273.3423401118526,267.97436136279447,272.22361887006934,3080800
2022-06-02,275.9496154785156,276.0939674899554,266.94588246514985,269.58023096001523,4086400
2022-06-03,275.23687744140625,278.286248198677,272.36795357588994,273.65806350171056,2956600
2022-06-06,274.163330078125,277.5194112476286,273.5859220065982,275.6699543624131,2562000
2022-06-07,272.2507019042969,272.8010457244001,263.97773118278707,266.19708507716405,3547800
2022-06-08,268.4254455566406,271.17708181392186,266.756408099389,270.45534928056884,3003100
2022-06-09,270.5274658203125,276.86078198976276,268.26301454836437,268.6329113572282,4168400
2022-06-10,260.94635009765625,267.496181082224,260.40506450581523,262.98528426802125,4623900
2022-06-13,255.46121215820312,258.7631932287417,253.76510988381654,256.5438112999984,4704600
2022-06-14,251.4103546142578,258.36615033103215,249.53380597621447,255.50622941526657,3987000
2022-06-15,252.36671447753906,255.84911458781136,248.52342049416467,253.5124726808611,4050400
2022-06-16,246.70999145507812,249.10076155668938,243.34487963496719,248.02719331148722,6181000
2022-06-17,244.2470703125,249.56089334567002,243.94033258089715,244.4906488702139,10775600
2022-06-21,242.86669921875,247.12498697803522,241.2608210295292,246.91747580975712,5498400
2022-06-22,242.6682891845703,245.1853505538349,238.6355450973671,240.33164722368434,4678400
2022-06-23,248.478271484375,248.63162656983826,243.4892203225177,243.588446844602,3747500
2022-06-24,255.31680297851562,255.7317978467417,247.1250250890502,250.32775135729594,10310700
2022-06-27,255.037109375,257.12114168926325,253.95448302863883,256.6339570801676,2538600
2022-06-28,243.72373962402344,257.6624212357555,243.4260325604093,256.0204482532513,4052100
2022-06-29,247.07992553710938,249.14592455433115,242.51489891029567,245.0139265198876,2460500
2022-06-30,247.44073486328125,249.93978942941527,241.82017480523368,244.24703960104773,4058000
2022-07-01,251.7801971435547,253.2868487498979,247.69332585005876,248.757918391814,2818300
2022-07-05,255.97532653808594,255.97532653808594,248.12635611074728,248.550381456267,3241300
2022-07-06,255.840087890625,257.9512124576508,253.0794204196989,257.112164475438,2206100
2022-07-07,258.6458435058594,258.89845266500384,253.91843172801273,255.17244691837277,3133900
2022-07-08,258.44732666015625,259.81862939853147,256.1377496627193,258.0142706485132,1891000
2022-07-11,258.3750915527344,261.26204821913376,257.2473676520342,257.2834349935849,2453200
2022-07-12,257.2293395996094,264.91592431808357,255.68662081368228,260.7027351678674,2696100
2022-07-13,259.0878601074219,261.44256253665935,252.39370472314903,254.08077570887195,2941600
2022-07-14,261.1629333496094,261.89369654699766,254.0988523984112,254.279299312573,2822200
2022-07-15,263.8063049316406,266.5489382586562,262.4891306004882,265.97153017619706,2647200
2022-07-18,264.3836669921875,269.29152522053016,263.43638961779556,268.1728315544169,2664000
2022-07-19,270.50042724609375,270.66284045657557,264.6182276902698,266.53987414539574,2614900
2022-07-20,272.72882080078125,273.9828633785924,269.10206953514216,271.4928394316081,2533400
2022-07-21,275.1646728515625,275.39021766537525,269.63430961170155,273.22499295923797,1965000
2022-07-22,276.5992431640625,280.2801513888158,274.5873727232993,277.5645819539581,2391500
2022-07-25,276.2021789550781,277.35696732336135,274.1091164337128,276.7885899761321,1910500
2022-07-26,269.0118408203125,271.2312219175622,266.963903540115,267.9472757600687,2690200
2022-07-27,269.67047119140625,270.93351695469494,263.24695771039575,269.03893454359553,3233700
2022-07-28,270.32000732421875,271.7725028851906,264.4919363400258,266.1429124624323,3992100
2022-07-29,271.50189208984375,271.9529818251519,268.3352333376343,270.6538411848779,3236000
2022-08-01,275.904541015625,278.27727750337203,270.6628803285717,271.23125781816384,3303900
2022-08-02,271.2944030761719,275.7150773370808,270.662893914519,275.52562734181845,3091000
2022-08-03,276.4007873535156,277.93450384019144,270.96064492148383,273.67621460004284,3329400
2022-08-04,277.1224060058594,279.6484968352205,274.65944679798844,274.7496702273924,2718400
2022-08-05,279.39599609375,279.47718895200023,274.7136818749691,275.5076043098636,2029100
2022-08-08,281.45294189453125,284.9082772920463,280.0726083501418,281.35368783194974,2505100
2022-08-09,275.3541259765625,279.639477488658,273.6399908781895,278.6741665989223,2607000
2022-08-10,281.1010437011719,282.3641168796824,278.8185309337542,279.22452267432254,3863400
2022-08-11,280.2981262207031,283.84368473377543,279.2966927476256,283.13998588742265,2444100
2022-08-12,284.0872802734375,284.1233476256254,279.83799553910274,282.0302848408699,2273800
2022-08-15,283.834716796875,284.8722453848827,279.8110034040722,281.51613609997736,3917300
2022-08-16,295.35546875,300.40767842388885,282.2738686736361,282.36409211166284,10089800
2022-08-17,293.8939208984375,297.26806247859383,292.3692357653846,295.99598643391107,3162600
2022-08-18,293.3977966308594,295.8607566542674,290.7002886521275,293.17225174882935,2899600
2022-08-19,289.8883056640625,294.39920288577764,288.4899110059318,293.18125512944823,3489100
2022-08-22,281.66949462890625,288.4629061428552,281.21840481381713,286.9743152595285,3144200
2022-08-23,276.8788757324219,281.0469405071889,275.74214831442436,280.76726707216045,3317500
2022-08-24,277.9704895019531,279.6575881543512,273.85655352534496,275.2098226632379,2495600
2022-08-25,279.4771423339844,279.6395280233982,275.91352257752635,278.4486721020322,2529700
2022-08-26,268.939697265625,281.0379268911764,268.86750749213275,279.946269942676,3315500
2022-08-29,267.3337707519531,270.3921441931374,265.5023479155683,267.5593155718642,2711800
2022-08-30,264.4288330078125,270.56364296727406,263.1387228522603,269.3547256677704,2892400
2022-08-31,261.9043884277344,265.58204436932886,261.7772458954456,265.1643417997587,4376200
2022-09-01,266.3992919921875,266.58997807422827,260.36065922380175,261.88620330407286,3742500
2022-09-02,265.0644226074219,269.5139398397248,263.44806646305153,268.88737217081996,2753600
2022-09-06,262.9214172363281,267.42541649157056,260.851028023582,266.26309320918625,4110000
2022-09-07,270.12237548828125,270.33124063017925,263.6115305243028,263.7386730572772,3016000
2022-09-08,272.3289489746094,272.59229583636187,267.4617292112967,268.78749762265113,2703200
2022-09-09,272.21087646484375,274.6808165636148,270.9032594883197,271.9475573339377,2769200
2022-09-12,270.1859436035156,274.98959240338434,269.10534293372945,273.14621968056775,3632900
2022-09-13,252.37872314453125,267.04398038843533,251.8248163038838,265.1643052286256,4797200
2022-09-14,250.93496704101562,253.84078946391378,248.0564132029096,253.71364691612288,4194400
2022-09-15,246.57620239257812,252.45138940102368,245.6681365656899,252.34242593571227,3896100
2022-09-16,250.59898376464844,251.13473939767468,244.17895027252652,244.31515463482538,9535100
2022-09-19,254.63986206054688,255.375393252021,248.3651231150299,248.42866666947378,3047200
2022-09-20,248.96446228027344,253.15063315221752,246.4218609055102,251.4253133301841,2940700
2022-09-21,246.6034393310547,254.37648046845277,246.54895759926677,250.62616422922358,3173500
2022-09-22,244.39683532714844,246.28559994079646,243.22542272120162,246.28559994079646,3515800
2022-09-23,246.03135681152344,246.35824720673685,241.83609713446606,243.26176713040957,3527900
2022-09-26,242.0722198486328,248.41053044634248,241.19139472829755,246.47634545030914,4181800
2022-09-27,243.98825073242188,248.52858063892126,242.43546566375193,244.59663942118704,3701000
2022-09-28,256.2471008300781,257.4366648599159,247.63862671665422,249.91788083597808,5816600
2022-09-29,252.74197387695312,253.1324632814223,249.47295875320017,252.90544680271876,4518600
2022-09-30,250.57171630859375,255.88390757047839,249.50020515621975,252.2788847002259,4789100
2022-10-03,257.61834716796875,259.76136972507203,253.84985092455898,255.16655777008484,3580000
2022-10-04,262.9396057128906,264.52872131545047,260.2154075370737,261.0689918491212,3641300
2022-10-05,263.2029113769531,265.25512150361084,259.1347660956962,259.93386853594063,2728000
2022-10-06,263.69329833984375,266.0360964203386,261.3141421481176,262.93958804314394,2641500
2022-10-07,258.1813659667969,262.0951287282137,256.4560458806746,261.09625045351805,2406000
2022-10-10,256.4923400878906,258.6716931620545,254.45828091360136,257.4912183295426,2115400
2022-10-11,256.8828125,259.88850884200906,255.07574225635642,255.2573665471267,2771900
2022-10-12,254.7305908203125,258.47184493852626,254.70334995665408,258.27206936770887,2258200
2022-10-13,256.8282775878906,258.64440946768525,244.02457000491702,249.40939437763456,3881600
2022-10-14,251.01663208007812,260.28800420663936,250.58077821500513,260.28800420663936,2783100
2022-10-17,255.40261840820312,257.7726570544778,253.65911972443755,253.89522572119003,3426700
2022-10-18,258.853271484375,263.2119768584591,257.1915230276977,261.47759532073525,3166500
2022-10-19,250.16310119628906,256.7738207719249,247.92017699855677,256.50141204830396,4323000
2022-10-20,244.6874542236328,252.442345547651,243.2436326230958,249.6636658316025,3959500
2022-10-21,250.1994171142578,250.36286233896953,243.36168142740704,243.67042053363173,3429100
2022-10-24,257.21875,258.3175019552915,251.5070078562614,251.5070078562614,2937100
2022-10-25,263.5752258300781,265.27330468603844,259.26191266060704,259.26191266060704,2791600
2022-10-26,263.4753112792969,265.03718571168855,259.86122678869526,263.88395201278365,2615000
2022-10-27,264.3016662597656,267.2165501234816,262.8396934203475,265.01904610080777,3041500
2022-10-28,271.19390869140625,271.6570312249315,263.33914323724224,263.33914323724224,3243100
2022-10-31,268.9056091308594,271.76601170245226,265.6547170889527,267.34373438553587,4210900
2022-11-01,268.84197998046875,274.4265795536395,266.3811292254823,272.7557416737688,3309100
2022-11-02,262.18585205078125,272.57412716398085,261.99513827751554,268.0610389668375,4426400
2022-11-03,255.62059020996094,259.66149517196044,254.72161369836934,257.5002935632673,4823900
2022-11-04,257.9179382324219,262.285732685639,251.98826943315825,259.60695509722535,4401600
2022-11-07,263.5843200683594,264.8828755696856,256.83739602632056,260.160921065898,3260200
2022-11-08,264.37432861328125,266.37205703550796,261.1870083257086,265.5457137123605,3371800
2022-11-09,260.387939453125,265.6093192329174,259.9429959571143,262.431088062609,3071400
2022-11-10,283.0440673828125,285.8045669398104,269.7681246210377,270.3674512610602,7794000
2022-11-11,285.986328125,288.4744202700207,281.7184065437089,283.3166116825715,4945400
2022-11-14,278.7035827636719,286.93065714442,278.17688905217926,285.4595671899539,6394800
2022-11-15,283.25299072265625,287.5209115553231,275.3709853285123,276.10651649363564,9290400
2022-11-16,285.95904541015625,287.32114430548216,276.51516527829125,277.7410321145062,5249500
2022-11-17,282.8080139160156,284.8420724326124,278.0043380925492,283.31652854516483,3642100
2022-11-18,284.38812255859375,286.9488755035186,281.7365851770785,285.2598859304684,3559300
2022-11-21,287.6571350097656,289.52774867892293,285.3143370155695,287.82058023243593,4069000
2022-11-22,295.0124816894531,296.7741319176021,290.018118771128,290.58111524800506,6054700
2022-11-23,291.9522705078125,297.6821640046686,290.9806333634717,296.71961638697616,4243400
2022-11-25,296.3745422363281,298.8263034511288,292.30639717406103,293.2054012269286,3393500
2022-11-28,289.6003723144531,298.57203961082826,288.62873520663277,295.1758822085809,4733700
2022-11-29,286.9125061035156,290.58110025356945,286.603767009933,286.9488365003998,3505600
2022-11-30,295.9841003417969,296.1668233731865,284.5737523859078,285.88013563352075,15106500
2022-12-01,298.7978820800781,301.1731421153269,296.3952163777912,298.1035680089508,3830100
2022-12-02,299.6383361816406,300.08599924204316,292.6404678905394,293.3256374348162,3644100
2022-12-05,292.4121398925781,297.3819062686252,291.91883778968355,297.0438936826925,5057300
2022-12-06,290.0094299316406,293.8463625151784,287.3509688489649,292.01012716005,3341500
2022-12-07,292.4760437011719,294.97007096265656,287.25962720207076,288.64822748838446,4038200
2022-12-08,296.0755310058594,296.4683549475087,291.01440295424055,291.01440295424055,3483600
2022-12-09,292.7776184082031,296.39530696096614,292.2751438527785,293.69117809483424,3738800
2022-12-12,299.6292724609375,299.9581405180514,293.51755681627884,295.07973584682,4900200
2022-12-13,304.1148681640625,317.2335706179055,301.4381173516142,314.58425335785694,5787700
2022-12-14,304.6081848144531,309.75153006089465,300.5702668084303,301.95886742793937,4546000
2022-12-15,299.2821044921875,301.4929029192114,295.4177376838019,300.9630506643552,5056900
2022-12-16,295.3903503417969,299.59272997277805,291.64475049940876,295.47256735818854,9615000
2022-12-19,289.89984130859375,294.08395968290307,288.70308052196543,291.88227780989314,3000600
2022-12-20,287.6250305175781,289.4978439656504,283.9616484993168,286.2364303030915,2632200
2022-12-21,291.75433349609375,291.9644622069248,287.53369328443284,290.5575728431638,2610400
2022-12-22,288.79443359375,289.05022914646094,283.8703622341582,289.05022914646094,3064400
2022-12-23,291.1788024902344,291.51681501317347,285.99890833818336,286.9946847553571,2064900
2022-12-27,291.92791748046875,293.7550364204301,290.0642762350364,290.8864741820945,1610200
2022-12-28,288.438232421875,293.6455063145494,288.22810364087366,292.84156926679105,1568200
2022-12-29,292.7135925292969,294.0108313614538,290.13734813805905,291.10571894390773,1559100
2022-12-30,288.55694580078125,290.6672943010267,285.96243966720124,290.04605253299746,2581600
2023-01-03,288.6025390625,291.62641829591155,284.8295344671942,289.9820226094492,2822400
2023-01-04,292.0923767089844,294.63207089717747,289.03194693654325,293.31654304203636,3560900
2023-01-05,288.2005615234375,290.58493798071595,286.1541975558466,290.35654814934674,2935100
2023-01-06,290.08258056640625,291.28848593738843,282.2899182427226,288.949775576492,4022500
2023-01-09,290.33837890625,294.6686425582805,289.6532091952514,292.33907669273606,3466300
2023-01-10,292.91461181640625,293.00597335008825,286.82115716699155,288.9588832329459,2111300
2023-01-11,300.56109619140625,300.597646380217,294.2758019379705,294.6686258589039,2864800
2023-01-12,301.3558349609375,303.49356061240223,298.4689839100067,303.49356061240223,2481800
2023-01-13,302.580078125,303.65809968004845,297.8204402451689,298.26807554368855,2798600
2023-01-17,299.2181396484375,306.1886030412642,298.82531575752904,301.77609507717057,3988900
2023-01-18,295.7100830078125,305.603920333968,295.01576885172295,301.47464134374263,2952200
2023-01-19,284.0073547363281,293.56317838874077,283.7789648831086,292.64961897586255,5359300
2023-01-20,287.771240234375,287.9904855911694,280.81906587632875,283.2125872867448,3725100
2023-01-23,288.2097473144531,290.082533048047,284.1992079190182,286.4374397388351,3237900
2023-01-24,290.22869873046875,290.60326144385056,285.6060902261899,287.8808442946863,2127900
2023-01-25,289.8359375,290.6215854005675,284.61949193280407,288.07274622336445,2060400
2023-01-26,286.6841125488281,291.6630231160777,285.5147574710384,286.99471944203214,3555300
2023-01-27,289.3151550292969,290.7311610767225,284.41846170085233,285.0488199747703,2761200
2023-01-30,287.0769348144531,290.6398392482763,286.5744882300032,288.52949110656414,2643100
2023-01-31,296.14862060546875,296.31305463836424,287.86262854362843,288.6756820704733,3526800
2023-02-01,299.729736328125,301.97708491671364,290.18305617519593,294.52246384824286,3076500
2023-02-02,310.41845703125,311.95323063001774,303.9321776111934,304.6264919019057,4776600
2023-02-03,302.844970703125,305.7774888574852,301.7760938336092,303.7859358619196,3389700
2023-02-06,300.8077392578125,302.3973518132251,299.1541987232084,300.55194370217276,2229700
2023-02-07,297.0895690917969,298.7339650872163,292.9968123774847,295.9932865084345,3865500
2023-02-08,293.06072998046875,295.9841033551228,291.94618638873385,295.0248771296124,2777200
2023-02-09,288.27374267578125,295.8928548565743,287.61597859828936,295.1711349110806,3063300
2023-02-10,289.1780700683594,289.7810225549161,285.7156724978243,286.7205933087521,2768800
2023-02-13,295.56390380859375,295.71007667409356,288.32850030428216,289.9089682753518,2432500
2023-02-14,290.9047546386719,295.0431781971166,288.3833492923533,292.89630772427563,3380800
2023-02-15,292.96942138671875,293.73680808167427,288.4929850596656,288.5752020755938,2585500
2023-02-16,293.471923828125,295.75582319269364,287.70736406232436,287.7713199356437,3169200
2023-02-17,290.46624755859375,292.88717460250837,285.8984501626707,291.1331281354399,4985500
2023-02-21,269.95684814453125,281.38548708390664,269.5274740390656,279.13811050825666,10891800
2023-02-22,270.68768310546875,274.4332828307525,269.5822838579286,271.8296325412489,5922100
2023-02-23,273.4375,273.9582356218883,269.15290358480354,271.1353400269072,4354500
2023-02-24,271.01654052734375,272.5421691441553,266.7593502901721,267.1247684817687,3713300
2023-02-27,270.4227294921875,274.5154578002278,269.536575750559,273.4831312076521,3238300
2023-02-28,270.90692138671875,272.88021310259,268.86967381958925,269.5000320571434,3949500
2023-03-01,265.6539306640625,268.3306528631265,263.7080447916964,266.6862571882469,5905100
2023-03-02,267.6911926269531,268.6869691288604,262.4382255417173,263.5253635688577,4103700
2023-03-03,272.6518249511719,272.79796992693207,268.3672289639959,269.1711657287843,4036700
2023-03-06,272.43255615234375,274.16831353380314,271.3088958702586,272.24071647387444,3763200
2023-03-07,265.5717468261719,273.2090905483128,265.31595129192846,273.2090905483128,4512400
2023-03-08,268.2218322753906,269.1144032501852,265.25886731507916,266.33548454341485,4680300
2023-03-09,265.01043701171875,270.8719480873034,264.7803932295905,269.6573101781024,3248000
2023-03-10,263.455322265625,269.7585271167021,261.4217432220475,265.5257161748574,4730900
2023-03-13,263.6485595703125,269.00398539243804,260.0414889035828,261.32051769032887,3892100
2023-03-14,262.7744445800781,266.66676779243284,258.9281188961622,266.20668018196864,5116000
2023-03-15,264.98284912109375,266.0778598376552,260.10593187369085,261.2837549871118,4835500
2023-03-16,263.841796875,265.03801318327055,262.2498839612588,264.09023402414476,4400200
2023-03-17,265.3692932128906,268.64511410812963,263.4093158850313,264.8447867006298,8342000
2023-03-20,266.16986083984375,266.6943393096758,263.7313743373897,264.48592466583574,3677800
2023-03-21,266.3262634277344,269.5100893845268,264.6423554076682,268.1666135653656,4788200
2023-03-22,260.0506896972656,267.96420172635345,259.9034863827166,266.93361003540576,3723400
2023-03-23,261.2469787597656,263.27134761709004,257.85152957869053,262.48922105944325,6005800
2023-03-24,260.42791748046875,262.1854550941077,258.4127319909908,260.0046448447716,3851000
2023-03-27,258.8176574707031,262.1947126680355,258.4864078918131,261.09970197973126,4269700
2023-03-28,258.403564453125,260.6763979514034,257.58459517895136,258.38514297994374,3633300
2023-03-29,260.7408447265625,261.32055962569547,258.7992884329154,258.7992884329154,3607500
2023-03-30,262.5811462402344,263.26209489198743,261.1917009707351,262.5811462402344,3432800
2023-03-31,271.5620422363281,271.95771074782783,263.86939269479296,264.08101497319336,5800600
2023-04-03,273.9637756347656,274.1846086992828,271.2124326589008,271.33205992935393,4007600
2023-04-04,271.414794921875,275.8684383024258,270.8994991972831,273.75204715367397,2965700
2023-04-05,265.626953125,272.104965479887,265.45211761299873,271.4516490348646,4002400
2023-04-06,265.57171630859375,266.65754424473624,261.55055570280956,264.3202916791616,3193400
2023-04-10,267.92742919921875,269.2800878859638,262.8572547880997,263.2897382615901,2799900
2023-04-11,270.3198547363281,271.54370346141576,268.47032170479105,269.3260778896454,2497000
2023-04-12,267.25567626953125,274.61707756475255,266.4643110279059,272.5558941881762,3341400
2023-04-13,268.8291015625,269.1235642811733,263.5104915630718,267.6697002401784,3505800
2023-04-14,268.86602783203125,272.55593983532594,268.1206880725834,268.8292129565646,2653200
2023-04-17,271.8197326660156,271.9117557969711,268.27705273560616,268.41510147279786,2621900
2023-04-18,275.08636474609375,275.3531953135499,272.2982352416713,272.6662996752272,2847800
2023-04-19,273.2091979980469,274.4790441555231,271.4976576740305,272.78592530606016,2889300
2023-04-20,274.73663330078125,277.2579036018928,271.9116895496539,272.34417288641123,3371800
2023-04-21,276.0893859863281,278.99714310517817,275.4544628262443,277.5432505049933,3506700
2023-04-24,277.56158447265625,277.80081086343205,275.3347487452083,276.05248408055735,2515400
2023-04-25,272.6754455566406,278.5277731625149,272.4914274054384,277.43276266534133,4529500
2023-04-26,265.0748596191406,272.3442376170583,264.163867134079,271.84733517807166,4037400
2023-04-27,270.467041015625,271.18477641891513,264.8263635639216,265.0104098033348,3133600
2023-04-28,276.5494384765625,276.80708638694745,269.9609812464147,270.3198349408898,4063400
2023-05-01,273.9361267089844,275.64763884217217,273.6324532134096,275.1139496630156,2970000
2023-05-02,270.78912353515625,274.82870564704973,267.81694789418555,274.61705526765047,3413200
2023-05-03,269.68487548828125,274.91149080782975,269.1511863464341,271.04674459178887,2743400
2023-05-04,262.9400634765625,271.0744088771488,262.5535775365818,269.35368574569077,4422500
2023-05-05,266.5011291503906,267.6513481168097,263.2621226503009,264.24671682511985,3806600
2023-05-08,264.9459533691406,266.70349080556167,261.7345519402639,265.93054725598284,3736500
2023-05-09,267.3844909667969,267.82618516174756,262.9492679491413,263.3265431420437,2570000
2023-05-10,265.9582214355469,270.1358244629462,263.09649020942675,268.42428408828675,3571000
2023-05-11,264.7251892089844,266.3447064471951,262.2683092206314,265.69136187679334,3859700
2023-05-12,267.28326416015625,267.7433517131512,264.5043454494123,265.0104305251005,3438300
2023-05-15,265.5073547363281,267.69737616136985,264.03506882960517,266.7772009798577,5353600
2023-05-16,259.79302978515625,263.2528972292524,254.97132113294947,259.25934057037273,12362100
2023-05-17,269.04998779296875,270.5774536156638,258.7624097191581,259.62737648517367,7956900
2023-05-18,271.59893798828125,272.30746284185636,268.3231162503814,269.2892890581221,4547000
2023-05-19,267.6605224609375,272.1509811883146,266.80476640584277,272.1509811883146,4470600
2023-05-22,267.4581298828125,269.60212576603925,265.0840621155889,267.52254888707085,3736200
2023-05-23,271.396484375,274.0005679180383,266.18828920740395,266.18828920740395,5352200
2023-05-24,267.863037109375,273.77054684640063,267.0164634722494,273.63252616684804,4978200
2023-05-25,263.8602600097656,268.49795125689565,263.22533682372614,268.49795125689565,5355900
2023-05-26,269.4549255371094,269.88740905906474,262.8848883806105,264.090315798535,4626100
2023-05-30,269.05914306640625,270.94551851585805,265.8845564168331,269.8689014952919,5193300
2023-05-31,262.7013854980469,268.77191220153986,261.3204347162455,268.3919209316268,18288800
2023-06-01,267.2797546386719,268.0489858745695,259.4853664797783,263.25741941853937,4305100
2023-06-02,274.277099609375,274.5273253408929,268.5124044674298,269.3743213818954,4515600
2023-06-05,271.6449890136719,274.0731996243974,270.04161540197475,273.98051400063383,3028800
2023-06-06,274.3326721191406,275.1853401664915,270.3010883417352,270.4586567131085,2855400
2023-06-07,279.6155090332031,280.07890892998756,275.3614730910791,275.5468443632669,4842700
2023-06-08,279.05010986328125,283.0909711409305,278.772081275139,280.04179230045753,3757300
2023-06-09,275.58392333984375,279.36525403995955,274.42542360181153,278.94821110447896,3485800
2023-06-12,278.8369140625,280.4588133623992,275.86189526611514,276.5569949660719,4456600
2023-06-13,278.1139831542969,281.85826107579373,276.80722074123025,280.2641647950516,4043400
2023-06-14,277.7711181640625,280.4032258042776,273.9897879962878,278.9574205974507,4176000
2023-06-15,279.9119873046875,281.21877805207095,277.65059416103236,278.8183706339447,4109700
2023-06-16,278.3920593261719,283.5821425742398,278.16963648017753,282.0621777034698,10809300
2023-06-20,279.3467102050781,280.5886184500886,276.3994938497392,277.82674507066696,3371100
2023-06-21,278.68865966796875,281.348570076991,278.20670575948185,280.6997990234187,2713300
2023-06-22,279.133544921875,280.6627588691007,277.66921374593187,279.4301276331519,3052000
2023-06-23,278.79058837890625,280.19006484057036,277.2057689654781,278.3364656208529,8525900
2023-06-26,285.3523254394531,286.57567934305774,279.8749367353594,280.5144306839988,4440100
2023-06-27,290.7740783691406,292.3681747078641,285.35232369192454,285.59327233920874,5342500
2023-06-28,284.0733947753906,290.03271026132467,283.65632358270926,289.16151625095085,4025600
2023-06-29,285.2874450683594,285.5747506669701,281.7748668445886,284.32356561422915,3279700
2023-06-30,287.9010925292969,288.6332439792761,285.7323561899048,286.91865875756594,3230700
2023-07-03,287.326416015625,288.60540405224833,286.2884049376932,287.1039931514055,1483300
2023-07-05,288.0493469238281,289.43954652922054,287.2986413996109,287.771318316223,2496000
2023-07-06,279.9119873046875,285.4357329355447,279.4671416263799,284.3791678822093,4828300
2023-07-07,280.64422607421875,283.2578081204187,278.86478641819394,279.8842435018599,2951900
2023-07-10,287.5673828125,287.7990827157679,281.0056539967723,281.0056539967723,3246700
2023-07-11,290.699951171875,291.5433421590995,287.9936840324471,290.0048515071636,2913800
2023-07-12,294.27740478515625,297.74365459244007,292.8779565936424,293.1559851658161,5300500
2023-07-13,291.5711669921875,295.1115483393979,290.5238788930255,294.8149656720161,3235600
2023-07-14,293.3320617675781,293.70277593614117,291.2189598947228,291.79357109854726,2942100
2023-07-17,292.9150085449219,294.55546197363833,291.154094923914,292.60917711518545,2002500
2023-07-18,293.5730285644531,295.01883357048393,289.2819422094514,291.50625542767756,2315600
2023-07-19,296.093994140625,296.5203141059466,293.5082149201912,293.7955205798301,2361400
2023-07-20,295.7325134277344,297.9197754313079,294.61109370808447,296.8910130548841,2101900
2023-07-21,297.011474609375,298.32754251130024,296.10320080192355,297.56756003671916,3673400
2023-07-24,301.3117370605469,301.8214936968642,297.4562764755744,297.4748022813108,2621900
2023-07-25,301.33038330078125,302.97080854581566,300.12552675130246,301.2747775828941,2890800
2023-07-26,305.4638671875,306.7335780742803,300.50548382630956,300.92255494669763,3448100
2023-07-27,305.5751037597656,309.0320766259566,304.8522011662947,307.42870305417097,2608600
2023-07-28,307.1136169433594,308.62430500375194,305.380506002211,307.69750528902597,2268200
2023-07-31,309.40277099609375,309.6159450834114,307.2155375450588,307.3730776361241,2690000
2023-08-01,307.7623291015625,310.4500421026675,306.65943538961653,307.4750235077289,2547200
2023-08-02,304.4536437988281,308.18864475122314,303.91611251943493,305.87164593996874,2752600
2023-08-03,305.7048645019531,307.79016367552214,303.65664523312245,303.69369685418064,2451300
2023-08-04,302.53515625,305.3989633322866,301.51567113567233,304.1385295790643,3591600
2023-08-07,305.07464599609375,305.297068856038,302.68348711697325,303.25809836094913,2111000
2023-08-08,303.81414794921875,304.481444734001,299.71770991560084,302.6741743591434,3272600
2023-08-09,304.18487548828125,306.696522658644,302.8410330972828,303.387841443318,2698900
2023-08-10,305.2877502441406,308.53154850052516,304.8614303927309,306.45552666721545,3075100
2023-08-11,306.8726501464844,307.3175242064362,304.31470208189137,304.4722421997585,3108400
2023-08-14,305.7975769042969,309.356484411509,304.38882323766023,307.1970252393337,3974800
2023-08-15,307.8272705078125,313.4158716504997,304.47223178567083,307.4750820911906,5860900
2023-08-16,308.652099609375,313.082200995941,307.4009143712196,308.2721083424578,3753900
2023-08-17,303.3230285644531,311.0803381387759,303.11913148305354,309.3379500402133,3885100
2023-08-18,303.4063415527344,304.8150948653285,300.68154881605165,301.2654370144373,3472000
2023-08-21,300.33868408203125,303.8697883890258,299.8196785549551,302.70201181126447,3109700
2023-08-22,300.7279357910156,302.4239665656999,298.4572655224722,301.46008708983123,2582200
2023-08-23,302.2201232910156,302.9986316772044,300.35724676611335,300.76504091369077,2728000
2023-08-24,298.97625732421875,304.9170457122277,298.7167545868746,301.3210590064034,2490000
2023-08-25,299.2264404296875,302.4517125208117,297.68797831674993,299.754722875278,2418100
2023-08-28,302.0533142089844,303.4713167152881,299.23583500951406,299.54169477022356,2099900
2023-08-29,305.269287109375,305.69560704831014,302.85032520547867,302.86887930087715,2628200
2023-08-30,308.3846130371094,309.307994916641,305.8103017798701,305.93155969623274,2256200
2023-08-31,308.07672119140625,310.2219895110576,307.49844062853344,308.91619010065244,2914700
2023-09-01,310.6697082519531,311.01483783233226,308.86026146472653,309.66238530597064,2317400
2023-09-05,305.7263488769531,309.9422245962166,305.34393102623096,309.5131822245058,3141400
2023-09-06,304.0660095214844,306.50038937043877,303.6556114032693,305.4930666484584,3199700
2023-09-07,306.3232727050781,307.722349771856,302.48045045165316,303.16134487129824,2454000
2023-09-08,306.5937194824219,307.32123836883534,304.70030312007054,305.4651386957163,2210300
2023-09-11,306.276611328125,307.685024645313,305.5304482986835,307.13472442984823,2087800
2023-09-12,304.3272399902344,306.64969879391526,303.96349475721837,304.8402235248939,2190500
2023-09-13,303.9541320800781,305.8941729044256,303.13333572444503,304.1033703687653,2564300
2023-09-14,307.45184326171875,308.0767483905908,303.38517792251764,305.36256402061423,2707600
2023-09-15,299.7755432128906,307.0227798961167,298.7775281757069,305.29724599704895,7117800
2023-09-18,295.91412353515625,300.0087407778909,295.5876665403705,298.61900005826243,2740400
2023-09-19,293.4423522949219,295.60626456172247,291.32509299969905,294.69221927599597,2776500
2023-09-20,289.9447021484375,295.0653432946872,289.88874134590316,293.8061683090752,2320000
2023-09-21,286.1205749511719,289.3571074610887,285.74746498995654,288.58293560228987,2766500
2023-09-22,285.1598205566406,286.95062277578046,284.90796853586704,285.5608823754358,2289200
2023-09-25,285.86865234375,286.6148436177667,284.0218894271677,284.0218894271677,1882300
2023-09-26,282.1844787597656,285.23445601669476,281.3357020631005,284.03124196710445,2655500
2023-09-27,281.512939453125,283.751456847842,279.7221084587756,282.61353980641934,2513900
2023-09-28,283.070556640625,284.3577119436478,280.51491861040387,281.3730316338499,2369600
2023-09-29,281.8300476074219,285.1038965859744,279.6474911098175,284.43233855099675,3502600
2023-10-02,279.6568298339844,283.03329295733613,278.37901070808334,280.3004075412957,2806800
2023-10-03,272.2976989746094,278.2297718740411,270.5535208447003,277.8660266504281,3609200
2023-10-04,272.7173767089844,274.4149015063856,270.8239322110531,273.6220856675269,2956300
2023-10-05,272.0738220214844,272.97855952041493,270.7120333971699,272.353626004951,2469300
2023-10-06,273.1185302734375,274.72280659922427,268.05387764755716,271.197133198452,2922500
2023-10-09,275.487548828125,275.6461233974549,270.18971791934376,270.7679984705027,1929900
2023-10-10,279.087890625,280.4403431568826,275.31039398177614,276.7281151430228,3116300
2023-10-11,277.9966125488281,280.60824025319636,275.991274368313,279.5729083822523,2292800
2023-10-12,273.3050231933594,277.6701651473674,271.2064076543479,277.6701651473674,2546400
2023-10-13,272.279052734375,274.899988053115,271.31835432712467,273.2304148529945,2092700
2023-10-16,277.3250427246094,278.2950774576662,273.82735006936645,274.620166097414,2567000
2023-10-17,276.0285949707031,278.2857568178103,274.68547863841735,276.72813354108956,2139700
2023-10-18,270.7120361328125,273.5941310488088,270.09643889867374,273.2863466638852,2720100
2023-10-19,267.4755554199219,271.7380839066815,267.1491268610827,271.4209631729854,3028600
2023-10-20,267.1397399902344,267.8579225337125,264.52811276393874,266.62672806121424,2885300
2023-10-23,265.889892578125,268.85592860169396,265.19966199199877,266.5894309873228,2590900
2023-10-24,264.2483825683594,268.5388918448885,263.0545044488669,267.44759906127206,2705200
2023-10-25,262.0284423828125,264.17371070971586,260.4148585740434,262.7932779201683,2962800
2023-10-26,259.29559326171875,264.1830262707399,259.0624137713755,261.65536856542093,3108200
2023-10-27,257.85919189453125,260.8532369549983,255.80722951965242,260.2096593038169,2907300
2023-10-30,262.5414733886719,263.32495309445324,258.32556980346993,258.80126509295286,3074400
2023-10-31,265.5354919433594,266.1977137589588,262.6720408277062,263.57677843393134,3036000
2023-11-01,267.344970703125,267.53149722860115,263.04512582826544,266.3749359920458,2747300
2023-11-02,274.71343994140625,274.8346978394629,270.4882284086295,270.7214079158783,3628000
2023-11-03,275.720703125,277.7726937297316,274.3776156415174,274.38692346406907,3071900
2023-11-06,274.750732421875,276.4949104281141,273.49155750082923,274.91861482086966,2890300
2023-11-07,274.9372863769531,276.08453981318814,273.8087055186655,274.78804807485216,2629000
2023-11-08,276.0099182128906,277.95929538277,274.3216724755362,275.1797855446806,2454900
2023-11-09,268.5014953613281,273.04382694692777,268.32427668447673,272.30700030558904,4059100
2023-11-10,271.9712219238281,271.9712219238281,267.4941871775454,269.7700212384554,3653500
2023-11-13,268.68804931640625,270.42289092838274,267.91387752795487,268.4268894458628,4586700
2023-11-14,283.201171875,287.50098820702874,279.9459951523017,280.64553365472415,7952800
2023-11-15,287.454345703125,288.1445478737467,283.5555915250462,283.63953272436834,3985900
2023-11-16,285.8221130371094,287.2305263593881,283.85406320857913,285.29979322175336,3114000
2023-11-17,286.5962219238281,287.93933799120873,284.8986969606955,287.7434752001341,2770300
2023-11-20,287.454345703125,288.8347785086612,285.1691753525043,286.5216277582664,3459000
2023-11-21,284.7961120605469,285.47700645093545,281.99795804722146,285.0106474487145,2977200
2023-11-22,288.3963928222656,289.0119616021107,285.85939893625726,286.70817566085736,2873500
2023-11-24,289.79541015625,290.4296513813516,287.5662011182347,288.3776609892156,1259900
2023-11-27,290.00067138671875,291.8381268478139,288.90937888407865,289.7861360156241,2992600
2023-11-28,292.25787353515625,293.414434821102,288.5736542763499,289.80482048281306,3116900
2023-11-29,292.0418701171875,294.89638047662356,291.9385959583218,294.89638047662356,3083800
2023-11-30,294.36114501953125,294.6146882294339,289.7601438428127,293.4691302612739,4493700
2023-12-01,300.1171569824219,300.567878259995,293.90110622164457,294.68044798438575,3613600
2023-12-04,304.2486877441406,305.24400555522953,299.49744501409486,300.11717606437475,3827900
2023-12-05,303.7603454589844,304.15473007693186,300.483311025469,302.35187399626886,3269800
2023-12-06,306.2110900878906,308.2768598170679,304.42703186110674,305.16883489868775,3030800
2023-12-07,306.2674255371094,307.43175273194305,304.86832445205926,306.211060317769,2742300
2023-12-08,306.5491027832031,307.3096750376677,305.2251362443956,306.1077806036006,2889300
2023-12-11,311.112548828125,311.8261835273685,308.74632712518434,309.68530808506273,3520700
2023-12-12,312.8684997558594,314.1079329733755,310.16422972595547,310.2769028679635,2893400
2023-12-13,322.44610595703125,322.85925993596175,311.6572222225856,314.46476655881054,5822700
2023-12-14,330.34295654296875,331.52608196333216,326.7654406489875,328.3992586824947,7594800
2023-12-15,332.3992919921875,332.7561093763696,325.5916793737034,326.97198266463386,11212800
2023-12-18,329.4039611816406,333.26318844778547,328.943869607094,332.1270006718279,4420500
2023-12-19,330.5870666503906,331.42274488785904,329.01895568138934,330.01427330647005,4654700
2023-12-20,327.3851318359375,333.1222922180485,327.05648274186507,329.5823440241137,3259500
2023-12-21,327.67620849609375,330.7560651030004,325.8264147359578,330.3992477296605,2794200
2023-12-22,327.3194580078125,329.9016563467717,325.5353994319818,327.74201101636066,2029900
2023-12-26,327.9954528808594,328.72785691924963,326.91563045515187,327.1691450107932,1585500
2023-12-27,327.2630920410156,328.6433954481149,325.99546178462975,328.55889058507984,2764300
2023-12-28,326.1644287109375,327.74193858021215,324.6996206330174,327.23488081310865,2859400
2023-12-29,325.40386962890625,326.3428506737514,322.0892676868201,324.7278021304007,10325700
2024-01-02,324.0235900878906,326.10812930639753,322.2770989711189,323.206681103889,2833600
2024-01-03,317.6197509765625,321.78882928632754,316.0516399562499,321.5822523014138,3309600
2024-01-04,317.9295654296875,321.9953691054209,317.8826278430274,319.18779649968576,3652400
2024-01-05,322.0141906738281,322.8498689778201,317.2066118781851,317.2535494724634,2664300
2024-01-08,326.69964599609375,327.1973047700414,322.30522188024355,322.4742315796011,2736200
2024-01-09,325.06585693359375,327.8076655942354,324.18321244074156,324.709039544301,2338100
2024-01-10,335.0284118652344,335.0847484332253,328.9344342989986,329.2255161187604,4109300
2024-01-11,334.7748718261719,338.9721177545575,331.70441448268576,335.3006988576785,3530400
2024-01-12,334.00494384765625,336.65287730637834,331.864068183364,336.65287730637834,1956100
2024-01-16,336.5589294433594,337.7044873295568,334.4743906227517,336.2115110824954,3669400
2024-01-17,333.9955139160156,337.8077740356218,332.44617252373024,334.86875926610264,2646100
2024-01-18,336.0613098144531,336.82188216742793,332.4274577601451,334.3899247028578,2510700
2024-01-19,340.2961120605469,340.81254015507193,334.54015387105346,336.91577468563605,3234600
2024-01-22,334.9251403808594,339.40406950442417,333.98615936628534,337.4322036427333,4003700
2024-01-23,329.375732421875,334.1645409387437,327.760684061629,334.136372656809,3878400
2024-01-24,326.0799560546875,331.3382559421231,325.8921770280753,330.4650103970323,3474400
2024-01-25,329.55413818359375,331.3475951987366,327.00950788654006,331.07528270548875,3064200
2024-01-26,333.6199645996094,335.26318148142224,329.60112674344987,330.0236796895159,3177700
2024-01-29,333.9955139160156,334.6246150650545,331.4696530303829,333.47905723344627,2732000
2024-01-30,335.3101806640625,337.02850359229376,332.43690058378655,332.86882389733995,2336500
2024-01-31,331.4227294921875,337.0754135157168,330.8499648303014,336.0800959368719,3377900
2024-02-01,338.09893798828125,338.16467354383514,330.8218343247989,331.8359213237081,2439100
2024-02-02,335.4322204589844,337.61063477953985,328.6621462617784,332.5683109808234,3697600
2024-02-05,333.4697265625,334.342972016423,329.35698519186116,332.0800243645967,2653800
2024-02-06,334.5119934082031,336.1552102179276,332.68096892948216,333.19742569150895,2045300
2024-02-07,340.5590515136719,341.5355998641656,335.8923143818209,336.6059491751157,3272200
2024-02-08,341.52618408203125,343.3384106069781,339.58248645723853,340.7186454890151,2521900
2024-02-09,340.9909973144531,342.1928920346776,338.7843858910718,341.9112091531525,2389900
2024-02-12,343.150634765625,346.22109247047365,341.8360383767193,341.9956777629472,3119700
2024-02-13,335.770263671875,337.4979855372961,332.2866516529445,336.5965716630395,3106500
2024-02-14,336.3712158203125,337.0754516579818,332.38054607351984,335.3758981288409,2998900
2024-02-15,339.0472412109375,339.57309692514985,335.07536998672384,337.00026954241565,2662800
2024-02-16,340.23980712890625,341.77972123123595,337.2350561483876,338.67169608438013,3899600
2024-02-20,340.4463806152344,342.96284305866305,332.9251329159971,333.62936873336605,4830000
2024-02-21,341.91119384765625,342.8313769897336,337.0472786081844,338.58719271730536,3277800
2024-02-22,348.6811828613281,350.20232741688665,344.7468503847047,345.01916288397894,3387500
2024-02-23,349.26336669921875,351.4136412248218,347.6577172037148,349.37603983498377,3398200
2024-02-26,348.92535400390625,352.0052106142415,348.09904611849953,350.71881119713515,2461000
2024-02-27,352.64373779296875,352.86908408606166,347.99576990992506,349.92069834819006,2802900
2024-02-28,354.5685729980469,356.6625107747616,352.17418310373944,352.64367356579373,2282500
2024-02-29,357.38555908203125,358.48417950476687,355.07567375230707,355.6766353711706,4382800
2024-03-01,360.99127197265625,361.60160391703397,356.653155501113,357.1508143056582,2750900
2024-03-04,357.16021728515625,361.0663818905118,356.9160730425004,359.5358381946511,2619000
2024-03-05,355.3573913574219,357.7330122778846,354.014626672043,356.9067043654753,3011600
2024-03-06,356.5286560058594,358.776801238659,355.0645423425536,357.5582631669599,2496300
2024-03-07,355.6880187988281,359.2302578473896,354.7717584785276,356.9348938623574,2368500
2024-03-08,352.6653137207031,355.75413569075045,351.4845674104201,354.2238930849139,2162900
2024-03-11,350.9366455078125,352.3157777984113,348.4334693769202,350.9744374569989,2833700
2024-03-12,353.7893981933594,355.0740363844844,351.77740180192774,351.8718672752317,2843800
2024-03-13,357.9927978515625,361.50669974693227,354.96064963737786,355.1967988808118,3761200
2024-03-14,354.4789123535156,359.13579755782644,351.5506846609315,357.05767258875386,3877500
2024-03-15,352.55194091796875,357.4544015460714,351.9001666961878,353.392617239499,9234900
2024-03-18,351.3050842285156,356.67984362529364,350.5777548944308,355.63132593401446,3455600
2024-03-19,358.38958740234375,358.4368057263845,352.45751879667824,354.1200189090585,3493800
2024-03-20,363.112548828125,363.55651058660163,355.38575201846356,358.39901885915987,2750400
2024-03-21,373.3047180175781,374.8821787466114,366.7775497764171,366.89089679565177,4212200
2024-03-22,368.65728759765625,374.4571265675823,368.4778118753419,372.8229635058607,2910900
2024-03-25,362.262451171875,368.2606198299737,361.67680556902826,367.542745620105,2683900
2024-03-26,358.8807373046875,362.9708585262335,358.38010203937176,361.22334828159103,2720200
2024-03-27,364.51055908203125,364.91672888353025,359.6458613516008,359.7497820140851,2536500
2024-03-28,362.347412109375,366.13522644728715,358.6823711659725,365.6818383400209,4108200
2024-04-01,347.6400146484375,361.9128895649093,347.46053892164133,360.3353999732828,4333200
2024-04-02,342.888671875,346.53480204209154,342.85087992780467,344.30556721332647,4650500
2024-04-03,339.9604797363281,342.32197241138846,339.11034813866934,341.94413934874177,4723000
2024-04-04,337.8634338378906,344.77789050564405,337.1361045561199,342.52028993368276,4381600
2024-04-05,338.04290771484375,339.422011197805,336.29539758251804,337.86343198722693,3243400
2024-04-08,341.9913024902344,342.4825113365505,337.4667040101824,338.2318252073023,4339600
2024-04-09,341.3962707519531,344.25839859546767,338.855302438937,343.4838221135996,3022600
2024-04-10,331.1379089355469,334.37786959914945,329.4281907392173,332.3753286505299,4805200
2024-04-11,328.1246643066406,332.41314287615324,326.6322136893708,331.5913480758302,4104700
2024-04-12,323.8739318847656,326.9438717850644,322.5892939479707,326.9438717850644,3550300
2024-04-15,319.2076416015625,326.9061010077978,318.5086490805001,326.75499086282053,4209200
2024-04-16,316.2794189453125,319.377696129735,314.51302706640894,318.15918668523386,4525500
2024-04-17,314.39019775390625,318.5653290572229,313.5495214381081,318.1213673269617,4273800
2024-04-18,314.4468994140625,318.28196080897015,312.9733016190995,317.05396745096965,3717300
2024-04-19,316.780029296875,317.2617829811347,314.15405084620284,316.16604702539064,3076600
2024-04-22,317.48846435546875,320.64344350950853,315.22143745991156,319.4815788931354,3112800
2024-04-23,320.2183837890625,321.3424565279774,317.65853398426225,319.2737867867349,3697400
2024-04-24,314.5602722167969,318.84872205992514,313.4361994233969,318.3953339259918,4029200
2024-04-25,313.5873107910156,314.4657790499543,308.7887420662194,311.452512425722,3787800
2024-04-26,316.5249938964844,317.2239864267861,312.6521405702925,312.6615957645328,2465300
2024-04-29,318.1402587890625,318.65034924172414,315.63708249876163,316.43999571594077,2427400
2024-04-30,315.7032165527344,318.74482010418797,314.4185496181336,317.1201120799305,3089900
2024-05-01,313.5778503417969,316.8083845914746,311.17856601960636,314.5602392403555,3267500
2024-05-02,316.94061279296875,317.38457451157825,312.6427082105156,316.9122760376027,3213600
2024-05-03,323.8550720214844,327.6617965998168,321.51246119373695,322.37204788262636,4165100
2024-05-06,323.32611083984375,327.18950905850903,321.5786006480551,326.8305575910613,3366100
2024-05-07,321.81475830078125,326.3960595740073,321.5219355332278,324.5635390647169,2930700
2024-05-08,320.05780029296875,321.57861650739795,318.9243011484463,320.01058197200217,3123200
2024-05-09,328.1907958984375,328.7292231264158,320.10504759109534,320.4545438814909,3801400
2024-05-10,327.2366943359375,330.4294364427852,325.60256016214123,328.20962798150265,3413700
2024-05-13,322.06982421875,329.46603577129525,321.5408521405612,328.77646949977736,4055600
2024-05-14,321.63525390625,325.17749238539375,314.55077694796256,316.48718911917024,5854300
2024-05-15,329.3526306152344,331.02455683590927,325.59312438371734,326.05596766375936,4151100
2024-05-16,323.74176025390625,328.9559256394395,323.6850867365385,328.71977637480245,3101600
2024-05-17,325.13970947265625,325.819820432625,321.7202731113838,325.65925509345556,2739000
2024-05-20,319.1037292480469,323.57165410188765,318.83924327113203,322.2303426571085,3237400
2024-05-21,317.5262756347656,320.2183828488575,313.9179081780337,320.2183828488575,4275100
2024-05-22,312.2743225097656,316.67614804168795,310.7062880117734,316.1188392642326,4024400
2024-05-23,308.779296875,312.66157632727044,307.93859179060473,312.6426947667754,4021100
2024-05-24,307.0885009765625,309.3933200415982,306.4461819130119,308.3070392197789,2736900
2024-05-28,310.48907470703125,312.6521812856874,306.5028738380961,307.3624606483649,3807500
2024-05-29,307.8536071777344,308.68485713773475,305.83215579075056,308.43925269678584,3506200
2024-05-30,313.10400390625,314.0932221052809,309.80346529535143,310.3266226532884,2921800
2024-05-31,318.5161437988281,318.8015102895195,311.9911755647184,313.93152837081703,5557800
2024-06-03,311.9911804199219,317.35572800733775,310.8783062406039,317.35572800733775,3712800
2024-06-04,312.22894287109375,313.68422187932566,309.22326269825254,310.90681166002463,4296800
2024-06-05,314.13128662109375,314.3215019167729,310.00324025386954,312.45722946675096,2422400
2024-06-06,314.9302978515625,315.6341496806866,312.0387521587961,313.693767660666,2979400
2024-06-07,311.05902099609375,312.7616119132463,308.11040812497833,309.8225199665334,2583800
2024-06-10,316.3189697265625,316.5472397056316,310.55492053738686,311.0305023452542,2691000
2024-06-11,319.3246154785156,319.8857984674517,314.18833831805057,316.73744956423,3250900
2024-06-12,327.3334655761719,333.3733314051787,326.30619260048724,330.0823133728477,4793000
2024-06-13,330.8907775878906,331.66121773462356,326.3156832737029,329.0074633252058,3380800
2024-06-14,329.901611328125,330.52938284787854,325.0031241215773,327.9707501951669,2589000
2024-06-17,332.43170166015625,333.56358874621185,327.5807611523769,328.046851087772,2680200
2024-06-18,336.5882568359375,339.0042204957005,334.9141996194454,335.7132025834689,3655000
2024-06-20,336.1792297363281,337.5869621660142,332.5172444561684,334.8095519742569,3661200
2024-06-21,338.42401123046875,338.8520464790107,334.85714758332125,337.510902264418,6596400
2024-06-24,333.7442932128906,340.22171509600264,333.5921035515276,339.47028771402586,4278900
2024-06-25,321.7977294921875,330.0443030167342,318.19281072265386,329.39751862798823,4879600
2024-06-26,325.12677001953125,325.8591555897188,321.0462697805746,322.88200868231456,3365300
2024-06-27,324.8128662109375,327.9231899301835,321.9213496086439,326.0874220212665,2912600
2024-06-28,327.42852783203125,328.41774604158513,324.0709216957799,324.6796802946462,6344000
2024-07-01,319.77166748046875,327.8185027665131,319.01074827209277,327.124171971352,2643600
2024-07-02,318.6112365722656,320.3803867370804,316.2903953259966,318.63977031598176,2995900
2024-07-03,317.3462829589844,323.0532653776258,317.2511607798976,320.542179180361,1733000
2024-07-05,318.2402648925781,319.5148495018265,315.44387096178417,316.46159382639036,3437500
2024-07-08,323.01513671875,324.11848988357974,318.63977872779265,319.47680726850535,3534500
2024-07-09,320.62774658203125,322.69178444416286,319.18198830507976,322.39692603917416,2254300
2024-07-10,327.3714294433594,327.4760725170663,321.13179952993556,322.1020048269065,3263100
2024-07-11,336.5121765136719,336.83556865281344,328.15144038324536,333.6491648030705,4146900
2024-07-12,342.2000732421875,346.1759586317475,336.79747166611895,337.6630339123703,4019900
2024-07-15,340.9541320800781,343.54129850748626,337.691647552684,341.60094545733955,2884000
2024-07-16,351.0934753417969,351.37884181532706,341.9432868850805,342.475936136355,3210400
2024-07-17,353.7282409667969,356.86706919890804,347.57421138626114,348.73463212566884,3991100
2024-07-18,348.201904296875,357.3901467412548,347.9165668716975,351.8353556558949,2395000
2024-07-19,345.6147766113281,349.64772983702755,344.2736615380664,348.5348557018433,2474500
2024-07-22,345.5101623535156,349.343350330169,343.4461246612216,346.699116800706,4049300
2024-07-23,342.05743408203125,347.5836920318091,341.8291641168189,347.5836920318091,2535700
2024-07-24,333.2021179199219,343.79809434191213,332.907259526518,341.40114349590715,3508100
2024-07-25,336.0365905761719,341.306015929702,332.2699618855421,333.097498586126,3297600
2024-07-26,341.95281982421875,344.00733659155566,337.67258381573555,337.67258381573555,2439000
2024-07-29,344.0073547363281,345.1677754987009,341.4201885625402,341.6674713620162,2142100
2024-07-30,345.9286804199219,346.87984398806435,341.71503277958067,345.10117275999124,2788800
2024-07-31,350.180419921875,354.2989458373725,345.3104665801204,347.17473924405834,3526100
2024-08-01,341.0682373046875,353.33827119628904,336.47412980260594,351.9210176672396,3759000
2024-08-02,338.07208251953125,338.2052593609794,329.80646824103707,337.59650070386283,3764600
2024-08-05,332.916748046875,336.65481365918487,328.37967954552784,333.7442556527994,3827900
2024-08-06,336.6263122558594,341.1443393437343,330.32009296042986,331.7183046097659,2831100
2024-08-07,325.6784362792969,338.87107179766303,325.5643012827332,337.8343068759273,3429100
2024-08-08,331.3282775878906,331.7087371680741,324.6701333394607,325.52617465167486,3591100
2024-08-09,331.6136779785156,334.36252557680467,328.53188830108763,330.9003053074679,2314800
2024-08-12,328.921875,334.33399808780865,325.4215999950845,333.6396382251995,3830200
2024-08-13,332.9738464355469,336.13171653527087,322.79638436527364,325.17429335111234,6388600
2024-08-14,338.29083251953125,342.124020474498,332.3365393929823,332.4792081203963,4814800
2024-08-15,342.4854736328125,347.56468361359043,340.64973490915474,344.7587394710728,3575800
2024-08-16,344.3782653808594,345.9381875032604,342.39033708624396,342.39033708624396,3308300
2024-08-19,345.3389587402344,346.8798390543557,344.4163289311705,344.79678854757447,3634900
2024-08-20,349.33380126953125,349.68575614040697,342.8944349519884,343.03710366871866,3459400
2024-08-21,352.3680419921875,354.66034963997424,350.52278237574853,351.4073865414081,4587600
2024-08-22,347.5171203613281,354.2703877539448,346.80374765845755,353.35727882188917,4097300
2024-08-23,357.24749755859375,357.9418573674247,347.35540290652733,348.7536144207441,3426200
2024-08-26,355.83978271484375,360.09148495587146,355.13593097465656,358.66473962703276,2452100
2024-08-27,354.9552001953125,356.001485886809,352.8816706603877,355.2500585682969,1780300
2024-08-28,354.48919677734375,357.0763631666864,352.12080848577483,354.7840551980928,2218300
2024-08-29,351.2547302246094,357.2451897027687,351.1303232329897,356.5657406260027,2698400
2024-08-30,352.6326904296875,354.4604508912891,349.16856935094626,353.3408172878676,3216700
2024-09-03,349.03460693359375,353.47482663076164,347.2738392202914,352.05854361628195,3598100
2024-09-04,348.96759033203125,350.1733157985328,344.50824300698173,348.48911996501107,3221300
2024-09-05,346.2690124511719,349.42690521032057,342.1828568029938,349.1876700254301,2789200
2024-09-06,344.5465087890625,349.70443350064147,343.94366064150773,347.2929532998792,2228800
2024-09-09,349.7809753417969,350.39343144458786,344.5273799256381,347.1398387081753,2747600
2024-09-10,354.9006042480469,355.56089568874523,346.87188670045276,349.9532370225404,2787400
2024-09-11,354.5369873046875,355.22598584816313,346.5465549952121,353.6374606172744,2937700
2024-09-12,358.3073425292969,358.84322704968133,354.6039862459729,355.92456924389035,2367700
2024-09-13,363.6279296875,365.5513900641143,359.3408535413962,359.38868890057415,2514700
2024-09-16,365.56097412109375,367.46527701885265,363.1877503604144,365.5513953677128,2877800
2024-09-17,366.73797607421875,371.23560943256587,365.2451507900684,366.91979715914226,2947600
2024-09-18,367.4748229980469,375.76193331279717,364.661414885511,367.5513654077186,3549400
2024-09-19,373.53228759765625,374.9964059288909,370.34568741915155,374.0107580222887,3753500
2024-09-20,373.0729675292969,374.95814228192324,370.3361305563114,371.6088491115173,6584200
2024-09-23,375.08251953125,375.74281104019866,370.58491515258254,374.0011717208409,2502300
2024-09-24,383.4079284667969,383.83853433168053,376.6806353892292,377.7045691182595,4057700
2024-09-25,379.8385314941406,383.4079314428644,378.58494129410855,383.4079314428644,2787300
2024-09-26,379.61846923828125,382.7763625478938,378.4605497150403,382.29789209470897,2849500
2024-09-27,382.3265686035156,386.16391067655707,381.15909962289174,382.44139683054146,2452300
2024-09-30,387.75244140625,387.8576908813302,381.8385247996829,382.9677371895071,3442000
2024-10-01,391.43658447265625,392.88157428518684,384.1255726578301,386.6231738851314,3476200
2024-10-02,393.5514831542969,393.74285379238256,387.522738586042,390.14477623910545,3431300
2024-10-03,393.857666015625,395.1878276926311,389.28349034092696,391.38877169895306,3320700
2024-10-04,390.7763366699219,394.08737291189846,382.25001971883825,392.4127264879017,3989000
2024-10-07,390.4892578125,392.1639042009242,383.962914592769,387.4557718514374,3267800
2024-10-08,396.345703125,397.4079225173279,390.8528726995698,392.1542980700287,3693900
2024-10-09,398.1543884277344,401.9438660353983,393.06345607183687,401.9151589778977,3627800
2024-10-10,392.30743408203125,396.6328250988755,390.0777749136651,392.0777776399032,3040800
2024-10-11,394.16387939453125,395.3505057537499,391.2356431077975,392.8815823254758,2717400
2024-10-14,397.5323486328125,398.48928940548416,393.5897281184528,393.7619996522049,2088700
2024-10-15,397.6854553222656,403.40797197073397,397.1495707963875,399.9534296091441,3693000
2024-10-16,400.5849609375,400.7093679099218,396.04907104159463,396.04907104159463,2429000
2024-10-17,397.7046203613281,400.95821338821406,396.7093937071984,400.58499244159657,2013800
2024-10-18,397.13043212890625,398.71895736184376,395.44620697523453,398.7093786087156,2436600
2024-10-21,388.9007263183594,398.62324812675774,386.95813770726056,398.1543564906868,3699500
2024-10-22,384.5466613769531,385.59930208412345,379.14950131665177,381.34090389746336,4486700
2024-10-23,382.4318542480469,386.8720445938687,379.6088670669915,383.31222347362876,3159000
2024-10-24,385.3409423828125,386.7955111949356,380.9485872955298,384.9677506294773,2550300
2024-10-25,381.7333068847656,386.144790519638,380.699794334533,386.144790519638,1941400
2024-10-28,385.5419006347656,388.3648585290733,384.6423739285073,386.07778515719406,2586500
2024-10-29,378.05859375,381.92461340090466,372.2977916740678,376.97724601667,3822700
2024-10-30,375.6184387207031,380.56583611763676,375.0634258376629,377.99166271124574,2795600
2024-10-31,376.7954406738281,378.63277986266075,373.6853830682664,373.6853830682664,2518600
2024-11-01,375.6853942871094,381.54186745270914,375.13038145918364,377.8002253294612,3277800
2024-11-04,378.537109375,383.2356925811635,374.2308754324672,375.07298807601427,2690500
2024-11-05,382.8624572753906,382.99644301071515,376.9007053273018,377.9629248458197,2496500
2024-11-06,371.6470947265625,377.0729619252946,365.2834442318016,377.0729619252946,7133400
2024-11-07,382.2404479980469,382.5466760729127,373.97246519776917,374.1638650454395,4323100
2024-11-08,388.4222717285156,388.90074213695266,384.97727894706543,386.60409001715794,3448700
2024-11-11,390.7093505859375,393.87682216127223,388.3552552927682,390.21172270111424,4071500
2024-11-12,385.7237243652344,398.10654192320703,384.872062151736,396.4127670467988,5647100
2024-11-13,392.527587890625,394.9677754904375,389.20700181823605,391.5132328786347,3083100
2024-11-14,388.25,393.7811163346894,386.97728165944864,390.43182372916954,3348100
2024-11-15,390.6040954589844,391.3026727682752,385.5514491161491,385.5514491161491,3239500
2024-11-18,392.76678466796875,394.7763661906145,386.55624821509,388.03949477511765,3394300
2024-11-19,389.2834777832031,391.54187309473434,382.16383640656636,390.795460492515,3239400
2024-11-20,382.77630615234375,389.1878209618013,382.6997637406597,388.5179507446289,4732200
2024-11-21,392.7763977050781,393.6759244727453,383.1399959897936,384.04907230791287,3722200
2024-11-22,401.9151611328125,402.0491468708785,393.2548580326672,394.34575542705574,4932500
2024-11-25,410.21185302734375,411.7238067429415,406.1831109633032,406.6998672068568,4544200
2024-11-26,411.0251770019531,420.4510491516168,406.41274482005593,410.1448078732565,2758600
2024-11-27,410.9482727050781,413.74763826062696,409.76502663810317,412.3046681406926,2293500
2024-11-29,412.8144836425781,414.6133815521445,411.2849389597281,412.2661479947734,2028700
2024-12-02,410.72698974609375,414.03620343298473,407.0714773362333,412.6894372481573,2617100
2024-12-03,413.02618408203125,414.30560476682047,407.2254449404745,413.39174123691515,2714000
2024-12-04,411.6505126953125,412.52588869954445,409.32250807529806,410.19791343683113,1968800
2024-12-05,410.3229675292969,413.4205443799048,409.6880571907784,410.3806839821349,2523500
2024-12-06,414.96929931640625,419.1827763263901,410.7750806946957,412.40082920964016,3161400
2024-12-09,412.8625793457031,419.76958886710383,411.7563081903908,415.91206893671404,3426000
2024-12-10,406.52313232421875,411.06367918392283,405.38800294861784,410.6692638536275,3354900
2024-12-11,405.3591613769531,411.7274646612272,405.243728467207,409.06279047024924,4211200
2024-12-12,398.663818359375,406.67709992440933,397.47094303530554,405.40727910715975,3673600
2024-12-13,401.1264953613281,402.2423958633392,398.43293331455163,399.96247823721296,2649500
2024-12-16,395.0948181152344,402.56942189240306,395.07558908286285,401.96336976373516,2879600
2024-12-17,392.94000244140625,394.79661694055426,390.78517646756814,394.4118307819835,3726500
2024-12-18,378.84698486328125,395.0948124072407,378.42371129881246,391.52587469334804,4225500
2024-12-19,370.3815612792969,380.11682438704656,370.2565285285425,379.73200886770206,4576100
2024-12-20,377.6733703613281,378.3371389388934,368.4864433458312,368.79428400502405,8046400
2024-12-23,377.529052734375,378.28899577697257,372.3151083553882,376.2303738973439,2433800
2024-12-24,381.07879638671875,381.07879638671875,375.6532147379235,377.22124693835127,1392600
2024-12-26,380.1168212890625,380.7324732718518,376.73063263316385,377.59640883002805,1319500
2024-12-27,377.9234619140625,380.4342450675913,376.490121058314,377.23086447286926,1942700
2024-12-30,374.6238708496094,376.33619410500626,371.01644578706254,375.68205473941646,2444700
2024-12-31,374.2005920410156,376.5766838231518,372.5748434870645,375.18183043292686,2179700
2025-01-02,373.6907653808594,377.7407225652251,371.68985977598516,377.22124511348505,2415700
2025-01-03,374.3833923339844,376.14383228212847,371.14152423216575,374.999073663279,2231600
2025-01-06,374.5661926269531,379.01053606045065,373.2771427959134,375.6532348539166,3274500
2025-01-07,369.62164306640625,377.00001436610177,368.53460080131606,376.03803421749865,2274300
2025-01-08,372.47869873046875,372.95005957534664,365.64863429079656,368.4383706514226,2848500
2025-01-10,375.06640625,377.97157535850806,369.9967527267223,374.12365525634084,5323400
2025-01-13,374.3833923339844,380.80941208266296,372.9596806352685,375.16259383322796,3512900
2025-01-14,377.84649658203125,379.21252107522434,374.8162655067718,375.73975807049004,3405200
2025-01-15,390.6504821777344,392.4878676299567,386.4851214017175,391.1891886670737,4584800
2025-01-16,393.76727294921875,394.51761619868216,388.5629868188781,390.82361640460834,2305900
2025-01-17,393.8154296875,398.69267598456213,392.9977407068454,397.76915392397865,3229000
2025-01-21,402.52130126953125,404.24325376193735,397.2977566957725,397.2977566957725,3568100
2025-01-22,394.5080261230469,401.674759912895,393.76728269259456,401.674759912895,3581400
2025-01-23,398.63494873046875,398.9235310182715,393.2093668613535,395.9221577959111,3840300
2025-01-24,398.7407531738281,399.23137242128604,395.1429569786111,398.34633780824663,2369800
2025-01-27,408.7164611816406,409.98628189971635,398.25974268323694,399.12551886108804,3699200
2025-01-28,402.90606689453125,407.14840217962524,400.85707417291127,407.14840217962524,2818300
2025-01-29,397.7018127441406,405.34953667255877,396.1337805356814,404.243265465501,2384900
2025-01-30,398.7407531738281,401.4535441133087,395.87404189480577,400.5781386956478,3081300
2025-01-31,396.31658935546875,400.54929610758694,394.7196987973329,397.4613480727029,2761000
2025-02-03,393.2189636230469,396.2395656296798,385.7636184442806,390.67932227064676,2896200
2025-02-04,395.8451843261719,396.89373911857746,390.6504976265111,393.94048250543466,2150800
2025-02-05,398.08660888671875,399.36602949241046,392.6225690075845,399.36602949241046,2212100
2025-02-06,398.4136657714844,401.9056580917028,397.29776537733045,399.1351508175691,2023700
2025-02-07,391.88177490234375,398.53868919871576,391.04485702727607,397.49013455637703,2530200
2025-02-10,398.2501220703125,399.1736440800695,393.2478432919882,395.0275123031612,2617600
2025-02-11,400.5299987792969,400.73203572667694,397.0476357019615,398.25973995703674,1441800
2025-02-12,391.66058349609375,394.0751335316681,386.8314247103406,393.04580780127907,3387000
2025-02-13,396.7494201660156,397.27852680148214,391.9972364280415,393.170853249106,3067900
2025-02-14,393.9308166503906,402.10764678843293,393.0265530865408,399.22170673971215,3004400
2025-02-18,387.9761047363281,393.3247105437339,385.003590417116,392.786004157182,3994000
2025-02-19,380.3957824707031,383.4837597173808,378.0004614250229,382.11773506329035,3780000
2025-02-20,379.6358337402344,379.7512666529328,376.2304160291181,378.0581723138825,2703500
2025-02-21,370.65087890625,382.6948871860393,369.30411278988527,381.32886268117676,5287000
2025-02-24,367.8804016113281,371.853354319814,363.82084486910253,371.41085174335325,5722000
2025-02-25,378.3371276855469,385.76361456319694,369.5831036922529,370.3623051545134,6823900
2025-02-26,375.63397216796875,383.70496934280567,373.78695759568905,380.21297714152564,3871500
2025-02-27,375.43194580078125,380.43425383375984,373.5657021439832,375.085647072205,2825100
2025-02-28,381.5212707519531,381.78099478120157,375.441550155912,379.4241614148521,4263500
2025-03-03,374.8740234375,381.97344119539923,371.7764463749216,381.8580082818241,3397600
2025-03-04,367.1685791015625,373.20981331032715,364.4942754406798,371.4686315755783,4384800
2025-03-05,371.6610107421875,372.4017248370774,363.63810037708174,364.5904512644119,2780300
2025-03-06,367.2167053222656,373.0174446435185,366.2547251405832,368.91939967521364,4222000
2025-03-07,362.47406005859375,366.17768900976677,354.8744237664871,365.0714178574165,4573900
2025-03-10,360.40582275390625,368.55379501709956,358.4433752161099,363.08975533499375,3710500
2025-03-11,354.16259765625,360.6751923741348,351.8249930555878,359.99219472218186,4013300
2025-03-12,350.8630065917969,357.85659123356595,347.99629537296363,357.82773300533916,3368000
2025-03-13,336.16748046875,350.4467326988841,334.24100097775715,350.3596086033906,7062400
2025-03-14,340.097900390625,340.1753637262555,334.3958957503919,339.4589608179017,5510700
2025-03-17,342.8279113769531,344.20257539459527,339.7590692356985,340.53355488415093,3681300
2025-03-18,338.4134216308594,342.5955551933172,336.49660302883177,342.2470292913101,3008200
2025-03-19,342.14056396484375,343.1183095830619,337.85192558510687,340.76587046548417,2990200
2025-03-20,344.1734924316406,350.2240223432373,340.9594733957388,343.36999505856596,3391200
2025-03-21,339.9430236816406,342.11155405545304,335.2284547104688,340.8530258965174,8205400
2025-03-24,352.16021728515625,352.79915683508347,342.9731014594857,343.3022467651563,4023200
2025-03-25,349.46893310546875,352.0440422968634,347.09714299963997,349.99170718554547,2799500
2025-03-26,350.57257080078125,353.08959731478734,348.62671080197265,348.8881126188902,3140900
2025-03-27,351.1534423828125,353.554273999352,349.6238517139466,350.34991538061416,3036600
2025-03-28,346.7196044921875,351.6084510122218,344.80281527893493,351.56971934362474,2980200
2025-03-31,354.79339599609375,356.971586839671,341.3951056412781,342.2179836464614,4498800
2025-04-01,353.8543701171875,355.56789924049394,350.36928822922675,352.5184378167255,2801600
2025-04-02,359.0530090332031,360.42767299429846,350.69843193820583,350.9888455796751,3189500
2025-04-03,344.55108642578125,348.54928162871175,340.48511819211507,344.42523066687363,5407100
2025-04-04,342.605224609375,353.7769321191624,337.9003463904243,339.5170315554296,7531100
2025-04-07,330.61065673828125,342.915006543387,322.8562878666023,333.31159211800417,6950500
2025-04-08,324.5407409667969,342.70202138451714,319.21627453285663,339.1975591131549,4868000
2025-04-09,344.04766845703125,344.67691766319695,315.89574615738945,318.1126686035827,6793000
2025-04-10,342.33416748046875,343.95088221481285,328.8197109486063,341.5887527652259,5574800
2025-04-11,342.5664978027344,343.15704493591187,333.21482396003404,339.1298083328257,3576400
2025-04-14,345.7999267578125,347.5618187648947,342.3148153233766,346.38075404388053,2841800
2025-04-15,342.8084716796875,349.90454933889447,342.04370600965035,345.18029110029806,2883100
2025-04-16,334.9476318359375,342.5083713391913,333.3309468544315,340.61093350911887,2637200
2025-04-17,343.72821044921875,346.09033988774524,337.2517203267121,337.42596851227415,3232400
2025-04-21,335.82861328125,343.0505176615552,330.8913748620973,342.9827741782763,4015200
2025-04-22,343.1182861328125,344.8511661846949,339.23628620207694,339.952659495028,2802400
2025-04-23,345.0447998046875,353.19605733271857,343.52489956769705,350.36926624156047,3283300
2025-04-24,348.16204833984375,348.8977727334556,343.2925532005964,345.12224774122075,2749500
2025-04-25,346.1677551269531,347.5424485633533,343.4183977977568,346.2839501213732,2811300
2025-04-28,345.5288391113281,348.60734167859226,343.1957512028483,346.56466739207946,2413000
2025-04-29,347.54248046875,349.0720416175871,343.40876856516826,344.5317505988238,2836900
2025-04-30,348.98492431640625,349.7400293743382,341.13376977455033,345.1222749289399,3741500
2025-05-01,346.8647766113281,351.29862159840263,346.30330041908576,348.81063653902356,3210100
2025-05-02,352.8862609863281,354.5417072672521,349.6335102362526,350.5241317086575,2283300
2025-05-05,350.18536376953125,352.63461740057164,348.24919395705325,350.5725918233055,2563500
2025-05-06,347.91033935546875,350.70808921922946,345.7321484352336,347.2326681406202,2299700
2025-05-07,351.17279052734375,352.16991677287217,348.27822618756437,348.9752484835186,2657200
2025-05-08,353.2154235839844,357.52341297653425,350.69842661318734,352.3925750977803,3035800
2025-05-09,351.1340026855469,353.902740364503,349.9626284393276,350.5725265436669,1970700
2025-05-12,364.571044921875,366.6330702368515,361.56031542736775,363.03179366198054,3831400
2025-05-13,361.676513671875,368.84033580771313,361.04726441452,368.84033580771313,2726800
2025-05-14,360.9117431640625,363.7966469133368,358.9949243522296,360.03078232575785,2587400
2025-05-15,366.5459899902344,367.2236316932871,359.6628909965161,360.2243967822867,2830500
2025-05-16,368.6273193359375,369.0048865790074,366.08125165144884,368.0948845272829,3129100
2025-05-19,367.27203369140625,368.9952235359594,362.2186296123182,362.247670975961,4428200
2025-05-20,365.0163879394531,377.3110775898421,362.1121333332452,374.0389460065376,6287400
2025-05-21,359.00457763671875,366.2555236165179,356.8360770544098,365.9167175582356,3966000
2025-05-22,354.4449157714844,357.44598475681204,352.9347057480353,356.2552297391057,2957300
2025-05-23,351.1340026855469,353.0798624387055,349.6237928765167,350.81454772516025,3115000
2025-05-27,358.5785827636719,358.72378956634697,353.50582816621153,354.21254066403253,3998500
2025-05-28,356.31329345703125,359.30467198017186,355.7033952986387,357.0490473679306,2986100
2025-05-29,356.53594970703125,358.53020197808576,352.44094047710337,358.19136639844777,3034800
2025-05-30,356.53594970703125,357.8428700607191,353.467107974108,355.3355044975596,4110400
2025-06-02,356.21649169921875,356.2939550313256,350.2918171680557,353.4961756451625,2506900
2025-06-03,361.1730651855469,361.6184054661753,355.28712258442374,356.2164757227898,3359500
2025-06-04,360.5147705078125,363.3899835208056,359.7983972159325,361.1730610756808,2428800
2025-06-05,359.7160339355469,361.9369831366346,357.9918857818093,361.3817384045615,2324100
2025-06-06,357.8165283203125,362.9987530800003,356.4917651513605,361.88829333275584,2349700
2025-06-09,355.7417297363281,357.83604113307666,354.92345866129864,357.8068192894832,2619700
2025-06-10,358.3815002441406,359.00490942211036,353.16030345852886,356.46252009700993,3014900
2025-06-11,351.12445068359375,359.57967025841026,350.00424043900443,359.57967025841026,3793500
2025-06-12,353.7545471191406,355.61508372469166,349.22498310226143,351.46540366586026,2921900
2025-06-13,345.47467041015625,353.39411643824155,343.6628270595843,350.6763662759856,3364400
2025-06-16,344.4031982421875,347.86124541398766,342.786186775189,346.6631200317667,3688600
2025-06-17,339.7469787597656,345.11428530647066,338.41246501583214,342.82514178754525,4230100
2025-06-18,338.04229736328125,341.8120637950033,336.84414233039354,341.01329377307815,4453900
2025-06-20,340.5652160644531,342.1140332199877,337.8377449214751,338.49037600019926,8056500
2025-06-23,347.715087890625,347.8222544597737,339.49367299550505,340.9061313496055,3862400
2025-06-24,351.08551025390625,352.3420791931256,346.56566715490777,347.4326313503985,4089600
2025-06-25,352.48822021484375,354.18317639353523,349.0593949431035,349.81919263451437,4159600
2025-06-26,354.08575439453125,355.7709600209544,351.26086711371636,353.8130072721189,3187900
2025-06-27,359.19000244140625,360.563488453904,353.59867207067987,354.19285942686463,5503700
2025-06-30,357.1444396972656,361.3428130380384,355.2741525151179,359.7160511296117,4600700
2025-07-01,363.49554443359375,369.8564229793569,353.54998122691507,354.90396620237425,5152600
2025-07-02,362.2195129394531,364.2846025889821,359.80373142323015,363.97288309130033,3011400
2025-07-03,362.0538330078125,363.51498442896377,358.7905888884676,362.18047088733124,2573600
2025-07-07,358.1185302734375,363.13514481929917,355.2838926033202,361.3914955870541,3433100
2025-07-08,357.98211669921875,360.807003647459,355.654001045369,356.5404365206505,2531700
2025-07-09,361.4304504394531,361.45967228093707,355.3423190702639,357.99187503122323,3384200
2025-07-10,363.6319274902344,368.1517708477702,358.966004640848,359.44330466550264,3701700
2025-07-11,360.485595703125,362.1707715549625,357.6022350875956,360.7680636142201,3068900
2025-07-14,360.5245361328125,361.67399799887846,356.9593523430877,360.8849785029485,2481100
2025-07-15,349.35162353515625,361.1479732751664,349.2347064353945,360.39792614979416,3868700
2025-07-16,348.1437072753906,351.60178381885936,343.33164573853793,350.5399875206688,4259800
2025-07-17,349.7412414550781,350.9880895819666,345.4746741956177,347.30598888481114,3128900
2025-07-18,350.0919189453125,351.26085212130573,347.724860477492,350.65691421368456,3361600
2025-07-21,354.61175537109375,356.3066816892381,350.52051906091884,351.3777327432187,3503900
2025-07-22,361.4012451171875,362.5604277610423,354.3000400399605,355.0403663609986,3095400
2025-07-23,366.6029357910156,368.0933092071187,361.92723291879855,362.07337185793415,3238000
2025-07-24,363.4273681640625,368.09332065823696,362.6188773480911,365.7554840130025,3088000
2025-07-25,365.61907958984375,366.2522393183308,363.38837989192643,364.95669801934054,2221000
2025-07-28,367.4601135253906,371.21037841597973,363.320184471497,364.0604809819312,4062800
2025-07-29,367.5672607421875,369.8953763567147,365.06381408554273,367.2360699757867,2931600
2025-07-30,362.44354248046875,368.7265067831043,360.05701250147666,367.89851486092016,3110700
2025-07-31,357.9919128417969,363.15463689726704,357.339252010117,359.60892427150435,3091600
2025-08-01,363.98260498046875,365.09306472868894,356.277462042711,358.2938583677486,3008200
2025-08-04,370.9571838378906,372.00919993401266,364.01183831714775,365.1320486240275,2844300
2025-08-05,375.4283142089844,376.9186877254871,371.0935523573957,371.97023741524316,2931400
2025-08-06,376.7822570800781,378.8570969783856,374.5613079763695,376.0809031669489,2812800
2025-08-07,376.1686096191406,381.31186189284557,373.43135836283057,378.55513931763676,2433000
2025-08-08,377.80511474609375,379.20782269774696,376.19785388859293,377.0550378793088,2326700
2025-08-11,377.493408203125,381.3800621835029,373.37294973798544,379.87996785291926,2605800
2025-08-12,385.7439880371094,386.11415116582066,378.92528117786753,381.28261862917464,2911300
2025-08-13,396.6344909667969,397.2579299590374,388.4228255756766,389.1436508991483,5187500
2025-08-14,389.9521484375,393.15691956210634,389.01699000440846,390.80936213756445,3600200
2025-08-15,389.0364990234375,392.3581873156528,385.1887878177296,391.79319203484806,3841400
2025-08-18,384.4776916503906,387.82860159981783,382.3444079986563,386.2992558353865,4407100
2025-08-19,396.6539611816406,403.628498570133,390.6339940736974,390.6339940736974,7629300
2025-08-20,391.3353576660156,400.52115342664973,391.26719318321403,399.0697226055478,4195300
2025-08-21,387.3999938964844,393.9556748431572,385.90962050053713,389.55274886236265,2942600
2025-08-22,402.09918212890625,403.7648866064881,387.994188174852,390.48788449320784,5284700
2025-08-25,398.3099060058594,400.4237183250915,396.9948636673291,399.7320851888426,3579500
2025-08-26,396.9851379394531,398.4462894691772,394.22841540613945,397.43321608495137,3180900
2025-08-27,397.6669921875,401.027652608329,396.6539485269868,398.20276558656764,2487800
2025-08-28,396.8974914550781,398.3586430548972,394.3258503703379,396.4591340842502,4051600
2025-08-29,396.2350769042969,398.3099169154644,394.9005632103698,397.17023532413907,2210300
2025-09-02,395.7869873046875,398.0079364650294,392.3191900144555,393.22509683824666,3328600
2025-09-03,397.1507568359375,398.42682691700657,393.11799368242345,394.4525074521516,3025100
2025-09-04,403.3028259277344,404.8016547253665,398.9043082586805,400.1876178222021,3873100
2025-09-05,410.4149475097656,411.83538942796025,405.58536127950043,408.10301109531594,5855600
2025-09-08,411.3847351074219,412.0116811011731,407.2800938862087,409.97406925166166,3742600
2025-09-09,406.87841796875,410.18956317886983,404.341186732179,409.60178079257776,3516000
2025-09-10,404.8114318847656,408.9258489319185,403.3517667634051,407.05475705377023,2897800
2025-09-11,414.7938232421875,416.55714050343505,405.81062734154943,407.2310989490045,5316400
2025-09-12,414.0787048339844,414.88200647065827,410.3463268610707,411.70799339049336,5004200
2025-09-15,414.0982971191406,414.67627370773755,409.23935350107473,413.86319610570627,4884700
2025-09-16,412.8639831542969,415.8812224174498,411.5316743332673,415.1171142348694,3726700
2025-09-17,408.5046081542969,418.0559748917175,407.3388492069844,415.7930380871354,4771700
2025-09-18,408.974853515625,412.8052001978021,407.3878320313999,409.04340471207087,3677200
2025-09-19,407.2213134765625,410.05242109710446,406.6433369020692,408.86708032215574,6718400
2025-09-22,403.6064758300781,406.42780743475134,402.7542048028028,405.6734752276442,2656300
2025-09-23,402.5386962890625,405.301252716747,399.15896981946383,403.60648656163795,2597000
2025-09-24,401.4219055175781,402.2839824055749,396.75889946246326,398.502635023782,3220700
2025-09-25,399.1492004394531,402.4897036015148,397.3466596954507,398.3654805733964,2554300
2025-09-26,401.73541259765625,403.02852799125884,397.57199598474955,399.8447388166831,2316600
2025-09-29,398.5124206542969,402.57789834517666,395.6225377161781,401.6962097545699,3008400
2025-09-30,396.93524169921875,398.70836496007536,395.2600871607669,398.3459075934487,3211600
2025-10-01,388.9316711425781,396.8764651385023,387.2565166096406,396.1515504076353,3787800
2025-10-02,386.962646484375,389.2843587448974,385.7674998060476,387.4426543655873,2964700
2025-10-03,387.0116271972656,389.225594853524,384.63113961223223,386.10058082213305,2951300
2025-10-06,381.3983154296875,386.4630021481372,377.8618749311434,386.4630021481372,3653700
2025-10-07,378.9296569824219,381.80976381440934,377.6561533719151,381.5158875645553,2505700
2025-10-08,375.97119140625,378.5867797056215,375.1776956393976,378.5867797056215,2517600
2025-10-09,369.9954833984375,376.52958156134935,369.7701583288743,375.09933389610165,3321400
2025-10-10,368.0950012207031,372.51313042944065,367.1447614322299,372.51313042944065,2992400
2025-10-13,371.6412353515625,374.52134224805894,369.5056548325116,371.3473590951262,2925900
2025-10-14,379.8211364746094,380.9673136860338,370.3089627976905,371.151428011127,4399900
2025-10-15,380.38934326171875,386.3356893143601,378.8513508198221,381.30041955031436,3690100
2025-10-16,379.4978942871094,382.05470759562235,376.1475552355551,381.7216378482983,2783700
2025-10-17,383.9159851074219,385.1013259308019,379.31175410870986,380.58525781357866,2657700
2025-10-20,380.9673156738281,385.1698957139825,380.1835958127397,383.43596597058104,2761100
2025-10-21,382.93634033203125,385.61073386616766,377.9990099212622,379.66438844069165,2306900
2025-10-22,381.0456848144531,385.0425515974537,380.26199482432963,383.27923417174753,2857000
2025-10-23,377.1859130859375,380.8007403580041,373.5318923494774,379.24313647671704,2767300
2025-10-24,378.80230712890625,381.7608009420864,377.81290380688523,381.7608009420864,2426800
2025-10-27,377.4210510253906,381.35917244645236,375.0993387883593,379.8015684126954,3065800
2025-10-28,377.89129638671875,382.06451897376246,375.03077102139616,376.58840500636774,2372800
2025-10-29,370.3383483886719,377.1565466798896,367.55621017728913,375.1972918919421,3852300
2025-10-30,371.81756591796875,376.86267092031517,368.44764528655713,370.01505509816695,2384300
2025-10-31,371.8567810058594,373.17928404554624,367.3701004288066,369.28035602314776,2643500
2025-11-03,370.64202880859375,370.7693851525698,366.06715574530307,369.32933169412354,2897600
2025-11-04,375.2756652832031,375.86344772437315,369.0746367632948,369.66241920446475,2590000
2025-11-05,366.2239074707031,375.6087548028426,362.9813431343525,374.9915847510307,4763000
2025-11-06,361.5511169433594,365.0679759674705,360.0620640580178,364.24509248150383,3622100
2025-11-07,363.5495300292969,366.03779213278614,360.0816703678661,361.47272461058037,2766400
2025-11-10,362.8833923339844,363.1087174119834,356.04561180593225,362.2564463062921,3257900
2025-11-11,366.6157531738281,368.3399069859683,363.3536070453897,364.4115914963855,2407300
2025-11-12,363.569091796875,365.9495790077805,361.49228666328565,364.48013802882355,3375800
2025-11-13,360.57147216796875,365.9104236770592,359.15100044860304,364.08833102327503,3034800
2025-11-14,354.977783203125,359.84653275374205,352.4699393597344,358.4554785369125,3413300
2025-11-17,350.7359924316406,356.36884991106405,348.84531874833505,353.7728433127617,5127200
2025-11-18,329.6250305175781,341.69401707924874,329.1646044546348,333.05372633647596,10168500
2025-11-19,327.68536376953125,334.78766238635967,324.6191252385153,334.0235542137627,7595000
2025-11-20,325.60858154296875,331.9957418511405,325.36367467676166,329.5074797196365,4025300
2025-11-21,336.3257141113281,339.8523790237712,326.2159513276106,327.7539736485155,7441300
2025-11-24,329.7229919433594,336.7077404023321,329.693604315874,335.22852329109276,6132900
2025-11-25,343.9178161621094,345.80848996623916,331.9467675232512,332.09370566162914,6316600
2025-11-26,348.2281494140625,350.0502420089021,341.88995900684074,343.12429908454203,4517300
2025-11-28,349.64862060546875,350.5400552205181,346.29828178312187,347.69914177346277,2119600
2025-12-01,350.0502624511719,354.90923611287644,345.6909382499242,346.8370856211322,5107100
2025-12-02,346.8174743652344,350.2167825130131,344.1430808999001,349.56041902517626,3965300
2025-12-03,350.6184387207031,353.12628241866895,346.54318523754483,347.2779057716174,4166700
2025-12-04,346.2408142089844,352.49181916435185,345.08722367914385,351.28894249538723,4022800
2025-12-05,349.6324768066406,350.62830949760183,344.6237958309911,345.7280700562231,5959200
2025-12-08,344.99847412109375,347.14786721894285,340.8475764249326,347.0098479824472,7273000
2025-12-09,340.423583984375,351.6635912020045,340.11793772700884,342.87865339540855,5063100
2025-12-10,346.2013244628906,347.0788162197039,339.17140078923484,339.2700031445164,6316100
2025-12-11,352.4424743652344,357.62865156351575,348.97189397197974,351.0029762024183,6609800
2025-12-12,354.60174560546875,355.69618067158007,351.0522711993482,354.2172355097979,3861200
2025-12-15,351.9790954589844,357.57939093077647,350.6283302965934,354.34543189824024,4387400
2025-12-16,347.72955322265625,353.7044888224689,346.87176990721986,351.890319837005,3497200
2025-12-17,351.742431640625,352.4819041668492,346.05343383765756,347.02952794372493,3875200
2025-12-18,350.0071716308594,361.1584163575677,349.58321454921656,358.4371775707192,4805200
2025-12-19,340.1573791503906,349.1394914439731,340.0785153162193,349.1394914439731,12825600
2025-12-22,341.52789306640625,343.0166774116561,338.87564898515177,340.4630356930076,3523700
2025-12-23,340.1278076171875,342.62229390594126,337.14033961058345,339.1714218809893,3873400
2025-12-24,342.46453857421875,343.37163818075135,339.07282192421815,339.5066482461403,1368600
2025-12-26,344.87030029296875,345.1364995969477,341.70536598879437,342.11945379498394,1786900
2025-12-29,342.572998046875,345.40270821274765,339.9108848103536,345.0871927008666,3790000
2025-12-30,341.48846435546875,342.1096261749485,338.89537553533864,341.17294881395236,2392600
2025-12-31,339.27001953125,341.84336961987077,339.14183947211427,340.65036230421987,2317500
2026-01-02,340.96588134765625,343.59838686169115,336.1346665476792,338.6094143018549,3763000
2026-01-05,339.2601623535156,342.4744128523122,336.46002974596945,337.88968879449624,4725300
2026-01-06,344.3871765136719,345.75765004144216,332.9697030904707,336.70651293277245,4680300
2026-01-07,344.1603698730469,353.4678664483068,344.1307921756574,348.3802918728221,4442700
2026-01-08,354.51300048828125,358.14133860743897,339.2700146292389,340.4630219276524,5196500
2026-01-09,369.38134765625,370.21939248630673,356.2384385050535,358.3977007876376,7093500
2026-01-12,369.6771240234375,371.1363607050033,364.06698980321886,369.3813470355869,5859800
2026-01-13,374.4097595214844,374.84358585664097,365.61498219432934,370.59408569613566,4785800
2026-01-14,370.6729736328125,374.75484669771674,368.7207551561611,371.402576962321,4959900
2026-01-15,373.837890625,374.8435624723702,369.20385055638,370.7419510708123,2990100
2026-01-16,374.833740234375,377.39722114810644,372.2110738312156,373.92664061577483,3709000
2026-01-20,369.8447265625,372.0434358362532,366.0882083137489,367.015016342024,5353700
2026-01-21,379.2409973144531,380.5030293317551,369.42077965031734,370.5250539043045,5169800
2026-01-22,375.681640625,385.11731777345005,375.18865891512337,381.02557559931734,4828100
2026-01-23,378.3831787109375,378.97476279305323,373.8871878296043,376.14505253322466,3138300
2026-01-26,381.1044616699219,381.9819836075265,376.5887621832298,379.5959387532504,3984800
2026-01-27,375.02105712890625,381.0748873763643,372.9603970536703,379.54665600860153,3466100
2026-01-28,370.0320739746094,375.65207772428147,368.4052402857728,374.8731581670115,3371500
2026-01-29,366.591064453125,371.7969502160774,364.9543615309749,369.6376878739626,4744500
2026-01-30,369.33203125,369.8545906553002,363.37680381074097,367.1826382311588,3755600
2026-02-02,372.8124694824219,374.3209922545064,363.0711464462832,368.98692674296194,4757200
2026-02-03,375.75067138671875,386.2807536592444,371.70821528225156,371.994153103603,5684400
2026-02-04,381.7650451660156,385.04829008875464,378.9648825973972,379.1916650142771,5574700
2026-02-05,377.0028076171875,381.5678228181492,375.4844156078666,381.25230731947215,3759700
2026-02-06,379.7438049316406,380.94668150677455,373.77873828046626,375.98728671118465,4685400
2026-02-09,375.6520690917969,380.3649731120046,372.8913835068612,378.9648917937197,3639300
2026-02-10,384.2102355957031,386.2413179252811,376.5788880096034,378.42263487380336,3160800
2026-02-11,385.1961975097656,385.925830931171,376.7169057319956,379.59593227578426,3229900
2026-02-12,384.7426452636719,392.04863778444223,383.53976869299413,388.02589019857555,3702200
2026-02-13,385.5610046386719,388.4696089239161,381.66646696821886,384.7229597567835,2875900
2026-02-17,377.6634521484375,388.4696032452015,375.15909653502325,386.7244587530962,3485300
2026-02-18,378.1366882324219,379.7142357565836,374.2125729925531,377.37750721462396,2982600
2026-02-19,373.2660217285156,378.3535966330926,372.09275293003105,378.3535966330926,2930900
2026-02-20,376.884521484375,379.4184547233535,370.67296390501485,372.1519090514545,3984100
2026-02-23,371.6983642578125,378.7480272407957,364.39237122962066,375.642218194377,5495700
2026-02-24,379.083251953125,388.8147067462792,376.8450955826656,383.64823761864784,5675800
2026-02-25,370.29827880859375,376.08587911245115,366.1572205214336,375.7210774712385,5036900
2026-02-26,369.82501220703125,376.1253328459018,369.67712371323,373.08854869017824,2889400
2026-02-27,375.3760070800781,376.8253745597512,367.1136285285552,368.6122821451982,4819500
2026-03-02,365.6050720214844,369.84470244431685,363.8204807425941,369.73626091727044,4537600
2026-03-03,361.76971435546875,363.6035918893053,355.06514498941806,358.6244886120164,3964700
2026-03-04,363.928955078125,364.38251992997345,356.4356569193793,361.05982791326113,4324400
2026-03-05,356.6032409667969,361.82886512350444,354.15807095297373,360.98092093961554,4752200
2026-03-06,352.89605712890625,354.4045800289114,348.26201680119505,352.521386197404,4167400
2026-03-09,348.59722900390625,351.48609464151224,340.788415463621,350.60860283243505,4224500
2026-03-10,352.1368408203125,356.56383717991116,346.09288004602695,348.08454547591873,3986000
2026-03-11,345.9154052734375,351.31849568794354,344.2096777118432,350.47055149395015,3197100
2026-03-12,336.40673828125,346.07424686049404,336.1784699632124,343.4638217479043,3893600
2026-03-13,336.5059814453125,340.8633132246558,335.513426265367,339.14618185881324,2531900
2026-03-16,340.029541015625,342.6697414353192,338.11391678352766,339.8905990411044,3194400
2026-03-17,338.88812255859375,344.1982990603374,338.40178019218934,342.3223854396477,3075900
2026-03-18,328.4662780761719,337.27023766635267,327.68218129393256,336.07918962592805,3592200
2026-03-19,325.76654052734375,327.77152145914164,322.213206164758,326.51095694292064,3845400
2026-03-20,318.3620910644531,327.7715255801863,317.87574869308355,325.30997769719255,9672200
2026-03-23,328.4365234375,332.2280917306825,325.7665474139578,329.5184050161633,5806300
2026-03-24,328.4464416503906,330.0444409673587,320.615166659699,323.47373045416623,4566400
2026-03-25,330.0345458984375,334.6796970583926,324.5556216981383,332.50599870334025,4397800
2026-03-26,325.9848937988281,331.63253525345,324.15859588397956,328.9724946138041,3448400
2026-03-27,319.25537109375,325.1015357075125,318.35214223518864,325.06182501857006,3977400
2026-03-30,321.09161376953125,325.5481770157906,320.1784496390803,323.2950875702295,4066000
2026-03-31,326.4414978027344,328.97250147399274,321.00228434329074,326.0444514861297,5749100
2026-04-01,327.1064758300781,330.6101943303035,325.36950430154525,326.917887926607,3386200
2026-04-02,319.23553466796875,323.870750501632,316.28764450454594,321.19086962876275,3732300
2026-04-06,324.2181396484375,324.2479150918696,316.5457075837637,317.3198994033779,2448300
2026-04-07,316.3968200683594,321.9650706650396,312.9625874505471,320.5953395998547,4661600
2026-04-08,333.6573486328125,336.2578383243535,329.77645429430777,330.77894470607737,4610600
2026-04-09,337.0518798828125,338.034530123591,326.0047660033512,328.793843678836,3002000
2026-04-10,334.8285827636719,338.68963720668444,333.3099744502094,338.50104928687557,3208300
2026-04-13,338.6201477050781,338.89806195934295,329.4588519788492,333.0419921292309,3741200
2026-04-14,340.1585693359375,340.20821526800967,335.82110814679567,338.4613084989645,2882500
2026-04-15,336.38690185546875,339.7218729406502,334.1139418621815,339.3050167001936,3365200
2026-04-16,334.6399841308594,339.43404277406773,334.18341721401424,337.45883730199483,2856700
2026-04-17,346.79876708984375,349.39925676441203,340.2876076588945,340.2876076588945,4930400
2026-04-20,348.376953125,348.5556360884443,341.0618258709224,345.74668780364254,3260900
2026-04-21,341.3595886230469,350.9178695006371,340.41664909200034,350.30249013948253,3081000
2026-04-22,336.9725036621094,342.66976104141247,335.4042797121569,341.38938659209543,2855800
2026-04-23,337.6275939941406,338.29258904217085,334.37201401931867,336.97250390104824,2712400
2026-04-24,333.3893737792969,337.73674002155695,332.18836020303655,335.36454889356634,3255900
2026-04-27,329.8260803222656,334.8682776929053,329.6672981460519,331.9898736755333,3282900
2026-04-28,326.6101989746094,333.4290480867068,324.9228430841418,331.9600858337338,4279300
2026-04-29,320.40673828125,323.4141792936507,316.67472107601805,323.23552662924203,4150000
2026-04-30,326.3521423339844,327.66232248650493,319.84098255164037,319.84098255164037,4317900
2026-05-01,321.4687805175781,328.05933124322655,320.9526324317562,327.64247502508795,3865300
2026-05-04,310.0941162109375,319.6821730130914,309.9353037403536,319.6821730130914,6396100
2026-05-05,313.07177734375,315.26531587428565,308.0891308088343,311.07673168078134,6391400
2026-05-06,320.64495849609375,322.81865689716307,316.97252227854057,319.5630769182253,5455900
2026-05-07,320.238037109375,325.05190579011315,320.0295786999413,322.5903881812466,4411700
2026-05-08,315.086669921875,321.58789456309347,314.4414847899831,320.2777143896263,4995500
2026-05-11,309.0816955566406,314.7591127388281,307.4042747784683,314.14373333673075,4335700
2026-05-12,308.148681640625,312.436527412303,306.808726050678,310.898078954826,4225700
2026-05-13,300.2975769042969,305.39932539696116,297.0419969161532,305.3199040148408,6307800
2026-05-14,302.08416748046875,303.70203722956956,299.1759881460277,302.78887315920815,5072600
2026-05-15,295.29510498046875,300.6747371606021,294.669790362803,298.07424740300473,6121500
2026-05-18,297.5779724121094,301.51841777200616,295.0866491644805,297.0221439227359,6366100
2026-05-19,300.1883850097656,300.93280137975603,286.94770281038166,289.6970696990096,8692500
2026-05-20,308.2677917480469,308.69461352004953,294.4613750762452,298.8186768095753,5810900
2026-05-21,311.4439697265625,311.6523978374447,302.1139568961854,304.0791968081222,4516600
2026-05-22,310.7392578125,312.61517135375607,309.14122821995267,312.1586044517627,2963800
2026-05-26,308.22808837890625,314.43155813919475,306.6598342608927,312.71442680501025,6978200
2026-05-27,315.4836730957031,318.6102158850976,312.1685423970403,312.4067459496401,5990100
2026-05-28,318.8186340332031,319.4836593172751,312.8136874394369,315.08664723408407,6818900
2026-05-29,314.7789611816406,319.7020263439793,314.6399889184457,318.09409181489474,6963300
2026-06-01,308.3769836425781,313.5382829013507,305.39931798337426,312.7839312414303,4544200
2026-06-02,309.2007751464844,309.87573568166556,306.272755574017,307.6722619962661,4310000
2026-06-03,310.6400146484375,311.185907914239,304.83356043684665,305.6474630032703,4328300
2026-06-04,309.95001220703125,320.75,308.1099853515625,317.8299865722656,4558600
2026-06-05,310.7799987792969,314.04998779296875,308.6300048828125,310.8299865722656,3946300
2026-06-08,309.7099914550781,313.7699890136719,307.07000732421875,308.8800048828125,4381800
2026-06-09,321.3299865722656,322.8900146484375,310.2699890136719,311.3500061035156,4875300
2026-06-10,318.9200134277344,324.0,318.79998779296875,323.2699890136719,4823800
2026-06-11,326.010009765625,327.0299987792969,318.54998779296875,322.2900085449219,4656600
2026-06-12,328.3900146484375,331.0199890136719,325.2900085449219,328.5,3649000
2026-06-15,329.82000732421875,338.0,329.5400085449219,333.760009765625,4695000
2026-06-16,337.0899963378906,338.2699890136719,329.75,331.9100036621094,5131500
2026-06-17,327.4800109863281,341.1499938964844,326.1700134277344,336.010009765625,6085400
2026-06-18,334.2799987792969,338.0199890136719,330.8999938964844,331.70001220703125,10604400
2026-06-22,326.6199951171875,331.7300109863281,326.3399963378906,330.0,4713600
2026-06-23,324.45001220703125,329.0199890136719,321.70001220703125,323.8699951171875,4788000
2026-06-24,342.8599853515625,342.9599914550781,327.7099914550781,329.1199951171875,6385000
2026-06-25,345.0,348.6400146484375,341.82000732421875,342.25,6974100
2026-06-26,348.8599853515625,350.5,345.8500061035156,347.8999938964844,7770500
