Price,Close,High,Low,Open,Volume
Ticker,INTC,INTC,INTC,INTC,INTC
Date,,,,,
2021-07-01,51.25556182861328,51.832084943531115,51.127446356605944,51.36537808252083,24871600
2021-07-02,51.94189453125,52.1523739262634,51.53924543085807,51.74972133498689,17219400
2021-07-06,51.328765869140625,52.1706694256635,50.97187181840226,52.08830899157893,26186600
2021-07-07,51.209800720214844,51.65820830987504,50.98102212140307,51.584997482630776,14857400
2021-07-08,50.688194274902344,50.990183751484636,50.139126942242676,50.61498692629404,19162000
2021-07-09,51.23725891113281,51.347071666226974,50.614980814125,50.798000908987085,18708000
2021-07-12,51.91443634033203,51.94188865358184,51.34706642423602,51.484331481369274,15392800
2021-07-13,52.042564392089844,52.4360639347491,51.55755478918264,51.813785750584934,15716000
2021-07-14,51.722267150878906,52.58247344419685,51.54839666876018,52.31708942605422,16263600
2021-07-15,51.07253646850586,51.612454109932216,50.85290747416106,51.612454109932216,18917000
2021-07-16,50.3038444519043,52.09746800805684,50.2397867171049,51.29216628229835,25263800
2021-07-19,50.001853942871094,50.15742521759744,49.38872892530491,49.791378034263985,27007700
2021-07-20,50.55092239379883,50.84375873064862,49.663260284100375,50.258082566064544,19867000
2021-07-21,51.45688247680664,51.50263749879311,50.34044178773768,50.49601305155299,18497200
2021-07-22,51.209800720214844,51.74056874508266,50.953569806628664,51.30131425427018,36691000
2021-07-23,48.501068115234375,50.0659130600079,47.87878998090021,49.946950689388686,67742300
2021-07-26,49.699867248535156,49.910343154028155,48.28143705226798,48.32719556767113,32881200
2021-07-27,48.6657829284668,48.68408563494312,47.869634396610145,48.6108748090378,39878000
2021-07-28,48.56512451171875,49.34297041275213,48.44615865349417,48.52851909520586,28478800
2021-07-29,49.14164733886719,49.507691029369475,48.79390286563807,48.94032104001591,16886600
2021-07-30,49.159942626953125,49.32466348462625,48.72983777737507,49.09588490351181,16465700
2021-08-02,49.12334060668945,49.846281810721166,48.99522515096421,49.40702732356989,18098100
2021-08-03,49.471092224121094,49.56260227979712,48.738997815173434,49.31552094041001,16375900
2021-08-04,49.32467269897461,49.818831873423804,49.14164910171558,49.644961376014344,17612700
2021-08-05,49.63597869873047,49.75571761728424,49.35045202607711,49.72808691052914,15310000
2021-08-06,49.66360855102539,49.857034035690226,49.4886082219723,49.608347138465966,19256000
2021-08-09,49.783355712890625,50.114938297441356,49.58072464399704,49.81098993731621,14670100
2021-08-10,49.68204116821289,50.09651942181475,49.2859845607233,49.958362346327284,16215700
2021-08-11,49.866249084472656,50.06888365769298,49.589931447807274,49.97677543642494,18590800
2021-08-12,49.3136100769043,49.903088594104446,49.0557105904524,49.89387601589057,15070100
2021-08-13,49.26756286621094,49.33203686615766,48.871506287355636,49.276771931816405,15281100
2021-08-16,49.24913787841797,49.26755952194794,48.81623803938691,49.02808166962764,17690300
2021-08-17,48.53071212768555,48.982033650167054,48.09781576393299,48.97282107080258,22014900
2021-08-18,48.07017517089844,48.843866597244194,47.996492113592176,48.447810062711895,15061700
2021-08-19,48.30044937133789,48.51229303144734,47.50833966928201,47.9412360557797,22999400
2021-08-20,47.904388427734375,48.245183579889876,47.360962213657935,48.04254900439951,25728300
2021-08-23,49.02808380126953,49.3136140180444,48.337287949923045,48.4386052369583,23976300
2021-08-24,49.56230163574219,49.70967127887042,49.10177106177027,49.33203634875623,20348800
2021-08-25,49.56230163574219,49.94914563136526,49.488615057393346,49.81098856731535,15048400
2021-08-26,48.93598556518555,49.5070425606907,48.788615904617444,49.5070425606907,19570000
2021-08-27,49.63597869873047,49.6820310478453,48.742548368912885,49.14781747368904,16525000
2021-08-30,49.68204116821289,50.53862838780016,49.51624986677214,49.97678047886983,14581300
2021-08-31,49.792572021484375,50.19783770319384,49.424146119152276,50.14257276377308,22350100
2021-09-01,49.433349609375,49.884671113142915,49.304401612175425,49.83861875893869,18615000
2021-09-02,49.488616943359375,49.635986592103734,49.13861271000294,49.553090945086936,15869500
2021-09-03,49.28598403930664,49.81099216402788,49.11098367344603,49.221510035380646,13456200
2021-09-07,49.41493606567383,49.69125373011876,49.22151053834962,49.341249481251324,13915000
2021-09-08,49.341251373291016,49.66362140857675,48.80703767002182,49.48862103421733,18235100
2021-09-09,49.184669494628906,49.63598751511434,49.129404557733494,49.42414386070306,13495800
2021-09-10,49.589927673339844,50.63993672088997,49.562296965847196,49.59913673798103,20324700
2021-09-13,50.64915084838867,51.10968139305514,50.11493373006234,50.299146650642776,22639200
2021-09-14,50.216251373291016,51.06362589505969,49.985986099301364,50.99915189942813,22072700
2021-09-15,50.76888656616211,50.79652078823569,50.12414309703003,50.354408370750825,18796200
2021-09-16,50.50178146362305,50.61230781108854,49.958355277694636,50.52941217209711,19863100
2021-09-17,49.976776123046875,50.280727987053304,49.43334990759219,50.280727987053304,35359200
2021-09-20,48.79781723022461,49.276769429485306,48.189917037618585,49.009660864087536,35051900
2021-09-21,48.696502685546875,49.23071984639768,48.65966290935366,49.00045455573499,17968900
2021-09-22,49.27677536010742,49.617567028331074,48.816244749265294,49.184670643366886,18594100
2021-09-23,49.76492691040039,50.01361381304627,49.36887038176834,49.507030943316835,16474300
2021-09-24,49.939937591552734,50.12414701406935,49.4886160738202,49.53466842944935,12976200
2021-09-27,50.3452033996582,50.538625402055416,49.57151187649982,49.68203823307401,13899900
2021-09-28,49.737300872802734,50.280727078437245,49.70045758445512,49.903092156797626,24691300
2021-09-29,49.26756286621094,49.78335486578473,48.98203264246867,49.73730251061843,20514300
2021-09-30,49.07413864135742,49.71888217132339,49.055716996093295,49.516247586987625,20534100
2021-10-01,49.60834884643555,49.838614109544835,48.862288129076596,49.414926868680325,19895100
2021-10-04,49.24913787841797,50.04125098236023,48.88992461350677,49.67282513889943,27353300
2021-10-05,49.691246032714844,50.05045929220643,49.25834620021514,49.32282019481265,18129400
2021-10-06,49.71887969970703,49.801775342489904,48.880714206488875,49.25834913170652,20059600
2021-10-07,49.90309524536133,50.64915606951296,49.84783030941949,50.03204324898936,20704400
2021-10-08,49.56230163574219,50.271519141287264,49.460984347297256,50.24388491762173,16068000
2021-10-11,49.22150802612305,50.11493849201241,49.20308638095764,49.56230319132862,14398800
2021-10-12,48.051761627197266,49.4794093131968,47.90439197417682,49.3412487263034,32784300
2021-10-13,48.1346549987793,48.42939780444197,47.77544170613886,48.245184868491364,18534000
2021-10-14,49.645198822021484,49.73730353424968,48.56755541838991,48.724137645461305,26586700
2021-10-15,50.16099548339844,50.18862971048493,49.562307771262624,49.92152110125809,25231100
2021-10-18,50.17020034790039,50.253095989271515,49.479404507664135,49.91230084498504,22407600
2021-10-19,50.85178756713867,50.861000146657666,50.078096025314736,50.31757390283408,18392900
2021-10-20,50.9991569519043,51.10968682413936,50.732051877926885,50.88863059323883,16850300
2021-10-21,51.57942199707031,51.64389599348111,50.50178218828764,50.59388689356898,38390900
2021-10-22,45.55568313598633,46.55963991901545,45.260943852305246,46.41227027717491,109971900
2021-10-25,45.5096321105957,46.11753234013492,45.41752739934442,45.89647962770403,43178800
2021-10-26,44.46883010864258,45.53726087593457,44.14646011946501,45.500421101149534,68405400
2021-10-27,44.109619140625,44.966206315082886,44.09119749548327,44.68988866509604,41081500
2021-10-28,44.28462219238281,44.5425181924508,44.100409257947334,44.33988361321482,31317200
2021-10-29,45.131996154785156,45.38989215132742,44.13724843057452,44.303039717942966,42301000
2021-11-01,45.638580322265625,45.68463267810367,45.13199738090812,45.5004232547515,28013700
2021-11-02,45.92411422729492,45.96095752034319,45.34384465927901,45.69384891609795,27193300
2021-11-03,46.412269592285156,46.46753452474836,45.78594774531292,45.98858231744198,23962100
2021-11-04,46.66083526611328,46.69793123276029,46.12290306269151,46.595912901976654,24806000
2021-11-05,47.22658920288086,47.838720446865196,46.87415450471274,46.8834276123472,36816200
2021-11-08,47.810890197753906,48.21897766088027,47.35643366218569,47.7274180837511,31647800
2021-11-09,47.48627471923828,48.014930221093216,47.08746393180342,47.80161339911694,22508400
2021-11-10,47.078189849853516,47.66249463454768,47.03181724046583,47.282233576763325,25040700
2021-11-11,46.864871978759766,47.36570464026718,46.753577011092524,47.31005538743195,25420000
2021-11-12,46.66083526611328,47.208040576695936,46.540263645000906,46.92979782982067,23884800
2021-11-15,46.67010498046875,46.95762081360317,46.48461100870471,46.75357709086241,24695800
2021-11-16,46.93906784057617,47.43990046855932,46.6886515265846,46.716474382138216,30927800
2021-11-17,46.58663558959961,47.24513586669924,46.35476899586001,46.92979715769325,23546900
2021-11-18,46.07653045654297,46.59591290770332,45.418030169931384,46.59591290770332,30658200
2021-11-19,45.92813491821289,46.122902006161276,45.668445467615044,46.002330387810815,27607600
2021-11-22,46.21565246582031,47.16166508151487,45.82611473759002,45.9559594676656,33389600
2021-11-23,45.53860092163086,46.790682742085295,45.11196720710729,46.52171662457985,44713300
2021-11-24,46.15073013305664,46.1692798870744,45.10269556608158,45.31601243028014,26035800
2021-11-26,45.24180603027344,45.612793974071984,44.62967839960811,45.35310453621495,25269000
2021-11-29,46.373321533203125,46.49389315983048,45.186165634114296,45.72409432413755,31478900
2021-11-30,45.631351470947266,46.744311953263804,45.149068477343306,45.90959070702544,49460800
2021-12-01,45.074867248535156,46.660837538549416,45.00067177362425,46.22492718268544,35093500
2021-12-02,45.90958786010742,46.17855397143902,44.824453845292076,45.084143311127484,37240800
2021-12-03,45.6777229309082,46.42897203350398,45.2232628110161,46.07653378979197,32224900
2021-12-06,47.291507720947266,47.49554789906532,45.61279246104828,45.89103164066608,40336000
2021-12-07,48.75690841674805,51.0106520541822,48.423019946312834,50.69531333632711,91731500
2021-12-08,47.99638366699219,49.044421634323,47.653222107743524,48.75690579181537,37143400
2021-12-09,46.818504333496094,47.84799262306009,46.772131720219186,47.57902651284896,31694200
2021-12-10,46.92052459716797,47.36570803777282,46.41969189973621,47.15239119360821,23783600
2021-12-13,46.373321533203125,47.31933771704091,46.326948919270656,47.16166658406612,35726900
2021-12-14,46.09508514404297,46.62374075896588,45.74264688809307,46.206380131920454,34120400
2021-12-15,46.99471664428711,47.09673850536818,45.7519151743998,46.25274429733826,32590300
2021-12-16,47.14311218261719,47.67176767325576,46.9112456152142,47.05964007683199,33132300
2021-12-17,46.94834899902344,47.31933698071769,46.382593919041334,46.92052613869763,50102300
2021-12-20,46.00233459472656,46.49389422003003,45.408756631646796,46.28985046846996,30140300
2021-12-21,47.08746337890625,47.152385735353974,46.317664669593135,46.317664669593135,31956300
2021-12-22,47.2729606628418,47.31933327241857,46.56808426046287,46.96689507122911,23307900
2021-12-23,47.588294982910156,47.9778291131208,47.34715177449148,47.37497816808009,25198200
2021-12-27,48.17259979248047,48.28389829917935,47.57902190876616,47.625394517555726,20985400
2021-12-28,48.00566864013672,48.33955717512909,47.88510053205943,48.16333979855166,19290400
2021-12-29,48.070587158203125,48.3580994895317,47.91291602405199,48.05203740489101,14174800
2021-12-30,47.98710632324219,48.35809070810577,47.90363421749735,48.15404699672882,18359400
2021-12-31,47.7645149230957,48.376642545638546,47.72741542160748,48.12622621759786,16319000
2022-01-03,49.35048294067383,49.36903269197348,47.85726157208307,47.90363771933385,33857600
2022-01-04,49.28556823730469,50.027540714549765,48.83111164286876,49.68437910719964,45681400
2022-01-05,49.96261215209961,52.095784086568784,49.925516186337504,50.25940110621688,59109300
2022-01-06,50.09246063232422,50.70458833832805,49.54525529377506,50.64894261651186,35757900
2022-01-07,49.563804626464844,50.44489844044916,49.29484205129368,50.25940444729399,30717200
2022-01-10,51.205421447753906,51.29817021481781,49.443237329584164,50.05536504019112,49260800
2022-01-11,51.854644775390625,52.01231589856995,50.76023417215799,51.47438370396257,39795200
2022-01-12,51.69697952270508,52.19780869786309,50.834435473816846,52.06796396585903,29136800
2022-01-13,50.95500183105469,52.13288456255021,50.797334244116065,51.938117471154214,29605400
2022-01-14,51.65987777709961,51.72480014028671,50.57474027896593,50.871529235822244,30151500
2022-01-18,50.78805923461914,51.61350731436344,50.71386376131842,51.2981685923273,35313800
2022-01-19,49.73074722290039,50.87153046679681,49.67510150339549,50.667490265272946,30595100
2022-01-20,48.265350341796875,50.16665567685542,48.17260158276756,49.95333883809308,28582600
2022-01-21,48.265350341796875,49.27628881819435,48.181878227672186,48.3024498454086,46372400
2022-01-24,48.17259979248047,48.3488206590854,46.262021421525446,47.74596613081122,64198400
2022-01-25,47.30078125,47.87580936475128,46.6051815257353,47.31005435626881,44095400
2022-01-26,47.940738677978516,48.89603151040661,47.068921504096274,47.42135973949704,54895400
2022-01-27,44.56475830078125,46.42896768283003,44.31434195671484,46.35476867510513,89642800
2022-01-28,44.267974853515625,44.70388523312492,42.941697498452505,44.24942509927652,61945400
2022-01-31,45.27891159057617,45.32528420525484,43.87843881445961,44.2216004086862,51828400
2022-02-01,45.39948272705078,45.47367820213169,44.85227738856484,45.24181159324788,35386100
2022-02-02,45.918861389160156,45.98378729421868,44.601860756899946,44.750255244168756,37962700
2022-02-03,44.778076171875,46.085803640104054,44.75025331233933,45.67771970223237,42145800
2022-02-04,44.866859436035156,45.081804835871324,44.044474215173935,44.72668183848054,32431500
2022-02-07,45.025726318359375,45.474300994257604,44.82012825504803,44.97900045804897,27558500
2022-02-08,45.614479064941406,45.73596558056725,44.764055630788555,44.83881628925412,28051200
2022-02-09,46.64246368408203,46.698536853452445,45.633171590096104,46.10043730665271,35217300
2022-02-10,45.66120529174805,46.66115361588142,45.56775001171655,45.960255057940024,32762700
2022-02-11,44.51173400878906,45.8948401284581,44.39024392197322,45.74531523889806,37208200
2022-02-14,44.46501159667969,45.025729084764606,44.0257806398751,44.78274889229425,28456900
2022-02-15,45.26870346069336,45.28739451802717,44.100539114489884,44.57715216411552,35837900
2022-02-16,45.07245635986328,45.31543655994511,44.483700483462655,44.91358770707936,26022900
2022-02-17,44.455657958984375,45.10048333501819,44.27809827818054,44.72667291780681,32030600
2022-02-18,42.091304779052734,43.18470505700506,41.59600059912309,43.166013996917606,76520100
2022-02-22,41.76420974731445,42.43707354064195,40.97920317675059,41.76420974731445,57093300
2022-02-23,41.72683334350586,42.7174344624404,41.63337805354189,42.21278659149934,38176700
2022-02-24,43.661312103271484,43.726729022000065,40.77360967312874,41.025933601776714,72740100
2022-02-25,44.58650207519531,44.66126631486809,43.222086785763686,43.8575685631616,39266300
2022-02-28,44.577152252197266,44.68929503146708,43.782798356236505,43.92297950403978,41946100
2022-03-01,43.7547607421875,44.76405638565044,43.19404331689994,44.42762450449613,53853000
2022-03-02,45.67055892944336,45.78270528977188,44.371560557757064,44.40894267786658,46936500
2022-03-03,44.792091369628906,45.371499853443495,44.50238534524438,45.02572422527481,36389900
2022-03-04,44.92292785644531,45.10983486501204,44.268755108939104,44.268755108939104,38310700
2022-03-07,44.55846405029297,45.3621617439656,44.48369981601881,44.86685760428659,43813700
2022-03-08,44.39024353027344,45.53037303120486,43.820178779807726,44.5678032210109,44813900
2022-03-09,44.51173400878906,45.287393259333484,43.82017916647726,45.24066739977495,36076500
2022-03-10,43.6052360534668,44.21268290438305,43.13797034197875,44.193991848128995,36456000
2022-03-11,42.82957458496094,44.18464222540391,42.773501419133,44.063155713541455,27082100
2022-03-14,41.49320602416992,42.969764153842206,41.399750721687326,42.895003476811404,35993900
2022-03-15,41.87635803222656,41.960466010294425,41.18480314978474,41.58665198222509,34448900
2022-03-16,43.577205657958984,43.577205657958984,42.30624222380277,42.334277028541415,38885500
2022-03-17,44.05381393432617,44.193995084018454,42.736124674046685,43.28749839657241,28555000
2022-03-18,44.3435173034668,44.483694879743226,43.31553058600045,43.754761501233176,46237100
2022-03-21,44.287452697753906,44.75471850560521,43.98840286592549,44.35286962565667,32910900
2022-03-22,45.22198486328125,45.296749104624965,44.29680054886186,44.390252285586264,27923300
2022-03-23,45.10983657836914,46.334074144273124,44.913585816149705,45.287396282526515,37126400
2022-03-24,48.24051284790039,48.26855121580029,45.40888367187754,45.47430058871964,51677900
2022-03-25,48.436771392822266,48.576948984743524,47.14711687040822,47.37140244346419,33239800
2022-03-28,48.137718200683594,48.19379137663494,47.24991608699425,47.99754060823761,22932400
2022-03-29,48.82926940917969,48.866651523646645,47.922772740606554,48.59563654119318,27303700
2022-03-30,48.06295394897461,49.07224608619334,47.866703195203556,48.829269471756035,24623300
2022-03-31,46.31538009643555,47.90408071465325,46.26865067181949,47.8480111090413,43698300
2022-04-01,44.9603157043457,46.63312811864987,44.231382199434336,46.56771119205296,46598600
2022-04-04,45.97895431518555,46.00698912171834,44.782751472097225,45.01638436641732,23784900
2022-04-05,44.979000091552734,45.773350405221024,44.87620106073469,45.63317282543199,25779200
2022-04-06,44.42762756347656,45.01637983107959,44.14726883152921,44.33417227619098,31518700
2022-04-07,44.44631576538086,44.77340033747937,43.7080350855534,44.324825682192355,24117000
2022-04-08,43.94166946411133,44.46500836255958,43.78279726290462,44.18464607395416,22167300
2022-04-11,43.5211296081543,44.20333714304272,43.483747494335994,43.82952669972343,30352500
2022-04-12,43.455711364746094,44.77340053449828,43.37160339370002,44.22202684985279,29861400
2022-04-13,43.93232345581055,44.17530363781252,43.5024398291359,43.689346838763264,22171300
2022-04-14,42.6800537109375,43.689349485086844,42.63332784693908,43.689349485086844,36181800
2022-04-18,43.58654022216797,43.820173052316775,42.53986614128848,42.549209885914635,25593100
2022-04-19,44.792091369628906,44.857508284013406,43.30618626512278,43.54916286641456,31483100
2022-04-20,44.9603157043457,45.55841535606326,44.8388255985421,45.193948603607566,22787100
2022-04-21,44.39024353027344,45.69858897609489,44.296791811980995,45.43691774795788,27316900
2022-04-22,43.493099212646484,44.53042980401766,43.45571709504006,44.34352278094047,28219900
2022-04-25,43.97905731201172,44.053817984420604,43.156668525783665,43.18470333231761,35999300
2022-04-26,42.53987503051758,43.77345634627889,42.53052771898411,43.633275192915406,35356600
2022-04-27,42.259517669677734,43.04452431126464,42.063263335564805,42.5024943031655,28320900
2022-04-28,43.77345275878906,44.17530156287872,42.558562600707205,42.79219546052889,41097000
2022-04-29,40.73622512817383,42.39034618511425,40.65211715697501,42.04457055460999,70765900
2022-05-02,42.01654052734375,42.04457889994495,40.661468973488546,40.8577233218762,45446500
2022-05-03,42.109989166259766,42.51183798207391,41.33432633784259,41.85766524249591,40158400
2022-05-04,43.493099212646484,43.58655094170761,41.50254601204114,42.10999294580325,44625600
2022-05-05,42.00957489013672,43.243489748438414,41.56687552015289,42.951493641871934,52996700
2022-05-06,41.72700500488281,42.52763819609094,41.29372318929365,41.90597188885661,40916600
2022-05-09,40.56843566894531,41.63280474167557,40.38005122170734,41.265457045785475,44925800
2022-05-10,41.45383834838867,42.14144212721681,40.97346141621227,41.77409083421778,42770000
2022-05-11,40.342376708984375,41.71757704852445,40.29527790290518,41.46325858686138,40351700
2022-05-12,40.3517951965332,40.41772921472429,39.57000099064679,40.24818356990879,42329600
2022-05-13,41.06765365600586,41.293715723737,40.47424746533912,40.89810800349117,32034100
2022-05-16,40.57786178588867,41.0770775774139,40.30470448394151,40.89811071393511,25071900
2022-05-17,41.82119369506836,41.84002890800059,41.114754636659335,41.274879098527315,28596600
2022-05-18,39.890254974365234,41.425583440913755,39.76780813205948,41.425583440913755,35218400
2022-05-19,39.56999969482422,40.21992584304495,39.296846025463935,39.86199576091863,29181000
2022-05-20,39.23090744018555,39.833734712628086,37.968736491083746,39.796057109816935,44802300
2022-05-23,39.560585021972656,39.796064694722496,38.92950122370773,39.26858893423439,27199500
2022-05-24,39.24974822998047,39.45697148177608,38.71285488954137,39.278008232674544,29837500
2022-05-25,39.748966217041016,40.05037988597635,38.98601084641039,39.03310605846884,26283100
2022-05-26,40.95462417602539,41.143008632495935,39.63594016700088,39.72070939962125,28826700
2022-05-27,41.96247482299805,41.96247482299805,41.0205561800884,41.058233788157054,30553300
2022-05-31,41.840030670166016,42.150865593662076,41.11475636827857,41.67990620155412,41111500
2022-06-01,41.54803466796875,42.32040771890644,41.001720094160056,42.16970086977554,29885500
2022-06-02,42.23563766479492,42.27331527783515,41.38790933706453,41.623389028863535,28727600
2022-06-03,40.86985397338867,41.679904673008615,40.822758754532025,41.54803662295604,33174700
2022-06-06,40.822757720947266,41.482101547651176,40.57786043321227,41.26546067188778,25437100
2022-06-07,41.0017204284668,41.058236844777205,40.18225215420694,40.55902107667352,25168700
2022-06-08,38.83531188964844,39.80548710876224,38.64692741006665,39.79606950169394,59649900
2022-06-09,37.68616485595703,38.94833603256156,37.68616485595703,38.628083537210124,39047200
2022-06-10,36.90437698364258,37.75210529753188,36.90437698364258,37.53546082265525,43066200
2022-06-13,35.57626724243164,36.55586348428366,35.48207322313754,36.31096262725344,50335900
2022-06-14,35.72698211669922,35.98130063629878,35.35963434165604,35.802333755949874,31351700
2022-06-15,36.4051628112793,36.894957422011096,35.717558929966295,36.32038997612667,37652300
2022-06-16,35.171241760253906,35.59510586204731,34.78505526598312,35.510333041688625,45576500
2022-06-17,34.822731018066406,35.90593522811779,34.47421855675341,35.30310791241368,71393200
2022-06-21,35.53859329223633,35.82116819293149,35.16182795568771,35.19008436781679,34004900
2022-06-22,35.208919525146484,35.57626721729786,35.05821268751683,35.161824312099924,32571000
2022-06-23,35.2371711730957,35.434973197044876,34.76621191999732,35.42555559296185,30163000
2022-06-24,36.367488861083984,36.395745277936584,35.54802043413992,35.65162849364459,38159900
2022-06-27,36.386322021484375,36.79134736812814,36.23561516644029,36.61238050748308,29585300
2022-06-28,35.58568572998047,36.75366644624107,35.548011714463314,36.3392235304761,37824200
2022-06-29,35.12415313720703,35.416145667453215,34.86983462841723,35.359632838701096,25437200
2022-06-30,35.2371711730957,35.792903235477155,34.596666301431185,35.04878675322956,35141000
2022-07-01,34.22932434082031,35.0393749655155,33.79604261839925,34.93576333773339,40596300
2022-07-05,34.55899429321289,34.606093100654206,33.475789991618754,33.843137693600006,33215000
2022-07-06,34.841575622558594,35.24659737331897,34.342356249190765,34.68144756902255,26258300
2022-07-07,35.924774169921875,36.10374100024401,35.53858769473331,35.68929452424265,33165400
2022-07-08,35.78349685668945,35.92478252105996,35.218343419802196,35.4726619274312,22566300
2022-07-11,35.03937530517578,35.48207463753453,34.87924726255996,35.472657031796935,25904300
2022-07-12,35.048797607421875,35.51033939937119,34.84157791521622,35.46324417810332,30546300
2022-07-13,35.048797607421875,35.25602089276259,34.49306537293682,34.5495817943393,27059200
2022-07-14,35.519752502441406,35.94361662637613,34.18222970373029,34.84157349728046,36690700
2022-07-15,36.37689971923828,36.42399493629921,35.538592638895636,36.04722960667704,32892300
2022-07-18,36.46167755126953,37.055087428455174,36.29213187207364,36.8290253251489,30814400
2022-07-19,37.88396453857422,38.364341409317596,36.96088480761714,37.03623642181055,53095300
2022-07-20,38.204227447509766,38.30783549626199,37.262308656731136,37.874553714856226,36387900
2022-07-21,38.251319885253906,38.28899749649604,37.507203232328344,38.157125857148586,29661200
2022-07-22,36.92321014404297,38.157121220643496,36.67830929386202,38.02525319045422,41350000
2022-07-25,36.88553237915039,37.12101203008805,36.310961455961,36.99856160552286,32263400
2022-07-26,36.69715118408203,37.27172215806789,36.62179955755017,36.82901922536377,35925500
2022-07-27,37.846290588378906,38.0723490459156,36.951467177221375,36.98914478452229,42571600
2022-07-28,37.403594970703125,37.78978153792088,36.77251109459842,37.761525123508754,56662300
2022-07-29,34.201072692871094,34.493065219312484,33.19321987106009,33.53230761855959,125292400
2022-08-01,34.813316345214844,35.50091660563833,33.95617042132969,33.95617042132969,52513400
2022-08-02,33.91849136352539,34.53073996584255,33.90907375734986,34.4648059432096,53929400
2022-08-03,34.39887237548828,34.46480639899319,33.21205276613035,33.99384703502396,59513900
2022-08-04,33.92790985107422,34.34653671045325,33.64248228197904,34.26090807678385,54046300
2022-08-05,33.6710319519043,33.956459588830654,33.47123296899678,33.632973965804965,40205100
2022-08-08,33.66151428222656,34.21334048126174,33.490256999565254,33.64248529199656,41534600
2022-08-09,32.843284606933594,33.58539705078632,32.72911429928133,33.50928472215435,48202300
2022-08-10,33.652000427246094,33.68054572937782,32.909887901184135,33.290460474728704,42243300
2022-08-11,33.86131286621094,34.52731299936226,33.76617154550735,33.90888352656273,35569700
2022-08-12,34.356056213378906,34.3845978841193,33.93742568567286,34.061112307895904,37675200
2022-08-15,34.574886322021484,34.660514969011714,33.97548579308986,34.346542053577856,25400600
2022-08-16,34.43217086791992,34.80323075962041,33.96597327713647,34.40362919525413,25000200
2022-08-17,34.042083740234375,34.32751496881716,33.55685718457954,34.070629040737956,29176100
2022-08-18,34.441688537597656,34.56537517304557,33.84228798209842,33.94694562521518,24598200
2022-08-19,33.66151428222656,34.279940132362384,33.48074068974586,34.061112188830435,31425500
2022-08-22,32.19631576538086,33.3570588019882,32.09165813035444,33.29997182940773,51006100
2022-08-23,32.30097579956055,32.71960274135082,32.26291781501347,32.329517473266264,30687100
2022-08-24,32.2153434753418,32.33903009631053,31.967970233404333,32.32000110620697,25105700
2022-08-25,33.1953125,33.23337047977773,32.17728513210235,32.22485579212015,29799100
2022-08-26,31.73963165283203,33.328514319901906,31.730115342463677,33.25240198400004,44851500
2022-08-29,31.34003257751465,31.787204835632597,31.216349568195906,31.615947529519733,32976800
2022-08-30,30.693058013916016,31.46371580794256,30.58840400876969,31.435174136485276,40182500
2022-08-31,30.36957359313965,30.81674397852586,30.22685979479974,30.81674397852586,44074500
2022-09-01,30.217344284057617,30.283943933397634,29.61794381058878,30.036572511060186,36440700
2022-09-02,29.703569412231445,30.80722711238095,29.551341139390995,30.645482530945795,34893300
2022-09-06,28.885347366333008,29.865316797451694,28.85680388024729,29.865316797451694,46989600
2022-09-07,29.1612606048584,29.2944617258229,28.59040358349403,28.942432654658464,37329500
2022-09-08,29.256404876708984,29.351548019736743,28.45720537880301,28.894863110848906,37359500
2022-09-09,29.931917190551758,29.969975172940625,29.570375431379905,29.675033068244815,34069500
2022-09-12,30.02705955505371,30.312488971473055,29.589403657130262,30.19831684196443,38305500
2022-09-13,27.867321014404297,29.427662019055212,27.829263031508173,29.33251887651941,71417900
2022-09-14,27.762662887573242,28.324005422480926,27.600920092520106,28.114690149644826,40767200
2022-09-15,27.439178466796875,27.98149203370225,27.315491833994688,27.73412058280243,39919100
2022-09-16,27.81974983215332,27.895863986787894,27.03957929347279,27.305979742046095,72748000
2022-09-19,28.010034561157227,28.067119720267634,27.496262685050105,27.610434817975406,33151900
2022-09-20,27.5533504486084,27.753151246437486,27.31549347934332,27.658008095790525,31129000
2022-09-21,27.087148666381836,28.15274859509546,27.07763417066869,27.734119857239627,39977300
2022-09-22,26.70657730102539,27.11569153381817,26.678035629242753,27.020548393565633,36092700
2022-09-23,26.183292388916016,26.54483413922103,25.869321300725936,26.54483413922103,43491100
2022-09-26,25.66000747680664,26.354551159837232,25.555351651320706,26.22135003194812,44786400
2022-09-27,25.583890914916992,26.25940554253098,25.3270068086398,26.069119271869596,44121400
2022-09-28,25.81223487854004,25.954950497334636,25.30797931644131,25.555350757059607,40433400
2022-09-29,25.098661422729492,25.47923394683863,24.917891469952366,25.47923394683863,41831300
2022-09-30,24.518293380737305,25.27943484950694,24.48974989514429,25.022548923283036,43821000
2022-10-03,25.66000747680664,25.92640791788033,24.80372280759737,25.051094256871966,44096200
2022-10-04,26.35454750061035,26.449688816986736,25.77417603425211,26.097661591103822,42427500
2022-10-05,26.297460556030273,26.48774681835725,25.583889794360527,26.040576461004424,30120000
2022-10-06,25.85980796813965,26.411636021126025,25.688550673298273,26.107179414610027,33985100
2022-10-07,24.470720291137695,25.003521120620693,24.40412064112841,24.89886349077504,57215500
2022-10-10,23.975980758666992,24.727607760492898,23.871323122262893,24.68003709742075,43409300
2022-10-11,23.82375144958496,24.24237834805178,23.49075137807841,23.795207964128604,48134900
2022-10-12,24.09966278076172,24.28043454597076,23.462206170007562,23.833262380174936,39634100
2022-10-13,25.136720657348633,25.536320375871682,23.395607986934852,23.528807288207744,62447000
2022-10-14,24.6514949798584,25.336522365546806,24.508781168011385,25.174779561532304,48185400
2022-10-17,25.136720657348633,25.45069173513786,24.898863725244542,25.03206302651743,39416500
2022-10-18,24.613439559936523,25.65049425878857,24.29946843842792,25.441180782684377,51126900
2022-10-19,24.73712158203125,24.974978520320015,24.442179486670426,24.489750148446408,33882300
2022-10-20,24.8132381439209,25.64098116817171,24.689553322446667,24.879837802768915,33247700
2022-10-21,25.66000747680664,25.736121629298474,24.53732418122822,24.59440934192096,53058700
2022-10-24,25.85980796813965,26.145235583072267,25.231865763524276,25.450693722619583,43831600
2022-10-25,26.07863426208496,26.221348060438835,25.688549033055654,25.859806316962064,32205300
2022-10-26,25.88834571838379,26.449688182111053,25.67903228679392,25.869318544387795,37111100
2022-10-27,24.994009017944336,26.249893437480765,24.86080789047216,26.116694124713124,56305100
2022-10-28,27.658004760742188,27.800718562151634,26.506778039374286,26.811234632968954,91695700
2022-10-31,27.04909324645996,27.762664112343902,26.68754965817755,27.66752096728513,59507700
2022-11-01,26.925405502319336,27.4486918711954,26.535320256910445,27.40111939327695,44418700
2022-11-02,26.08814811706543,27.44869004504039,26.078633622114737,26.896862040830722,51956100
2022-11-03,26.05960464477539,26.525804009357916,25.850291199872327,26.116691614507065,39678200
2022-11-04,27.1926326751709,27.23120282791374,26.43085238695134,26.585136676350324,43051900
2022-11-07,27.39512825012207,27.45298439490414,26.893703424107663,27.34691510267263,34389800
2022-11-08,27.462631225585938,27.9158429674121,26.932279172758577,27.732629670945908,36258000
2022-11-09,26.536924362182617,27.289059836909928,26.536924362182617,27.211917689778566,30544800
2022-11-10,28.69690704345703,28.764406193994382,27.62655811575354,27.848341564437387,62943900
2022-11-11,29.342973709106445,29.535828165320652,27.838700858094295,27.89655701103716,49826500
2022-11-14,29.265830993652344,29.88296818436314,29.10190369746805,29.256187995145748,39395300
2022-11-15,29.612972259521484,30.220468342548013,29.092263170427096,29.989041876371164,40933200
2022-11-16,28.475126266479492,29.150119674398848,28.388341110727648,29.034407359539113,35582800
2022-11-17,28.822261810302734,28.88011980044275,27.96405518791181,28.03155433719462,31983300
2022-11-18,28.802978515625,29.1790462667312,28.55226606848289,29.1790462667312,27122200
2022-11-21,27.906198501586914,28.65833396683814,27.87726950707193,28.600477817022007,36086800
2022-11-22,28.754764556884766,28.79333655285458,28.02191318638429,28.099055339109917,25584100
2022-11-23,28.610122680664062,29.00547643541131,28.436552380684496,28.667978834252597,23143900
2022-11-25,28.291908264160156,28.619762833921246,28.291908264160156,28.619762833921246,11314900
2022-11-28,27.703699111938477,28.147267830060994,27.520487665022543,28.060482686063413,28267900
2022-11-29,27.867626190185547,28.13762461826266,27.713341899631146,27.819413039092478,24361500
2022-11-30,28.995832443237305,29.005475441707357,27.21191818898294,27.74227206955256,72072500
2022-12-01,28.764406204223633,29.39118639556841,28.46548060636023,29.159759948266366,38896300
2022-12-02,28.35940933227539,28.378695329266066,27.684414151313096,28.127982886029038,31546000
2022-12-05,28.12798500061035,28.687266080887667,27.85798654008494,28.369054463474953,34040400
2022-12-06,27.578344345092773,28.262980672894155,27.32763190641211,28.147268371480845,27701200
2022-12-07,27.317989349365234,27.5301297981923,27.144419055227683,27.26977619619987,28239900
2022-12-08,27.424060821533203,27.578345120565167,27.06727723051309,27.30834667765227,28486100
2022-12-09,27.231204986572266,27.751915883981724,27.18299183201833,27.37584628944802,25641300
2022-12-12,27.665130615234375,27.684414773444505,26.864780114274833,27.125133722644026,35117900
2022-12-13,27.703699111938477,29.01511743082299,27.35656037516198,28.725834843640268,58546800
2022-12-14,27.250490188598633,28.079769665058897,27.00942074443822,27.491559632759046,37141100
2022-12-15,26.180139541625977,26.99977596556628,26.151212387331118,26.94191981776278,45682700
2022-12-16,25.958354949951172,26.170495375234097,25.505145107168403,26.03549708998257,81104200
2022-12-19,25.8330020904541,26.00657054243023,25.553360657044916,25.939071393459425,37662500
2022-12-20,25.495506286621094,25.910146046924293,25.476220288650246,25.591934437261326,31863300
2022-12-21,25.871570587158203,26.006568876451833,25.630501162440286,25.640144160134653,28100900
2022-12-22,25.042293548583984,25.50514828566791,24.444442348638713,25.50514828566791,47478300
2022-12-23,25.158008575439453,25.254436725682798,24.762654814734336,24.994081271789966,23600900
2022-12-27,25.01336669921875,25.167651000403847,24.733725253812043,24.926581549900387,29548100
2022-12-28,24.627655029296875,25.186936060072682,24.589083035829773,24.916937623444614,26176900
2022-12-29,25.27372169494629,25.35086568898634,24.83015476450029,24.849440763010303,30944800
2022-12-30,25.48586082458496,25.514787979531604,24.878364821712026,24.974792963033074,31030100
2023-01-03,25.775144577026367,26.102999168842448,25.428005827443503,26.08371317186176,31308000
2023-01-04,26.691207885742188,26.922634320453884,26.189783024259942,26.43085245698635,37665200
2023-01-05,26.57549285888672,26.787635129679114,26.401922578861576,26.459780565012455,33552600
2023-01-06,27.703699111938477,27.800127254070663,26.40192379118857,26.932277653308667,31788600
2023-01-09,28.262981414794922,28.80297829961147,27.80977151713731,27.80977151713731,37493200
2023-01-10,28.388338088989258,28.455837238674977,27.88691320673265,28.195481799132445,23008100
2023-01-11,28.783693313598633,28.812620471120535,27.96405679822175,28.619766010523257,30375400
2023-01-12,29.207975387573242,29.294758697326316,28.41726604818337,28.90904794592512,28963900
2023-01-13,29.034404754638672,29.09226090687782,28.745120315015104,28.89940461379544,31361900
2023-01-17,28.54262351989746,29.179046726826428,28.465481368730735,29.101904575659702,34759100
2023-01-18,27.780841827392578,28.754762588389678,27.6072715358387,28.735476591725053,44199600
2023-01-19,27.404773712158203,27.732628294098987,27.231203422987925,27.58798699952837,36886600
2023-01-20,28.17619514465332,28.185838142842474,27.240846390871358,27.404773681659314,35158500
2023-01-23,29.188692092895508,29.4008325660056,28.13762904849648,28.282270363763093,38795800
2023-01-24,28.8511905670166,29.111546002854098,28.66797727818127,28.87047656357061,24855100
2023-01-25,28.639053344726562,28.822264814961045,28.127985413828632,28.46548303463994,28268000
2023-01-26,29.015117645263672,29.03440364167541,28.282266334542182,28.98618865064606,56088100
2023-01-27,27.154062271118164,27.231204420328744,25.82335973743222,26.102999338615348,148548200
2023-01-30,26.95156478881836,27.49155983268477,26.681566347278196,26.729779500775336,55145800
2023-01-31,27.250490188598633,27.279419184014884,26.546567853061564,26.787637297221977,52621600
2023-02-01,28.03155517578125,28.378695770150827,26.691209630742602,26.893707084648902,63330600
2023-02-02,29.11154556274414,29.217614863759888,27.77119824992596,28.205123969761672,62230700
2023-02-03,29.236902236938477,30.056538724554706,28.4751237408344,28.5619088888887,57603100
2023-02-06,28.002227783203125,28.939213232302656,27.92414566244483,28.841610115948637,48726400
2023-02-07,28.353595733642578,28.56832295693167,27.748459777304095,27.963185138968626,50780800
2023-02-08,27.56301498413086,28.421920183249103,27.533733490425252,28.255995442166576,36479100
2023-02-09,27.06523895263672,28.12910895174248,26.909074719889496,27.992465713494784,43906400
2023-02-10,27.133562088012695,27.319007822872113,26.68459035918154,26.967637348743658,31232500
2023-02-13,27.865581512451172,27.865581512451172,27.05547884529115,27.201884444523,32347500
2023-02-14,27.953426361083984,28.03150848482236,27.319008873006595,27.699658993528093,27928900
2023-02-15,28.15839195251465,28.187671584208548,27.4849324991859,27.680138731393377,23359400
2023-02-16,27.52397346496582,28.138869908751705,27.455649983101143,27.816780940744902,28972500
2023-02-17,26.948118209838867,27.397089938587733,26.72363048383983,27.32876831565852,32086200
2023-02-21,25.435274124145508,26.616268274114095,25.415754990518632,26.460104035351655,63668400
2023-02-22,24.859416961669922,26.255136427710145,24.693492230847845,25.28886953467257,89195300
2023-02-23,24.996063232421875,25.45479545717064,24.713014382393666,25.161987971011783,56473200
2023-02-24,24.537328720092773,24.742295446145526,24.32260335807878,24.61541083915464,44089900
2023-02-27,24.303081512451172,24.966780432064013,24.283560517962677,24.93749894033127,37657000
2023-02-28,24.33236312866211,24.517808854002507,24.13715690602753,24.34212362595629,50255300
2023-03-01,24.722774505615234,25.298630833078455,24.371404038247963,24.42996702389222,47823400
2023-03-02,25.57192039489746,25.669521652354405,24.517810804390407,24.60565156377673,48309300
2023-03-03,25.767126083374023,25.84520821028994,25.386475947362026,25.57192169689661,36744900
2023-03-06,25.366952896118164,25.903769104117636,25.30839177107945,25.8354456196771,37879800
2023-03-07,24.91798210144043,25.366953846261588,24.888700607012005,25.220550097368804,43164600
2023-03-08,25.357192993164062,25.3864744871826,24.839899630209082,24.947261385027765,36071900
2023-03-09,25.806167602539062,26.333221484111967,25.34743348643194,25.357193984819826,54886100
2023-03-10,26.56746482849121,26.860274161836333,25.689040551704853,25.913526404132295,65187000
2023-03-13,26.303939819335938,26.655308426042993,25.97209034627264,26.09897309226763,50977000
2023-03-14,27.33852767944336,27.42637029431564,26.5967466325355,26.694349744796313,47689800
2023-03-15,27.72893714904785,27.816779760379003,26.996916629037877,27.065238246378897,49322800
2023-03-16,29.45650863647461,29.544351255599253,27.70941861346735,27.70941861346735,75779500
2023-03-17,29.095378875732422,30.256852106897263,28.734249747934122,29.202742495057443,80628500
2023-03-20,28.46095848083496,29.183218524450513,27.94366329508857,29.085615413340413,38780100
2023-03-21,27.777738571166992,28.470718984748284,27.309245871678645,28.304794254309765,55650800
2023-03-22,27.45564842224121,28.421917132953546,27.426368793302572,27.797258365645888,37415500
2023-03-23,28.334077835083008,28.460960585773083,27.543494252082628,27.69965849675871,43785500
2023-03-24,28.656166076660156,29.09537730527202,28.236473981906343,28.343837595436273,55912100
2023-03-27,28.48048210144043,29.017296469606507,28.38287898133078,28.665927843486305,34758200
2023-03-28,28.587844848632812,28.62688497851229,27.943665020187566,28.38287811648555,37407900
2023-03-29,30.764385223388672,31.125514332127047,29.046576712975515,29.056337210728525,85556200
2023-03-30,31.320720672607422,31.798975756041244,31.047432319448752,31.086474310596248,70077600
2023-03-31,31.886817932128906,32.111307542700466,30.96935338525874,31.037675015171967,59765000
2023-04-03,32.10154724121094,32.755487670786515,31.75993906973477,32.150347876671844,57038300
2023-04-04,32.30650329589844,33.02876516195409,32.05273782705385,32.06249646217338,55714100
2023-04-05,32.0429801940918,32.19914442362998,31.56472514680358,32.01369684131975,39615700
2023-04-06,32.02346420288086,32.20890809091326,31.681852337663894,31.81849559445088,28551900
2023-04-10,31.74041175842285,31.974656251348996,31.428083285688604,31.81849201498187,30534400
2023-04-11,31.574481964111328,32.316264804141184,31.54520233627418,31.87705177034044,27059100
2023-04-12,31.252399444580078,32.10154228489594,31.193836457118923,31.984420033222882,37070800
2023-04-13,31.35976219177246,31.65256967447336,30.891267613176623,31.057192349807018,29722300
2023-04-14,31.125513076782227,31.467124899485984,30.930308714468747,31.23287668611058,24623600
2023-04-17,31.36952018737793,31.85753388966632,31.008391090194262,31.18407632087801,29601100
2023-04-18,31.066953659057617,31.68185013344323,31.018153031207433,31.652570501382968,26041400
2023-04-19,30.40325355529785,30.76438451737318,30.334931934219302,30.35445292927733,25746600
2023-04-20,30.120208740234375,30.500858863126293,29.97380312839162,30.022605619547434,30255100
2023-04-21,29.57362937927246,30.100685067139953,29.505307759354345,30.100685067139953,28655800
2023-04-24,28.948972702026367,29.64195312806772,28.900172076394732,29.407704912487166,38732500
2023-04-25,28.187671661376953,28.861131116549412,28.177913025202002,28.734248368404405,38289900
2023-04-26,28.353595733642578,29.095376794335365,28.148630869547965,28.5000013355668,41218800
2023-04-27,29.144180297851562,29.23202291741756,27.826542865986188,28.06078923095398,60186200
2023-04-28,30.315412521362305,31.789214215921206,30.071405655275562,31.213357863026513,80252400
2023-05-01,29.57362937927246,30.491095653546697,29.554110246170513,30.3642129110737,36918500
2023-05-02,29.056337356567383,29.846919062283263,29.036816360963385,29.573630708701103,33463400
2023-05-03,29.915239334106445,30.364212904596823,29.52482874778298,29.905478836745296,45554500
2023-05-04,30.615957260131836,31.086368450197742,29.77313580932783,29.831938610021997,46104000
2023-05-05,30.37095069885254,30.782560950703065,30.116144174445274,30.753159550839502,35024600
2023-05-08,30.155349731445312,30.223951136941427,29.782939431254807,30.086748325949195,30882800
2023-05-09,29.498733520507812,29.969144763263547,29.31252836928229,29.77313914415793,30706500
2023-05-10,29.371326446533203,29.792737178090977,28.90091524959575,29.684935780406107,40526500
2023-05-11,28.28350257873535,29.08712222504971,28.244300708550234,29.008720353927533,47144400
2023-05-12,28.371702194213867,28.51870545480219,28.146295200780703,28.45010405781083,24153800
2023-05-15,29.204723358154297,29.234124760049205,28.303100928438564,28.32270186303517,28717500
2023-05-16,28.636308670043945,29.30272547676297,28.626508202974787,29.028319875818404,22812000
2023-05-17,28.29330062866211,28.96951600834132,28.107095499689855,28.930316010753835,41667300
2023-05-18,29.087121963500977,29.165523833918176,28.293302791870843,28.420705130330777,36529200
2023-05-19,29.33212661743164,29.63593361688515,28.910715883440798,29.008718684013914,40683000
2023-05-22,29.67513656616211,29.841740772433006,29.224324414797557,29.25372581681525,28693400
2023-05-23,28.920516967773438,29.59673424999005,28.900916033390814,29.44972911136836,29400900
2023-05-24,28.420703887939453,28.900915556908675,28.244299219900157,28.72451088886938,28045800
2023-05-25,26.852663040161133,27.724885860098915,26.323450937587317,27.724885860098915,78009400
2023-05-26,28.420703887939453,28.5089062219591,26.55865814499301,26.89186654701214,71910600
2023-05-30,29.39093017578125,29.43993251506952,28.42070628885094,29.10672408490176,54874800
2023-05-31,30.81196403503418,31.644985050897073,29.07732060245757,29.106722003928486,136243800
2023-06-01,30.508153915405273,31.301974899480218,30.400352519575563,31.16477023413201,52667400
2023-06-02,30.684558868408203,30.958966332449027,30.214147675122152,30.772761200805327,36521000
2023-06-05,29.263526916503906,30.772763403645975,29.234125513850884,30.684561064934964,48244100
2023-06-06,30.341550827026367,30.82176436940935,29.106721878535176,29.175323279090467,42295300
2023-06-07,30.65515899658203,30.74336132799938,30.312150137653216,30.410152935811148,39098000
2023-06-08,31.184371948242188,31.213773349248747,30.439553279307525,30.802163081396642,35199000
2023-06-09,30.713960647583008,31.35097604666667,30.067144781529084,31.292175114093027,40218000
2023-06-12,32.409400939941406,32.63480606389449,30.733560406314766,30.772760403448927,59881600
2023-06-13,33.23262023925781,33.27182210422168,32.40939976749475,33.095417450379905,51990000
2023-06-14,34.869266510009766,34.88886370620157,33.12482070775246,33.193422109911886,74404300
2023-06-15,35.10447311401367,35.692486248650205,34.516459979377146,34.575259049742996,67676300
2023-06-16,35.64348220825195,36.064892949994906,34.8888630599796,35.63368361033754,110240300
2023-06-20,34.30084991455078,36.36870175041591,34.02644431155308,36.03549334456329,65970200
2023-06-21,32.2427978515625,34.349847649977356,32.17419645626733,34.22244345650248,70973500
2023-06-22,32.05659484863281,32.57601028427737,31.488182682818767,32.03699391346735,45740300
2023-06-23,32.34080123901367,32.781812912699415,31.390176491123963,31.56658116059826,46327100
2023-06-26,32.674007415771484,33.311024649713566,32.43879995967875,32.52700228840156,38952400
2023-06-27,33.41883087158203,33.546235091607585,32.3506041155903,32.55641208286126,33038900
2023-06-28,32.8994140625,33.13462152950488,32.370200065610916,32.93861593008346,33906900
2023-06-29,32.25259780883789,32.67400853399177,31.840989419708507,32.67400853399177,38313000
2023-06-30,32.77200698852539,32.88961258096364,32.49760141649386,32.693606998728754,33811300
2023-07-03,32.94841766357422,33.21302468720255,32.47800642328926,32.8700176594415,15753000
2023-07-05,31.86058807373047,32.66421143222731,31.850789475753086,32.64461049777656,37664700
2023-07-06,31.331375122070312,31.399978390882627,30.753160655387852,31.262773722505944,41693600
2023-07-07,31.213773727416992,31.762586801452922,31.18437232605422,31.360776995734906,28356300
2023-07-10,32.08599853515625,32.1742008752923,31.135373729078424,31.23337653692382,36305700
2023-07-11,32.63480758666992,32.69361038898678,31.850788914924802,32.16439638362285,28148800
2023-07-12,33.30122756958008,33.39923224945889,32.39960694567266,33.017019605675934,37762200
2023-07-13,33.19341278076172,33.61482341187091,32.94840677376777,33.46782205077153,32745800
2023-07-14,32.4878044128418,33.19341930959561,32.34079928433291,33.10521698018942,30438700
2023-07-17,33.683433532714844,33.9088386690032,32.40940271354346,32.49760504848202,34111200
2023-07-18,33.81083679199219,34.00684239065943,33.154222335727155,33.59523025960864,29662200
2023-07-19,33.771636962890625,34.144047248986105,33.644236493788966,33.712837896688654,26486700
2023-07-20,32.703407287597656,33.52662778478136,32.56620449448299,33.02681707579284,37878000
2023-07-21,33.340423583984375,33.565828700360015,32.75240682350843,33.05621567001245,79737000
2023-07-24,32.95821762084961,33.77163583016144,32.88961622025087,33.164021822645815,25225800
2023-07-25,33.41883087158203,33.654038374821795,32.73281677566697,33.026823350844346,31771100
2023-07-26,33.67363739013672,33.84023973578182,33.02682146625675,33.04642240194962,32643200
2023-07-27,33.859832763671875,34.330243894949916,33.428623494624176,34.12443972598365,58890800
2023-07-28,36.09429931640625,36.25110306595705,34.80066370949184,36.01589557238271,90863000
2023-07-31,35.05546951293945,36.447102218638456,34.957464840251916,36.13349474303034,55630700
2023-08-01,35.084869384765625,35.300475928267105,34.57525629735052,35.10447031949267,24702200
2023-08-02,33.703033447265625,34.47725350402442,33.59523018132506,34.44785397276639,39052000
2023-08-03,34.17344665527344,34.33025039539027,33.44823075916909,33.60503449928593,24817900
2023-08-04,34.56195068359375,34.975043685807705,33.91280775321122,33.91280775321122,26674900
2023-08-07,34.65046691894531,34.965202626684565,34.17836335733644,34.82750622354184,22486900
2023-08-08,34.44392395019531,34.52260600489445,33.30300601746458,34.09967917404251,34753600
2023-08-09,33.716094970703125,34.52260572248699,33.66691821792523,34.4242522169312,28720200
2023-08-10,34.10951614379883,34.512771515517244,33.91280538277738,34.129187595095544,30957300
2023-08-11,34.316062927246094,34.37507728487278,33.79478256668778,33.89313607745299,28783700
2023-08-14,35.09306716918945,35.1225724709791,33.902972472360176,34.09967948688556,36896100
2023-08-15,34.198036193847656,35.04388984965245,34.17836474232362,34.82750763483381,27420300
2023-08-16,32.978431701660156,34.06033899883146,32.90958349888829,33.952147893919765,35757300
2023-08-17,32.04405975341797,33.03744357008837,31.817839959101025,33.00793827167546,39906700
2023-08-18,32.21126174926758,32.368629595522066,31.650638562489394,31.699815310954158,23701100
2023-08-21,32.594852447509766,32.62435775236178,31.493277293662434,32.06373444849641,43718200
2023-08-22,32.34896469116211,33.24399520132266,32.28995408184249,32.6735380502047,23425300
2023-08-23,33.4210319519043,33.58823741993685,32.26044253360494,32.3391283425487,32324300
2023-08-24,32.05389404296875,33.52921901502571,31.955540545609786,33.165306572463045,37931000
2023-08-25,32.703041076660156,32.85057509357383,31.81784447906994,31.994883798587985,27324800
2023-08-28,33.06695556640625,33.22432344305988,32.66370014798469,32.948930596902564,22341800
2023-08-29,33.745601654052734,33.91280335214455,32.919419508789375,32.9390909589082,29943600
2023-08-30,33.96198272705078,34.089845286735404,33.22432017432113,33.499716745329984,26279200
2023-08-31,34.56195068359375,34.975043685807705,33.73576843111181,33.75543988378352,48157600
2023-09-01,36.00776672363281,36.14546312570516,35.142241658105185,35.20125600982714,43808500
2023-09-05,36.10612487792969,36.79461072896934,35.8602373419831,35.97826606063861,43379400
2023-09-06,36.37167739868164,36.43069174751434,35.43730417786343,35.95858821268886,39643400
2023-09-07,37.551944732666016,37.709312605354064,36.1454677290402,36.22415354135724,67659700
2023-09-08,37.38473892211914,38.19125348335013,37.08967463246908,37.49293003711157,44255200
2023-09-11,37.955196380615234,38.10273038812013,37.217533846982086,37.61095536569803,36349300
2023-09-12,38.22075271606445,39.410847288064396,38.014208121309835,38.014208121309835,55326600
2023-09-13,38.07322311401367,38.50598755520661,37.62079097271727,38.161742772262606,35407800
2023-09-14,38.033878326416016,38.26009813780729,37.66996586139009,38.17157848394199,30616500
2023-09-15,37.25687789916992,37.88634934698742,37.001152778527945,37.78799208829982,68881200
2023-09-18,37.36506652832031,37.758484281127345,36.892959221839014,37.00115032324325,29322200
2023-09-19,35.74220657348633,37.473252894705155,35.42747087871927,37.41424229690223,53288100
2023-09-20,34.11935043334961,35.653689886763196,34.06033983064438,35.62418458541059,57660800
2023-09-21,34.08000946044922,34.67013796763067,33.893132556683504,34.00132365845407,45240600
2023-09-22,33.617740631103516,34.316060258283514,33.578397729078986,34.237378206180104,29232700
2023-09-25,33.725929260253906,33.804611306582146,33.21448282731153,33.440698869430115,21729400
2023-09-26,33.27349853515625,34.20786804017717,33.08662163259565,33.578396636057406,34198300
2023-09-27,34.04066848754883,34.25705070334605,33.322677387430296,33.362016538710535,44369100
2023-09-28,34.601287841796875,35.073391371665416,33.8144486253493,34.08000756439011,32265300
2023-09-29,34.96520233154297,35.31928093774724,34.58161842547019,35.06355958434724,28763700
2023-10-02,34.87668228149414,35.388128734395956,34.40457872926451,35.024216283042065,26086200
2023-10-03,35.10289764404297,35.93891738317694,34.68980845092264,34.68980845092264,45292600
2023-10-04,35.33895492553711,35.919249626936264,34.74882637412426,35.919249626936264,39842200
2023-10-05,35.29960632324219,35.5061509077,35.014375943593656,35.37829211843291,25771200
2023-10-06,35.59467315673828,35.86023210702724,34.6012893073867,35.279937456828144,33262200
2023-10-09,35.46681594848633,35.57500330172597,34.9160265729728,35.11273733222375,19376100
2023-10-10,35.83073043823242,36.135632319891045,35.22093042686105,35.5455000088046,24044100
2023-10-11,36.2733268737793,36.42085713002743,35.781551849060826,36.017601759836104,19262600
2023-10-12,36.233985900878906,36.6077359901128,35.79138760467375,36.19464299633936,23639200
2023-10-13,35.378292083740234,36.184802723928144,35.2701009914317,36.135625977954774,28390100
2023-10-16,35.95859146118164,36.3323377817168,35.4864878837064,35.54549848592473,29555800
2023-10-17,35.46681594848633,35.75204260985726,34.493099753764234,35.3291157906487,24993600
2023-10-18,35.0537223815918,35.42747244260579,34.8668492270576,34.935697428830494,22086000
2023-10-19,35.083229064941406,35.76188101195215,34.93569880615984,35.36845948464315,29201800
2023-10-20,34.3455696105957,35.683198421665395,34.296392853236455,35.063564525435886,32303300
2023-10-23,33.29317092895508,34.61112827418337,32.840738762430185,34.03083353818108,53924700
2023-10-24,34.02099609375,34.13902104821362,33.08662280371101,33.08662280371101,52673900
2023-10-25,32.289947509765625,33.88329742018063,32.01455096519045,33.617738476453894,44658500
2023-10-26,31.985050201416016,32.67353603255021,31.62113770928137,32.34896269355066,59142500
2023-10-27,34.95536804199219,35.781550195415,34.03082863700385,34.08984298794316,84128200
2023-10-30,35.10289764404297,35.36845659045408,34.34556370471026,34.886519198480364,36656300
2023-10-31,35.899574279785156,35.968422478248286,35.034049246604525,35.073392146282146,41185200
2023-11-01,36.67658233642578,36.706087637360646,35.68319468290073,35.899576894944936,41710700
2023-11-02,37.079837799072266,37.197862755048476,36.302832355675335,36.961812843096055,35440000
2023-11-03,37.51259994506836,37.68963926195629,37.0503302007559,37.37490353236572,30502700
2023-11-06,37.448463439941406,37.69515950507372,37.34978275531855,37.5175380370358,23877200
2023-11-07,38.25762176513672,38.385904758025376,37.47806138691897,37.73462737269627,32052000
2023-11-08,37.418853759765625,38.37603560514898,37.251102258437705,38.336563335089636,33483400
2023-11-09,37.30044174194336,38.010927565462474,37.270839420724386,37.54713779018939,48955800
2023-11-10,38.346431732177734,38.47471472253525,37.73462662816008,37.73462662816008,38862500
2023-11-13,37.72475814819336,38.060264914615274,37.63594742283806,37.84317119390614,24558300
2023-11-14,38.88916778564453,38.96811233380719,37.56687671818588,38.28722878089558,45457400
2023-11-15,40.073307037353516,40.300266952053384,39.05692051407083,39.066786699804304,47392100
2023-11-16,42.7770881652832,42.82643038048199,40.28052565895118,40.45814709367577,86405700
2023-11-17,43.23101806640625,43.23101806640625,41.99753779046285,42.34291076201377,49735000
2023-11-20,44.14872741699219,44.33621506262218,43.20141171013172,43.20141171013172,44564900
2023-11-21,43.063262939453125,44.06978329979618,42.72775615267211,43.911897974504114,37252100
2023-11-22,43.09286117553711,44.04017680174799,42.96458194884538,43.44810406483085,31481200
2023-11-24,43.3790283203125,43.41850058791116,43.0336553895308,43.10272997568714,13037100
2023-11-27,43.4974479675293,43.96123396715262,43.07313047380296,43.07313047380296,33339900
2023-11-28,43.64546203613281,43.79348116276332,43.082995377789274,43.11259769740228,24548900
2023-11-29,44.34607696533203,44.740792118757376,44.010570214205295,44.010570214205295,38982000
2023-11-30,44.1092529296875,44.49409815176386,43.82308461840098,44.05991447429258,46263000
2023-12-01,43.16194152832031,43.77374666363665,42.29357039916354,43.77374666363665,43928400
2023-12-04,41.790306091308594,42.73762170997078,41.13902872088735,42.72775176074531,50417600
2023-12-05,41.365989685058594,41.731102530170645,41.06008900826224,41.35612349986118,31859300
2023-12-06,40.72458267211914,42.027137460168056,40.6259019977016,41.91859060045017,31992300
2023-12-07,41.59295654296875,41.87912110704372,40.63577464121815,41.19824134769675,29118700
2023-12-08,42.135684967041016,42.39224719590146,41.257447654791754,41.28704997543026,42815000
2023-12-11,43.95136642456055,44.138854055701096,42.51066248602941,42.58960325966863,48288200
2023-12-12,43.457977294921875,43.85268871838199,43.05339592141253,43.77374793940317,31452200
2023-12-13,43.9809684753418,44.128987600899464,42.75735825929165,43.497446358514516,35216100
2023-12-14,44.582908630371094,46.44793008966711,44.05991423037119,44.41515336581766,70620800
2023-12-15,45.54995346069336,46.645284403284116,45.066427600130005,45.33285975624256,84583400
2023-12-18,45.0861701965332,45.61903458514181,44.800005630161714,45.54009380402375,27895700
2023-12-19,46.0433464050293,46.06308253893593,44.908543173235216,44.99735389367373,35358800
2023-12-20,45.155242919921875,46.32951851625015,45.096038277608145,46.023614061925066,38159100
2023-12-21,46.457801818847656,46.497270325887236,45.411809214497815,45.865729041858266,28320500
2023-12-22,47.365638732910156,47.52352404478188,46.57621217355154,46.625550627708435,30095700
2023-12-26,49.83259963989258,49.852335774632216,48.06625510566455,48.27347887400653,60287400
2023-12-27,50.08916091918945,50.60228911990351,49.52669426469732,49.96088169222299,52148000
2023-12-28,49.72405242919922,50.19770836675126,49.497092527723204,50.13850372723399,27705200
2023-12-29,49.58590316772461,49.9016737922272,49.11224723097072,49.63524162200012,29288700
2024-01-02,47.16828155517578,48.727402316983216,46.82290860884264,48.54978086907395,45905700
2024-01-03,46.42819595336914,47.178154054921954,46.181499902857844,46.4775344106148,35858400
2024-01-04,46.250572204589844,46.536740512433994,44.64211674522337,45.11577268702602,47797800
2024-01-05,46.27030563354492,47.197885092412385,46.023609609681465,46.40845480462325,34344000
2024-01-08,47.809696197509766,48.11559689647681,46.349256004061985,46.44793292031915,42135100
2024-01-09,47.41497802734375,47.91824005579795,47.16828198790462,47.37550575760561,30097000
2024-01-10,46.84264373779297,47.6616726062049,46.31964559049682,47.60246796769483,31480200
2024-01-11,47.010398864746094,47.2077564583543,46.11242538989763,46.81304127113789,31707900
2024-01-12,46.49726486206055,47.039995353979776,45.994006636825546,46.97092076942365,27587900
2024-01-16,46.43806076049805,46.59594606476858,45.767047276277616,46.35911622622149,43720700
2024-01-17,45.45127868652344,45.80651781369869,45.04669734109243,45.80651781369869,33488000
2024-01-18,46.122291564941406,46.94132042959796,45.55982115169575,46.408456099754304,46681300
2024-01-19,47.5136604309082,48.11559562704901,45.826256598878,46.37885710247488,55979800
2024-01-22,47.582733154296875,48.520175090034456,47.01039653759373,48.2044044616061,45639500
2024-01-23,48.24387741088867,48.29321586647265,46.6946265669979,47.48405314919019,37224100
2024-01-24,48.44123077392578,49.11224425135441,47.63206812719406,48.520171543120746,49375800
2024-01-25,48.89515686035156,49.63524501796823,48.32282397588851,49.33921050777817,84845100
2024-01-26,43.07312774658203,44.80986611742092,42.77708950325992,43.5961221183612,127665300
2024-01-29,43.260616302490234,43.40863542733626,42.24422985568122,43.1323333119092,51790900
2024-01-30,42.3527717590332,43.2408789546181,42.323169440607906,43.09285983392641,47958800
2024-01-31,42.51066589355469,43.21128178449899,41.80018005243761,42.00740383466907,51584200
2024-02-01,42.786964416503906,42.99418819944557,41.92846319840053,42.57974063356224,38819900
2024-02-02,42.03700256347656,42.56986689876739,41.05021843039699,42.43171772242148,53683500
2024-02-05,42.20475769042969,42.57973671381655,41.869250935669385,42.05673856522146,28890300
2024-02-06,42.29877853393555,42.3383627277486,41.70497032294128,42.259190564805955,34068200
2024-02-07,42.33836364746094,42.65505985674417,42.11073848299591,42.44722867727391,34269200
2024-02-08,42.061256408691406,42.52640562884181,41.89301319520865,42.278986473496566,33206500
2024-02-09,42.86289596557617,43.07072715064209,41.96229038830714,42.11073961678992,51193000
2024-02-12,43.57545852661133,44.57503398469183,42.87278906222066,42.94206612066388,51107300
2024-02-13,42.71444320678711,43.17959243106469,42.318571044595544,42.55609509697383,36622200
2024-02-14,43.73380661010742,43.83277653306883,42.94206610299881,43.36762733344154,36186200
2024-02-15,43.595252990722656,44.802659637413264,43.56556390115373,44.29792246284209,44024500
2024-02-16,43.060829162597656,43.76350244978494,42.67485587510025,43.57546147103312,29975300
2024-02-20,44.060401916503906,44.703689430093235,42.97175541030291,43.80308389081493,61514100
2024-02-21,43.021240234375,44.22864304125819,42.63526698932861,44.02081187474342,57485200
2024-02-22,42.53630065917969,44.218751667634606,42.090945425277404,44.218751667634606,62809300
2024-02-23,42.54619598388672,43.060824460813436,42.21960091454698,42.68475009500671,33810700
2024-02-26,42.54619598388672,43.22907143525656,42.3779490094436,43.05092935658332,27035400
2024-02-27,42.28887939453125,42.82330564855216,42.07114934097092,42.803511664108804,25126400
2024-02-28,41.556522369384766,42.01177270231313,41.477346428710284,42.00187382207049,26928500
2024-02-29,42.60557556152344,42.704545483662436,41.922700087688604,41.93259519224425,48875100
2024-03-01,43.36762619018555,43.81298139348012,42.68475072867816,42.96185895503192,41426100
2024-03-04,45.1391487121582,46.12882527668589,43.397315844412255,43.81298196467845,59990800
2024-03-05,42.71444320678711,44.40678933828843,42.24929398250953,44.09999199914086,56655100
2024-03-06,44.05050277709961,45.04017935400904,43.11031304928887,43.476492325656736,52652000
2024-03-07,45.67357635498047,45.94078571326764,44.71358885003174,45.07976813297767,50378200
2024-03-08,43.54576873779297,46.14861915352694,43.54576873779297,45.960578190502105,54916600
2024-03-11,44.39689254760742,44.46616960706335,43.20927988143693,43.4171110598047,35051000
2024-03-12,44.77296829223633,44.802657380309554,44.00101802448503,44.59482621316421,31795800
2024-03-13,42.78371810913086,44.51565212448583,42.75402901982607,44.0505029236892,53195900
2024-03-14,42.30867385864258,42.90247829740919,42.07114981794601,42.783718164719176,38100000
2024-03-15,42.199806213378906,42.70454335281141,41.912799116471504,42.011769033672145,66952900
2024-03-18,42.26908493041992,42.93217018813967,42.16021990487515,42.64516307994282,27668300
2024-03-19,41.61589813232422,41.853422165234505,41.01219483335548,41.81383419719672,34673000
2024-03-20,41.76435470581055,42.565990363070036,40.982509258950394,42.54620015267069,74865000
2024-03-21,41.98208236694336,43.149901135053874,41.88311621045273,42.54620153995399,50807600
2024-03-22,42.13053512573242,42.35816030455685,41.65549078184012,41.81383889647089,28503100
2024-03-25,41.39817428588867,41.78414755859529,40.15117964680319,40.46787585904025,47276500
2024-03-26,41.556522369384766,41.83363061111218,41.22992727707748,41.51693439904752,39109700
2024-03-27,43.318145751953125,43.37752770777571,42.061256001916675,42.100843972465064,51017800
2024-03-28,43.714012145996094,44.139573371770645,43.25876183131705,43.30824490459669,54204200
2024-04-01,44.060401916503906,44.94121347108948,43.72391172736055,43.832776755512306,31712600
2024-04-02,43.48638916015625,43.62494705770123,43.05093280810779,43.476494055132804,32748400
2024-04-03,39.913658142089844,41.22003092103447,39.804793114625035,40.97261177691137,83718000
2024-04-04,39.31985092163086,40.3590105980652,39.29016183168939,40.170973402908174,57307200
2024-04-05,38.31037902832031,39.052636454070694,38.11244295972358,38.943771427576664,67263000
2024-04-08,37.58791732788086,38.4588338048539,37.518640266960844,38.24110374178147,56967800
2024-04-09,37.93430709838867,38.18172625626916,36.94463046686671,37.657195074347136,78671700
2024-04-10,36.81596755981445,37.82543807040204,36.63782548292745,37.62750200993688,51108400
2024-04-11,37.24153137207031,37.28111556667766,36.697209999223986,37.04359529776712,41909100
2024-04-12,35.321556091308594,36.32113156006494,35.23248504731364,36.311232680000735,80254800
2024-04-15,35.935157775878906,36.32113103584749,35.519491651462836,35.66794464775069,50751600
2024-04-16,35.88566970825195,36.13308884345184,35.390831437852185,35.895568587837126,30607500
2024-04-17,35.31166076660156,35.757015983802184,35.00485966690412,35.727323119111105,41173300
2024-04-18,34.67826843261719,35.29186685801872,34.41105530172058,35.054342816560656,42334400
2024-04-19,33.84694290161133,34.767342507621755,33.82714891515427,34.767342507621755,59070300
2024-04-22,34.054771423339844,34.213119527250065,33.72818011072603,34.06466652813322,39909900
2024-04-23,33.92611312866211,34.242809343199326,33.82714697736298,33.98549508463159,46834000
2024-04-24,34.14384078979492,34.816821142169815,33.9854926936665,34.50012494991297,53261100
2024-04-25,34.74754333496094,34.93558051526241,34.14384005173473,34.203222002242924,66549400
2024-04-26,31.55088996887207,31.907176045518334,30.323691180607266,31.45192381651619,119742500
2024-04-29,31.036256790161133,31.58057813019865,30.749249688486604,31.53109505843458,58533300
2024-04-30,30.155445098876953,30.858116461249818,30.105962024307132,30.719562342327688,72346400
2024-05-01,30.05647850036621,30.719561883042896,29.710091320581384,29.858542429729663,60654800
2024-05-02,30.195032119750977,30.353380218588107,29.87833592207671,30.274206169169542,50899400
2024-05-03,30.58100700378418,30.739355111056643,30.383072813522766,30.66018105742041,36794800
2024-05-06,30.774776458740234,31.003328068462462,30.536289553022886,30.923832433223346,36185600
2024-05-07,30.486604690551758,31.251751344198457,30.417046248461222,30.894020047360957,44683400
2024-05-08,29.81089210510254,29.959946186562956,29.5425936212785,29.81089210510254,63734600
2024-05-09,29.90032386779785,30.198432020098114,29.622088202412307,29.741332600527656,45003400
2024-05-10,29.66183853149414,30.267992059188092,29.65190133984991,30.138812358464122,42931300
2024-05-13,30.317676544189453,30.933767233590086,29.810891166912885,29.84070274039695,51459100
2024-05-14,30.854272842407227,30.913895991776922,30.417047785649103,30.42698497721072,47759900
2024-05-15,31.072887420654297,31.202067120946793,30.615786083174033,31.182192737724716,36992900
2024-05-16,31.828094482421875,32.056644199568396,31.32131098625367,31.430616301444132,47752800
2024-05-17,31.629356384277344,31.907592059017553,31.390869475353796,31.8579079970722,41449800
2024-05-20,31.897653579711914,32.21563613099912,31.55979854046339,31.649231369928607,31989000
2024-05-21,31.5399227142334,32.036772797045785,31.420680210618762,31.77840961678809,42975400
2024-05-22,31.221940994262695,31.867843275827525,30.90395844920465,31.708852003298507,36706400
2024-05-23,29.8903865814209,31.37099393773446,29.68171125454082,31.25175143532453,62014500
2024-05-24,30.526351928710938,30.82446197812326,29.94007091639133,30.099064079939822,42434500
2024-05-28,30.86421012878418,31.172257382164105,30.466731941725964,30.744967620329465,36799100
2024-05-29,29.94007110595703,30.476668061101428,29.920198618797393,30.277928026901556,35848600
2024-05-30,29.99969482421875,30.307740177296864,29.870513230933255,30.019567311756507,33351000
2024-05-31,30.655534744262695,30.76484006095746,29.75127115934644,30.029504942197292,95797500
2024-06-03,30.099063873291016,30.874145826725712,29.86057507726836,30.83439895760554,35544900
2024-06-04,29.8407039642334,30.556164699264862,29.75127113543878,30.556164699264862,51027200
2024-06-05,30.585975646972656,30.645596899838363,29.820828969781854,30.079190259300518,44161700
2024-06-06,30.22824478149414,30.397173246523653,29.96988348819456,30.35742448048119,34248100
2024-06-07,30.546226501464844,30.585975266431074,30.019566737614863,30.059315502581093,34085500
2024-06-10,30.71515464782715,30.75490341238691,30.099063959754154,30.35742334809095,37396500
2024-06-11,30.7250919342041,30.834399141756844,30.337550955172254,30.57603785729381,25326900
2024-06-12,30.56610107421875,31.281561790135704,30.198432577294135,31.26168740752887,51323900
2024-06-13,30.26799201965332,30.387236423902817,29.950009468755333,30.18849638192882,33787200
2024-06-14,30.258056640625,30.36736195761891,30.01956783277801,30.099065365610674,28125900
2024-06-17,30.784713745117188,30.804588127819695,29.989757390271375,30.14874866124054,36235300
2024-06-18,30.436920166015625,31.27162530099019,30.307740466821567,30.79465147966915,33294700
2024-06-20,30.426984786987305,30.913895798509436,30.258056322146935,30.367361637990363,43826300
2024-06-21,30.894020080566406,31.162318553482905,30.476667532249213,30.65553318086021,90795200
2024-06-24,30.37729835510254,31.221940666114026,30.337551485050767,30.943704994449813,40611800
2024-06-25,30.546226501464844,30.635659327313434,30.099064267547327,30.506479631824043,29323600
2024-06-26,30.347488403320312,30.48660529023788,30.079189925414628,30.446856525218326,30743000
2024-06-27,30.397172927856445,30.466731372376067,30.099064766965085,30.228244464597882,30184300
2024-06-28,30.774776458740234,31.11263338233784,30.526352361702315,30.556163935664028,41467700
2024-07-01,30.645597457885742,30.824463115065406,30.417047738300834,30.71515590338328,32401800
2024-07-02,30.874147415161133,31.112634328128223,30.39717358922695,30.66547207706199,35999300
2024-07-03,31.033138275146484,31.14244548620724,30.71515572877935,30.923832959411207,24065700
2024-07-05,31.818159103393555,32.13614164734713,31.112633675586775,31.2020665029894,45309400
2024-07-08,33.77574157714844,33.87510969875,32.613114843025684,32.82179017277948,82315900
2024-07-09,34.3719596862793,34.99798949894323,33.507444853034585,34.79924945469186,97546900
2024-07-10,34.65019226074219,34.7495641747144,33.91485905060243,34.22290250728898,52256200
2024-07-11,33.2888298034668,34.928430399599435,33.10002884981283,34.809184100885474,55213700
2024-07-12,34.27259063720703,35.25634795426933,33.55712801341558,33.55712801341558,62792600
2024-07-15,34.242774963378906,35.00792159998404,34.093722786783545,34.48126375284248,39847900
2024-07-16,34.12353515625,34.232842368767805,33.626686947097056,34.143409539494236,28409900
2024-07-17,34.242774963378906,36.925755839253235,34.18315560900105,35.85256576329393,112304200
2024-07-18,34.65019226074219,36.07117841001198,34.31233533453851,34.73962508799172,84188600
2024-07-19,32.7721061706543,34.362022653681926,32.64292457982029,34.35208356711346,69628700
2024-07-22,33.15964889526367,33.19939766232487,32.55349346485917,33.07021606470152,48503700
2024-07-23,32.7422981262207,33.020531913608885,32.623055616004486,32.75223342263411,29466400
2024-07-24,31.50017547607422,32.59323995949019,31.460426711784343,32.32494148650973,62216700
2024-07-25,30.90395736694336,31.78834652633028,30.754903291082982,31.17225584068728,49774000
2024-07-26,31.152381896972656,31.361057227049322,30.824462167334016,31.23187753157216,38352500
2024-07-29,30.63566017150879,31.27162526588968,30.595913300772725,31.221941203638227,32342200
2024-07-30,29.94007110595703,30.715154964946016,29.820828601697457,30.655533712816226,48256600
2024-07-31,30.546226501464844,30.675408092279664,30.08912707630577,30.34748836260998,56110600
2024-08-01,28.866878509521484,30.516414316046976,28.70788724349436,30.238180548162198,107672500
2024-08-02,21.3445987701416,21.8414469830145,20.291281089542203,21.801700111553938,300895900
2024-08-05,19.983234405517578,20.26146817330116,19.168403693593557,20.072667229540986,147385700
2024-08-06,19.704999923706055,20.4999563012095,19.62550428595571,20.191910941842604,106670400
2024-08-07,18.989999771118164,20.25,18.950000762939453,19.920000076293945,97972300
2024-08-08,20.489999771118164,20.549999237060547,18.84000015258789,19.100000381469727,96836800
2024-08-09,19.709999084472656,20.149999618530273,19.5,20.079999923706055,76394500
2024-08-12,19.360000610351562,19.969999313354492,19.0,19.8700008392334,54677600
2024-08-13,20.469999313354492,20.479999542236328,19.469999313354492,19.479999542236328,77511300
2024-08-14,19.920000076293945,20.5,19.790000915527344,20.489999771118164,56758200
2024-08-15,20.690000534057617,21.059999465942383,20.229999542236328,20.31999969482422,84814900
2024-08-16,20.8700008392334,20.899999618530273,20.40999984741211,20.530000686645508,48582700
2024-08-19,21.520000457763672,21.860000610351562,20.84000015258789,20.889999389648438,65956300
2024-08-20,20.989999771118164,21.229999542236328,20.81999969482422,21.209999084472656,84161300
2024-08-21,21.40999984741211,21.440000534057617,21.06999969482422,21.06999969482422,57028900
2024-08-22,20.100000381469727,21.399999618530273,20.040000915527344,21.389999389648438,81444700
2024-08-23,20.540000915527344,20.93000030517578,20.260000228881836,20.31999969482422,73398400
2024-08-26,20.1299991607666,20.559999465942383,19.950000762939453,20.530000686645508,58534800
2024-08-27,20.06999969482422,20.260000228881836,19.84000015258789,20.1299991607666,43862000
2024-08-28,19.610000610351562,20.110000610351562,19.510000228881836,19.979999542236328,50144900
2024-08-29,20.1299991607666,20.600000381469727,19.75,19.760000228881836,64529700
2024-08-30,22.040000915527344,22.1200008392334,21.0,21.25,177785400
2024-09-03,20.100000381469727,21.690000534057617,19.989999771118164,21.540000915527344,115305500
2024-09-04,19.43000030517578,20.049999237060547,19.280000686645508,19.760000228881836,85871900
2024-09-05,19.399999618530273,19.899999618530273,19.239999771118164,19.280000686645508,65388800
2024-09-06,18.889999389648438,19.489999771118164,18.639999389648438,19.440000534057617,92686500
2024-09-09,19.06999969482422,19.540000915527344,18.950000762939453,19.0,64244100
2024-09-10,18.979999542236328,19.110000610351562,18.510000228881836,19.030000686645508,55621300
2024-09-11,19.639999389648438,19.690000534057617,18.520000457763672,19.010000228881836,71403100
2024-09-12,19.360000610351562,19.540000915527344,19.040000915527344,19.43000030517578,51520600
2024-09-13,19.65999984741211,19.799999237060547,19.489999771118164,19.489999771118164,44236300
2024-09-16,20.90999984741211,21.06999969482422,19.760000228881836,20.030000686645508,149337000
2024-09-17,21.469999313354492,22.579999923706055,21.239999771118164,21.709999084472656,196249800
2024-09-18,20.770000457763672,21.739999771118164,20.719999313354492,21.360000610351562,118727900
2024-09-19,21.139999389648438,21.690000534057617,21.030000686645508,21.280000686645508,99829200
2024-09-20,21.84000015258789,23.139999389648438,20.350000381469727,20.889999389648438,260377900
2024-09-23,22.559999465942383,22.81999969482422,22.030000686645508,22.43000030517578,184439100
2024-09-24,22.809999465942383,23.110000610351562,22.290000915527344,22.530000686645508,113082500
2024-09-25,23.540000915527344,24.059999465942383,22.729999542236328,22.799999237060547,117013400
2024-09-26,23.920000076293945,24.420000076293945,23.25,24.280000686645508,95416900
2024-09-27,23.90999984741211,24.65999984741211,23.700000762939453,24.15999984741211,85883300
2024-09-30,23.459999084472656,23.950000762939453,23.09000015258789,23.739999771118164,66308200
2024-10-01,22.690000534057617,23.719999313354492,22.260000228881836,23.459999084472656,86344400
2024-10-02,22.389999389648438,23.06999969482422,22.350000381469727,22.670000076293945,59033900
2024-10-03,22.260000228881836,22.729999542236328,21.649999618530273,22.139999389648438,49565900
2024-10-04,22.59000015258789,22.90999984741211,22.299999237060547,22.700000762939453,49845500
2024-10-07,22.3799991607666,22.649999618530273,22.020000457763672,22.399999618530273,54928700
2024-10-08,23.31999969482422,23.420000076293945,22.049999237060547,22.25,58650500
2024-10-09,23.459999084472656,23.479999542236328,23.059999465942383,23.25,44759000
2024-10-10,23.219999313354492,23.530000686645508,22.959999084472656,23.190000534057617,44874600
2024-10-11,23.559999465942383,23.81999969482422,22.979999542236328,23.049999237060547,43585300
2024-10-14,23.440000534057617,23.770000457763672,23.270000457763672,23.579999923706055,35403600
2024-10-15,22.65999984741211,23.719999313354492,22.469999313354492,23.40999984741211,68900600
2024-10-16,22.309999465942383,22.540000915527344,21.739999771118164,22.3799991607666,62151800
2024-10-17,22.440000534057617,22.81999969482422,22.399999618530273,22.719999313354492,43807600
2024-10-18,22.770000457763672,22.81999969482422,22.5,22.610000610351562,39971700
2024-10-21,22.84000015258789,22.8799991607666,22.25,22.610000610351562,39727000
2024-10-22,22.399999618530273,22.81999969482422,22.170000076293945,22.729999542236328,50160400
2024-10-23,21.979999542236328,22.43000030517578,21.579999923706055,22.299999237060547,45799100
2024-10-24,22.34000015258789,22.3700008392334,21.969999313354492,22.09000015258789,40554400
2024-10-25,22.68000030517578,23.34000015258789,22.40999984741211,22.420000076293945,67503000
2024-10-28,22.920000076293945,23.270000457763672,22.559999465942383,22.670000076293945,41915000
2024-10-29,22.899999618530273,23.139999389648438,22.40999984741211,22.8700008392334,83422200
2024-10-30,22.299999237060547,22.93000030517578,22.260000228881836,22.420000076293945,50941200
2024-10-31,21.520000457763672,22.25,21.469999313354492,22.149999618530273,112485500
2024-11-01,23.200000762939453,23.579999923706055,21.90999984741211,23.0,173471100
2024-11-04,22.520000457763672,23.0,22.0,22.959999084472656,84616300
2024-11-05,23.31999969482422,23.579999923706055,22.399999618530273,22.579999923706055,59153300
2024-11-06,25.049999237060547,25.1200008392334,24.049999237060547,24.299999237060547,116760500
2024-11-07,26.229999542236328,26.3799991607666,25.190000534057617,25.43000030517578,101489300
2024-11-08,26.200000762939453,26.43000030517578,25.829999923706055,26.0,76428000
2024-11-11,25.049999237060547,26.290000915527344,24.829999923706055,25.959999084472656,80185300
2024-11-12,24.15999984741211,24.959999084472656,23.889999389648438,24.65999984741211,62539700
2024-11-13,24.920000076293945,25.139999389648438,24.020000457763672,24.059999465942383,58202000
2024-11-14,25.030000686645508,25.610000610351562,24.93000030517578,25.1200008392334,49252100
2024-11-15,24.350000381469727,24.81999969482422,24.229999542236328,24.809999465942383,55104900
2024-11-18,24.84000015258789,25.020000457763672,24.15999984741211,24.329999923706055,59589500
2024-11-19,24.200000762939453,24.540000915527344,24.100000381469727,24.5,61190900
2024-11-20,24.010000228881836,24.209999084472656,23.549999237060547,24.06999969482422,50191500
2024-11-21,24.440000534057617,24.770000457763672,23.829999923706055,24.079999923706055,58928400
2024-11-22,24.5,24.68000030517578,24.139999389648438,24.350000381469727,36784700
2024-11-25,24.8700008392334,25.56999969482422,24.760000228881836,25.040000915527344,91128400
2024-11-26,24.049999237060547,24.989999771118164,23.809999465942383,24.950000762939453,69613600
2024-11-27,23.649999618530273,23.93000030517578,23.059999465942383,23.829999923706055,53992300
2024-11-29,24.049999237060547,24.280000686645508,23.600000381469727,23.719999313354492,36616800
2024-12-02,23.93000030517578,25.479999542236328,23.440000534057617,24.84000015258789,150497900
2024-12-03,22.469999313354492,23.75,22.440000534057617,23.68000030517578,138160500
2024-12-04,21.959999084472656,22.540000915527344,21.809999465942383,22.530000686645508,104649000
2024-12-05,20.799999237060547,22.190000534057617,20.65999984741211,22.040000915527344,167993500
2024-12-06,20.920000076293945,21.049999237060547,20.65999984741211,20.950000762939453,78539100
2024-12-09,20.809999465942383,21.059999465942383,20.729999542236328,20.920000076293945,68818200
2024-12-10,20.15999984741211,20.860000610351562,19.959999084472656,20.829999923706055,90004800
2024-12-11,20.1200008392334,20.25,19.8700008392334,20.139999389648438,75209300
2024-12-12,20.780000686645508,20.899999618530273,19.920000076293945,20.020000457763672,77695000
2024-12-13,20.34000015258789,20.799999237060547,20.25,20.600000381469727,55104100
2024-12-16,20.829999923706055,21.100000381469727,20.0,20.170000076293945,73832900
2024-12-17,20.440000534057617,20.770000457763672,20.290000915527344,20.639999389648438,51767200
2024-12-18,19.299999237060547,20.579999923706055,19.209999084472656,20.479999542236328,86041200
2024-12-19,19.059999465942383,19.690000534057617,19.030000686645508,19.530000686645508,69117800
2024-12-20,19.520000457763672,19.760000228881836,18.899999618530273,18.969999313354492,108453700
2024-12-23,20.200000762939453,20.229999542236328,19.520000457763672,19.579999923706055,57988400
2024-12-24,20.399999618530273,20.399999618530273,19.959999084472656,20.219999313354492,29884000
2024-12-26,20.440000534057617,20.670000076293945,20.079999923706055,20.229999542236328,39846200
2024-12-27,20.299999237060547,20.610000610351562,20.09000015258789,20.209999084472656,48260800
2024-12-30,19.81999969482422,20.110000610351562,19.729999542236328,20.010000228881836,59608100
2024-12-31,20.049999237060547,20.399999618530273,19.8799991607666,19.989999771118164,49846700
2025-01-02,20.219999313354492,20.43000030517578,20.0,20.229999542236328,46438500
2025-01-03,20.559999465942383,20.670000076293945,20.059999465942383,20.389999389648438,48983900
2025-01-06,19.8700008392334,20.979999542236328,19.780000686645508,20.829999923706055,83271000
2025-01-07,20.010000228881836,20.34000015258789,19.899999618530273,20.020000457763672,61726100
2025-01-08,19.8799991607666,20.1200008392334,19.709999084472656,19.829999923706055,47897100
2025-01-10,19.149999618530273,19.65999984741211,18.90999984741211,19.65999984741211,71244600
2025-01-13,19.200000762939453,19.25,18.729999542236328,18.920000076293945,50669000
2025-01-14,19.200000762939453,19.520000457763672,18.81999969482422,19.360000610351562,47147500
2025-01-15,19.719999313354492,19.770000457763672,19.170000076293945,19.399999618530273,56306000
2025-01-16,19.670000076293945,19.950000762939453,19.399999618530273,19.75,44898100
2025-01-17,21.489999771118164,21.6200008392334,20.790000915527344,21.260000228881836,166483900
2025-01-21,21.770000457763672,22.40999984741211,21.75,22.030000686645508,96262200
2025-01-22,21.860000610351562,22.290000915527344,21.56999969482422,21.729999542236328,60972600
2025-01-23,21.56999969482422,21.75,21.350000381469727,21.690000534057617,55778200
2025-01-24,20.829999923706055,21.40999984741211,20.75,21.360000610351562,66300600
2025-01-27,20.290000915527344,21.059999465942383,20.139999389648438,20.809999465942383,83582100
2025-01-28,19.799999237060547,20.34000015258789,19.739999771118164,20.34000015258789,73411400
2025-01-29,19.75,20.079999923706055,19.65999984741211,19.8700008392334,86506800
2025-01-30,20.010000228881836,20.100000381469727,19.43000030517578,19.719999313354492,108167000
2025-01-31,19.43000030517578,20.329999923706055,19.3799991607666,20.100000381469727,117081700
2025-02-03,19.3799991607666,19.75,18.780000686645508,18.969999313354492,77523100
2025-02-04,19.290000915527344,19.530000686645508,19.020000457763672,19.100000381469727,54098200
2025-02-05,19.649999618530273,19.770000457763672,18.90999984741211,19.190000534057617,66059200
2025-02-06,19.3799991607666,19.700000762939453,19.219999313354492,19.510000228881836,45553800
2025-02-07,19.100000381469727,19.360000610351562,19.030000686645508,19.350000381469727,58277900
2025-02-10,19.770000457763672,20.079999923706055,19.239999771118164,19.25,73007300
2025-02-11,20.969999313354492,21.8799991607666,19.860000610351562,19.8700008392334,150960700
2025-02-12,22.479999542236328,22.559999465942383,20.93000030517578,21.979999542236328,162631200
2025-02-13,24.1299991607666,24.829999923706055,22.790000915527344,22.84000015258789,248661300
2025-02-14,23.600000381469727,25.190000534057617,22.860000610351562,24.360000610351562,230254100
2025-02-18,27.389999389648438,27.549999237060547,24.489999771118164,24.600000381469727,284292200
2025-02-19,25.719999313354492,26.329999923706055,25.459999084472656,25.979999542236328,151881700
2025-02-20,26.09000015258789,26.1200008392334,24.479999542236328,25.559999465942383,144939600
2025-02-21,24.8700008392334,26.290000915527344,24.84000015258789,25.959999084472656,111630900
2025-02-24,24.270000457763672,24.799999237060547,23.6200008392334,24.549999237060547,91358100
2025-02-25,22.989999771118164,24.280000686645508,22.770000457763672,24.209999084472656,88886500
2025-02-26,23.520000457763672,23.81999969482422,23.209999084472656,23.25,67449300
2025-02-27,23.09000015258789,24.399999618530273,23.06999969482422,23.700000762939453,97871900
2025-02-28,23.729999542236328,24.440000534057617,22.639999389648438,23.020000457763672,104133800
2025-03-03,22.739999771118164,25.040000915527344,22.520000457763672,25.0,141348700
2025-03-04,21.329999923706055,22.6299991607666,20.760000228881836,22.540000915527344,152182200
2025-03-05,20.809999465942383,21.360000610351562,20.18000030517578,21.329999923706055,127219300
2025-03-06,20.75,21.1299991607666,20.0,20.260000228881836,96466400
2025-03-07,20.639999389648438,21.200000762939453,20.110000610351562,20.270000457763672,81099600
2025-03-10,19.93000030517578,20.510000228881836,19.649999618530273,20.239999771118164,82760600
2025-03-11,19.780000686645508,20.059999465942383,19.290000915527344,19.969999313354492,80789000
2025-03-12,20.68000030517578,21.170000076293945,20.209999084472656,20.790000915527344,128671100
2025-03-13,23.700000762939453,24.530000686645508,23.1299991607666,23.5,243261000
2025-03-14,24.049999237060547,24.3700008392334,23.520000457763672,23.68000030517578,116901600
2025-03-17,25.690000534057617,26.149999618530273,24.3700008392334,24.420000076293945,160723600
2025-03-18,25.920000076293945,26.40999984741211,25.389999389648438,25.549999237060547,132488800
2025-03-19,24.1200008392334,25.229999542236328,24.030000686645508,24.899999618530273,135491400
2025-03-20,23.959999084472656,24.309999465942383,23.729999542236328,23.770000457763672,68937600
2025-03-21,24.260000228881836,24.700000762939453,23.489999771118164,23.600000381469727,94110700
2025-03-24,24.219999313354492,24.989999771118164,24.1299991607666,24.719999313354492,69169000
2025-03-25,24.200000762939453,24.75,24.110000610351562,24.18000030517578,51743300
2025-03-26,23.420000076293945,24.420000076293945,23.25,24.25,59496700
2025-03-27,23.6200008392334,23.760000228881836,22.860000610351562,23.290000915527344,57720600
2025-03-28,22.709999084472656,23.579999923706055,22.559999465942383,23.350000381469727,58365300
2025-03-31,22.709999084472656,22.75,21.75,22.3799991607666,65832000
2025-04-01,22.049999237060547,22.6200008392334,21.65999984741211,22.559999465942383,64060400
2025-04-02,21.979999542236328,22.3799991607666,21.700000762939453,21.889999389648438,58878800
2025-04-03,22.43000030517578,23.899999618530273,20.860000610351562,21.399999618530273,242972100
2025-04-04,19.850000381469727,22.200000762939453,19.700000762939453,21.700000762939453,175014700
2025-04-07,19.56999969482422,20.670000076293945,18.559999465942383,19.139999389648438,142491200
2025-04-08,18.1299991607666,20.389999389648438,17.670000076293945,20.059999465942383,163982700
2025-04-09,21.530000686645508,21.729999542236328,17.979999542236328,18.06999969482422,224183500
2025-04-10,19.8799991607666,20.81999969482422,19.15999984741211,20.68000030517578,129064900
2025-04-11,19.739999771118164,19.799999237060547,18.18000030517578,19.25,128425800
2025-04-14,20.309999465942383,21.049999237060547,19.979999542236328,20.59000015258789,101964400
2025-04-15,19.850000381469727,20.469999313354492,19.809999465942383,20.200000762939453,64056900
2025-04-16,19.229999542236328,19.43000030517578,18.719999313354492,19.34000015258789,89469700
2025-04-17,18.93000030517578,19.100000381469727,18.559999465942383,18.90999984741211,85646700
2025-04-21,18.84000015258789,18.989999771118164,18.25,18.93000030517578,72409900
2025-04-22,19.510000228881836,19.739999771118164,19.040000915527344,19.059999465942383,83365600
2025-04-23,20.59000015258789,21.030000686645508,20.309999465942383,20.719999313354492,97188100
2025-04-24,21.489999771118164,21.549999237060547,20.8799991607666,21.040000915527344,117086200
2025-04-25,20.049999237060547,20.18000030517578,19.34000015258789,19.729999542236328,147711200
2025-04-28,20.510000228881836,21.079999923706055,20.049999237060547,20.1200008392334,96624400
2025-04-29,20.34000015258789,20.850000381469727,20.219999313354492,20.309999465942383,70031900
2025-04-30,20.100000381469727,20.18000030517578,19.549999237060547,19.709999084472656,68297300
2025-05-01,19.979999542236328,20.649999618530273,19.940000534057617,20.219999313354492,72607500
2025-05-02,20.6200008392334,20.780000686645508,20.209999084472656,20.260000228881836,63298500
2025-05-05,20.270000457763672,20.579999923706055,20.239999771118164,20.389999389648438,44237000
2025-05-06,19.940000534057617,20.1200008392334,19.770000457763672,19.920000076293945,51330800
2025-05-07,20.309999465942383,20.3700008392334,19.81999969482422,19.969999313354492,61002600
2025-05-08,21.0,21.239999771118164,20.639999389648438,21.010000228881836,71651700
2025-05-09,21.420000076293945,21.450000762939453,20.829999923706055,21.200000762939453,51768600
2025-05-12,22.18000030517578,22.670000076293945,21.8799991607666,22.18000030517578,94578700
2025-05-13,22.559999465942383,22.8799991607666,22.299999237060547,22.360000610351562,76850400
2025-05-14,21.520000457763672,22.459999084472656,21.459999084472656,22.350000381469727,91584800
2025-05-15,21.549999237060547,21.6299991607666,21.190000534057617,21.229999542236328,66705500
2025-05-16,21.65999984741211,21.760000228881836,21.350000381469727,21.530000686645508,55795100
2025-05-19,21.3799991607666,21.559999465942383,21.049999237060547,21.18000030517578,64279100
2025-05-20,21.270000457763672,21.40999984741211,21.1200008392334,21.329999923706055,48497400
2025-05-21,20.690000534057617,21.6299991607666,20.59000015258789,21.190000534057617,62904700
2025-05-22,20.549999237060547,20.899999618530273,20.510000228881836,20.729999542236328,56077500
2025-05-23,20.049999237060547,20.270000457763672,19.940000534057617,20.15999984741211,68206100
2025-05-27,20.549999237060547,20.670000076293945,20.18000030517578,20.440000534057617,69504600
2025-05-28,20.3700008392334,20.639999389648438,20.329999923706055,20.56999969482422,46096500
2025-05-29,20.25,20.600000381469727,20.100000381469727,20.540000915527344,66372200
2025-05-30,19.549999237060547,20.260000228881836,19.309999465942383,20.260000228881836,114281900
2025-06-02,19.739999771118164,19.81999969482422,19.3700008392334,19.479999542236328,67885500
2025-06-03,20.290000915527344,20.40999984741211,19.399999618530273,19.75,80401900
2025-06-04,20.25,20.5,20.010000228881836,20.34000015258789,71166500
2025-06-05,19.989999771118164,20.549999237060547,19.850000381469727,20.270000457763672,72458400
2025-06-06,20.059999465942383,20.440000534057617,20.030000686645508,20.170000076293945,70072800
2025-06-09,20.479999542236328,20.959999084472656,20.219999313354492,20.219999313354492,92893900
2025-06-10,22.079999923706055,22.440000534057617,20.280000686645508,20.5,171457000
2025-06-11,20.68000030517578,21.829999923706055,20.3799991607666,21.780000686645508,146784500
2025-06-12,20.770000457763672,20.979999542236328,20.40999984741211,20.5,78175900
2025-06-13,20.139999389648438,20.600000381469727,20.100000381469727,20.329999923706055,87655900
2025-06-16,20.739999771118164,20.93000030517578,20.299999237060547,20.40999984741211,86745100
2025-06-17,20.799999237060547,21.479999542236328,20.6200008392334,20.6299991607666,87512200
2025-06-18,21.489999771118164,21.600000381469727,20.65999984741211,20.809999465942383,94200600
2025-06-20,21.079999923706055,21.889999389648438,20.8799991607666,21.700000762939453,133472800
2025-06-23,21.190000534057617,21.579999923706055,20.729999542236328,21.06999969482422,81461000
2025-06-24,22.549999237060547,22.690000534057617,21.329999923706055,21.34000015258789,130368700
2025-06-25,22.200000762939453,22.770000457763672,22.1299991607666,22.579999923706055,64975100
2025-06-26,22.5,22.6200008392334,22.209999084472656,22.399999618530273,63229300
2025-06-27,22.690000534057617,23.3799991607666,22.420000076293945,22.709999084472656,95542400
2025-06-30,22.399999618530273,22.969999313354492,22.270000457763672,22.969999313354492,77102400
2025-07-01,22.850000381469727,23.15999984741211,22.280000686645508,22.329999923706055,79094900
2025-07-02,21.8799991607666,22.770000457763672,21.520000457763672,22.530000686645508,138245300
2025-07-03,22.489999771118164,22.6299991607666,21.989999771118164,22.149999618530273,61176000
2025-07-07,22.0,22.389999389648438,21.860000610351562,22.209999084472656,80725200
2025-07-08,23.59000015258789,23.790000915527344,22.1299991607666,22.18000030517578,119545500
2025-07-09,23.440000534057617,23.530000686645508,23.1299991607666,23.290000915527344,70247700
2025-07-10,23.81999969482422,24.040000915527344,23.479999542236328,23.6299991607666,54599800
2025-07-11,23.43000030517578,23.65999984741211,23.15999984741211,23.559999465942383,49367900
2025-07-14,23.299999237060547,23.399999618530273,22.8799991607666,23.239999771118164,48420500
2025-07-15,22.920000076293945,23.780000686645508,22.899999618530273,23.56999969482422,66099400
2025-07-16,22.690000534057617,23.1299991607666,22.25,22.989999771118164,58865900
2025-07-17,22.799999237060547,23.049999237060547,22.59000015258789,22.65999984741211,49384000
2025-07-18,23.100000381469727,23.59000015258789,22.899999618530273,23.219999313354492,60195600
2025-07-21,23.260000228881836,23.829999923706055,23.15999984741211,23.399999618530273,61658000
2025-07-22,23.239999771118164,23.540000915527344,23.079999923706055,23.34000015258789,53969800
2025-07-23,23.489999771118164,23.6200008392334,22.920000076293945,23.260000228881836,68711700
2025-07-24,22.6299991607666,23.579999923706055,22.600000381469727,23.489999771118164,131963300
2025-07-25,20.700000762939453,21.049999237060547,20.360000610351562,20.68000030517578,245077700
2025-07-28,20.68000030517578,21.290000915527344,20.649999618530273,20.81999969482422,86105600
2025-07-29,20.40999984741211,20.850000381469727,20.34000015258789,20.690000534057617,100831500
2025-07-30,20.34000015258789,20.6200008392334,20.079999923706055,20.43000030517578,67420300
2025-07-31,19.799999237060547,20.229999542236328,19.65999984741211,20.170000076293945,90665200
2025-08-01,19.309999465942383,19.549999237060547,18.969999313354492,19.5,86496100
2025-08-04,19.5,19.59000015258789,19.350000381469727,19.520000457763672,69249400
2025-08-05,20.190000534057617,20.540000915527344,19.68000030517578,19.700000762939453,97338200
2025-08-06,20.40999984741211,20.479999542236328,19.8700008392334,20.1200008392334,67074200
2025-08-07,19.770000457763672,20.440000534057617,19.600000381469727,20.0,131382800
2025-08-08,19.950000762939453,20.020000457763672,19.610000610351562,20.0,75415000
2025-08-11,20.649999618530273,21.600000381469727,20.440000534057617,20.450000762939453,175545600
2025-08-12,21.809999465942383,21.860000610351562,20.760000228881836,21.200000762939453,134153600
2025-08-13,22.219999313354492,22.299999237060547,21.360000610351562,21.6200008392334,86024400
2025-08-14,23.860000610351562,24.200000762939453,21.899999618530273,21.989999771118164,188052500
2025-08-15,24.559999465942383,25.649999618530273,24.110000610351562,25.010000228881836,310161100
2025-08-18,23.65999984741211,24.899999618530273,23.209999084472656,24.0,212515600
2025-08-19,25.309999465942383,26.530000686645508,24.940000534057617,24.940000534057617,297659200
2025-08-20,23.540000915527344,24.93000030517578,23.329999923706055,24.899999618530273,161149400
2025-08-21,23.5,23.56999969482422,22.780000686645508,23.530000686645508,97718300
2025-08-22,24.799999237060547,25.229999542236328,23.649999618530273,23.649999618530273,200266800
2025-08-25,24.549999237060547,25.8799991607666,24.440000534057617,25.5,156825600
2025-08-26,24.350000381469727,24.739999771118164,24.100000381469727,24.579999923706055,78558200
2025-08-27,24.850000381469727,24.989999771118164,24.049999237060547,24.190000534057617,90934400
2025-08-28,24.93000030517578,25.139999389648438,24.610000610351562,24.959999084472656,60035100
2025-08-29,24.350000381469727,24.969999313354492,24.280000686645508,24.760000228881836,63734400
2025-09-02,24.209999084472656,24.239999771118164,23.68000030517578,23.8799991607666,57661800
2025-09-03,24.0,24.09000015258789,23.719999313354492,24.09000015258789,47822900
2025-09-04,24.610000610351562,24.639999389648438,23.75,23.850000381469727,59056500
2025-09-05,24.489999771118164,24.709999084472656,24.170000076293945,24.600000381469727,55975300
2025-09-08,24.479999542236328,24.739999771118164,24.1200008392334,24.479999542236328,51122100
2025-09-09,24.440000534057617,24.809999465942383,24.270000457763672,24.530000686645508,42146200
2025-09-10,24.770000457763672,24.8700008392334,24.280000686645508,24.420000076293945,61600700
2025-09-11,24.610000610351562,24.93000030517578,24.56999969482422,24.760000228881836,55536900
2025-09-12,24.079999923706055,24.6299991607666,24.049999237060547,24.610000610351562,52672800
2025-09-15,24.770000457763672,25.459999084472656,24.219999313354492,24.329999923706055,83951600
2025-09-16,25.270000457763672,25.34000015258789,24.690000534057617,24.81999969482422,60336600
2025-09-17,24.899999618530273,25.260000228881836,24.450000762939453,25.079999923706055,63093700
2025-09-18,30.56999969482422,32.380001068115234,30.15999984741211,31.780000686645508,523908000
2025-09-19,29.579999923706055,30.6299991607666,29.329999923706055,30.3799991607666,225702900
2025-09-22,28.760000228881836,30.100000381469727,28.729999542236328,29.670000076293945,130314500
2025-09-23,29.34000015258789,30.200000762939453,28.81999969482422,28.989999771118164,126317900
2025-09-24,31.219999313354492,31.700000762939453,29.229999542236328,29.3799991607666,164458500
2025-09-25,33.9900016784668,34.25,31.209999084472656,31.610000610351562,295709300
2025-09-26,35.5,36.29999923706055,34.4900016784668,35.02000045776367,268583300
2025-09-29,34.47999954223633,35.04999923706055,33.72999954223633,34.52000045776367,152605900
2025-09-30,33.54999923706055,34.2400016784668,33.02000045776367,33.93000030517578,124818400
2025-10-01,35.939998626708984,36.060001373291016,33.5,33.529998779296875,162649700
2025-10-02,37.29999923706055,37.56999969482422,35.439998626708984,35.7599983215332,149361700
2025-10-03,36.83000183105469,38.08000183105469,36.45000076293945,37.95000076293945,125359300
2025-10-06,36.59000015258789,38.68000030517578,36.43000030517578,37.189998626708984,112086100
2025-10-07,37.16999816894531,38.04999923706055,36.349998474121094,36.63999938964844,111140200
2025-10-08,37.43000030517578,37.790000915527344,35.90999984741211,36.54999923706055,103202100
2025-10-09,37.79999923706055,38.099998474121094,36.86000061035156,37.529998779296875,89884700
2025-10-10,36.369998931884766,39.650001525878906,36.29999923706055,38.459999084472656,183063300
2025-10-13,37.220001220703125,37.5099983215332,36.279998779296875,36.439998626708984,104020700
2025-10-14,35.630001068115234,36.54999923706055,34.689998626708984,36.0,117908300
2025-10-15,37.150001525878906,37.4900016784668,35.63999938964844,36.400001525878906,99242700
2025-10-16,36.84000015258789,38.02000045776367,36.40999984741211,37.150001525878906,83357800
2025-10-17,37.0099983215332,38.380001068115234,36.08000183105469,36.36000061035156,119394700
2025-10-20,38.099998474121094,38.52000045776367,37.560001373291016,37.56999969482422,80230200
2025-10-21,38.119998931884766,38.349998474121094,37.66999816894531,38.13999938964844,73134900
2025-10-22,36.91999816894531,37.93000030517578,36.040000915527344,37.84000015258789,87099900
2025-10-23,38.15999984741211,38.400001525878906,36.43000030517578,36.599998474121094,121974200
2025-10-24,38.279998779296875,41.119998931884766,37.83000183105469,40.02000045776367,246380000
2025-10-27,39.540000915527344,40.66999816894531,38.22999954223633,38.38999938964844,160007600
2025-10-28,41.529998779296875,42.47999954223633,39.540000915527344,39.59000015258789,181256400
2025-10-29,41.34000015258789,42.040000915527344,40.91999816894531,41.599998474121094,106962900
2025-10-30,40.15999984741211,41.43000030517578,40.11000061035156,40.970001220703125,84855500
2025-10-31,39.9900016784668,40.83000183105469,39.790000915527344,40.68000030517578,80471400
2025-11-03,39.5,40.45000076293945,39.04999923706055,40.25,61267500
2025-11-04,37.029998779296875,38.25,36.630001068115234,38.13999938964844,102250300
2025-11-05,38.380001068115234,38.689998626708984,37.11000061035156,37.41999816894531,74631600
2025-11-06,37.2400016784668,39.84000015258789,36.79999923706055,38.34000015258789,77629900
2025-11-07,38.130001068115234,38.27000045776367,36.970001220703125,37.2599983215332,95521400
2025-11-10,38.45000076293945,39.529998779296875,37.970001220703125,38.93000030517578,77820300
2025-11-11,37.880001068115234,38.220001220703125,37.4900016784668,38.150001525878906,53741900
2025-11-12,37.88999938964844,38.20000076293945,37.349998474121094,38.060001373291016,53876000
2025-11-13,35.90999984741211,37.310001373291016,35.45000076293945,37.27000045776367,95593200
2025-11-14,35.52000045776367,36.099998474121094,34.619998931884766,35.029998779296875,71716200
2025-11-17,34.709999084472656,35.72999954223633,34.22999954223633,35.45000076293945,72580100
2025-11-18,34.33000183105469,34.7599983215332,33.56999969482422,34.25,61504800
2025-11-19,35.11000061035156,35.75,34.25,34.33000183105469,67115500
2025-11-20,33.619998931884766,36.68000030517578,33.47999954223633,36.0,96389100
2025-11-21,34.5,34.97999954223633,32.88999938964844,33.5099983215332,105641700
2025-11-24,35.790000915527344,36.15999984741211,34.689998626708984,34.970001220703125,103804200
2025-11-25,35.83000183105469,36.130001068115234,34.68000030517578,35.54999923706055,62203300
2025-11-26,36.810001373291016,37.2400016784668,36.130001068115234,36.20000076293945,54563400
2025-11-28,40.560001373291016,40.59000015258789,37.34000015258789,37.400001525878906,95799500
2025-12-01,40.0099983215332,40.380001068115234,39.599998474121094,39.86000061035156,74534900
2025-12-02,43.470001220703125,43.68000030517578,40.04999923706055,40.470001220703125,167205800
2025-12-03,43.7599983215332,44.02000045776367,42.5099983215332,43.38999938964844,91957200
2025-12-04,40.5,43.279998779296875,40.13999938964844,43.2599983215332,107850200
2025-12-05,41.40999984741211,42.83000183105469,41.150001525878906,41.15999984741211,103042000
2025-12-08,40.29999923706055,42.119998931884766,39.70000076293945,41.939998626708984,93953600
2025-12-09,40.5,41.2599983215332,40.029998779296875,40.72999954223633,61877200
2025-12-10,40.779998779296875,40.9900016784668,38.88999938964844,40.11000061035156,75974900
2025-12-11,39.5099983215332,40.189998626708984,39.08000183105469,40.06999969482422,59096800
2025-12-12,37.810001373291016,40.029998779296875,37.619998931884766,39.25,87784500
2025-12-15,37.5099983215332,38.47999954223633,37.31999969482422,38.33000183105469,60898500
2025-12-16,37.310001373291016,37.959999084472656,36.91999816894531,37.58000183105469,50490300
2025-12-17,36.04999923706055,37.84000015258789,35.970001220703125,37.59000015258789,54792000
2025-12-18,36.279998779296875,37.4900016784668,35.66999816894531,37.380001068115234,69468400
2025-12-19,36.81999969482422,37.58000183105469,36.439998626708984,36.47999954223633,163221300
2025-12-22,36.369998931884766,37.900001525878906,36.290000915527344,37.88999938964844,51685400
2025-12-23,36.349998474121094,36.79999923706055,36.029998779296875,36.2400016784668,35958000
2025-12-24,36.15999984741211,36.18000030517578,34.95000076293945,35.16999816894531,37443800
2025-12-26,36.20000076293945,36.4900016784668,35.849998474121094,36.16999816894531,28779400
2025-12-29,36.68000030517578,36.79999923706055,35.81999969482422,36.0099983215332,38062300
2025-12-30,37.29999923706055,38.2599983215332,36.81999969482422,36.90999984741211,61935300
2025-12-31,36.900001525878906,37.58000183105469,36.869998931884766,37.400001525878906,51524700
2026-01-02,39.380001068115234,39.86000061035156,37.7599983215332,37.77000045776367,95396400
2026-01-05,39.369998931884766,42.099998474121094,39.27000045776367,41.59000015258789,96665400
2026-01-06,40.040000915527344,40.310001373291016,38.95000076293945,39.86000061035156,66395100
2026-01-07,42.630001068115234,44.56999969482422,40.119998931884766,40.18000030517578,166028400
2026-01-08,41.11000061035156,43.34000015258789,40.68000030517578,42.619998931884766,88242000
2026-01-09,45.54999923706055,45.72999954223633,41.56999969482422,41.83000183105469,186691400
2026-01-12,44.060001373291016,45.45000076293945,43.88999938964844,44.2400016784668,101989100
2026-01-13,47.290000915527344,48.2400016784668,45.220001220703125,45.88999938964844,168656400
2026-01-14,48.720001220703125,49.0,47.41999816894531,48.95000076293945,148225800
2026-01-15,48.31999969482422,50.38999938964844,47.83000183105469,49.349998474121094,132328900
2026-01-16,46.959999084472656,50.209999084472656,46.709999084472656,49.27000045776367,127314700
2026-01-20,48.560001373291016,50.22999954223633,47.0,47.29999923706055,150153000
2026-01-21,54.25,54.40999984741211,50.150001525878906,50.31999969482422,220565300
2026-01-22,54.31999969482422,54.599998474121094,53.08000183105469,54.209999084472656,190066400
2026-01-23,45.06999969482422,48.130001068115234,44.45000076293945,46.86000061035156,294675400
2026-01-26,42.4900016784668,44.459999084472656,42.279998779296875,44.279998779296875,149407800
2026-01-27,43.93000030517578,44.529998779296875,43.099998474121094,43.970001220703125,121832200
2026-01-28,48.779998779296875,49.290000915527344,46.31999969482422,46.599998474121094,201995100
2026-01-29,48.65999984741211,48.77000045776367,46.9900016784668,47.560001373291016,124256600
2026-01-30,46.470001220703125,49.58000183105469,45.959999084472656,48.97999954223633,114920100
2026-02-02,48.810001373291016,49.84000015258789,45.5,45.630001068115234,101414600
2026-02-03,49.25,51.4900016784668,48.43000030517578,50.060001373291016,122205100
2026-02-04,48.599998474121094,49.70000076293945,47.0,49.540000915527344,128702300
2026-02-05,48.2400016784668,50.86000061035156,46.790000915527344,47.59000015258789,114307800
2026-02-06,50.59000015258789,51.29999923706055,48.83000183105469,49.099998474121094,115600200
2026-02-09,50.2400016784668,51.220001220703125,47.59000015258789,49.59000015258789,94841400
2026-02-10,47.130001068115234,50.540000915527344,46.77000045776367,50.40999984741211,99832900
2026-02-11,48.290000915527344,49.54999923706055,46.86000061035156,48.11000061035156,107681200
2026-02-12,46.47999954223633,48.95000076293945,46.189998626708984,47.79999923706055,88321200
2026-02-13,46.790000915527344,47.689998626708984,44.970001220703125,45.7599983215332,69740400
2026-02-17,46.18000030517578,46.83000183105469,45.459999084472656,45.93000030517578,65802200
2026-02-18,45.459999084472656,46.77000045776367,44.880001068115234,45.91999816894531,65306100
2026-02-19,44.619998931884766,45.16999816894531,43.91999816894531,44.95000076293945,72724900
2026-02-20,44.11000061035156,44.38999938964844,42.880001068115234,43.88999938964844,90743600
2026-02-23,43.630001068115234,44.54999923706055,43.18000030517578,44.09000015258789,57130900
2026-02-24,46.119998931884766,46.599998474121094,43.540000915527344,44.099998474121094,98872300
2026-02-25,46.880001068115234,46.970001220703125,45.08000183105469,46.09000015258789,75645300
2026-02-26,45.459999084472656,46.95000076293945,44.38999938964844,46.77000045776367,71457500
2026-02-27,45.61000061035156,46.560001373291016,44.400001525878906,44.459999084472656,79327200
2026-03-02,45.5,45.810001373291016,43.95000076293945,44.20000076293945,60705100
2026-03-03,43.099998474121094,43.689998626708984,42.13999938964844,43.439998626708984,83971000
2026-03-04,45.58000183105469,46.130001068115234,43.27000045776367,44.06999969482422,96628100
2026-03-05,45.95000076293945,46.47999954223633,44.70000076293945,44.869998931884766,78229400
2026-03-06,43.41999816894531,45.18000030517578,43.279998779296875,44.66999816894531,74698300
2026-03-09,45.58000183105469,45.7599983215332,41.63999938964844,42.7400016784668,82937400
2026-03-10,46.779998779296875,47.880001068115234,45.40999984741211,45.40999984741211,85233300
2026-03-11,47.97999954223633,48.83000183105469,46.65999984741211,46.81999969482422,72480600
2026-03-12,45.25,47.439998626708984,45.16999816894531,47.400001525878906,85110200
2026-03-13,45.77000045776367,46.650001525878906,45.38999938964844,45.970001220703125,68386200
2026-03-16,45.7599983215332,49.16999816894531,45.689998626708984,47.90999984741211,114199400
2026-03-17,44.060001373291016,46.08000183105469,43.90999984741211,46.08000183105469,89061600
2026-03-18,45.029998779296875,45.709999084472656,44.04999923706055,44.20000076293945,78056200
2026-03-19,46.18000030517578,46.439998626708984,43.650001525878906,43.9900016784668,74051500
2026-03-20,43.869998931884766,47.54999923706055,43.63999938964844,46.95000076293945,162814200
2026-03-23,44.0099983215332,45.459999084472656,43.7400016784668,44.5,80772200
2026-03-24,44.060001373291016,44.310001373291016,43.20000076293945,43.540000915527344,65323500
2026-03-25,47.18000030517578,47.849998474121094,45.45000076293945,45.849998474121094,97467900
2026-03-26,44.099998474121094,46.599998474121094,43.91999816894531,46.29999923706055,82841400
2026-03-27,43.130001068115234,44.130001068115234,42.86000061035156,43.619998931884766,70002200
2026-03-30,41.189998626708984,43.9900016784668,40.630001068115234,43.720001220703125,84596000
2026-03-31,44.130001068115234,44.22999954223633,41.599998474121094,41.95000076293945,95294900
2026-04-01,48.029998779296875,48.77000045776367,44.97999954223633,45.0,129598500
2026-04-02,50.380001068115234,50.4900016784668,46.040000915527344,46.060001373291016,117134200
2026-04-06,50.779998779296875,52.38999938964844,49.869998931884766,50.880001068115234,79978800
2026-04-07,52.90999984741211,53.27000045776367,51.220001220703125,51.90999984741211,129543800
2026-04-08,58.95000076293945,59.16999816894531,54.79999923706055,55.369998931884766,184599900
2026-04-09,61.720001220703125,62.08000183105469,58.38999938964844,58.400001525878906,155609900
2026-04-10,62.380001068115234,63.38999938964844,60.75,61.52000045776367,98624400
2026-04-13,65.18000030517578,65.6500015258789,62.18000030517578,62.18000030517578,112111000
2026-04-14,63.810001373291016,65.18000030517578,62.09000015258789,65.16000366210938,112796100
2026-04-15,64.94000244140625,65.83999633789062,62.880001068115234,63.77000045776367,92051500
2026-04-16,68.5,68.61000061035156,64.2699966430664,64.93000030517578,108328300
2026-04-17,68.5,70.33000183105469,67.73999786376953,68.8499984741211,118831500
2026-04-20,65.69999694824219,69.20999908447266,64.47000122070312,68.44999694824219,96851100
2026-04-21,66.26000213623047,67.66999816894531,65.63999938964844,67.13999938964844,91402300
2026-04-22,65.2699966430664,68.7699966430664,64.9800033569336,67.94000244140625,90267300
2026-04-23,66.77999877929688,68.27999877929688,65.41999816894531,66.0999984741211,155141800
2026-04-24,82.54000091552734,85.22000122070312,79.62000274658203,82.19999694824219,281405200
2026-04-27,84.98999786376953,87.0999984741211,82.61000061035156,83.66999816894531,178820200
2026-04-28,84.5199966430664,84.58999633789062,80.80000305175781,81.27999877929688,147773500
2026-04-29,94.75,94.94999694824219,85.87000274658203,86.13999938964844,235070900
2026-04-30,94.4800033569336,95.69000244140625,91.5,95.5999984741211,160597300
2026-05-01,99.62000274658203,100.44999694824219,92.61000061035156,93.19999694824219,158502800
2026-05-04,95.77999877929688,99.81999969482422,95.5999984741211,99.18000030517578,119294000
2026-05-05,108.1500015258789,110.4800033569336,100.08000183105469,100.51000213623047,198482000
2026-05-06,113.01000213623047,113.5,106.58000183105469,110.9800033569336,157320100
2026-05-07,109.62000274658203,114.51000213623047,109.1500015258789,111.0199966430664,122699900
2026-05-08,124.91999816894531,130.57000732421875,111.80000305175781,111.80999755859375,227681300
2026-05-11,129.44000244140625,132.75,123.91999816894531,130.8800048828125,179486500
2026-05-12,120.61000061035156,127.79000091552734,115.0,124.36000061035156,172516500
2026-05-13,120.29000091552734,125.0,116.41000366210938,124.0999984741211,115364400
2026-05-14,115.93000030517578,118.56999969482422,113.16999816894531,114.66000366210938,118279800
2026-05-15,108.7699966430664,110.56999969482422,105.0199966430664,109.79000091552734,135206000
2026-05-18,108.16999816894531,115.54000091552734,103.8499984741211,113.47000122070312,145764000
2026-05-19,110.80000305175781,113.06999969482422,102.4000015258789,106.9800033569336,150234900
2026-05-20,118.95999908447266,121.94000244140625,114.80000305175781,116.22000122070312,165086900
2026-05-21,118.5,119.41000366210938,113.16999816894531,116.58000183105469,102452500
2026-05-22,119.83999633789062,122.77999877929688,118.08999633789062,120.33999633789062,82663000
2026-05-26,123.5199966430664,125.62000274658203,117.3499984741211,122.0999984741211,108167300
2026-05-27,121.7699966430664,125.2699966430664,117.0,124.38999938964844,93323300
2026-05-28,120.88999938964844,123.08000183105469,116.30999755859375,121.44999694824219,97321000
2026-05-29,114.68000030517578,126.63999938964844,113.54000091552734,123.8499984741211,191676100
2026-06-01,109.33000183105469,113.30000305175781,106.33000183105469,109.43000030517578,134900400
2026-06-02,107.93000030517578,109.0,104.16999816894531,107.44999694824219,106336200
2026-06-03,112.70999908447266,118.29000091552734,110.86000061035156,116.41999816894531,118928800
2026-06-04,111.77999877929688,113.13999938964844,107.4800033569336,108.4000015258789,77325800
2026-06-05,99.16999816894531,106.4800033569336,98.33000183105469,106.4800033569336,145209400
2026-06-08,110.2699966430664,112.54000091552734,106.66000366210938,111.0,136973900
2026-06-09,107.91999816894531,114.0,99.45999908447266,112.98999786376953,149623100
2026-06-10,107.04000091552734,111.5,104.91999816894531,106.02999877929688,122653500
2026-06-11,116.95999908447266,119.44000244140625,110.51000213623047,113.5199966430664,188430300
2026-06-12,124.56999969482422,127.5999984741211,115.33000183105469,117.41999816894531,151169400
2026-06-15,127.86000061035156,132.61000061035156,126.66000366210938,129.49000549316406,134507500
2026-06-16,117.05000305175781,128.6999969482422,116.0,125.11000061035156,132962600
2026-06-17,121.0999984741211,125.19999694824219,118.05999755859375,121.8499984741211,115324900
2026-06-18,133.99000549316406,135.47999572753906,127.9000015258789,131.80999755859375,233906600
2026-06-22,140.94000244140625,141.4499969482422,136.2100067138672,139.1199951171875,127190600
2026-06-23,132.27999877929688,137.97999572753906,128.3000030517578,129.72999572753906,132976700
2026-06-24,131.64999389648438,136.0800018310547,127.94999694824219,133.0500030517578,104591700
2026-06-25,132.8699951171875,140.72000122070312,125.41000366210938,139.72999572753906,122588800
2026-06-26,128.32000732421875,131.22999572753906,125.5,128.7100067138672,99475400
2026-06-29,131.72000122070312,132.0500030517578,118.5,127.0,106805300
2026-06-30,139.6300048828125,142.35000610351562,131.52000427246094,131.99000549316406,116996700
