Price,Close,High,Low,Open,Volume
Ticker,JNJ,JNJ,JNJ,JNJ,JNJ
Date,,,,,
2021-05-05,145.08067321777344,146.23561030292268,144.83751392301684,145.45407133919682,7792300
2021-05-06,145.6624755859375,145.79272765204695,144.35990192298496,144.83750166569595,5529900
2021-05-07,146.32244873046875,146.91294246007763,145.7406340555429,146.14877488355233,5316200
2021-05-10,147.85946655273438,148.95362354436764,146.95634148781474,147.53815607268456,8357500
2021-05-11,146.6524200439453,148.38049249359628,146.13138531764506,148.18944731065042,8217900
2021-05-12,146.0618896484375,147.45130652815624,145.8447940891353,146.35713642897778,6758300
2021-05-13,147.59031677246094,148.23291143464994,144.993847953591,144.993847953591,8018600
2021-05-14,147.81605529785156,149.02310632106156,147.77263352713902,148.91021236730174,5797700
2021-05-17,147.9636993408203,149.26627314096268,147.89422714809015,147.97237839598688,5722600
2021-05-18,148.01576232910156,148.81467246553981,147.2168521926633,147.60762158270362,5846000
2021-05-19,147.69444274902344,147.76391491347144,145.92293568175066,147.5468193684941,5533800
2021-05-20,148.55416870117188,149.00571796376917,147.35579686863178,147.5728924469637,4853200
2021-05-21,148.45867919921875,150.00439900135305,148.38051470324956,148.77997648659982,6501800
2021-05-24,149.02664184570312,149.7256847430146,148.34507868743637,149.33246394674705,5195100
2021-05-25,148.61590576171875,149.44601309599622,148.31881696134658,149.13144456232865,7444700
2021-05-26,147.73341369628906,148.61594714305966,147.0431040367719,148.54604152354315,5726400
2021-05-27,147.5062255859375,148.6945945198207,147.13049785919503,147.89943305184812,8114700
2021-05-28,147.8906707763672,149.42855419248943,147.82076516657094,148.12660054278805,6400800
2021-06-01,144.64015197753906,148.72079747909368,144.5090872754114,148.6771048006733,10448400
2021-06-02,145.22561645507812,145.68872957696223,144.273177267289,144.43920146817862,6806000
2021-06-03,145.0857696533203,146.05568834387932,144.79742733973137,144.95470496532533,5808800
2021-06-04,145.024658203125,146.42274422215627,144.9372728270094,145.93340478229985,6510300
2021-06-07,144.03721618652344,145.3304500322656,143.85372561818824,145.05082757919732,5362800
2021-06-08,142.7702178955078,144.75374813489597,141.61680853443477,144.42169978356992,7746800
2021-06-09,144.6925811767578,144.85860535868278,143.00615308274905,143.29450876717655,5552600
2021-06-10,145.99456787109375,146.43146805744496,145.00716918333666,145.0508618685989,6463100
2021-06-11,144.14212036132812,145.99457294928854,143.49550326310796,145.98583974518655,7389900
2021-06-14,144.50030517578125,144.57895731083366,143.21581807853093,143.74010342427277,4931300
2021-06-15,143.73138427734375,144.92848615630712,143.64399893346592,144.3779878227662,5062900
2021-06-16,143.67897033691406,144.83239307989803,142.8488627566274,144.00228549961136,6988500
2021-06-17,144.3692626953125,144.7886830364923,142.8663253618583,143.46924960219113,5874700
2021-06-18,141.53817749023438,143.46928213755203,141.37215328981046,142.66538741251512,12993000
2021-06-21,143.1634063720703,143.53040081714,141.77406740149263,142.22844719054,6592300
2021-06-22,142.97122192382812,143.3382165040252,142.67413297792618,143.0498740956204,5627800
2021-06-23,142.1061553955078,143.03238163456453,141.97507734293444,143.03238163456453,4493400
2021-06-24,142.75274658203125,143.47800240986047,142.2546873587835,142.6653745544595,4549200
2021-06-25,143.48675537109375,143.9848146166444,142.33333255717073,142.3770252394802,10963800
2021-06-28,143.3206787109375,144.23817137101878,142.88377871405402,143.68767310834406,5604000
2021-06-29,143.32945251464844,143.86247119516997,142.78770063164194,143.30323957405997,3749500
2021-06-30,143.94984436035156,144.15081466555267,143.01487178144075,143.3032274366245,6151700
2021-07-01,145.015869140625,145.0595484787217,143.85371341824333,143.94983196169238,6320200
2021-07-02,147.65478515625,147.93440767903743,144.7362950736187,145.06834348614484,9059900
2021-07-06,146.77218627929688,147.54986774179983,145.91586601716693,146.71976041287888,6098500
2021-07-07,148.03048706054688,148.10912587433373,146.34404583270182,146.34404583270182,6293500
2021-07-08,147.74217224121094,148.07422065758772,146.43147165000056,147.41012382483416,5755500
2021-07-09,148.32762145996094,148.86937345435982,147.8819880451944,147.99557303338804,6120900
2021-07-12,148.09164428710938,149.5771018614238,147.27027002058213,148.31009432254186,7840500
2021-07-13,147.90818786621094,148.3363415012867,147.383902326897,147.64604509655396,4691200
2021-07-14,148.91307067871094,149.2713320621766,147.70722179442976,148.54607609069856,6162900
2021-07-15,147.12176513671875,148.4586786462221,146.5538002252016,147.93440642016066,6656900
2021-07-16,146.88580322265625,147.75085679480907,146.75472520681416,147.09550671499318,5834900
2021-07-19,145.81980895996094,146.9644853030992,144.456682525899,145.47028081460184,8219700
2021-07-20,147.191650390625,149.2538195271864,145.78483144576995,145.83725732780508,9902800
2021-07-21,148.10040283203125,148.27516020792288,146.3440558715175,147.93437865833758,7585200
2021-07-22,148.52857971191406,149.48103222629027,147.3664236468119,147.98682776169173,5281900
2021-07-23,150.11013793945312,150.4509195010364,148.87808972950347,149.4198416137811,5014900
2021-07-26,150.18002319335938,150.4159529603489,149.2974898671766,150.13634385362172,4484900
2021-07-27,150.87034606933594,150.9227719481519,149.13147886751952,150.11887736233015,7089300
2021-07-28,150.45091247558594,151.49948338515532,150.36354045521045,150.9315052536164,5750700
2021-07-29,150.45091247558594,151.46452391049874,149.4984734547556,150.94025178884704,4214100
2021-07-30,150.46839904785156,151.14996217015147,150.15383042731824,150.7654879302626,5346400
2021-08-02,150.5295867919922,151.02764604755558,149.68199940406112,150.70434419160856,3721500
2021-08-03,152.38197326660156,152.47809179475436,150.67806602491925,150.9314621447062,6033000
2021-08-04,151.4820098876953,152.55678044782977,151.3946245305873,152.21599888812207,4793100
2021-08-05,151.77037048339844,151.91018172604743,150.6606404112147,151.91018172604743,4291000
2021-08-06,151.26358032226562,151.98883621849754,150.68686888673633,151.98883621849754,4581100
2021-08-09,151.78785705566406,152.25970335443,151.1062805503484,151.79659025879758,3950200
2021-08-10,151.84027099609375,152.1373598768769,150.97520396108374,151.3946243417855,3678300
2021-08-11,151.86648559570312,152.4519301612189,151.65676873649434,152.25969304022763,4221300
2021-08-12,153.08981323242188,153.1684520611848,151.6829941854123,151.88397785865277,4300400
2021-08-13,154.00730895996094,154.04225510676252,153.01991031534493,153.1684547722379,5882100
2021-08-16,155.3966522216797,155.44034490613785,153.74517008098977,154.26945562821703,4782800
2021-08-17,156.8209228515625,156.8558689929597,154.93351122092352,154.93351122092352,6041900
2021-08-18,154.82867431640625,156.84715083733454,154.77624843271474,156.84715083733454,7134100
2021-08-19,156.03453063964844,156.69861408759022,153.85002982428549,154.33060933715745,5615000
2021-08-20,156.7947235107422,157.21414390954874,155.59762140035505,156.314130692769,5428700
2021-08-23,156.1178741455078,157.2781373876431,156.0563382263924,156.8034872913974,6461700
2021-08-24,154.16653442382812,155.76630763083656,154.06984468700492,155.57292815719018,5734800
2021-08-25,153.1468963623047,154.61481258096003,152.84804205937556,154.43023162247738,5700300
2021-08-26,152.32945251464844,153.57762066143513,152.10970431812194,152.90079246067114,5031600
2021-08-27,152.00421142578125,153.19085701576643,151.84599916704462,153.19085701576643,7046100
2021-08-30,152.64585876464844,153.19082988694043,151.87234098150154,151.8811260790872,3252700
2021-08-31,152.18002319335938,153.3754539020131,151.60866984307,152.4964611283667,7106800
2021-09-01,152.7161865234375,152.7161865234375,151.2394719097339,151.97782251040405,5327400
2021-09-02,153.76217651367188,153.99072318463303,152.86561367522881,153.24357407356717,4544300
2021-09-03,153.85888671875,154.01711238988707,152.7777293800461,153.91163755070576,4096900
2021-09-07,151.468017578125,153.8500801124077,150.89666431691225,153.252371557449,6859900
2021-09-08,151.0988311767578,152.04814484828356,150.37806417815483,150.85271430773597,4661700
2021-09-09,147.73226928710938,150.72962338428292,147.40703295629072,150.47472147215424,7114600
2021-09-10,146.7654266357422,148.62888705117598,146.67752199214547,148.15423684790406,6699300
2021-09-13,145.73699951171875,147.77625570160657,145.1480759832315,147.60045983543148,6273500
2021-09-14,144.8579864501953,146.38742502499562,144.6030710794866,146.26436659469715,5259600
2021-09-15,145.40296936035156,145.87763292449577,144.4272869366818,145.03379403955273,7935300
2021-09-16,145.22715759277344,146.31711323882797,144.32179629307527,145.60511797062142,5665400
2021-09-17,144.81402587890625,144.9546679090454,143.76802257483484,144.4184819049568,13419800
2021-09-20,143.98780822753906,145.18323897041904,142.54626057398076,143.69773899444695,7270800
2021-09-21,144.62063598632812,145.8951724379713,144.365734060944,144.6909569963144,6663600
2021-09-22,144.09324645996094,145.8688152178853,143.82955941720778,145.34142772001667,5657100
2021-09-23,144.9107208251953,145.71060731155723,144.28663017666742,144.5063783270506,4697900
2021-09-24,144.4712371826172,145.6051318365038,144.0581095507106,144.8140437907563,4399300
2021-09-27,143.4252166748047,144.47121998373115,143.14394602558306,144.1547821206304,5775500
2021-09-28,143.10874938964844,144.0756463871037,142.19460320216672,143.3636646945955,7610400
2021-09-29,144.17236328125,144.7349179825101,143.08240767965017,143.27578711561728,5124100
2021-09-30,141.95730590820312,145.38537170760472,141.87819979260834,144.71734215531083,6972300
2021-10-01,141.0519256591797,142.30887847941463,139.4257841910107,141.98365555072522,8568300
2021-10-04,139.9532012939453,141.51780703161643,138.59076009657215,140.63002934390585,8620700
2021-10-05,140.26966857910156,141.61452645124027,139.89169471159641,140.5157854829985,5129000
2021-10-06,140.5597381591797,140.59489196881145,138.7402166732408,140.52457093718255,7312600
2021-10-07,141.81666564941406,142.93299002879314,140.65640236906242,140.65640236906242,5309200
2021-10-08,141.4562530517578,142.0539749112472,140.85854460462923,141.79907299405667,4343200
2021-10-11,140.85855102539062,142.26494441929384,140.5860654907577,141.39473699792558,4101600
2021-10-12,138.60836791992188,140.79705126813545,138.3007150946368,140.63883901218188,6686400
2021-10-13,139.93563842773438,140.70915631376755,138.6611016654221,138.72263759379496,6901100
2021-10-14,140.7355194091797,141.64088080223806,140.2872379680344,140.38392769993206,4579200
2021-10-15,141.78152465820312,142.22980610506278,140.99922169464563,141.54419287463548,6918400
2021-10-18,140.7443084716797,141.42113661402655,139.93563678774257,140.85858181596748,7465500
2021-10-19,144.04055786132812,145.16566766620664,141.2805207755532,141.42994795453603,10081300
2021-10-20,143.96142578125,144.81404978773904,143.50434581401484,144.13722164176679,6003200
2021-10-21,143.62741088867188,144.49761854509808,142.64294329443499,144.41851241606798,4524100
2021-10-22,143.90870666503906,144.207561007159,143.24067694517692,143.32856818043012,4304300
2021-10-25,144.22509765625,144.42726218510586,142.1418896271987,143.9086598051722,6715400
2021-10-26,145.69300842285156,145.93912525247742,144.1987238394484,144.64700519076098,6939100
2021-10-27,143.92628479003906,145.70184057543707,143.54831091452502,145.6315195424957,7018800
2021-10-28,143.14398193359375,145.20960695302313,142.678116825549,143.9526536949613,6278800
2021-10-29,143.17034912109375,143.49557215960573,141.17503174356523,142.70448401800587,8526800
2021-11-01,143.2933807373047,144.13720614199036,140.11141833095581,143.4164391676698,5846400
2021-11-02,145.55238342285156,146.77418261721112,143.25821216871017,143.89108792242936,8450600
2021-11-03,145.08656311035156,145.71065395867294,143.65380041921918,145.06897949723023,6717800
2021-11-04,144.68215942382812,145.02496593522537,142.9856970585525,144.98101363122876,8224400
2021-11-05,143.65380859375,144.68224212818274,142.57265104168695,142.81876798992297,6215900
2021-11-08,143.16151428222656,144.30420729530888,142.4055801424055,143.8734961114748,5578800
2021-11-09,142.8450927734375,143.79440645854748,142.4143949526679,142.93299740464465,6112800
2021-11-10,144.3921356201172,144.89315448828137,142.7044712334961,142.86268348269604,6225100
2021-11-11,143.32852172851562,143.98776613490512,142.82750295408772,143.70649549594037,4118800
2021-11-12,145.04257202148438,147.33674336931355,144.69098032722135,147.16973262021145,18995200
2021-11-15,143.73292541503906,145.43817381847614,143.46922485770088,145.03383117557524,7496200
2021-11-16,142.9857177734375,144.46243224502754,142.94176546307338,143.4339991494827,7594700
2021-11-17,143.5218963623047,144.0317136290178,142.21219269028168,143.16150621322728,5414500
2021-11-18,142.74838256835938,144.5679035569207,142.5110642403953,143.6713274141936,6358700
2021-11-19,143.1790771484375,143.44277756131336,142.2033950094489,143.31092064869534,7620700
2021-11-22,141.29458618164062,143.89575359723014,141.25034597725147,142.4713054172747,7634500
2021-11-23,142.1704864501953,142.44475680326047,140.4806106294344,141.1353305207812,7734000
2021-11-24,141.77235412597656,142.10854996780424,141.01146853623837,141.68387372010824,5230900
2021-11-26,140.8522186279297,142.58633483060515,140.37445949568095,142.09087691561663,8523100
2021-11-29,141.33883666992188,141.9316176512659,140.16211734866909,141.11764913209728,9188500
2021-11-30,137.95909118652344,140.67528076055765,137.888323051237,140.241748305683,14981700
2021-12-01,139.86129760742188,141.63079780969156,138.2422033023193,138.79960018610308,9835800
2021-12-02,138.9853973388672,140.9318449620376,138.6845855289678,139.13580324381687,11334700
2021-12-03,141.011474609375,141.26804619710003,139.42776437754006,139.71089088834086,8750500
2021-12-06,144.1611785888672,144.67433524957494,141.40960533071896,141.72811589597845,9692000
2021-12-07,144.5327911376953,145.33791704819225,143.69228115980152,145.09903071756005,8311300
2021-12-08,145.3998260498047,145.60332828995863,143.89575360202755,144.63009779422435,6216400
2021-12-09,146.780029296875,146.8508109215768,144.647791916172,145.25825811632274,8574200
2021-12-10,146.41729736328125,147.47899477202938,145.67409702696406,146.48807899055979,6572200
2021-12-13,149.03616333007812,149.69972595710448,144.92208044260116,145.76259040345798,11142300
2021-12-14,150.66409301757812,151.26573012337474,147.89483430332388,148.9299903307258,10482400
2021-12-15,151.4161376953125,151.55770095708715,149.89436638177443,150.2748159602668,8552200
2021-12-16,153.0706329345703,153.5130080510221,151.1507265491956,151.52232002698904,8998600
2021-12-17,148.8414764404297,151.09759145434157,148.33717600214587,150.0889770775614,16726200
2021-12-20,148.41683959960938,149.08924486230777,147.3551421057955,148.46992244926767,7954500
2021-12-21,147.93907165527344,148.72649871221782,146.85081930112722,148.6911011477398,7954200
2021-12-22,148.57608032226562,148.78842520992947,146.97468477425335,147.8063520423342,4178200
2021-12-23,148.8592529296875,149.4785755018622,148.07182562358977,148.5318996058708,3501500
2021-12-27,150.1155548095703,150.27481685506902,149.25734609274804,149.64663831483844,3704800
2021-12-28,150.71717834472656,150.97374992241288,150.04475965799148,150.22170697021113,3187000
2021-12-29,151.77886962890625,152.16816180029986,150.32788012657534,150.40750438884749,3662000
2021-12-30,152.4512939453125,152.9556080035023,151.95583602863064,152.2831892592492,4231800
2021-12-31,151.3542022705078,152.77863693538225,151.31880470727992,152.6459298238147,4409500
2022-01-03,151.77003479003906,151.82313113922012,149.61125576423274,150.59332897073577,6012200
2022-01-04,151.36309814453125,152.43363855491714,150.9384217379446,151.34539935669275,6748400
2022-01-05,152.3716583251953,153.47759591407277,151.84080288244826,152.1770122295357,7016100
2022-01-06,151.8496856689453,152.6194140458025,151.1153413610467,152.3097460664923,7301600
2022-01-07,153.9022979736328,154.2119659505278,151.40730937489099,151.69927856733617,6986000
2022-01-10,153.14137268066406,153.672228075275,152.31856166925192,153.672228075275,7698400
2022-01-11,151.5134735107422,153.40683842073636,150.50485881102972,153.0529437367104,8341100
2022-01-12,150.2217254638672,150.47831057335603,148.93884041707173,150.06247691332894,8116200
2022-01-13,149.3104248046875,150.77911323817074,149.0450105699023,149.52276969273103,6159400
2022-01-14,148.4964599609375,149.21310541287153,147.88598020552237,149.19542013026222,5847700
2022-01-18,147.84176635742188,148.39030717076687,146.87737836270588,147.84176635742188,7815600
2022-01-19,147.38169860839844,149.27506360780094,147.1516684029408,147.93023944460685,5926500
2022-01-20,146.20494079589844,148.51413888796324,145.92181430941338,148.00982489649195,6011300
2022-01-21,145.8687286376953,148.62915782650333,145.51483403667018,147.03660512146288,10550300
2022-01-24,144.187744140625,145.24944170242568,140.02056467279152,145.09903578535713,14054600
2022-01-25,148.3106689453125,149.00077296824634,142.95792794673855,143.6480319696724,14081200
2022-01-26,148.9742431640625,149.71743009284856,147.0720221317874,148.23104273505973,9963200
2022-01-27,150.92953491210938,152.09741166808456,149.52278531986212,149.8678373613608,9066700
2022-01-28,151.9912109375,152.0354511417276,149.78819186924233,151.1683998397688,9783100
2022-01-31,152.43359375,152.72556291252823,151.13302348086967,151.73464708834678,8054800
2022-02-01,151.1861114501953,152.1593285247095,149.90321291981013,151.94699712674367,8154700
2022-02-02,152.85829162597656,153.05293774463544,150.09786189782199,150.09786189782199,7382800
2022-02-03,152.84942626953125,153.61031191472316,151.32765497914744,152.4070512083782,6240400
2022-02-04,151.8496856689453,153.04409037439092,150.51370418701413,151.29228870627378,6392200
2022-02-07,151.3453369140625,151.94697395036917,150.4163466890121,151.65500482248396,6065700
2022-02-08,151.74351501464844,152.22128772392995,150.83222331015784,151.30999601943938,6296100
2022-02-09,151.72579956054688,152.38936213577196,151.51345467639737,152.23895623874677,5387500
2022-02-10,149.8943634033203,151.48691631610112,149.78819770920674,151.47807367499678,10355300
2022-02-11,148.3814697265625,150.54024898705356,148.231050304521,149.6289573135079,13125300
2022-02-14,146.5146484375,148.61150223336438,144.93093791217908,148.3814720258719,8967600
2022-02-15,148.0275421142578,148.72650227719183,146.87736424502828,146.9835434407921,6631400
2022-02-16,147.93907165527344,148.49645504375667,146.61194649186953,147.30205049682235,8482400
2022-02-17,147.03663635253906,148.15141673274366,145.9129998302889,147.93908532711413,6227600
2022-02-18,145.46058654785156,147.24144582802268,145.086607729441,146.90307821698917,6423200
2022-02-22,143.4838104248047,145.79893258114828,142.86051248636633,145.64756119516156,6868900
2022-02-23,143.5550537109375,144.81946204655907,143.22559912392305,143.8132723032424,8016900
2022-02-24,140.81251525878906,142.5844747880211,138.6576775807439,142.27281904006244,12883400
2022-02-25,147.81129455566406,148.69282463736164,142.2015860810559,142.46871764401357,11340400
2022-02-28,146.53802490234375,147.08117398576834,144.5879816501566,145.02428351544904,9373500
2022-03-01,146.03042602539062,146.6982480956287,144.61464649733588,145.175607797261,8737800
2022-03-02,147.84690856933594,149.26270180388144,146.06604956490855,146.39551771980328,6793300
2022-03-03,150.01954650878906,150.78531636179207,148.0962292666971,148.43458321090202,7333700
2022-03-04,150.9099884033203,151.2483559623485,148.56816804889758,149.2716013782249,6302500
2022-03-07,153.3408660888672,154.15114658625902,149.0222776941459,149.85928357575173,11663400
2022-03-08,150.2332305908203,154.15111402411907,150.04623446207586,153.18944876244626,11100300
2022-03-09,150.8031463623047,151.57781570877904,149.49421386089026,151.3819201244261,7248200
2022-03-10,151.07025146484375,151.50655316426946,149.66337141780735,150.09077371473168,6171400
2022-03-11,150.79425048828125,152.67305739173833,150.5004071048731,150.59835489934247,5188000
2022-03-14,152.87786865234375,155.04160617830146,151.68469618320958,151.9785260110068,7729500
2022-03-15,156.8402557373047,157.1786233040599,153.64361700855582,154.3381509499866,10554400
2022-03-16,155.3977508544922,157.56148788844138,153.65250316059945,156.2347567083553,9603300
2022-03-17,157.4279327392578,157.4635439397706,155.11281068653878,156.01215314527312,7472100
2022-03-18,155.68267822265625,157.60600905159345,154.63197801734555,157.60600905159345,13809500
2022-03-21,156.56423950195312,157.74851251023847,155.21969568603456,155.52243849170455,7574900
2022-03-22,155.8251495361328,157.04503350184433,154.85458472272913,156.56420759007202,8442100
2022-03-23,155.2374725341797,156.30598519453793,155.01486516381857,156.02995422919025,5254200
2022-03-24,156.03887939453125,156.30599739030595,154.99707845037983,155.8251714110348,5012300
2022-03-25,157.5347900390625,158.2293239820819,156.02106256291455,156.43956552689752,4809500
2022-03-28,158.34510803222656,158.6567502610287,157.0272759400521,157.2943939684887,5604200
2022-03-29,158.2649383544922,159.74304094367415,157.42793248161934,159.04850704637016,5933400
2022-03-30,159.9122314453125,160.15265121584227,158.21150783094163,158.88824294993267,6277600
2022-03-31,157.81080627441406,160.46429579535288,157.58819891381097,159.9122203019822,11490400
2022-04-01,158.66563415527344,158.87932853883294,156.3594250201881,157.65054507273823,6525600
2022-04-04,157.1340789794922,158.6656186507634,156.28817375785243,158.6656186507634,6860600
2022-04-05,158.14918518066406,159.9656553955576,156.97381171047482,157.1340960868079,7446100
2022-04-06,162.26295471191406,162.59242284716984,159.0485038570544,159.73413833721497,10330900
2022-04-07,161.84445190429688,162.9040651234584,160.48209593305353,161.76431651466496,7385200
2022-04-08,162.16502380371094,163.11778993513119,160.66019570417893,161.46159044391942,7144500
2022-04-11,160.1348419189453,164.01711517696612,159.92114752934177,162.94860246831962,5932000
2022-04-12,160.18826293945312,160.99855705200167,158.67453549431502,159.5649650016758,5957500
2022-04-13,160.864990234375,161.02526101620208,159.6005820258628,160.18825514610413,5643100
2022-04-14,160.18826293945312,161.52390720049428,160.03689155362693,160.2773113249396,6188200
2022-04-18,158.19369506835938,160.62456359677395,157.3745016269454,160.03687691482213,6318700
2022-04-19,163.0198516845703,165.56648086664524,160.23280270781243,160.91843729945342,14380800
2022-04-20,163.7410888671875,164.12398063760335,161.96912917724305,162.271885549273,8044900
2022-04-21,163.26918029785156,164.61372417091394,162.55683386427012,163.7767181304716,6969200
2022-04-22,161.64859008789062,163.08218234485284,161.5061316722049,162.476696714274,8003600
2022-04-25,165.62875366210938,166.23425266758937,162.1471853313741,162.36087967353026,11176500
2022-04-26,164.4445037841797,166.12742848275693,163.99928906058787,164.81849610844694,10190000
2022-04-27,162.14723205566406,164.56920160175144,161.82667686318553,164.0527508145984,11090100
2022-04-28,163.35818481445312,164.28422541853337,161.98691592046714,162.2807592548927,9403900
2022-04-29,160.68692016601562,162.54791463680928,160.45539979088002,162.5033904426004,8463100
2022-05-02,159.06634521484375,161.5328390424036,157.6327529972145,160.69583303390388,7145400
2022-05-03,158.7546844482422,160.83829999945218,158.211521858886,159.20881223138355,5898700
2022-05-04,160.45538330078125,160.7225148517048,157.73957077566274,158.63000022082454,5923000
2022-05-05,157.39230346679688,160.0190811933704,156.065572292214,159.7608490462284,7089200
2022-05-06,157.04505920410156,157.49027398992655,155.5491440454306,155.9498346352977,6434000
2022-05-09,157.89987182617188,158.9950963551277,155.46008999734292,156.2258599445756,7855200
2022-05-10,157.6861572265625,159.54715162463538,157.16080708130525,158.70124631522734,8186700
2022-05-11,156.83135986328125,158.7814027376806,156.60875247737954,156.67998847129329,6138900
2022-05-12,158.38070678710938,158.4519427847174,155.56695960941815,157.13411079616247,6898600
2022-05-13,157.47244262695312,159.28891259937646,156.5374890526271,159.1197288418378,7732200
2022-05-16,158.5676727294922,159.50262633778144,156.86694927659812,157.47244834731748,5516700
2022-05-17,159.2266082763672,160.01017699022816,157.24094072671613,159.13755989241952,5751100
2022-05-18,156.27040100097656,159.71635934191508,155.97655759089125,159.24443272213873,8608800
2022-05-19,154.88131713867188,155.64708709038945,153.76828020808682,155.5758510964068,6874500
2022-05-20,157.58819580078125,157.74848016242422,154.97924410775087,155.69159036498394,7522100
2022-05-23,160.80540466308594,161.24451008466193,159.03102877216904,159.15648941750285,7040800
2022-05-24,162.56185913085938,162.8665610004407,160.50072184208614,160.6351390829417,6419800
2022-05-25,160.96669006347656,162.69626916084457,160.46484752978952,161.78219101780974,6558900
2022-05-26,160.82333374023438,162.20340085796462,160.05264300134516,162.20340085796462,6897600
2022-05-27,162.28404235839844,162.3467795156057,159.72104898724984,161.09215943911835,5853600
2022-05-31,160.8860626220703,161.45959898134834,156.83545439294,159.51495204951215,16391400
2022-06-01,159.2550506591797,161.1548870050784,157.6330053492035,160.545497021525,5175400
2022-06-02,158.753173828125,159.34463688038608,156.45902902755284,159.28191340924533,8666500
2022-06-03,158.09902954101562,160.11537020624243,157.8570648324165,158.68153615992566,4234200
2022-06-06,158.0811004638672,159.9630238613215,157.7226453758688,158.80699457946935,5386500
2022-06-07,159.81959533691406,160.6799064711606,158.08105989054826,158.6008292066707,5447800
2022-06-08,158.86973571777344,160.81438281830498,158.4395868295465,159.60458650625668,4333100
2022-06-09,155.6704559326172,160.09743208423293,155.60771877494895,158.80698563560443,5509600
2022-06-10,154.63088989257812,155.90342293590692,152.9013109928732,154.29034806613032,6647300
2022-06-13,153.0716094970703,154.36206962549548,152.41742284208803,152.41742284208803,7997000
2022-06-14,150.7237091064453,153.34046960480367,149.89028117754273,153.29565929908884,7116800
2022-06-15,152.33677673339844,153.63619348868153,151.12696691085418,152.02311828335073,7796100
2022-06-16,152.4174346923828,152.53393875236895,150.02471204913965,150.91189320077106,7056700
2022-06-17,151.86181640625,154.3172623961121,151.66466201191565,152.91031186292747,12486600
2022-06-21,155.0431365966797,155.80487069644104,151.95141724468985,153.01783951468212,8219700
2022-06-22,157.48963928222656,159.44324261337042,153.8602236695244,154.138028393294,10593100
2022-06-23,161.00253295898438,161.1459204373169,158.18861864907566,158.6187674098907,10223500
2022-06-24,163.3594207763672,163.57450201938906,161.28931338119946,162.00623718375482,9374400
2022-06-27,163.20709228515625,164.30936837751085,162.6514827803237,162.7769434321951,5908600
2022-06-28,158.5650177001953,163.96880909828798,158.00043798946848,163.251885303149,9245700
2022-06-29,158.60980224609375,159.78375810384102,158.10794609905952,158.8159131886906,7097900
2022-06-30,159.07583618164062,159.7748332064675,156.8533844533241,158.4933432190135,10777200
2022-07-01,160.8770751953125,161.0563027093246,158.34096553320228,159.02203555612132,5498400
2022-07-05,159.640380859375,160.52757550697288,156.47696808576507,160.2587274009569,5676400
2022-07-06,159.78378295898438,160.80539491597398,158.98620883180988,159.57767198432595,5335600
2022-07-07,159.9630126953125,160.51862214518195,159.07581795429607,159.38947639003896,5725800
2022-07-08,159.76585388183594,161.29827863309967,159.3088216380756,159.81066418201254,3828300
2022-07-11,159.82859802246094,160.4290177833551,159.0847907644082,159.24609144307334,3645200
2022-07-12,157.58819580078125,159.9181807430497,157.00568930957743,159.49698858027452,4708800
2022-07-13,157.22080993652344,158.01838416666672,156.37842539979522,157.41796434614858,5291700
2022-07-14,157.4358673095703,157.73159890481077,154.40688495449058,154.61299594237883,5359600
2022-07-15,159.72103881835938,159.9719600828447,158.21551123144738,159.25504999813424,5691100
2022-07-18,156.1364288330078,159.68519380815513,155.8496675428955,159.28192847952502,7605700
2022-07-19,153.86019897460938,158.39472177795062,152.23816751937753,158.01833992155832,13256400
2022-07-20,152.9820098876953,154.63092516439795,152.130655127379,154.31726670805142,7455800
2022-07-21,153.51968383789062,153.59137758597888,152.13961679119814,152.39053807241496,5729200
2022-07-22,154.24559020996094,154.5771755599806,153.29567181764926,153.77960128019188,4257000
2022-07-25,154.55026245117188,155.0162512915182,153.8871055525782,154.24556061041136,4437300
2022-07-26,155.64356994628906,156.80856951129005,154.57716125730084,154.63988474527176,4525500
2022-07-27,155.2134246826172,156.01996917278507,153.3583983361837,154.70262547894458,4648500
2022-07-28,156.10955810546875,157.80328356302596,153.63618537077406,155.39263431051575,5513000
2022-07-29,156.39634704589844,156.69207865048193,154.95354273672856,155.74214667476593,6451400
2022-08-01,155.8496856689453,156.9698748644138,155.51810036864117,156.08268009889633,5461400
2022-08-02,154.9624786376953,157.2655940048888,154.76532426096344,156.83543154246468,5794200
2022-08-03,156.45907592773438,157.05949574894558,153.93193598881842,154.63093301495599,5010000
2022-08-04,153.9498291015625,156.90713118962165,153.77957183723694,156.65620991419206,5651600
2022-08-05,153.34042358398438,153.71680542549478,152.15749750422478,153.51069449008747,5235500
2022-08-08,152.52493286132812,153.67200531359268,151.843862865978,153.5107046597659,4629800
2022-08-09,152.5070343017578,153.34941878139753,152.10376891819416,152.82964934344568,5532500
2022-08-10,152.9461669921875,153.45697988450635,151.92455488173582,153.25982547071865,5603400
2022-08-11,149.7827606201172,152.3009441381197,149.63937309883212,151.01945406137432,9328700
2022-08-12,148.1338348388672,150.4996740786792,147.99940391919785,150.1412053004133,14606900
2022-08-15,148.84173583984375,149.43319885926104,147.98143842449215,148.76108552106345,10072000
2022-08-16,150.16807556152344,150.7774518642912,148.4026564576473,148.63565086620264,7453600
2022-08-17,150.1770477294922,151.05527224041984,149.12855227095736,149.12855227095736,7406600
2022-08-18,149.45115661621094,150.822267015739,148.69837912938118,150.26664390948562,8312100
2022-08-19,151.72738647460938,152.45326689743385,149.65727899494408,149.7468996017407,8128500
2022-08-22,151.19509887695312,152.39499005630137,150.81618804653698,152.3769427502641,5462600
2022-08-23,149.8779296875,151.35749211442376,149.5802110949649,150.6628153985085,5566300
2022-08-24,149.38177490234375,150.2929644808214,148.92167172696554,150.2659003979206,5684300
2022-08-25,150.78012084960938,150.8793603927062,148.58783413067502,149.71554995401965,5678700
2022-08-26,148.1999053955078,151.11391920691082,148.13674670215926,151.07783835789894,5667100
2022-08-29,147.05413818359375,147.81195988632922,146.1700128637357,147.4781604195185,5259200
2022-08-30,146.5399169921875,147.54132932141707,146.17905338921238,147.32481666605761,6973300
2022-08-31,145.5565185546875,147.55032598343757,145.4933736333931,147.26162415448914,8741700
2022-09-01,149.16522216796875,149.30957309535995,145.68283519951302,145.69186573626382,7509600
2022-09-02,146.81956481933594,149.94107411370874,146.16096895041463,149.63433875249257,5803700
2022-09-06,147.21653747558594,149.9591502465572,146.89176851261473,147.90219755136036,7394600
2022-09-07,148.01947021484375,148.33522237613974,146.2963171853253,146.97294665875341,4590600
2022-09-08,149.21034240722656,149.23740648696057,147.12632567133193,147.84806658505178,5838400
2022-09-09,149.49903869628906,149.94109449281146,148.30816416821358,148.8494732748047,5500600
2022-09-12,149.43588256835938,150.27491032137914,149.056971693663,149.85990483039018,6365300
2022-09-13,145.54750061035156,148.35325781977227,145.07836702512634,147.56837209850107,6726400
2022-09-14,148.5517578125,149.183275939623,146.4948051892635,146.4948051892635,9555700
2022-09-15,148.9306182861328,149.82377389897613,148.04649320737536,148.3622452810454,7174500
2022-09-16,151.2041473388672,151.2312114181011,148.6329496831434,149.14719472071326,20201500
2022-09-19,150.01327514648438,150.14859554478116,148.02849796377504,150.0313224549449,7380900
2022-09-20,148.83139038085938,149.6704041527958,148.2449837939829,149.05693349366712,7143400
2022-09-21,147.3067626953125,150.48241456894317,147.27068184307208,148.87654820600764,8071200
2022-09-22,149.9230499267578,150.80718906809656,146.90077969686317,147.1894677972122,7401100
2022-09-23,150.41024780273438,151.09589416348857,148.55177406837456,149.5261223280132,9598600
2022-09-26,149.49002075195312,150.51849712826223,148.29915988962532,149.58024353267257,8735500
2022-09-27,148.80435180664062,151.267279166034,148.317170890503,150.08543525497868,8686700
2022-09-28,150.0854034423828,151.00562315976435,148.94867115577634,149.9861639261352,8660900
2022-09-29,148.4344482421875,150.81618321860256,147.8570583620281,150.19368195782465,7008100
2022-09-30,147.37889099121094,149.5260658129056,147.34281015051968,148.85845324861543,8985200
2022-10-03,147.2345733642578,148.29914424698887,145.88131439258987,148.2179382464816,8657000
2022-10-04,149.4178009033203,149.76063084895696,146.98193797404917,147.82096553414428,6236100
2022-10-05,148.95773315429688,149.79674714692229,148.14578324104244,148.87654091618398,4539400
2022-10-06,146.07077026367188,148.85848031850918,145.87229118862894,148.669018013764,5890700
2022-10-07,144.52806091308594,146.3504535853483,143.5988241518473,145.94447863163302,6363500
2022-10-10,144.717529296875,145.50241515801446,143.60784693987955,144.91600839652963,5315600
2022-10-11,146.81051635742188,148.0555187217105,144.68138886214652,144.68138886214652,6212200
2022-10-12,146.7744598388672,148.75021999966114,146.60304484540126,147.00000298478318,4341700
2022-10-13,148.9938201904297,149.75165574246742,145.0242657025095,145.15056933350525,6465100
2022-10-14,148.37132263183594,149.47196061901778,147.59545358882872,148.35327532402766,5684600
2022-10-17,150.29293823242188,150.85229463549848,148.8675037956495,149.21935057797506,6710800
2022-10-18,149.7696533203125,150.81617673500523,147.09923040164972,148.8584640416573,10883600
2022-10-19,148.57882690429688,149.98621413966893,147.85708597778057,149.76067096051153,10044600
2022-10-20,148.95773315429688,149.52610635321264,148.2540395585263,148.85849360791576,5659900
2022-10-21,152.20555114746094,152.80097462372615,148.34423960895458,148.59686061126524,8487600
2022-10-24,154.2534637451172,155.24585908871308,152.69270903751735,153.1979234793258,6855500
2022-10-25,154.0098876953125,154.37075122207472,152.03412753604565,153.52270679151624,5661900
2022-10-26,155.36312866210938,155.68791130518434,153.83845497006465,154.5601957064601,6123800
2022-10-27,155.45338439941406,156.46381347459533,154.92110578059993,155.48947901842124,5390900
2022-10-28,157.76290893554688,158.232042514623,155.70595662906157,156.07585067729585,6073900
2022-10-31,156.9509735107422,158.02456114279565,156.45477581112985,157.44717121035453,7810000
2022-11-01,156.1570587158203,157.5464122882982,153.74825942261785,157.03216727657193,6985000
2022-11-02,153.7572479248047,156.9238821144709,153.63094432926064,155.97659826486083,6877300
2022-11-03,154.01890563964844,154.6955350820323,152.41303953100896,153.19792527903465,4819900
2022-11-04,154.7045440673828,155.62476391721637,152.68368637809888,154.7767195228659,5300900
2022-11-07,156.05780029296875,156.8426997545274,154.66846065465376,154.87595648193465,6621000
2022-11-08,156.8336944580078,157.60054673788878,155.33608451422705,156.19315956799844,5148400
2022-11-09,155.57965087890625,157.88019359594495,155.4804113494321,157.22161150001307,6150000
2022-11-10,157.40200805664062,157.67266250978108,155.2097221288662,157.2937517818074,7877500
2022-11-11,152.69271850585938,156.17510542833415,150.5004456100581,155.83227542182226,11074700
2022-11-14,155.0924835205078,156.31040818096048,153.59487381121068,153.59487381121068,6581500
2022-11-15,155.5255584716797,156.07588439504465,153.83849984896608,155.34512667645882,9351000
2022-11-16,156.4908447265625,157.87116752222417,156.19312615568612,156.65322916555346,5500900
2022-11-17,157.75389099121094,157.8711778266218,156.0578022098376,156.07584951514556,4464100
2022-11-18,158.96282958984375,159.3597877869141,157.53739504857435,157.88022508532842,6555700
2022-11-21,159.7799835205078,160.30662262015497,158.7448691122118,159.70734221142754,5706600
2022-11-22,160.5518035888672,160.88775755857043,160.10688071567847,160.1704332090399,4707900
2022-11-23,160.72433471679688,161.07845253153292,159.81633889902065,160.2067843052211,5389200
2022-11-25,160.9331817626953,161.73220865122536,160.58813892258587,161.06030062143304,3058600
2022-11-28,161.014892578125,161.41441293624598,160.31573195141326,160.48825336559423,6183100
2022-11-29,159.88894653320312,160.95129975353873,158.5905194377642,160.72430084693076,6700500
2022-11-30,161.6232147216797,161.6322896897942,158.69946781888322,160.14317747913927,13288000
2022-12-01,162.29515075683594,163.40290658067198,161.41439385009886,162.53122464284968,6282600
2022-12-02,162.42230224609375,162.49494357675738,160.67895187491794,161.16926353825104,5823900
2022-12-05,162.3314971923828,162.85813644874426,161.6232615367388,161.95014059741428,5120600
2022-12-06,159.89805603027344,163.43923388924077,159.74368456149682,163.36659256714458,7943500
2022-12-07,160.86959838867188,161.51428143937756,160.01608020389887,160.32480927524645,5702600
2022-12-08,160.8968505859375,161.14201332765245,160.11597365540365,160.5518216084338,4798500
2022-12-09,159.57115173339844,161.52333673145304,159.4985104228081,160.8241762400702,4561000
2022-12-12,161.4779510498047,161.5051898122575,159.44404956045014,159.76183974070437,4882400
2022-12-13,162.72190856933594,163.6208154069419,161.90470416115912,162.62202849238923,9177500
2022-12-14,163.22129821777344,164.38353157813359,162.14986996725045,162.14986996725045,9533600
2022-12-15,161.16015625,163.29393775882298,160.1704304412306,162.71282108496263,7602400
2022-12-16,159.50762939453125,160.71526553828468,158.77215497241397,160.71526553828468,18841800
2022-12-19,159.33509826660156,159.961617582093,158.05483472507154,159.21706823456546,5736000
2022-12-20,159.50762939453125,160.2067900787921,159.05363146928184,159.8072696877859,6174700
2022-12-21,161.33267211914062,161.78666997700168,159.489441924618,160.05240868970796,5472000
2022-12-22,160.74249267578125,161.17832677311154,159.20797758267284,160.50641875950157,5709100
2022-12-23,161.15106201171875,161.1873895960038,159.63471095829462,160.41558776145635,3683400
2022-12-27,161.1056671142578,161.94103533354226,160.7061606525358,161.72311138221832,3067300
2022-12-28,160.4065399169922,162.0318462882769,160.39745109192708,161.4053269750998,2645400
2022-12-29,161.22372436523438,161.89564621305527,160.7788153115357,161.21464939543577,2828800
2022-12-30,160.3974151611328,161.41437964155935,159.26242067554622,161.160141985181,4216600
2023-01-03,161.79576110839844,161.9682825136321,159.81632321534303,159.95253088759264,6344900
2023-01-04,163.5572509765625,163.61172849548157,162.0590499317213,162.43133145088606,9788800
2023-01-05,162.34963989257812,163.43015703204188,161.99552211077128,162.54940006230666,6255300
2023-01-06,163.66624450683594,164.28367500634923,162.8853675572114,163.55728944337278,5706000
2023-01-09,159.42588806152344,163.22130347032555,159.0626814654011,162.80363320342863,7925300
2023-01-10,159.04452514648438,159.93435702518596,158.2818121075973,159.53483671293623,5047500
2023-01-11,158.79031372070312,159.5530268856946,156.27516141540383,159.41683305441637,6494800
2023-01-12,157.99124145507812,158.63592445602822,156.9016494574052,158.22731533385118,4269400
2023-01-13,157.4737091064453,158.00034834695694,156.52032457517578,157.25579897583137,6088000
2023-01-17,156.50213623046875,158.51788775195848,156.25697351706742,157.9912485940552,6053300
2023-01-18,154.14134216308594,156.17525748083818,154.0959534628662,155.8574534498125,7047800
2023-01-19,153.93251037597656,155.52150285575976,153.18796110429105,153.47851252460993,6939500
2023-01-20,153.2152099609375,154.45915972206186,152.0711264329748,154.450084752206,8620600
2023-01-23,152.82476806640625,154.0233291506904,152.49788903023023,153.54209249394737,8425400
2023-01-24,152.82476806640625,155.25820397014246,150.7363749938881,153.46945116869534,10541800
2023-01-25,153.9143524169922,153.9143524169922,151.70792942607042,151.78964571723446,7099800
2023-01-26,153.35137939453125,154.27753880441628,153.13345545840724,153.95065982768708,6946100
2023-01-27,152.7521209716797,153.33323769683082,152.3344506859012,153.03359743707728,6058100
2023-01-30,147.0953369140625,153.0336240488737,146.25998234232588,152.47974599148205,23259100
2023-01-31,148.38467407226562,148.39374904262408,146.23272842940025,146.82292016578177,11612500
2023-02-01,149.7466583251953,150.7091316091792,147.45850514210062,147.99423316754837,9865300
2023-02-02,150.3096160888672,150.92706042696122,147.83988030123948,148.00331289211027,10099000
2023-02-03,149.46517944335938,151.0360081955258,148.8114214016073,150.75453173267167,6868500
2023-02-06,148.3301544189453,149.6830727836634,148.09408056241395,149.41067134618098,7021000
2023-02-07,148.36647033691406,148.80231818529012,146.56864299082955,146.7320893976988,7310800
2023-02-08,148.55718994140625,149.41978316038606,147.9125068422182,148.27571346673122,6054700
2023-02-09,146.55047607421875,149.63766925392605,146.2508497353563,148.57531612413058,7949500
2023-02-10,147.2315216064453,147.8126383965285,146.5051360100292,146.8864926046228,7028000
2023-02-13,147.7762908935547,147.83985723892138,146.32349232283525,146.48693874312534,6414700
2023-02-14,147.13162231445312,147.97606554975383,146.87738461789095,147.7672304107739,6316000
2023-02-15,144.70729064941406,147.0771603142752,144.63464932059676,147.04992154783332,12621800
2023-02-16,143.68124389648438,144.96150729787456,143.3906786234585,144.43488198661606,11177000
2023-02-17,146.68087768554688,147.33933776029775,143.23310951005476,143.5989284152299,12401900
2023-02-21,144.4951629638672,146.6443054631936,144.3945645074186,146.0041258560311,9423900
2023-02-22,144.29396057128906,145.27251042454253,143.9190014338052,144.95242063311693,9820200
2023-02-23,144.2482452392578,145.03473850184682,143.27884948748738,144.22996475853546,9385100
2023-02-24,142.63868713378906,143.44347485048644,141.94365207681952,143.26055840246195,8689700
2023-02-27,142.32777404785156,143.48921274032767,141.8247816452287,143.0776785762064,7267100
2023-02-28,140.1603240966797,141.99853126283566,139.95912715357238,141.733310767573,9062300
2023-03-01,139.529296875,140.14202787672184,138.92570611345963,139.93167676146177,6767000
2023-03-02,139.41954040527344,139.70304134335854,138.30381713279579,138.7793747459579,8762500
2023-03-03,140.85536193847656,140.94680620697287,139.7762135155214,140.26091139770526,5747200
2023-03-06,142.2637481689453,142.4192160082072,141.35837581356333,141.4406798541312,8148200
2023-03-07,140.9193572998047,142.8947375001015,140.2426167539253,142.74840993980598,7457700
2023-03-08,139.88597106933594,141.01997492942021,139.44698832875548,140.81877799529568,6230500
2023-03-09,138.31298828125,140.47127130761535,137.82829036874378,140.34323816005838,7439400
2023-03-10,138.65135192871094,140.37066607411788,138.18494847534805,138.87998353508672,8504300
2023-03-13,139.97740173339844,142.58380742827455,138.6147663946901,139.0903100522407,10799600
2023-03-14,140.76390075683594,140.86449921826343,138.91655353542436,140.17860442341197,8421200
2023-03-15,141.15716552734375,141.6510036786891,139.49272066199384,139.77622163355935,7757700
2023-03-16,140.86448669433594,141.17542229126173,139.5567207666142,140.33405975892865,7605500
2023-03-17,139.35552978515625,141.70585525008212,139.28236600255246,141.27602674888786,20540700
2023-03-20,140.73643493652344,140.901056907231,139.3555054121315,139.43780942020416,7129000
2023-03-21,140.73643493652344,140.95592624594613,139.16344877206635,140.83703337568855,8376800
2023-03-22,138.13922119140625,140.89194074495867,138.12092675537562,140.69989800761823,7943500
2023-03-23,138.21237182617188,138.72450434975727,137.27955104131865,138.25808698004832,9051500
2023-03-24,139.6024627685547,139.70306124038652,137.93803181727992,138.53246845247088,5696200
2023-03-27,140.19691467285156,141.33091859733386,140.02315240582493,141.0199829376898,6772300
2023-03-28,138.84339904785156,140.33406752956782,138.7610810697603,139.36467181808374,6115300
2023-03-29,140.2060546875,140.2700782403292,139.07205076485104,139.22751859442172,6012000
2023-03-30,140.31578063964844,140.65416490105966,139.748778729893,140.4529679741337,4555700
2023-03-31,141.7515869140625,141.92534915655853,140.1420255314559,140.64500386975706,9890000
2023-04-03,143.44346618652344,143.58977979971365,140.78219111055716,141.70585771720224,6841900
2023-04-04,144.9433135986328,145.38228242222655,143.20570483285516,143.55322937692415,8314500
2023-04-05,151.45472717285156,151.50045628663622,148.84832118735494,150.32070934199683,16704200
2023-04-06,151.0340118408203,152.93622820649182,150.71393601072526,151.80222453308883,9615400
2023-04-10,150.2749786376953,150.75052229907791,149.65309345460017,150.55847957744086,5354000
2023-04-11,150.22926330566406,151.15292999318098,150.01891217563687,150.36643669084168,5903800
2023-04-12,149.90914916992188,150.75051168996248,149.15924486155336,149.92744360316905,5764100
2023-04-13,151.9119873046875,152.1131842375854,149.8085737045698,150.14694402145895,5640600
2023-04-14,151.66505432128906,151.92112059607015,150.0371984510812,151.78394721835363,7225100
2023-04-17,151.5095977783203,152.03088456154953,150.84199736616512,151.57362132906064,8046400
2023-04-18,147.24786376953125,150.6133275637518,146.00410753431802,150.21093378845296,14571500
2023-04-19,148.6379852294922,148.77515861740585,147.39422867899816,148.14414707843662,6752000
2023-04-20,149.59823608398438,149.81772745228068,147.20218128698843,148.54652230978462,9498800
2023-04-21,148.7843017578125,150.86942082656736,148.12584163561988,150.3847229525319,7014200
2023-04-24,149.68968200683594,149.80857491029596,148.03439137204393,148.78430975607463,5278900
2023-04-25,151.06146240234375,151.21694416866154,150.12865553182868,150.26582890850287,6263100
2023-04-26,148.7202911376953,150.33900690832155,148.37278056574291,150.06464617446795,5518200
2023-04-27,149.06781005859375,149.4427692489413,148.27217651944767,148.9763518325596,5739700
2023-04-28,149.7079620361328,149.76283138489066,148.66540254603908,148.89403413557338,6024900
2023-05-01,149.6165313720703,150.25669709003958,148.3727748537732,149.6165313720703,4893400
2023-05-02,150.9242706298828,151.33580466430982,149.5799158840747,150.2932452649651,7541700
2023-05-03,148.94891357421875,151.97599379197842,148.61968350480456,151.3998516364279,5937200
2023-05-04,148.2721710205078,148.97634630750412,147.46738331586567,148.7751493813436,5128000
2023-05-05,148.77516174316406,149.18670982468447,147.86978945477927,148.9214893297239,5194500
2023-05-08,148.436767578125,148.67455335675018,147.5496759145568,148.14412640655524,4994900
2023-05-09,147.28445434570312,148.272144363493,147.04666859140963,147.92461992541052,5520500
2023-05-10,147.8331756591797,148.12583078296367,146.3790821436095,147.4216416016023,6756600
2023-05-11,147.2296142578125,148.3270431774466,145.7663663952565,147.99781310609978,5867600
2023-05-12,147.03753662109375,147.75086601496136,146.33334746653483,147.5679635468401,3904200
2023-05-15,145.91270446777344,147.26619976752545,145.3548427499362,147.05586258181967,5104500
2023-05-16,145.72064208984375,146.55286451355641,144.97987789351987,145.46457579863466,5599200
2023-05-17,145.40057373046875,146.37910983226928,144.28485028048289,146.13218376918925,6840700
2023-05-18,144.9341278076172,145.34566186218456,144.09276526473872,145.09874980218268,5173000
2023-05-19,145.32737731933594,146.2601840957215,144.6231881628158,145.0347222058758,6527100
2023-05-22,144.54417419433594,146.6358163387458,144.46124918161314,145.58539066469842,5675900
2023-05-23,144.4888916015625,145.83418051873556,144.08346167967875,144.7561131681918,5793000
2023-05-24,144.3506622314453,144.79294296372444,143.6688016384663,144.73765962967093,5015100
2023-05-25,142.2774658203125,144.0097380379847,141.6416793010146,143.7886046816044,6886100
2023-05-26,142.22218322753906,143.07910310771402,142.08396081922376,142.53546485728998,6845400
2023-05-30,142.24061584472656,143.17126568352865,141.27312918912395,141.87205083876879,5593100
2023-05-31,142.8763885498047,143.45689173465078,141.7614703761967,142.54467445272869,11324600
2023-06-01,142.39724731445312,142.8579605715412,141.11646502214234,142.39724731445312,7901300
2023-06-02,144.63633728027344,144.9496189558725,141.98262412260058,142.56312739080514,7659700
2023-06-05,145.88026428222656,146.17511347950776,144.43361778913342,144.43361778913342,6430500
2023-06-06,145.75123596191406,147.06888315846044,145.03252442192604,147.04124148844954,5073600
2023-06-07,146.06454467773438,146.32254299407322,145.06940228906157,145.67754720322614,6504300
2023-06-08,147.66778564453125,147.81521723874422,145.41951710211126,146.04608028774044,5818400
2023-06-09,147.43746948242188,148.1008977784599,146.93990529032064,147.81525777374858,6264400
2023-06-12,147.33612060546875,147.6586255676241,146.25805307633863,147.4282688974718,6510600
2023-06-13,148.110107421875,148.20224164016258,146.64502853461397,147.17945761615366,6066800
2023-06-14,148.8656768798828,149.34482264102493,148.33124777319622,148.90254181681507,6699100
2023-06-15,150.8651580810547,151.03102216346744,148.74587430260902,149.31716829775,7138300
2023-06-16,151.32586669921875,152.02615982151704,150.994152604407,151.55622331895324,13426600
2023-06-20,151.23373413085938,152.32101063909369,150.93887090566554,151.3535100137235,7995800
2023-06-21,151.0033721923828,151.9616495208207,149.90687245955692,150.72694144345874,7177500
2023-06-22,152.60667419433594,152.6988224814184,150.9204617716801,151.02181926352895,5485900
2023-06-23,152.47764587402344,153.20558064716897,152.06300678114218,153.05814903996838,9450700
2023-06-26,150.77301025390625,152.01692749035936,148.65372666679733,152.01692749035936,6978800
2023-06-27,150.459716796875,151.0033690805011,149.67651276089103,150.8190725451151,4927500
2023-06-28,150.15567016601562,150.37680352997742,149.18816951912444,150.37680352997742,6780400
2023-06-29,151.20608520507812,151.40880014770815,149.48300819272308,149.86079640942916,4547500
2023-06-30,152.51451110839844,152.90150853317903,151.43644384082705,151.90636627237808,7580000
2023-07-03,150.51502990722656,151.47330731596077,150.1556741214696,151.42723317730412,4033700
2023-07-05,150.01742553710938,151.04020937352357,149.94370974008802,150.18328959537013,7224600
2023-07-06,148.90252685546875,149.61201513180737,148.34966533586615,149.50144845182786,6332500
2023-07-07,146.7371826171875,148.38653000626636,146.69110847629454,147.86132416767734,7022200
2023-07-10,146.97671508789062,147.70464979306678,146.50679270115015,146.9029992911734,5739200
2023-07-11,146.1658935546875,147.70467415788366,145.21682536265547,146.62660681527987,6606700
2023-07-12,145.6591033935547,146.45153074913884,145.47482090478337,146.45153074913884,6940400
2023-07-13,146.3317413330078,146.62660456398905,145.04174984709675,145.58538811188407,6401700
2023-07-14,147.30844116210938,147.64015524447626,146.48837218901508,146.67265466591851,5362200
2023-07-17,146.57130432128906,147.30843419403465,145.7235796598997,147.19786752509302,5486800
2023-07-18,146.56210327148438,148.2483155276567,145.76046668046186,146.57132653519474,6332500
2023-07-19,146.26724243164062,147.80602294433274,144.96802773881933,145.50245677685615,7522600
2023-07-20,155.14981079101562,155.8500899246329,148.62610896993138,149.21582141399162,21892900
2023-07-21,156.81756591796875,157.3980690663432,154.9654898007175,154.9654898007175,12080000
2023-07-24,157.63766479492188,160.16237874655124,157.5547397750871,158.02466228067163,15155400
2023-07-25,158.84471130371094,159.11191879822263,156.41214594391397,157.0571416719184,13790100
2023-07-26,159.14877319335938,160.18998955238612,157.93248356406957,158.48534504281065,14288200
2023-07-27,160.04257202148438,160.59541948898197,158.52220985119746,158.65120899959882,12446400
2023-07-28,160.7705078125,161.58136771249778,159.61872457266406,160.32822698516213,14138800
2023-07-31,154.36656188964844,156.84520112668255,153.61099956147146,156.35684626509413,22632700
2023-08-01,155.61972045898438,155.80400294634643,153.0120817862464,153.29772175063545,15810300
2023-08-02,156.5595703125,157.78506916893488,155.58286053244635,155.58286053244635,14595600
2023-08-03,157.23223876953125,157.85881618582266,156.33845381825455,156.596452148535,17424800
2023-08-04,155.75794982910156,159.11194216718178,154.69831483888245,156.95580724838473,23415100
2023-08-07,159.4989471435547,159.72008052517143,156.05280666153732,156.17259661648228,17736400
2023-08-08,159.57264709472656,159.91358448729034,157.92329971610212,159.39758785620904,27378700
2023-08-09,159.47129821777344,160.5585747875478,158.5314392090874,159.40679161116654,42974400
2023-08-10,158.6420135498047,162.14343738692824,158.15365858424275,160.32822588857388,48213800
2023-08-11,160.1900177001953,160.28215192294059,158.1352262890358,158.9276537158854,45905600
2023-08-14,159.81222534179688,161.80251009231023,158.2550122006967,159.88594115402185,64036900
2023-08-15,159.3514862060547,160.8441924968265,158.61434226325767,159.22248707055405,88958100
2023-08-16,158.84471130371094,161.0008459058339,158.6051454789814,158.97371044931182,85832700
2023-08-17,160.33741760253906,161.60899065106506,159.18563449622272,159.27778276866897,70904200
2023-08-18,158.93685913085938,160.3189988555041,157.8495685696823,159.56342239063585,49631700
2023-08-21,154.20074462890625,156.50431109148414,152.9199622381071,156.35687946351422,151319500
2023-08-22,152.97523498535156,154.65222394280073,152.41316424502924,153.74922988878964,56834800
2023-08-23,151.60231018066406,153.41752162133238,150.62560028057928,152.86466006362042,119011400
2023-08-24,152.11830139160156,153.57415698592686,150.98495070444534,151.14159152625936,70755100
2023-08-25,154.29937744140625,155.71939463919043,152.2667999177723,152.48955298951805,18185500
2023-08-28,152.48025512695312,154.26225128784057,151.44076916804715,153.13922408000292,18458000
2023-08-29,152.4988250732422,153.77034018998162,151.0695318455298,153.0185680651376,12208600
2023-08-30,151.9604949951172,153.90954511000294,151.91408634248992,153.2413001655811,9939100
2023-08-31,150.05787658691406,151.81203045696913,149.68663563272543,151.62639581794016,15333000
2023-09-01,148.94412231445312,150.80035519431098,148.5079064547319,149.8165540338956,8610100
2023-09-05,149.12977600097656,150.3270544059596,148.75853500705372,149.01840653518693,9019800
2023-09-06,146.6516876220703,148.49864461273762,146.0391414761129,148.35014256926064,9753800
2023-09-07,148.5264892578125,149.48244816424094,147.5519640551806,147.70046610093937,9931800
2023-09-08,149.0183868408203,149.12975629189128,147.74687173464588,148.1181126795053,6957000
2023-09-11,150.9674530029297,150.99529536861075,148.9163090388304,149.4824607442386,6309300
2023-09-12,151.8213348388672,152.14616719387993,149.91869272945416,150.55909553250933,6045800
2023-09-13,152.2018280029297,153.09281190094643,151.2829875812871,151.9883510140448,7397500
2023-09-14,151.96981811523438,153.38983538899697,151.69138030113797,152.84223582856436,7758400
2023-09-15,149.84439086914062,152.97215278649006,149.62165199540752,152.1925242426268,13392100
2023-09-18,150.7910919189453,151.42220435390277,149.1947303739028,150.46624547264216,5789000
2023-09-19,150.54051208496094,151.14379638172946,149.7794638250477,150.58692074808707,5550800
2023-09-20,151.199462890625,151.78416665735364,150.03931726196686,150.5312178755632,3837400
2023-09-21,150.039306640625,151.74703748625473,149.97433169229146,150.88389599736348,4526700
2023-09-22,148.96270751953125,149.79800675673602,148.7306783800927,149.70520359812147,4976700
2023-09-25,148.73992919921875,148.83274650401262,147.31991223985338,148.56359897920223,6722500
2023-09-26,147.58908081054688,148.57288197474648,147.44057878072311,148.32228656966052,4904800
2023-09-27,145.81640625,147.3477930451442,144.099384796832,147.180738847246,10211600
2023-09-28,145.60292053222656,146.60528804808163,144.99036024554837,146.17834822835425,7861900
2023-09-29,144.55413818359375,146.27115929388646,144.18289726555204,146.0576823121759,7680700
2023-10-02,143.99725341796875,144.2478488106533,142.298812872919,144.2478488106533,7259700
2023-10-03,144.17364501953125,144.32214709064374,142.8278786346747,143.561084597645,5740800
2023-10-04,144.34068298339844,144.7211999878016,143.45897513505508,144.3870916410868,4955200
2023-10-05,145.84423828125,146.6795375354206,144.85116090848877,145.03678139142278,5993300
2023-10-06,146.30828857421875,146.92084888016785,145.3337633896514,145.78854558563197,5802200
2023-10-09,147.14356994628906,147.4591402899076,145.79780397927206,145.8813310576126,4414100
2023-10-10,146.9765167236328,147.8211060640413,146.5495769395137,146.99508301735955,5273500
2023-10-11,144.95323181152344,147.61693586351447,144.82329606473857,147.06935051363072,6922900
2023-10-12,145.09246826171875,145.30593111214688,143.9230464562319,144.71193706082948,5792400
2023-10-13,145.5750732421875,146.0484075411786,144.83257723758578,145.46368963624056,5359800
2023-10-16,146.20620727539062,146.87445236222098,145.5658045536836,146.4753690208299,6408100
2023-10-17,144.86972045898438,147.52413457042593,143.49611182063867,144.76762706385446,12244400
2023-10-18,141.75125122070312,144.73978795045673,141.12013869985387,144.2386111934256,9097300
2023-10-19,141.37074279785156,142.10394876092766,139.35671709269823,140.76745844459643,7733800
2023-10-20,142.0018310546875,142.8092879151402,141.37999467041612,141.76052585184524,7207000
2023-10-23,140.507568359375,142.46589490797504,140.34051417284692,141.87190086376123,5874000
2023-10-24,140.35906982421875,141.03660514060584,139.3381500586774,139.91357782038136,6155300
2023-10-25,140.6746368408203,141.23149829170868,139.43094986043917,140.3683566699609,5880800
2023-10-26,138.28933715820312,141.04584387075406,138.1779677272093,141.04584387075406,7612500
2023-10-27,135.13375854492188,137.97379256893882,134.53047436526148,137.81601447448597,11385800
2023-10-30,136.4609832763672,136.65589399463477,135.50502430633895,135.58855140190985,8205300
2023-10-31,137.67678833007812,137.8624087843694,136.0989932257032,136.93429235098026,7576900
2023-11-01,138.0016326904297,138.99470989515495,137.7881698792718,138.46569090021018,5733000
2023-11-02,139.4402313232422,139.58871920364922,136.93430538501966,137.09209765621614,5349100
2023-11-03,140.4611358642578,141.32429150066253,139.35667505650164,140.34049035954845,4926800
2023-11-06,140.79527282714844,141.4727939193643,140.4889926770397,140.86952384795669,4851400
2023-11-07,140.05276489257812,141.3057277492163,139.84857814317144,141.00872369119455,4840400
2023-11-08,139.54234313964844,140.91595180791333,139.53305290956604,140.4704597839775,5460000
2023-11-09,136.8229217529297,139.68152204300927,136.67441972598024,139.68152204300927,6973600
2023-11-10,136.6651611328125,137.82530681305707,135.1708929301801,137.59327767700816,6930700
2023-11-13,137.01783752441406,137.2684187720272,136.10827319700354,136.6651487377882,5889300
2023-11-14,137.04568481445312,137.862417698531,136.40528216809705,137.02711851924366,6713600
2023-11-15,138.10374450683594,138.67917223199376,136.68372732821877,136.75797835113178,6729100
2023-11-16,139.31028747558594,139.3752482641238,137.9552312014053,138.75341193015643,6875600
2023-11-17,139.02256774902344,139.95068427202415,138.35433688144244,139.7279453701419,7023300
2023-11-20,140.24813842773438,140.70654825056218,138.0308778369447,138.3770406357038,8851700
2023-11-21,141.38014221191406,141.53918380851164,139.9674685418936,140.4258926323287,5916300
2023-11-22,141.09950256347656,142.240859174012,140.69720908303808,141.85729494542176,4633500
2023-11-24,142.67123413085938,142.8396261124215,141.1369342167938,141.1369342167938,3351400
2023-11-27,141.5298309326172,142.50280974487916,141.2398130689781,142.47473014565793,6449700
2023-11-28,141.85731506347656,142.02570704985916,141.11822327787362,141.6421284915258,5909000
2023-11-29,142.3063507080078,142.39054668704213,141.33338608558628,141.57662367235565,5190000
2023-11-30,144.69200134277344,145.14106083332757,142.12859212831194,142.44667533931514,12481900
2023-12-01,148.1722412109375,148.24708683691864,145.44979045166508,146.35727403808923,10342900
2023-12-04,148.6400146484375,149.70653982951072,147.81672704362893,147.81672704362893,8920300
2023-12-05,148.331298828125,149.3416934749469,148.02256594087288,148.56518608131492,7268200
2023-12-06,146.5256805419922,148.43420850569504,146.10468634496345,148.30323221605622,6642900
2023-12-07,145.38429260253906,146.4882477220429,144.73877585614562,146.4882477220429,6532400
2023-12-08,144.4674835205078,145.80532609382342,143.9248633549637,145.40303257654685,6254700
2023-12-11,145.06622314453125,145.4591520046874,144.40199136022366,144.54231799765637,6090400
2023-12-12,145.07559204101562,145.3094792938512,143.74709988260597,145.01009675805605,5324400
2023-12-13,145.7491455078125,145.88948639709733,141.98824950072844,143.7564362131164,10764600
2023-12-14,146.7595672607422,147.0308844653029,145.05687550161443,146.38535337037308,9240700
2023-12-15,145.15977478027344,146.5911634949868,143.84999771870304,145.46850763888625,21727800
2023-12-18,145.42172241210938,146.3572713063969,144.78554174081538,145.20655016351935,7231400
2023-12-19,146.37599182128906,146.41340749732564,144.95395345105584,145.29075163675992,6651500
2023-12-20,143.39158630371094,146.56309655685993,143.24189505111931,146.45082097974446,7008300
2023-12-21,144.8603973388672,145.13171453108265,143.4196582236222,143.78452174650104,4598600
2023-12-22,145.44044494628906,146.4414748920263,145.02880112735264,145.24397338712615,3798900
2023-12-26,146.0765838623047,146.2730553844629,144.8697322344054,145.01005883927465,4170000
2023-12-27,146.27308654785156,146.4321281590342,145.40301858627103,145.47786421659418,5288100
2023-12-28,146.4882354736328,147.1057011189127,145.93626509770476,145.94561544675128,4377500
2023-12-29,146.63795471191406,146.78763170195052,145.92692833902555,146.42276816467424,4313700
2024-01-02,149.65977478027344,151.2221398983621,146.68472153494233,146.81569782402326,9622100
2024-01-03,150.59532165527344,151.0350308214125,149.50073105297344,150.28658877636659,8232000
2024-01-04,150.2772216796875,151.54020410682824,150.0807501330604,151.17534061338628,6766600
2024-01-05,150.74501037597656,150.94146766583788,149.1919956568941,150.15560995570377,5602500
2024-01-08,151.11920166015625,151.24082757640102,149.32294961612314,150.71692251464248,6569800
2024-01-09,151.21278381347656,152.75643389591977,150.24916952134754,151.21278381347656,6357000
2024-01-10,151.43731689453125,152.13897866692255,150.8105007575698,151.39055086331476,4945100
2024-01-11,150.7637176513672,151.7460469695425,150.4175690848592,151.62443530515444,4946000
2024-01-12,151.9237823486328,151.99862797222002,151.26890098642355,151.40922760856017,4496900
2024-01-16,150.17431640625,151.7928120382831,149.85621892467444,151.15664562581915,6923200
2024-01-17,150.09011840820312,150.904055741047,149.5662132550844,149.921726441277,5072100
2024-01-18,150.81982421875,150.96950117341098,149.39778608441011,149.68780392045136,5368500
2024-01-19,151.25950622558594,151.48404305161253,149.9497437621146,150.7636665590332,7071300
2024-01-22,151.99862670898438,153.03708653019396,150.94145191319777,151.5589175961533,6824200
2024-01-23,149.51007080078125,150.16495219049938,146.79698463965894,149.3697441727501,9149800
2024-01-24,148.71487426757812,150.24917404569456,147.9664322178115,149.45395169119038,7247900
2024-01-25,149.27618408203125,149.33231473343605,148.2564391805941,148.75227896846147,5478900
2024-01-26,149.2200469970703,150.38013275234658,149.08907072432484,150.09010060702022,5591900
2024-01-29,149.08905029296875,149.75329619072645,148.71483650079105,148.76160251830743,6483200
2024-01-30,148.537109375,149.4632936904655,147.93835862371196,149.07972947387728,7200500
2024-01-31,148.65872192382812,150.26786725421576,148.44354966317863,150.0620453439096,8256800
2024-02-01,148.15353393554688,148.27515986850543,146.92796708151445,147.9664269985413,8012000
2024-02-02,146.51629638671875,148.10672647262928,145.88948041125633,147.7886433105155,8295900
2024-02-05,145.75852966308594,146.77827459528794,145.32817086375937,146.51632203060015,9121600
2024-02-06,147.87286376953125,148.4996798488214,145.57142136202944,145.78659362200213,9229900
2024-02-07,147.7980194091797,149.09843188117594,147.52671649430744,147.62962745001983,8690300
2024-02-08,146.31985473632812,147.19927306142978,145.30010977438877,147.19927306142978,9755000
2024-02-09,146.65664672851562,147.06829054626397,145.63690180976707,146.19823688403184,6529200
2024-02-12,147.67640686035156,148.20031198614205,146.27308344112242,146.4882557016412,6701500
2024-02-13,146.38536071777344,148.2377438361619,145.7117642610239,147.47995139115505,8621000
2024-02-14,145.702392578125,146.37598893625676,144.86038999278855,146.27307798500487,9098800
2024-02-15,147.7418975830078,148.26580274326486,145.84273423940357,145.92693022401383,7462500
2024-02-16,147.5722198486328,148.24149492405266,146.74268122517242,147.61935534018988,8541000
2024-02-20,148.8070831298828,149.5140723096364,147.46851867559718,147.58163234156362,9501700
2024-02-21,149.58006286621094,149.58949859497682,148.11896328078404,148.9579232681752,7472500
2024-02-22,151.2485809326172,151.52195819476768,148.72227930076065,149.86288069684664,8065000
2024-02-23,152.558837890625,152.94532876826761,150.97518900233135,151.6538997783806,6726000
2024-02-26,151.56903076171875,152.71906751942308,151.36166052463463,152.52111862556504,5465400
2024-02-27,151.74815368652344,151.80471051957065,150.48500313603043,151.14485682780054,5078600
2024-02-28,152.2854766845703,152.34203351922065,151.0977256219848,151.76701506072203,6071100
2024-02-29,152.12522888183594,152.88877492388917,151.71045957905832,152.7096686900777,9849100
2024-03-01,152.82276916503906,153.24697415953636,151.8518385554312,152.54940635748378,5670100
2024-03-04,150.6735382080078,152.34203678461694,149.19358159591727,152.06867395003687,8532900
2024-03-05,150.7960968017578,151.9932693075231,150.07025046855944,151.40881507260147,8298200
2024-03-06,150.20220947265625,151.70102313208528,150.08909580288264,150.31533752616204,5773700
2024-03-07,149.75917053222656,151.16372767708023,149.16530934737497,150.8243722641366,5188700
2024-03-08,150.3719024658203,151.1920053833454,149.34440050297823,149.75916982614635,5284000
2024-03-11,151.98379516601562,152.06864478727005,149.76857134506798,150.34358970561848,4620800
2024-03-12,153.4072265625,153.75600327906332,151.88955592183913,152.31374654160854,8018700
2024-03-13,151.86129760742188,153.35067564575905,150.64526803489275,153.20928354836414,6260000
2024-03-14,150.07965087890625,152.2760176685052,149.5894677473476,151.71043502476516,6988300
2024-03-15,149.1087188720703,150.06080680464032,148.09066714842635,148.99560521027234,13165500
2024-03-18,147.77015686035156,149.58948312487718,147.52507246124296,149.47636946124726,6602300
2024-03-19,147.251708984375,147.86442717125823,146.73324738884924,147.6853209488283,7840600
2024-03-20,146.8275146484375,147.46852568140716,146.30906739897358,146.77095781276742,5982300
2024-03-21,146.81808471679688,147.94926451523617,146.20536652123064,146.6672569080099,5915800
2024-03-22,146.32791137695312,147.39311307056096,146.2147977046169,146.76153776046286,7248600
2024-03-25,146.3184814453125,147.03489196761947,146.0168258251422,146.48815194385955,7498100
2024-03-26,146.8369598388672,147.2705718627674,145.88487176462837,146.6861320115396,6864100
2024-03-27,148.90135192871094,149.1464363292962,146.5258642920507,147.0443258930305,8461600
2024-03-28,149.1181640625,150.01368083726788,149.042750155272,149.12758540700398,6181500
2024-04-01,148.731689453125,149.08046622644517,147.7796157397121,148.6751326124497,4364700
2024-04-02,148.68453979492188,148.77881077622328,147.0066198906289,147.59107408397963,6102300
2024-04-03,145.4135284423828,148.9861884642231,145.40410709818596,148.74108967778864,8098200
2024-04-04,143.75448608398438,146.58244318727589,143.6696508229817,146.40333693600337,6947400
2024-04-05,143.65077209472656,144.2352118718488,142.91550450940133,143.31141671813558,6783000
2024-04-08,142.8966522216797,144.2634951179195,142.8683738046613,143.27372175481162,5935400
2024-04-09,143.55650329589844,143.78274501163418,142.2839314021805,142.85894984391032,6135300
2024-04-10,141.5863800048828,143.11348659186837,141.17161066974435,142.8401093556483,6809500
2024-04-11,140.25723266601562,142.21795122188618,139.88017749069675,142.1519730388852,8374400
2024-04-12,139.06007385253906,140.52118782085896,138.7112827142574,139.5690997749544,7100200
2024-04-15,139.1260528564453,140.91710089983115,138.9186681947508,139.86132051745926,8502300
2024-04-16,136.16610717773438,137.86288401154576,135.16689814885964,136.69399010742436,12774900
2024-04-17,136.46775817871094,137.07105498995293,135.30828565756994,136.6845641495726,9378100
2024-04-18,137.3821563720703,137.43871321072814,134.92183320432255,136.66573139244937,9887700
2024-04-19,139.42770385742188,139.6350885122052,136.2509558548223,137.7686266191553,9750800
2024-04-22,140.56829833984375,141.65235705313026,138.85267873143096,139.99327989435628,10118700
2024-04-23,140.9830780029297,141.85975213587426,139.70107027851722,141.26587657432253,10110400
2024-04-24,140.01214599609375,140.44577238611922,138.43791836958567,139.64451217174434,9756300
2024-04-25,138.40020751953125,141.0019225000743,137.9383027479979,140.80395920263672,7642700
2024-04-26,137.7592010498047,138.7395530738445,137.58009481855413,138.28708401534396,6183000
2024-04-29,138.40020751953125,138.77726265860187,137.61780444141473,137.75919652263332,6149600
2024-04-30,136.29808044433594,138.45676207362777,136.2415236127792,138.45676207362777,8817700
2024-05-01,142.51016235351562,143.14175202801863,139.15432259539804,140.2101029119135,14470900
2024-05-02,141.32244873046875,143.59424450914054,140.58718099538785,143.32086725312607,8459800
2024-05-03,140.70970153808594,141.29414131431378,139.3428586897004,141.29414131431378,6532700
2024-05-06,140.0592803955078,141.4449804265679,139.42770508084675,141.27529553310512,5042800
2024-05-07,140.19126892089844,141.14334268605623,139.9367487402928,140.813422969608,7333500
2024-05-08,140.40805053710938,141.14331814547634,140.17238747330634,140.56829969444763,7735100
2024-05-09,141.2564697265625,141.49213282962066,140.351517081976,140.43635234698073,6546200
2024-05-10,141.31300354003906,141.48267404239718,140.63429276314267,141.39783879121813,5710600
2024-05-13,142.54786682128906,143.28313438652143,141.12446717756615,141.43552974585353,5628500
2024-05-14,142.69871520996094,143.48111837479837,142.05770414201388,143.14176295852832,8254200
2024-05-15,143.9147186279297,144.1786601097006,142.62328963614115,143.11347283817227,5548000
2024-05-16,145.43238830566406,145.52665928436835,143.59421929078542,144.22579457365492,7591000
2024-05-17,145.77174377441406,145.97912842069556,144.89508408364105,145.97912842069556,6521800
2024-05-20,143.74766540527344,145.76223762818017,143.73815340422095,145.48666509768884,7742300
2024-05-21,143.71914672851562,145.00200526625997,143.29151271593375,144.23228724361329,5492400
2024-05-22,145.8667755126953,146.41793510153835,142.84491702559305,143.33904810524348,6609800
2024-05-23,142.25575256347656,145.23960684089337,141.95167298425133,145.15408581861163,8000400
2024-05-24,139.6614990234375,142.36026844901062,139.461935491968,142.09419340705284,9520600
2024-05-28,137.20028686523438,139.49043154659668,136.98171384792505,139.49043154659668,10499800
2024-05-29,137.25729370117188,138.18855622628357,136.56359918246625,136.66812968528495,8263800
2024-05-30,138.05555725097656,138.36914884694917,136.85821938453935,137.42837405903134,8490300
2024-05-31,139.37640380859375,140.1461218710464,137.97000519448267,138.33111322378193,14621200
2024-06-03,140.3931884765625,141.49549296067536,139.47142348984758,139.9275499832736,7329200
2024-06-04,140.45021057128906,140.93484409223848,138.9202720051539,140.1461165581439,8876400
2024-06-05,138.71124267578125,140.63079669715714,138.59721464480975,140.61178719199393,5891300
2024-06-06,139.1388397216797,139.6899992819761,137.46636603871238,138.26459112603757,5016300
2024-06-07,139.7660369873047,140.92537023189638,139.06283033894482,139.38591940710893,5111600
2024-06-10,139.81353759765625,140.2221476373959,138.3596224562548,139.2433685422041,5749900
2024-06-11,139.4619140625,139.84203156403314,138.20756255744075,139.50943056269165,5661200
2024-06-12,138.1790771484375,139.88956992260884,137.58040105247696,139.74702039975986,6180500
2024-06-13,138.2170867919922,138.73973939519382,136.72516699740152,137.85599322069157,6840400
2024-06-14,138.3026123046875,138.71123689865664,137.29532607304745,137.92250921727728,4075300
2024-06-17,138.69223022460938,139.14835683881057,137.54240893672667,137.80848400334435,6666600
2024-06-18,138.40713500976562,139.1103416317523,138.03652944547594,138.7017315608699,6156600
2024-06-20,140.43121337890625,140.71629791621663,137.79895553441006,138.0460355667466,8749700
2024-06-21,141.35299682617188,141.66658840787073,140.04161648452282,140.53576211326074,15172300
2024-06-24,141.70457458496094,142.27474365974027,140.80181896656197,141.59054657000584,6914700
2024-06-25,139.8705596923828,141.78060148860925,139.63299165553863,141.76159198566108,5912500
2024-06-26,139.51895141601562,139.87054743974454,138.5306603493167,138.92977287625246,5267800
2024-06-27,138.5496826171875,140.03210485383192,137.6374149715589,139.4999547688829,5739200
2024-06-28,138.89175415039062,139.75650512019658,138.4071061673128,138.77771165437258,10495700
2024-07-01,139.15786743164062,141.30547744758792,138.37863724443636,138.80627134717227,5144400
2024-07-02,138.7682647705078,139.83256512155037,138.49269217961458,139.1483678958788,5492000
2024-07-03,138.44515991210938,139.35741310920847,137.54240421706226,138.92979351681808,3246200
2024-07-05,139.19586181640625,139.26238782754987,137.3143270012343,138.52117670339115,4888500
2024-07-08,138.24557495117188,139.89905355225164,138.02701643781103,139.11982350461608,5260200
2024-07-09,139.7375030517578,139.8135265531461,137.96048451930753,138.4261230278106,5890400
2024-07-10,141.99916076660156,142.0371797726971,139.3859123476217,139.93707193598866,6093200
2024-07-11,142.25575256347656,143.09199678135258,141.24846630103704,142.14172453376756,6350400
2024-07-12,142.4268035888672,143.37707579962824,141.81862995398026,142.5408316141575,5336400
2024-07-15,141.81861877441406,142.7783884116229,141.46700822414775,142.61684388852845,6711400
2024-07-16,143.50059509277344,143.5671211046381,141.74260027924188,142.24624336906467,6469600
2024-07-17,148.79360961914062,149.65836072444452,143.8902020220348,144.0137420370787,13801400
2024-07-18,147.69129943847656,149.25925722446763,146.93107879981446,147.8623559696768,10166200
2024-07-19,146.99758911132812,148.7270767420575,146.4559270703847,148.7270767420575,7398000
2024-07-22,146.56996154785156,147.39669356504305,145.9522760350071,147.07360455832458,6840600
2024-07-23,144.77395629882812,145.86676338411584,144.0327452409806,145.68620937002459,6261900
2024-07-24,148.50852966308594,148.6320696819387,144.75495759027353,145.16356765262933,7168200
2024-07-25,151.70144653320312,152.59470468060522,148.24245646241357,148.69858303768186,10019600
2024-07-26,152.65170288085938,153.5449609357525,151.53988631253526,151.80596132888627,8356900
2024-07-29,150.67515563964844,152.04354990882837,150.1905220443151,152.0150429032207,5625000
2024-07-30,153.30740356445312,153.51646459181447,150.485094195077,150.65613621746252,6545700
2024-07-31,150.00045776367188,152.3761380291719,149.8959272519898,151.90100197607188,8293200
2024-08-01,152.7657470703125,152.81326357826595,149.8674285851847,150.59912770765834,7213400
2024-08-02,155.9776611328125,156.65236070043406,152.99380733375668,153.84904641947276,11280400
2024-08-05,153.23138427734375,157.53611595936755,152.59470367647071,155.64506915975795,12032200
2024-08-06,151.0647735595703,153.44995157365688,151.0362665534261,153.04134148558757,7607100
2024-08-07,150.99826049804688,152.63272999053711,150.32357529475408,150.96975348945728,5993000
2024-08-08,152.25259399414062,152.70872053306917,150.17149581652734,150.68465086032305,5094800
2024-08-09,152.63270568847656,152.92728773033545,151.41635851563865,152.15756962096168,4579200
2024-08-12,151.92950439453125,153.65899203562424,150.81768780382836,152.96529747903207,7605400
2024-08-13,150.5135955810547,152.39513025707862,148.6605679076977,152.30011174818932,9711400
2024-08-14,150.59912109375,151.61591921928917,149.5728254670382,149.98145001748912,5141200
2024-08-15,151.17880249023438,151.56841757654476,149.9909622270953,150.49460533866602,7237800
2024-08-16,151.46389770507812,151.98655035761547,150.31406186949596,151.22632963574335,5012800
2024-08-19,151.6919708251953,152.31913951879355,151.21683467852742,151.53042627532875,4408400
2024-08-20,152.19558715820312,152.92728625511617,151.72994859652962,152.0435401380646,7275100
2024-08-21,153.4024200439453,153.44993654953444,152.33811991875712,152.4236409288165,5019400
2024-08-22,154.2766876220703,154.409725141578,152.794250904696,153.94408657329998,6552100
2024-08-23,155.96815490722656,156.05367591101395,153.6589863049624,154.41920683862963,7093400
2024-08-26,156.42430114746094,157.46960632553254,155.40750297424557,156.00617907623229,6870600
2024-08-27,156.02215576171875,157.06581075769947,155.26574914712472,156.5487753592511,4388700
2024-08-28,156.95091247558594,157.98499785109107,155.79236400631103,156.07002818016875,5187000
2024-08-29,157.2477264404297,157.71689925750266,156.41471932996876,157.6307291309154,7390100
2024-08-30,158.80844116210938,158.92333467131888,156.84559425610914,157.14241222827346,7971000
2024-09-03,160.05316162109375,160.67552089297453,157.76477354855612,158.21479257039923,6956500
2024-09-04,160.24465942382812,161.67131705958903,158.98077245361435,160.67552466910686,6939100
2024-09-05,157.9754180908203,160.2542219176527,157.82221702059647,160.09145125931167,4600400
2024-09-06,157.391357421875,158.8850313848179,157.14240202134536,158.1573335802651,6016900
2024-09-09,159.5265350341797,160.29252575740261,157.47751825034166,157.8317829331834,7538200
2024-09-10,160.26382446289062,161.2979098901968,159.66060431111373,160.37871797368246,6559600
2024-09-11,157.81265258789062,159.6988842126655,157.1136781609321,159.6988842126655,5920200
2024-09-12,157.6403045654297,158.08075402330743,155.7923658242544,157.21900889530122,4540900
2024-09-13,158.48289489746094,158.7031123199692,156.85517359055,157.7360578906423,3693400
2024-09-16,159.89041137695312,160.13935219548281,158.73184820020649,159.2871912046746,5187800
2024-09-17,159.9669952392578,160.58935452570162,158.87544852324322,159.17228108868477,5066500
2024-09-18,159.0861053466797,161.19258374925977,158.69354765352583,159.54570860363881,4722800
2024-09-19,157.81265258789062,159.29674234773438,157.4296498998191,159.16269505942404,4956100
2024-09-20,157.18072509765625,157.8605311967839,156.59665872274059,157.31477239960117,11839000
2024-09-23,156.28067016601562,157.5062495407499,155.80192776619572,157.41049521676248,4671600
2024-09-24,155.859375,156.53919563827867,154.6816727836065,155.868944588405,6041600
2024-09-25,153.77207946777344,156.37643954228557,153.54227783411883,156.07003736407944,5420000
2024-09-26,154.52847290039062,154.6720897778661,153.2167233859188,153.427371212922,6122000
2024-09-27,154.53802490234375,156.48171767663166,154.48057815789105,155.11252156698504,7553800
2024-09-30,155.16998291015625,155.2848764098711,153.84864922320168,154.7008247129483,6010000
2024-10-01,155.10296630859375,155.83064948898271,154.3273913566603,155.52424734351888,4408000
2024-10-02,154.3178253173828,155.22743296630276,153.8199291245827,154.6433666468811,4684400
2024-10-03,153.6763153076172,154.57635338596907,153.40822072386032,153.94440989137405,4791200
2024-10-04,153.47523498535156,153.67631322547436,152.02943817039042,152.84330610937752,5331100
2024-10-07,152.74754333496094,154.0209998251453,152.45072539553036,153.43693353430973,4266000
2024-10-08,152.9007568359375,153.43694601012626,152.19221279286847,152.70926278944995,4766300
2024-10-09,153.81993103027344,154.3657043924223,152.72839891603465,153.12097120003025,6047200
2024-10-10,153.68588256835938,154.52847388172302,153.197570571783,154.4997505060455,4793900
2024-10-11,154.5955047607422,155.7444836174916,154.3465493582396,155.28488038674476,5253500
2024-10-14,154.72955322265625,155.2465885985896,154.0593021585878,154.5380445700316,5964000
2024-10-15,157.12326049804688,159.6605893574553,152.2400822059094,153.19756699965725,10548000
2024-10-16,157.2956085205078,157.97542918608636,155.72533396557202,157.0275139338158,5982100
2024-10-17,157.4775390625,157.98500487906432,156.6732552713482,157.27646080968216,4798000
2024-10-18,158.0998992919922,158.2626699689838,156.960489942991,157.8796818595988,5908000
2024-10-21,155.9072723388672,158.2243841078444,155.40937608625853,158.08076721289024,6082700
2024-10-22,156.50088500976562,156.76897958045865,155.01678067267747,155.41893713877533,5680300
2024-10-23,158.80844116210938,158.94248845954036,155.51469087088046,155.89769358501152,7441600
2024-10-24,156.71153259277344,158.4733010860943,156.39556086135312,157.98498910665833,5386300
2024-10-25,154.0401611328125,156.95090853103437,153.78163614291879,156.72110691667785,6400400
2024-10-28,154.72955322265625,155.0838179319058,154.15505648490011,154.27953418709438,4842500
2024-10-29,153.2837677001953,155.27533822165648,153.2550443194581,154.59553206412733,5216900
2024-10-30,153.78164672851562,154.42315984310346,152.268818869165,152.67096076442635,5820500
2024-10-31,153.06353759765625,154.0305920927161,152.68054947943023,153.1880153106068,8613900
2024-11-01,153.32205200195312,154.2125058897296,153.08268079211308,153.75291725765334,5256400
2024-11-04,151.51239013671875,153.465652572988,151.34961948453443,152.91030967197577,4644000
2024-11-05,151.61773681640625,151.84752383750802,149.70276705357225,150.96663949981158,6547100
2024-11-06,151.16769409179688,154.01142491329492,150.66022835288177,153.1018027302796,8926600
2024-11-07,150.0666046142578,152.000728207303,149.85595676699248,151.73263360352172,7522800
2024-11-08,148.86016845703125,150.40171962568812,148.80272170454427,150.32511908568574,8926100
2024-11-11,148.4484405517578,150.88046018417558,148.32397745958923,149.0037835023882,7146800
2024-11-12,146.15048217773438,148.44843989915321,145.8919571858056,147.96012790111791,7181400
2024-11-13,146.72499084472656,146.9835012476184,144.982361319728,146.0164467614755,7161900
2024-11-14,145.4132080078125,147.06008298852743,144.35039932386343,146.6675107246232,7716400
2024-11-15,147.45266723632812,147.8643787099387,144.4844583505341,144.4844583505341,11328500
2024-11-18,148.18992614746094,148.72611529626187,145.85366090477817,146.102601692419,7510600
2024-11-19,146.49517822265625,147.44309345901232,145.58557056093258,147.4047858843799,8233700
2024-11-20,146.60049438476562,146.73454166877198,145.35576125610208,146.52389384961083,9061300
2024-11-21,148.8888702392578,149.42505933144923,146.31323406921393,147.08879433542347,10141100
2024-11-22,148.5729217529297,150.4400142800186,147.5579901541049,149.27188159946877,8266000
2024-11-25,149.15699768066406,150.36342340416172,148.54420792443443,148.57293130284674,12256200
2024-11-26,149.1376953125,149.84226350679788,147.82506684341334,149.75540196105325,5683500
2024-11-27,149.98703002929688,151.17419670876055,149.21490777807594,149.24386162613231,4140400
2024-11-29,149.61062622070312,150.2476403791146,148.79988896124615,149.49481082000614,5687800
2024-12-02,149.40794372558594,149.60097429534807,148.56823791982364,149.3596824013233,6946500
2024-12-03,147.0529327392578,149.40794398540086,147.00467141491126,149.40794398540086,8674400
2024-12-04,145.22877502441406,146.2808042106222,144.5338531499507,146.02020482587608,10333100
2024-12-05,144.3118438720703,145.14188848325682,143.76169134646779,144.77512013285514,7898100
2024-12-06,144.10916137695312,144.8233906501293,143.21156264421623,144.18637654653605,8389600
2024-12-09,144.38906860351562,145.63412823914575,143.26947073242502,144.08985429782848,8410300
2024-12-10,144.03195190429688,145.57622590246075,143.1633069848849,144.70756625576044,9398700
2024-12-11,141.53216552734375,143.3273777161118,141.27156617149208,143.3273777161118,13446700
2024-12-12,141.14610290527344,142.62280802723592,140.92410377284637,142.07265547376997,6176300
2024-12-13,141.5128631591797,141.81206274688867,139.98789664468356,140.5863105473898,8324900
2024-12-16,138.83935546875,142.12091918898983,138.5208484156869,141.61902794834907,8732400
2024-12-17,141.3101806640625,141.5514725449612,138.70423129581408,138.82969305932582,10343000
2024-12-18,139.7080078125,141.6286966068757,139.63079263848962,140.6056065967046,9336100
2024-12-19,138.57876586914062,140.16164014512123,138.37607419299624,139.1192573691405,9516700
2024-12-20,139.437744140625,140.4029116007374,137.7776549310487,138.06720811453977,17702800
2024-12-23,140.2098846435547,140.267792336278,138.45327275208308,139.59217804236087,8720800
2024-12-24,140.76968383789062,140.76968383789062,139.30262513434346,139.94928558321214,3164100
2024-12-26,140.5090789794922,141.27155478412448,140.03614162770347,140.44151018897102,4656300
2024-12-27,139.99755859375,141.49357126864479,139.6404365792638,139.8238207734319,5588300
2024-12-30,138.34710693359375,139.8334731418133,137.97069219491507,139.79485819424823,6268700
2024-12-31,139.58251953125,139.6307808518437,138.3181524590472,138.75247488981566,5811400
2025-01-02,139.00343322753906,140.6924764224552,138.77178771612694,140.17127770359986,6051300
2025-01-03,139.16749572753906,139.53426406799142,138.61734321686058,139.05168034730627,5878800
2025-01-06,138.6559600830078,139.7755578650591,137.95137723739865,138.51117612842432,7910500
2025-01-07,141.1364288330078,142.05333494389205,138.58838741289765,138.75246410833705,8422000
2025-01-08,137.31439208984375,140.51874071230193,136.51330125240716,140.4222327932336,11175600
2025-01-10,137.11170959472656,138.66563005036227,135.77977356781338,136.08863427498304,8821500
2025-01-13,139.437744140625,140.01685050760713,137.35297889223335,137.99963932323428,10376400
2025-01-14,139.7080078125,139.76591551118565,137.88384166745942,139.46671591645077,8681700
2025-01-15,139.9203338623047,140.9627165311371,139.2350584562741,140.2484872782462,7434600
2025-01-16,142.62281799316406,142.91237121378492,139.04203977697296,139.29299277424568,8964000
2025-01-17,141.90858459472656,143.2115666863725,141.5032159884405,142.3043068272754,10773100
2025-01-21,142.98956298828125,143.67483841127958,141.9278875467793,142.4201176828794,11111700
2025-01-22,140.2098846435547,140.40291519506144,137.15995185697216,138.98411781419193,16834700
2025-01-23,141.53216552734375,142.75793240990325,139.7659071861939,140.3739674407519,10506400
2025-01-24,141.7058868408203,142.4876700900607,141.28121082214997,141.696225741214,9887300
2025-01-27,147.56446838378906,148.10495986367656,142.84479958130896,143.27912203998366,15152300
2025-01-28,145.1418914794922,147.64167173750818,145.0646763132196,147.34247217275632,10320600
2025-01-29,145.8850555419922,146.58963839073303,144.77511885501838,145.2577025845351,7156400
2025-01-30,147.545166015625,148.77093298890944,146.0877682442507,146.61861336868796,8911000
2025-01-31,146.85025024414062,147.84437173318787,146.76338869126218,147.30388021222504,8457800
2025-02-03,146.57998657226562,147.15909297526994,145.52795750985246,146.70546306261699,6687500
2025-02-04,148.1435546875,148.8095078457744,145.69202115883576,146.0877433411669,9645000
2025-02-05,149.3017578125,149.34035803117018,147.969821995434,148.46206682902104,8947000
2025-02-06,148.16285705566406,149.44653159302166,148.03739529569998,149.39827027274904,7418100
2025-02-07,147.78643798828125,149.1087274340039,147.4775920567086,148.18216018471236,6204900
2025-02-10,148.867431640625,148.99289339360163,146.98534334582476,148.2593714390873,6936200
2025-02-11,150.6916046142578,150.94254285931459,148.57788545917066,148.74196216485632,7554500
2025-02-12,149.85189819335938,150.23797402314958,148.8963918101136,149.86155929365853,7746000
2025-02-13,151.7725830078125,152.62193508491228,149.39826457741387,149.8518944615661,10704700
2025-02-14,150.71090698242188,151.98493521702002,150.62404543750512,151.81119739989842,6411800
2025-02-18,150.7887420654297,151.23626468246152,149.08617874352478,149.96177679957768,9670700
2025-02-19,153.61013793945312,154.0090277952753,150.55525326507066,150.7984766144488,7974700
2025-02-20,155.35159301757812,155.61427836184367,152.69559849943272,152.69559849943272,7224000
2025-02-21,157.90060424804688,159.07779696708138,154.96246197764165,155.54620396480243,12546900
2025-02-24,159.3015594482422,160.40091881814757,157.6573673427363,158.27028004687892,10201900
2025-02-25,161.58786010742188,161.9186402982549,159.49614525019376,159.65181175594168,12303700
2025-02-26,158.65945434570312,160.65388874567248,158.1535456309635,160.60524110759033,11396400
2025-02-27,159.29180908203125,159.50584678654798,157.3460225647323,157.91030243616976,8364600
2025-02-28,160.54685974121094,161.44191981373382,158.289740114278,159.85609895248652,12037200
2025-03-03,162.74560546875,162.79425310739774,160.37174321642055,160.48850051821015,9191500
2025-03-04,160.93601989746094,165.38214973546795,160.83873946731583,163.5239198311518,11999700
2025-03-05,160.64414978027344,161.9478381887641,159.09725287252516,160.05068422605132,8744800
2025-03-06,161.33489990234375,161.37380910299356,159.0777802901347,160.5273966710021,8037900
2025-03-07,162.17160034179688,163.89362578587057,160.2355371659095,160.65388903997257,9637600
2025-03-10,163.1542205810547,165.29458309687473,162.5218458076903,162.94018284495516,17559000
2025-03-11,161.3640899658203,162.76505875064484,160.5760487356501,162.66776347857538,9890300
2025-03-12,158.4356689453125,159.7588043361096,157.83246504608488,159.2918048957064,8010700
2025-03-13,158.57188415527344,160.0798568926511,158.25082758516842,158.99994473690649,5286700
2025-03-14,158.39675903320312,158.727539199118,156.73311976951868,157.72546026726332,6235800
2025-03-17,158.4259490966797,159.0680622686795,157.34603688747066,158.0076120830635,6669800
2025-03-18,159.79771423339844,160.39117970198387,158.55241207721468,159.00967308637917,7348800
2025-03-19,158.57188415527344,159.90474322450672,157.81302856963381,159.52531543168692,5936400
2025-03-20,158.60107421875,158.77618789181005,157.54060921069274,158.58161219557422,7485900
2025-03-21,159.19454956054688,159.68099625372687,158.07571325912787,158.58162197668406,17047100
2025-03-24,158.86373901367188,159.93392757223305,158.09515984537686,158.4259400015963,8046400
2025-03-25,156.65528869628906,159.739358781659,156.20775123106108,159.0875220297203,7456200
2025-03-26,157.33631896972656,158.08545103073016,156.28559233544456,156.8401486890274,7223500
2025-03-27,158.70809936523438,159.6226215034605,156.9471647500084,157.94924372823283,6752500
2025-03-28,159.27236938476562,160.0604105860502,158.49405177226188,159.15561209352714,5760300
2025-03-31,161.34461975097656,162.11321376385112,159.7782609592967,159.91446542617436,12481400
2025-04-01,149.0959014892578,157.42386594435982,148.97915904115746,156.3731393759347,23303100
2025-04-02,151.14869689941406,151.56703387395896,149.29046721695548,149.83528506528043,10356900
2025-04-03,155.48782348632812,156.29531190911774,153.211241747958,154.4468204683537,13249300
2025-04-04,149.086181640625,155.4878216368075,148.78457223350892,154.84570846579808,16601700
2025-04-07,146.5371856689453,148.57054397010987,143.40446802169475,147.1792988166815,18083000
2025-04-08,145.9340057373047,149.42668937844223,143.98821899414062,149.42668937844223,12018400
2025-04-09,146.877685546875,149.03750960842106,137.66438588352298,138.3454081450078,18773700
2025-04-10,144.65951538085938,147.1014723585021,141.19601741107385,146.29396909214825,13830500
2025-04-11,147.6171112060547,148.2203152078777,144.17307510704813,145.28217298759347,9943900
2025-04-14,150.17581176757812,150.47740631813335,147.072279736712,147.4808931450617,10685300
2025-04-15,149.45587158203125,152.0632334778731,147.97708437949197,151.47949153017248,10847700
2025-04-16,149.73802185058594,151.41139963137073,148.1132917072422,151.15843785474706,7986900
2025-04-17,153.20150756835938,155.11810853732888,149.9812331535937,149.9812331535937,10981100
2025-04-21,152.66641235351562,153.9409001804085,151.27518208299085,153.67822968223672,6285400
2025-04-22,153.47390747070312,154.41761509411143,152.024291209602,153.27933179318208,7136300
2025-04-23,151.16815185546875,152.8415293657793,150.14661101502057,152.24806391334158,9099400
2025-04-24,150.7303466796875,151.67405433597241,149.2807452132582,151.5767739164092,8310400
2025-04-25,150.38986206054688,150.70118022596543,148.31759438866158,150.13691512332085,8643600
2025-04-28,151.1389923095703,151.58651495044614,149.6504666278673,151.28492037829616,5815200
2025-04-29,151.68380737304688,152.76371959682837,150.10771003458157,151.23626989541486,5246700
2025-04-30,152.0729522705078,153.9117200490407,150.8179264212635,153.9117200490407,9598200
2025-05-01,150.27310180664062,150.8860144752473,149.20291326594125,150.79845764332825,7325800
2025-05-02,151.8881072998047,152.47184925651504,150.8373806848308,151.83947450772436,5974500
2025-05-05,150.7984619140625,152.53993439396783,150.5357765656926,152.42319194810284,5464100
2025-05-06,150.2828369140625,151.67406727843394,149.5239812889191,150.6233555245234,8644200
2025-05-07,153.0361328125,153.65878398665114,150.3120283586481,150.54552811589537,7853100
2025-05-08,151.44058227539062,152.77344141312827,150.58443137777405,151.5962487740799,7606100
2025-05-09,150.03961181640625,151.8297319959907,149.64072198487162,151.2070808533016,6520400
2025-05-12,149.9617919921875,151.14872315874868,147.08202092122536,147.89926268086666,9023800
2025-05-13,144.4163055419922,147.58793283262278,144.06606330752203,147.58793283262278,10549600
2025-05-14,142.39266967773438,144.78599382334744,142.1591699321315,144.6400509154053,10216000
2025-05-15,145.5545654296875,145.59347462933604,143.336369920384,143.98820664200468,7945800
2025-05-16,147.2279510498047,147.39334113632552,145.17514550683833,145.6129445411787,8051200
2025-05-19,148.35650634765625,148.52189642911543,146.95553760450343,147.7727644229513,12639900
2025-05-20,149.49478149414062,149.86447083723303,147.99651756445562,148.20083168038465,7351500
2025-05-21,149.02780151367188,150.2439182443103,148.8526878301439,149.03753994842893,7032200
2025-05-22,148.47325134277344,149.16401213735736,147.26685827209232,148.51216054400712,7535300
2025-05-23,148.7943115234375,149.31966740126413,148.0841035336355,148.85268274928774,6727300
2025-05-27,150.37408447265625,151.1492526106123,149.07884863006834,149.65778796891962,6990700
2025-05-28,149.56947326660156,150.75677285026757,149.0788563261916,150.40352805427477,8459300
2025-05-29,150.69789123535156,151.14925040607753,148.71579473504596,148.90223155564834,6810600
2025-05-30,152.29730224609375,152.78791913823414,150.34464162529684,151.0118734118369,15529700
2025-06-02,152.48373413085938,152.62110627080844,149.4419181827181,151.58100078655963,6669300
2025-06-03,151.52212524414062,152.7388605754872,151.18850933750107,151.8949988882907,8209800
2025-06-04,150.3446502685547,152.02255175157072,150.2563428162781,152.02255175157072,6983900
2025-06-05,150.77639770507812,151.19832107582351,149.77553498101082,150.79601160201483,5295400
2025-06-06,152.12069702148438,153.1019309647165,151.1100272577506,151.1100272577506,5391500
2025-06-09,152.31692504882812,153.06267235085258,151.5515638501274,151.9440663702561,5319000
2025-06-10,153.5140380859375,154.48546502072455,152.1108808192415,152.5131753324394,6791600
2025-06-11,152.34637451171875,153.66123935637015,151.82632172685302,153.3668661830171,6016000
2025-06-12,153.7200927734375,153.7397066695454,152.2580490016518,153.30797636857517,7075500
2025-06-13,154.15185546875,154.71115101983074,153.0430563433094,153.0430563433094,6587500
2025-06-16,152.30712890625,153.56310711488956,151.55157460228295,153.48460660529443,7024000
2025-06-17,149.52041625976562,152.36598838641433,149.2456719843281,152.06180829378278,6407100
2025-06-18,147.90138244628906,149.78534974895297,147.8817685483284,149.70686421222803,8325200
2025-06-20,146.97900390625,148.55879091876358,146.24307855829224,148.42141878604235,22605500
2025-06-23,148.48031616210938,148.58823751409696,146.92996485325,146.92996485325,7397900
2025-06-24,149.33396911621094,149.8540218139538,148.14666967248684,148.6569154226561,9544200
2025-06-25,149.42230224609375,150.19748543838807,147.90138665416632,148.5391976946219,7153700
2025-06-26,149.1573486328125,150.34464815120182,148.6863605881969,149.83440236894492,7156900
2025-06-27,149.5498504638672,150.45258378377332,148.17611412905705,149.15734795144718,10010800
2025-06-30,149.8834686279297,150.0993412699026,148.67655520049212,149.3045442573842,9039300
2025-07-01,152.9939727783203,154.78963243463514,149.94233505186827,150.12877187004233,10896700
2025-07-02,152.64073181152344,153.3668502339576,152.1599368184062,153.07247709121725,5544000
2025-07-03,153.08230590820312,153.34724327176144,151.97352170598157,152.51318841025372,3482500
2025-07-07,152.35618591308594,153.41592028051664,151.98331225442314,153.09211130943166,6270900
2025-07-08,152.8664093017578,153.8182072991739,151.31607305131817,151.5809954009529,6438200
2025-07-09,153.34722900390625,153.74953848661053,152.15994439804524,152.86641901439813,6147400
2025-07-10,154.73077392578125,156.25168944402995,152.89587134958674,153.17061563995466,6732900
2025-07-11,153.95558166503906,154.2303259391567,152.26785828263644,154.14201848799888,7872000
2025-07-14,153.87710571289062,154.5149017519845,152.60149866226192,153.92615542940482,10185600
2025-07-15,152.258056640625,154.24015323506973,151.8950049026972,153.4257273325383,6873200
2025-07-16,161.6876983642578,163.00254801406427,156.80115841393226,157.29177529572027,22134800
2025-07-17,159.92149353027344,161.60921700124823,159.25426167881125,160.1177373117364,11295700
2025-07-18,160.62799072265625,162.0017272027858,160.29437478113795,160.8536703333961,9792600
2025-07-21,161.27560424804688,161.8250928359287,159.7252528908425,160.6966798409886,8254000
2025-07-22,164.77859497070312,164.90616016372098,161.61903571523425,161.90358694684275,9288000
2025-07-23,165.92665100097656,165.946264897935,163.4637444406128,165.43603407308774,10617600
2025-07-24,166.3780059814453,166.79994431442555,165.7107741631659,166.3191343471783,6636900
2025-07-25,165.14166259765625,166.6920139022101,164.29780087422668,166.5644487084836,6254900
2025-07-28,163.10069274902344,164.78841617921015,161.95265093414764,164.70991567403397,8014600
2025-07-29,164.95521545410156,165.61264030634692,163.24786324439296,163.54223638019647,7663400
2025-07-30,164.1211700439453,165.44584174400563,163.65018198339874,164.5529153379632,6189200
2025-07-31,161.64846801757812,163.93474465900857,161.1480291773554,162.81612370907078,11036200
2025-08-01,164.1898651123047,164.47441634646825,161.69752270023744,162.37457646550328,8927800
2025-08-04,167.83023071289062,167.97742477350116,163.51280777223997,163.89548837392292,12679100
2025-08-05,167.53587341308594,168.34047738669344,166.4663171345052,167.3396146645784,7934400
2025-08-06,167.388671875,168.94883003784128,166.49574551547207,166.72144007168663,8957200
2025-08-07,168.31103515625,168.39934260624966,166.73124811457265,167.95779038381158,9315900
2025-08-08,170.0772705078125,170.69545264445026,167.19244050009084,167.81062263672857,7686800
2025-08-11,170.55809020996094,171.32345148344675,169.80253588577153,170.1459587804455,7256800
2025-08-12,169.53759765625,171.48043665027848,168.58579954394824,170.73470425167199,7916700
2025-08-13,171.1468048095703,171.26454807935008,169.45908140467287,169.75345455156247,5878700
2025-08-14,171.441162109375,172.4223958600136,169.47869460809775,171.03885267822784,8241700
2025-08-15,173.3251495361328,173.94333166305356,171.67668382759828,172.2752370849106,9477600
2025-08-18,172.9424591064453,174.23769492312,172.79528002384126,173.18776755907857,9284000
2025-08-19,174.46337890625,174.83623758239492,172.6775261392796,172.73639777380563,9274200
2025-08-20,175.48385620117188,177.22064428876024,174.65962336966695,175.15024028924466,9030000
2025-08-21,175.57217407226562,176.70060203772263,174.81663475143702,175.19931537251938,8859600
2025-08-22,175.9254150390625,177.76033256843067,174.13957717042288,176.66134044605786,9524000
2025-08-25,175.0619354248047,176.8772090706108,174.94417718110606,176.1511056012645,6229100
2025-08-26,174.44911193847656,175.1113623885591,173.7374366614811,174.7060999231484,9145000
2025-08-27,174.74562072753906,175.63522231400546,174.12291620758523,174.92354707776784,5951100
2025-08-28,173.421142578125,174.4491247570279,172.61063267008686,174.3305021472525,6424700
2025-08-29,175.12123107910156,175.3584611850056,173.4211196926361,173.93511071425883,6942300
2025-09-02,176.00094604492188,177.12776270121626,174.84447750943602,175.41777231103694,9049000
2025-09-03,175.94163513183594,176.22827497981044,174.48863278118253,175.6154493916547,7111700
2025-09-04,176.69285583496094,176.83123630448588,175.49685643742527,175.9416497264455,7854800
2025-09-05,176.3666534423828,177.4341662848054,174.51828268460764,175.94163314117105,9733800
2025-09-08,176.0701446533203,177.37487259095406,174.65667304834938,175.30904455833596,8382500
2025-09-09,174.91368103027344,176.03060370864756,174.4095689027739,175.94164806814993,6005700
2025-09-10,173.7572021484375,174.5677271148135,172.31409366624945,174.26131428978755,6891600
2025-09-11,176.43585205078125,176.78181073479666,173.5990451382739,173.7176526494387,5792500
2025-09-12,176.00094604492188,176.73239425710358,174.67644516657117,175.65500242690814,7220200
2025-09-15,175.34857177734375,176.92019676144542,174.88400556753885,175.7044094043786,4768100
2025-09-16,174.41946411132812,175.5660386777145,173.61881809435098,175.51662893199313,7959300
2025-09-17,175.15089416503906,176.4457431926535,174.5479474709965,174.6665700727086,6714900
2025-09-18,172.14605712890625,174.97298534494763,171.8594021766082,174.55784393897036,8200900
2025-09-19,174.152587890625,175.111372273971,171.32565957029007,172.66993349357537,25621000
2025-09-22,172.1954803466797,174.59737311930513,172.10650962439226,174.05373018239203,7193900
2025-09-23,174.53805541992188,174.92354491124786,172.80829217483426,172.8675959300631,8350400
2025-09-24,174.6468048095703,174.9037928069642,173.70779338109767,174.10316185129446,6676800
2025-09-25,175.6747589111328,176.3370093451046,173.87581289751407,175.15088893974706,8475000
2025-09-26,177.6318817138672,177.82956594360434,175.26951972500925,176.534716894135,8634400
2025-09-29,179.519775390625,179.76688443728418,177.72082937376246,177.75048125277442,8597100
2025-09-30,183.2758331298828,183.83924898722276,178.97614483278656,179.59884936490977,11569000
2025-10-01,183.8985595703125,184.40265660690224,181.78330668784835,183.8491347434297,13063800
2025-10-02,183.82936096191406,184.432307649533,181.96121714000282,182.06006679331983,7728100
2025-10-03,186.45860290527344,187.58541956236877,184.74861251387858,184.89687190994138,8675100
2025-10-06,185.98416137695312,187.72380368143425,185.20328832291253,185.8260079631804,5806100
2025-10-07,186.70570373535156,187.04176840652755,180.82451166041724,181.64491547464473,8776800
2025-10-08,187.49647521972656,188.02034522715945,186.09289755053467,186.68595025285137,5751200
2025-10-09,188.87039184570312,189.87860099777504,187.53599693612736,187.80287893451043,7484800
2025-10-10,188.51455688476562,189.8489518132843,187.6546222006277,189.78963297098187,9598000
2025-10-13,188.6924591064453,189.0878426244488,187.09119733496354,187.63484024575644,7979500
2025-10-14,188.64305114746094,192.15198752359413,183.73052212206747,190.68910619899648,13613300
2025-10-15,188.9593505859375,191.33160656608345,187.1109796787497,189.26576340131732,9473000
2025-10-16,189.8983612060547,190.81761473078961,188.2279015859536,189.12738216329106,10611800
2025-10-17,190.9856414794922,191.36125205733495,189.46344130364264,190.27396621744242,7764400
2025-10-20,191.4798583984375,192.2310644671735,190.10593270864481,191.26240123179355,8034700
2025-10-21,189.66114807128906,191.31183476056947,189.55241948302077,190.77807075185612,6716000
2025-10-22,190.70889282226562,191.21298988100622,189.56230315049532,189.7797603324635,6343100
2025-10-23,190.2443084716797,191.75661458631456,189.3250550022384,190.33326410610792,8882500
2025-10-24,188.1982421875,190.08615890653152,187.2295789564792,189.97743032369885,6903400
2025-10-27,188.0994110107422,188.59362910846755,187.33831091719009,187.79299820332676,7126000
2025-10-28,184.76837158203125,187.31853878729856,184.4619587732793,187.071429737358,8329500
2025-10-29,184.44219970703125,184.93641780369282,182.5246310788101,184.54103427695995,10551100
2025-10-30,186.86386108398438,187.19004683019028,184.7486082820175,184.91664062115282,7072500
2025-10-31,186.68594360351562,187.30866324699156,184.60034258095476,185.2922599991901,8791700
2025-11-03,184.1061248779297,186.8440974299442,183.37469172794485,186.81444554993618,7542600
2025-11-04,184.69918823242188,185.6480936170402,183.47352191944393,184.66953635312188,7209400
2025-11-05,183.84913635253906,185.65797643943674,183.25606858943368,184.48173492809292,5049400
2025-11-06,184.8079071044922,185.35155000031943,183.22640324069272,184.60032887796228,6767400
2025-11-07,184.4125518798828,186.17196713607015,183.5526021168054,185.56902044160103,6959200
2025-11-10,186.2312774658203,186.24115639867696,182.97931375749687,183.84914248376896,5323800
2025-11-11,191.58859252929688,191.6775481684981,186.86386864875197,187.19993334062747,7465600
2025-11-12,192.14210510253906,193.28869467126262,190.83737721032932,191.12401706134077,8803000
2025-11-13,192.99217224121094,193.73349940731035,191.2129840261044,191.96420520711595,8631600
2025-11-14,193.664306640625,194.8998519494097,191.31183862869028,192.74506817041248,8824800
2025-11-17,197.2720947265625,197.96399703648848,193.6346417392758,194.68239675983705,13257000
2025-11-18,197.68724060058594,197.9837744779547,196.23423817558447,196.7086833299708,12468600
2025-11-19,200.168212890625,201.12699722777688,197.07441778716495,197.68724341540397,14690800
2025-11-20,200.72174072265625,202.14507614142028,199.23908646439702,199.66410677890858,10612600
2025-11-21,201.54212951660156,204.54698392676534,200.64266406230783,201.60144835610953,13189100
2025-11-24,203.6672821044922,203.73646479570215,200.65254867686934,201.35434501536758,14803900
2025-11-25,205.57713317871094,206.6215838446117,204.09500679162497,204.09500679162497,10275300
2025-11-26,206.46241760253906,206.71109559930028,204.85098904051847,205.39808366901323,6729000
2025-11-28,205.8258056640625,206.3629586449613,203.54792185749713,205.90538444560678,5638300
2025-12-01,204.254150390625,206.601671225268,204.254150390625,205.40801990791223,8473700
2025-12-02,204.333740234375,204.5227379456605,202.02601625292777,204.15469935722084,8393600
2025-12-03,204.2442169189453,205.9252826285737,203.90601848146164,204.8111948667149,8363300
2025-12-04,201.40928649902344,203.7767059746564,200.64336916828415,203.50812947813563,9049900
2025-12-05,200.8621826171875,202.37414907500914,199.74811005779273,201.90663323067022,7785300
2025-12-08,200.5538330078125,202.18516011668032,199.927174755095,201.58834201037314,7785700
2025-12-09,198.90261840820312,204.45309801733026,198.85287977253054,201.84695743157303,7509400
2025-12-10,205.44781494140625,205.70644978186098,199.1214458560129,199.52928142896002,11599800
2025-12-11,208.8994598388672,210.1229665164575,206.73099498321687,206.800616929999,9009000
2025-12-12,210.46116638183594,211.14752008902906,207.8550258037756,209.16803774867068,6922700
2025-12-15,213.03746032714844,214.05207078419528,207.9047429304409,209.23766850267896,8467000
2025-12-16,208.19322204589844,213.5945008532235,207.7058077078452,212.86836535212407,9949800
2025-12-17,209.2177734375,210.40148312707717,207.35766688422177,208.28274174394826,8457600
2025-12-18,207.2084503173828,209.94390826491855,206.6613556922556,208.69057663307282,7499900
2025-12-19,205.27871704101562,208.13355089193627,204.94051859312015,206.46242678675088,24803900
2025-12-22,206.22369384765625,206.97966948419256,204.41331076850065,205.03998416945456,8187800
2025-12-23,204.69183349609375,205.43786749372595,202.20505350398636,203.9358578426093,7047300
2025-12-24,206.68125915527344,206.84041671879498,204.48295412427228,204.91067300087317,2376500
2025-12-26,206.5320587158203,206.93987910302855,205.61692549143734,206.4325814439545,2316700
2025-12-29,206.46241760253906,208.36232114053888,206.28337673035918,206.90009330533488,4348900
2025-12-30,205.81585693359375,206.59173105435548,205.4279198732129,206.41267500751042,3937400
2025-12-31,205.85565185546875,206.40274650834,205.27871705590465,205.8158700525786,4083800
2026-01-02,206.2535400390625,206.29332184084635,202.60293362874384,205.72634389134794,6325500
2026-01-05,203.22959899902344,204.8509843578355,199.8475843916204,204.781347234846,9477000
2026-01-06,203.70706176757812,205.6169221452363,203.04060655560488,203.51807923906964,8107900
2026-01-07,206.39279174804688,207.15870903533664,203.94579362788576,204.17457313070608,7545900
2026-01-08,204.6619873046875,207.87490270971202,203.88611318431748,205.83574014080108,6557800
2026-01-09,203.30918884277344,205.60697117688437,202.9311934187722,204.82115536067752,6154300
2026-01-12,208.6110076904297,208.79004856995033,202.77205294406903,204.4630603557572,11794300
2026-01-13,212.5202178955078,213.25631025751974,207.75555397803453,208.8000046390471,11379600
2026-01-14,217.39430236816406,217.70266064794117,213.0175606277502,213.59449538718158,11858800
2026-01-15,218.40892028808594,218.5879611619112,214.76827073930042,217.07599467784007,8492100
2026-01-16,217.50372314453125,218.94605246635012,216.9864686699265,217.88170337226921,10021500
2026-01-20,217.0561065673828,217.5733458657319,213.36571846475653,215.94201883517667,14057100
2026-01-21,216.85716247558594,217.523617709026,209.38688065367336,209.8842366647272,14762900
2026-01-22,217.33462524414062,220.99515803275426,216.946688180368,217.61314338335688,13160000
2026-01-23,218.97589111328125,220.0402402000813,216.68805056082226,218.63769268831862,6950600
2026-01-26,220.3187713623047,220.85590917617478,218.83664498443017,219.04554118755243,6856700
2026-01-27,223.25315856933594,224.30755083656834,219.53293031085727,220.8260589167103,8154100
2026-01-28,226.5158233642578,227.36133465606514,224.88449625169972,225.20279620683007,9026500
2026-01-29,226.0880889892578,228.78376524947475,225.87920796420136,227.60005551381826,9645300
2026-01-30,226.0482940673828,227.29168402374904,224.13844891577625,227.0529476880107,11045500
2026-02-02,229.52980041503906,229.96747613576758,226.0483083177362,227.11265747297156,8187500
2026-02-03,231.86737060546875,233.95625667459254,229.26121487432323,230.27582535252645,9346600
2026-02-04,233.23011779785156,234.58292668984654,231.70820969161971,233.75731392991355,8641400
2026-02-05,236.53256225585938,238.31310525407034,233.74738076944124,233.75732242542819,10267500
2026-02-06,238.72093200683594,239.6659053461298,236.72155122592875,237.6963798882826,8274000
2026-02-09,237.37806701660156,239.466968252147,235.78652177255736,238.97955391635966,9378500
2026-02-10,237.08961486816406,239.22823962936926,236.62209900682328,238.71098513165373,6723300
2026-02-11,239.58633422851562,239.9842129594366,236.14462401145659,238.07436773043472,6803900
2026-02-12,243.25682067871094,245.0473052999273,238.41256295657277,239.2083355857912,10254300
2026-02-13,242.16262817382812,243.6546961418469,241.32707375448166,243.29659922239838,13268500
2026-02-17,242.04327392578125,243.19714349398103,240.5909877205504,242.83904656516387,12703000
2026-02-18,243.6945037841797,243.7740825673282,241.53598051736643,241.9537577453205,8129700
2026-02-19,245.60433959960938,245.6540782344269,242.97830056910783,243.3264406566298,7553900
2026-02-20,241.2077178955078,245.57450296026227,239.00939770123207,245.16666739827662,13565800
2026-02-23,244.5399932861328,245.5048651358389,241.31713613528814,242.3416882762172,9622700
2026-02-24,246.27999877929688,247.25,244.5399932861328,245.35000610351562,7246300
2026-02-25,245.1699981689453,247.25,243.72000122070312,244.86000061035156,7698200
2026-02-26,243.47000122070312,245.47000122070312,242.02000427246094,245.11000061035156,7172600
2026-02-27,248.42999267578125,248.94000244140625,242.5,244.02999877929688,16428600
2026-03-02,248.55999755859375,251.7100067138672,246.8699951171875,249.19000244140625,9042400
2026-03-03,246.75,247.8800048828125,244.36000061035156,246.4600067138672,6178700
2026-03-04,245.3000030517578,246.57000732421875,243.17999267578125,245.75,5768000
2026-03-05,239.6300048828125,243.0,235.92999267578125,242.6300048828125,9375400
2026-03-06,240.39999389648438,240.7899932861328,235.42999267578125,238.1199951171875,7179800
2026-03-09,242.58999633789062,244.08999633789062,240.0399932861328,240.8699951171875,7844000
2026-03-10,243.7100067138672,245.0,240.82000732421875,242.3000030517578,7214100
2026-03-11,242.99000549316406,243.69000244140625,241.36000061035156,242.8699951171875,6933200
2026-03-12,242.0399932861328,244.39999389648438,240.3000030517578,241.4600067138672,7710200
2026-03-13,241.52000427246094,245.58999633789062,241.5,244.2100067138672,6415300
2026-03-16,243.19000244140625,245.05999755859375,241.6699981689453,243.9199981689453,7571500
2026-03-17,238.11000061035156,244.13999938964844,237.22000122070312,243.5800018310547,7281800
2026-03-18,237.27999877929688,239.11000061035156,235.4199981689453,237.8699951171875,6811500
2026-03-19,237.60000610351562,239.25999450683594,236.30999755859375,238.33999633789062,7511500
2026-03-20,235.3699951171875,238.2899932861328,234.5,236.8300018310547,17156600
2026-03-23,235.4199981689453,238.30999755859375,234.25,237.39999389648438,7313700
2026-03-24,235.27000427246094,236.0,232.24000549316406,234.13999938964844,9046200
2026-03-25,239.92999267578125,241.4600067138672,235.72999572753906,236.8000030517578,6456400
2026-03-26,239.24000549316406,241.64999389648438,238.92999267578125,240.0,5171400
2026-03-27,240.4499969482422,242.67999267578125,239.1300048828125,241.19000244140625,7617600
2026-03-30,242.49000549316406,244.2100067138672,240.50999450683594,243.49000549316406,7241300
2026-03-31,244.44000244140625,245.3300018310547,242.64999389648438,243.00999450683594,7554200
2026-04-01,244.1199951171875,247.1999969482422,243.74000549316406,245.60000610351562,6314600
2026-04-02,243.0399932861328,247.2100067138672,241.8699951171875,245.11000061035156,6878700
2026-04-06,240.97000122070312,243.52000427246094,240.5,242.64999389648438,4442400
2026-04-07,238.41000366210938,240.77999877929688,236.00999450683594,240.77999877929688,6241100
2026-04-08,241.3000030517578,241.3300018310547,233.89999389648438,236.63999938964844,8771100
2026-04-09,241.30999755859375,244.1999969482422,240.5399932861328,241.3000030517578,6216500
2026-04-10,238.4600067138672,242.25999450683594,237.91000366210938,242.0,7354500
2026-04-13,237.9600067138672,238.38999938964844,235.17999267578125,237.7100067138672,7663600
2026-04-14,240.10000610351562,242.19000244140625,233.25,235.00999450683594,10318700
2026-04-15,238.6699981689453,240.4199981689453,236.75,239.94000244140625,6463500
2026-04-16,234.5399932861328,238.13999938964844,232.1199951171875,237.4199981689453,8668900
2026-04-17,234.17999267578125,235.5399932861328,232.0399932861328,234.36000061035156,8946300
2026-04-20,230.69000244140625,235.25999450683594,229.52999877929688,234.80999755859375,7810500
2026-04-21,226.16000366210938,229.69000244140625,224.6999969482422,229.35000610351562,11681200
2026-04-22,226.10000610351562,227.47999572753906,223.77999877929688,226.17999267578125,9003400
2026-04-23,230.64999389648438,231.38999938964844,227.02999877929688,227.25,7097600
2026-04-24,227.5,229.99000549316406,227.02000427246094,229.02999877929688,6067500
2026-04-27,225.33999633789062,227.91000366210938,224.35000610351562,225.77000427246094,7897800
2026-04-28,227.7899932861328,231.02999877929688,226.3699951171875,227.72999572753906,7179800
2026-04-29,227.35000610351562,228.7100067138672,224.86000061035156,225.52000427246094,7071100
2026-04-30,229.85000610351562,231.16000366210938,227.80999755859375,227.9499969482422,8157200
2026-05-01,227.19000244140625,229.77000427246094,227.02000427246094,229.05999755859375,6863600
2026-05-04,224.1999969482422,227.07000732421875,223.5800018310547,225.50999450683594,8213500
