Price,Close,High,Low,Open,Volume
Ticker,JPM,JPM,JPM,JPM,JPM
Date,,,,,
2021-05-17,145.1241455078125,145.28278702101846,143.678809303874,143.97844905951146,9886800
2021-05-18,143.0795440673828,145.85564307311154,142.98260020175584,145.13296817523488,11098100
2021-05-19,141.9867706298828,142.048454866134,139.80995047315213,141.8898267320989,13278900
2021-05-20,141.7399444580078,142.64768535278634,140.58543983150005,141.7399444580078,10426000
2021-05-21,143.3527374267578,143.84626491458127,141.83689531551977,142.18941110750353,10249000
2021-05-24,144.12828063964844,144.7363818356846,142.8768320460102,143.96965256117778,9440300
2021-05-25,142.63890075683594,146.03190935310656,142.38331534752007,144.4015068164935,12609100
2021-05-26,142.62123107910156,144.30452262315046,142.16294986631263,144.15470276365687,13058300
2021-05-27,144.84214782714844,145.19466363446793,143.2734296236293,144.48961857221286,15707500
2021-05-28,144.74520874023438,145.36211814721233,143.88152212284876,145.1329707620373,10291300
2021-06-01,146.3403778076172,147.0982989875066,145.83802860167782,146.18173626188243,9445400
2021-06-02,146.3491973876953,147.56540002505503,145.8821077989508,147.40675846697306,10498600
2021-06-03,146.4461212158203,147.3979300911092,145.1153584967975,145.77633576178008,13354400
2021-06-04,146.68408203125,146.8867779677455,145.44144150130873,146.48138609475447,8510800
2021-06-07,145.99667358398438,147.26575218926402,145.53839221038496,147.17761650093482,7267200
2021-06-08,145.4149627685547,146.0847480589538,143.7933688354114,144.96550317932005,10370700
2021-06-09,143.59950256347656,144.7275692459046,143.01783939820774,144.65706339730087,12377400
2021-06-10,141.36097717285156,145.62649335034044,141.2816631407425,144.8509425094125,12119400
2021-06-11,141.26405334472656,142.06604231005542,140.1800544093801,141.38743522803742,13683800
2021-06-14,138.86691284179688,141.29930415238428,138.0649239266613,141.14066262798954,19917900
2021-06-15,136.7605743408203,138.29404619178553,135.8352170757425,138.10015848255034,24485500
2021-06-16,137.72122192382812,138.9109728909911,134.93630124979595,136.3640077894381,25321200
2021-06-17,133.7465362548828,138.7699740309473,133.2970765733641,138.45270441822342,29722400
2021-06-18,130.36231994628906,131.93103799146965,130.04505037267867,131.57852221973133,43595700
2021-06-21,132.5744171142578,133.2530242575621,131.33178997998056,131.38466601365815,18664800
2021-06-22,132.38055419921875,133.0503397628061,131.014531605311,132.72426189532027,14251200
2021-06-23,133.18247985839844,133.9932768512802,132.27473901595397,132.37168286551668,12733300
2021-06-24,134.4075164794922,134.9451118505592,133.27064151975597,133.88755093386155,13733200
2021-06-25,135.76473999023438,136.1613236803624,133.66723439017304,134.47803159707985,15484900
2021-06-28,136.01150512695312,136.14369520910597,134.06381941498898,135.45627988667573,14125800
2021-06-29,135.84405517578125,137.7564812310609,135.3769656227581,136.60197635669732,14528700
2021-06-30,137.077880859375,137.55379207307598,135.46510798966156,135.50035419737873,12531000
2021-07-01,138.43508911132812,138.48796514439132,136.97212277436307,137.71241413248353,10479400
2021-07-02,138.30209350585938,138.5591516947402,137.4954831581547,138.2311813684132,11424000
2021-07-06,135.97982788085938,138.08054830599832,135.04026538733922,138.08054830599832,15083400
2021-07-07,136.1393585205078,136.75096404163807,134.3311458505284,134.73887384787457,12271800
2021-07-08,133.79043579101562,135.19977923550832,132.9926842662223,134.38430981746646,17834600
2021-07-09,138.0716552734375,138.40847105912547,135.24409601728655,135.66069642007983,13694500
2021-07-12,140.0482635498047,141.0764692370821,136.44955716944077,136.81297679556405,19940400
2021-07-13,137.96527099609375,139.50757962964707,136.0595562373403,138.31983170070205,22671700
2021-07-14,137.49549865722656,139.41008600877203,135.57205235941692,138.23119695041603,14622800
2021-07-15,137.7969207763672,138.74534227066655,136.236880150061,136.4141538052923,11539300
2021-07-16,134.65023803710938,138.52372147180876,133.86135891934174,138.2400863803639,14002700
2021-07-19,130.271484375,132.7976769483079,129.15464860343752,131.6719687060685,22172900
2021-07-20,132.70018005371094,133.94996768715788,129.70420626159904,129.87262091028344,15385200
2021-07-21,135.49229431152344,136.19252983685018,134.16272188802625,134.7743273668526,12356700
2021-07-22,133.7815704345703,136.0063969405435,132.93065165966516,135.51002540099716,9913300
2021-07-23,133.5245361328125,135.47457312961183,133.17884781758494,134.2690935002086,9666100
2021-07-26,134.41978454589844,134.6945742445219,133.1079433666601,133.12567478837076,8208000
2021-07-27,134.2424774169922,135.16432176442302,132.7799533308235,133.31177412347188,11218700
2021-07-28,134.46408081054688,135.41251557789045,133.7372549597358,134.98704268827927,9217300
2021-07-29,135.6164093017578,136.3875571050456,134.65025642922976,135.74050220717322,9063500
2021-07-30,134.53501892089844,136.21027986233892,134.02091589057386,135.2441270153155,9805200
2021-08-02,133.99429321289062,136.90162352640857,133.9056631756532,134.7565818636977,10203200
2021-08-03,135.5188751220703,135.90002622298712,132.5317736159463,134.68567429807973,10394800
2021-08-04,134.05636596679688,135.94434968917562,133.76385839851608,134.0652249142803,10155000
2021-08-05,135.7493133544922,136.22796691048418,134.73883904475167,134.97816582274766,9151500
2021-08-06,139.60513305664062,139.888781723794,137.48668110237296,137.5575932691613,13328800
2021-08-09,139.45440673828125,140.5357932791384,138.18687412641054,139.62282139179143,9516900
2021-08-10,141.1651153564453,141.8033111299167,138.55029258950182,138.93144367440405,8667000
2021-08-11,142.84930419921875,143.15067078642602,141.0056283022994,141.82109799274403,9156500
2021-08-12,143.40768432617188,143.9217873173834,142.30857971230188,143.48746895549382,8844200
2021-08-13,141.80332946777344,143.73564845542185,141.43992327833328,143.40767805504467,8980900
2021-08-16,140.8726348876953,140.96127846635474,138.96691967251823,140.88150736062795,8755800
2021-08-17,139.1707305908203,140.810541494785,137.62843570125315,139.6671155068264,9347200
2021-08-18,137.90322875976562,140.0571292091094,137.6904923409594,138.55028343661147,8065500
2021-08-19,136.75096130371094,137.8855287455141,135.62525280946016,135.75821817341085,9517700
2021-08-20,137.14096069335938,137.30050288751434,135.75820757691088,136.81300383307882,6974100
2021-08-23,138.89601135253906,139.24169967868488,137.60190162906457,137.68167273699555,7934600
2021-08-24,139.75576782226562,140.53578786103688,139.04665992566524,139.1618938473314,7670900
2021-08-25,142.6365203857422,143.3988090756872,139.87101421994598,140.50033755954504,11335000
2021-08-26,143.37225341796875,145.21592914985013,142.84041893805795,143.82430325831407,11027500
2021-08-27,144.5245361328125,144.62203865895682,142.93790534601953,143.37223723977354,8780200
2021-08-30,142.21104431152344,144.91451048294923,141.7146728554796,144.6663247549273,7937600
2021-08-31,141.77674865722656,143.03540903442826,141.24492775811794,142.21108055450983,12340800
2021-09-01,141.5728759765625,142.49470692690596,140.9080897495971,142.01606679453946,8729900
2021-09-02,142.22877502441406,143.24810829338364,141.31578967750363,141.838765017992,8813300
2021-09-03,141.3690185546875,142.6099474926267,141.0676385053785,142.16675665406112,7959700
2021-09-07,141.1208038330078,143.04425005500363,140.89920845915887,141.81218031740787,9285600
2021-09-08,140.49148559570312,141.4487793603148,140.08374410286274,140.83717388360927,7852700
2021-09-09,141.1030731201172,142.55673823881511,140.11918911431437,140.28760376329723,7904300
2021-09-10,139.48098754882812,142.459229805302,139.35689468502122,142.31740552520614,8311600
2021-09-13,141.6969757080078,141.86539039099048,140.11035845407147,140.5180864522401,10052800
2021-09-14,139.22393798828125,143.00877696408253,138.50595766741557,142.21989803076553,11685600
2021-09-15,140.1901397705078,140.65992101246178,138.69215246026852,138.9137478961001,11691500
2021-09-16,140.12808227539062,142.57450446830256,139.35693451029184,141.29811263288966,10880900
2021-09-17,139.7646484375,140.9435376242899,139.1619154232611,139.49874476951828,25581600
2021-09-20,135.5809326171875,136.9991350321023,133.3915690295213,136.4052609956861,15819900
2021-09-21,135.59866333007812,136.99028903623685,135.24411607410832,136.08617595086974,8999900
2021-09-22,138.1957550048828,139.38350307279964,137.47778809106907,137.5664181337603,11236200
2021-09-23,142.86695861816406,143.33675323962547,139.75576453238926,140.0482720400428,12336100
2021-09-24,144.51565551757812,145.0031681208322,142.54790073508872,143.0974530196058,10102400
2021-09-27,148.0079803466797,148.38025895684527,145.90726050177815,146.25294874872534,13220900
2021-09-28,147.2102508544922,150.06440055478947,146.83797222294592,148.64618465118625,13387900
2021-09-29,147.0950469970703,147.9371069447565,146.2884363679226,147.32551490546223,7777100
2021-09-30,145.091796875,148.01685867065802,144.29404537157927,147.95480547062252,13161200
2021-10-01,148.14093017578125,149.17799480802995,145.01200486371008,145.36655201956864,11285000
2021-10-04,147.9813995361328,151.07487606627808,146.90001294508417,147.99913095445916,14120000
2021-10-05,150.39794921875,151.71769496428143,148.62341620198617,149.10495406486655,12292900
2021-10-06,150.718994140625,150.79033359868424,148.02598742698203,149.80052072885388,8692600
2021-10-07,151.67311096191406,152.93935556466133,151.18266075499577,152.66292370438245,10195400
2021-10-08,151.7890625,152.78778772396498,150.96867912222723,151.61072065380776,8190100
2021-10-11,148.59669494628906,152.74320074963052,148.43619136471443,152.3062652620479,12154700
2021-10-12,147.4552764892578,148.64126939567723,146.92916332519033,147.8030478222222,13032600
2021-10-13,143.5673370361328,147.49983692488212,143.21065344266097,146.3049319194838,22753500
2021-10-14,145.76995849609375,146.25148292455128,142.72917982976156,144.23619386232087,15176800
2021-10-15,148.56993103027344,149.06929360366405,146.3673747031609,147.4463652401446,14267400
2021-10-18,148.51641845703125,150.35336504260107,147.94571647310073,148.45399133683782,12672900
2021-10-19,150.31773376464844,150.38905962187192,148.5432003191092,149.27440601184736,8053900
2021-10-20,152.34193420410156,152.36868480208688,149.32792010932766,150.0769640661393,8185600
2021-10-21,151.1470184326172,152.77887283078914,150.4157991869029,152.27058429072767,8415200
2021-10-22,153.18014526367188,153.45657716141443,151.32536016125133,151.6196303252835,8817900
2021-10-25,152.4311065673828,154.2323905390945,152.02090806836713,154.00945982599293,10159200
2021-10-26,152.84127807617188,153.8132662412064,152.07439594599043,152.4845944090869,8015100
2021-10-27,149.65782165527344,152.21706143787156,149.22087263599218,151.87821606599223,9847000
2021-10-28,151.91387939453125,152.04763235660454,149.7737503617072,150.07693281347903,7212900
2021-10-29,151.49478149414062,153.59033545518025,151.0489201072479,152.64509788541554,8140100
2021-11-01,151.41455078125,153.67060862435602,150.71008207222275,153.4120013642685,7435500
2021-11-02,152.01199340820312,153.09989635999239,150.62982028683703,151.4145407390419,7173800
2021-11-03,152.06549072265625,152.60052985489583,150.8349088824714,151.70880703890342,8402700
2021-11-04,150.06802368164062,151.77121749132905,148.46293353060216,151.59287565305922,9574200
2021-11-05,149.85400390625,151.6731122449432,149.28330191699246,150.61196004461854,7975600
2021-11-08,150.75465393066406,152.41325887786448,150.4693097109725,150.7457416010709,6413700
2021-11-09,149.61325073242188,150.2285416432765,148.56102435652167,149.2298164584749,7990300
2021-11-10,149.4705810546875,150.65657408823077,148.99796902863181,149.31898980167068,6999200
2021-11-11,149.461669921875,150.4158063118274,148.8285407009222,149.3814181296251,5815300
2021-11-12,148.7928466796875,149.57756699088696,147.7762833704556,149.4973016087992,8113400
2021-11-15,148.5253448486328,149.6221600640078,148.02598226623803,149.10497282267738,6492500
2021-11-16,147.4552764892578,148.9801283993998,147.2412581279684,148.97120246354845,9706100
2021-11-17,146.6616668701172,147.6336415683045,145.6986045025751,147.32154671638074,9909600
2021-11-18,145.39540100097656,147.00050471526617,144.95845194340032,146.59030625237727,8122500
2021-11-19,143.4960174560547,144.5571696624169,142.18518397838477,143.83487644137608,12193600
2021-11-22,146.55467224121094,148.00817139687794,145.34192848522724,146.38524270369217,14549900
2021-11-23,150.05909729003906,150.30877856154126,147.46418092556044,147.58010923254673,12354400
2021-11-24,148.88204956054688,151.09351836726648,148.4183498794795,150.21963380444038,9629800
2021-11-26,144.3966522216797,145.03869366284258,141.62340764972922,144.58391997810585,13619300
2021-11-29,143.77244567871094,146.93806395349284,142.51512702526043,145.62723050902432,12104400
2021-11-30,141.63230895996094,143.2374124379966,141.15077111324638,141.92657906481813,18922600
2021-12-01,140.79409790039062,145.59157042622144,140.71384612221195,143.5673560680819,12253400
2021-12-02,143.754638671875,145.5737471981936,141.60558345683899,142.5240568529297,12969900
2021-12-03,141.15077209472656,144.30747789124786,140.16988534498984,144.0132077843445,12681800
2021-12-06,142.8183135986328,145.00303153362952,142.1941104181493,143.5762697440025,11186500
2021-12-07,144.96739196777344,145.6985976379715,143.71005946883741,144.35210101694895,9851600
2021-12-08,143.30877685546875,145.5915850413227,142.82723892484046,145.04763359027078,11705700
2021-12-09,143.08584594726562,143.50494314363885,141.47181625566503,142.36353905237672,11189600
2021-12-10,142.51515197753906,144.19158167786043,141.8998610358837,143.85273624840346,10405400
2021-12-13,140.82086181640625,142.48837908494812,140.25015977323721,142.22978546192576,12069000
2021-12-14,141.8998565673828,143.4692838307284,140.2680021755229,140.40175515575305,12563600
2021-12-15,140.8386688232422,142.54186224517971,140.31255575780818,142.54186224517971,14014200
2021-12-16,143.04129028320312,144.29862298395543,141.51643796002924,143.02345201327816,19542800
2021-12-17,139.7864532470703,142.12277610214872,138.37752967073413,142.06927491426154,28082000
2021-12-20,137.2718048095703,137.94950921352105,135.3991815578562,137.78007971088095,15148000
2021-12-21,139.18905639648438,140.16103131676178,138.29733329018626,138.58269121537677,11291300
2021-12-22,139.73297119140625,140.0539919692928,138.4310634191967,138.88583718511464,7273000
2021-12-23,140.2322998046875,141.89090448698883,140.1877245572309,140.54440817653116,8055200
2021-12-27,141.034912109375,141.07057504225378,139.4119697278233,140.5355494093939,6188100
2021-12-28,141.462890625,142.80938702305042,140.96352808285172,141.070530454281,6342300
2021-12-29,141.3915557861328,142.34570565118904,141.02594619634814,141.65016300099873,6398900
2021-12-30,141.32022094726562,142.88966173255616,141.222130898185,141.88201064714664,6948200
2021-12-31,141.20428466796875,142.04249251515856,140.85651338464936,141.2934487674872,5805900
2022-01-03,144.19154357910156,145.02976501109006,142.2386688825767,142.55077723928977,13120900
2022-01-04,149.65782165527344,150.3266136770625,146.44761450804248,146.518953956493,20195800
2022-01-05,146.92176818847656,151.03034049486538,146.8769120593165,150.54592988917568,17539400
2022-01-06,148.48265075683594,150.14221780257327,147.00248082677263,149.7295743225558,14047500
2022-01-07,149.95388793945312,150.28579871431185,148.0700396921458,148.6172517115506,13913300
2022-01-10,150.097412109375,151.88256852359768,148.49165285474012,151.6672809815561,12922500
2022-01-11,150.24990844726562,151.1738872950451,149.19136120073472,150.9406408791439,11854100
2022-01-12,151.10211181640625,152.13373437527682,149.97179755770478,151.12005700620907,12568000
2022-01-13,150.91371154785156,152.33108030867018,150.6087117822518,151.01238955297717,13623400
2022-01-14,141.63804626464844,144.45483884518694,140.7499441404792,144.21262668620088,40158400
2022-01-18,135.699462890625,139.7452341270361,135.04459347863929,139.7452341270361,32324800
2022-01-19,133.6002960205078,136.56062239038292,133.2594195768705,135.96856806694217,22380000
2022-01-20,132.46107482910156,135.10742290451475,132.1919516698012,133.65417700773426,14860800
2022-01-21,130.14663696289062,132.32650579805693,129.4200140178352,132.31754004511797,20705400
2022-01-24,130.02999877929688,130.5054437056573,125.2037824359175,127.63482895550824,28471400
2022-01-25,131.44737243652344,131.73444076573537,126.29819720869814,128.8638122263015,18915900
2022-01-26,132.69427490234375,135.07151292084316,130.93602957942716,133.41193192091282,20709100
2022-01-27,130.35292053222656,134.90106087312225,129.2943870928278,134.03986975767492,17536800
2022-01-28,131.5191192626953,131.65367396618265,127.53613578143928,129.34821668802778,14117000
2022-01-31,133.30429077148438,133.47472216848456,129.77880692944967,130.64896385719052,13985700
2022-02-01,135.59181213378906,135.87888044168872,133.03517674638817,133.3850326915344,14584900
2022-02-02,134.50637817382812,135.4034461742531,132.82886539324826,135.00873406395868,12441100
2022-02-03,133.39398193359375,136.04032926173085,133.0261808426821,134.56017283580445,12474900
2022-02-04,136.856689453125,137.6999355482182,133.45680781645615,133.75284189376575,16654400
2022-02-07,137.31419372558594,137.80757013335244,135.32270183883776,137.49360457278922,12572300
2022-02-08,139.89772033691406,142.1673007704185,138.86609784465506,139.0455086665912,20411400
2022-02-09,140.48085021972656,141.2254045926412,139.78113829498025,140.4718707795561,9131100
2022-02-10,139.89772033691406,142.66069079686912,139.24286467717144,140.5346444961809,16455600
2022-02-11,138.07667541503906,141.90715878928052,137.22446373476254,139.59272220121784,16830000
2022-02-14,136.7938995361328,137.86139892130083,134.8472636857616,137.00918708828794,17026500
2022-02-15,138.7943878173828,139.88881207557816,138.01394289273532,138.6059974796193,9500000
2022-02-16,139.04550170898438,140.03228171250873,137.91520126799364,137.91520126799364,9076500
2022-02-17,135.8429718017578,137.90623050093004,135.16120519438138,137.25137483278107,11367500
2022-02-18,136.47991943359375,138.27405536078084,135.57388571810577,136.4709536816993,11733300
2022-02-22,136.2376708984375,137.46666298858486,134.92795968643685,135.0984047441471,11333500
2022-02-23,133.38504028320312,137.52052422308435,132.73915024183813,137.35904486865755,11799000
2022-02-24,129.671142578125,130.06585456781542,125.39212569086091,128.2268629912127,25655100
2022-02-25,132.73912048339844,134.6767901730923,129.99409526708283,130.29909502708057,18367700
2022-02-28,127.20423889160156,130.12867550026303,126.37893801470638,128.77410781451724,31315300
2022-03-01,122.40489959716797,126.02008176638164,119.83031936982687,125.62536974097007,36840400
2022-03-02,124.94361877441406,125.62538546571929,122.54844907113377,123.15844868627475,19405600
2022-03-03,124.05550384521484,126.46861849135587,122.95211425005012,125.44596171550761,16640800
2022-03-04,120.56594848632812,121.48096179104657,118.7718122666615,121.05037293101503,21016000
2022-03-07,115.91015625,119.03194889429288,115.67690982175037,118.5654697259643,27560100
2022-03-08,115.09382629394531,118.22458483056577,114.16984051168656,116.29589411997249,19207800
2022-03-09,119.70474243164062,121.3194673847629,118.80767453414713,119.22031810161903,17536200
2022-03-10,118.28736877441406,119.71370338915295,116.90589029038762,118.28736877441406,15604200
2022-03-11,115.62308502197266,120.27886977167104,115.20146199955721,118.8525350472462,20061800
2022-03-14,116.77133178710938,119.23826861534666,115.92808573571372,116.13442121683083,15786900
2022-03-15,118.84355926513672,119.80342855069624,117.63252573451514,118.23355962390583,15096600
2022-03-16,124.15419006347656,124.23493657630115,120.59282945766564,120.98754151798268,20354900
2022-03-17,125.72406768798828,125.75995807135548,121.92947409305869,122.77272015596984,17050500
2022-03-18,125.67920684814453,126.35200771202503,124.20801617331925,125.75993966664973,23656500
2022-03-21,125.27554321289062,126.27128926019448,124.45024227907948,125.90350177589993,12676100
2022-03-22,127.9398422241211,129.11499919157686,127.13248644610223,127.62587661630145,13548600
2022-03-23,125.39217376708984,127.0158647841684,124.87187264375336,126.46865271377766,12093200
2022-03-24,126.20848846435547,126.22643365552976,124.79111950133071,125.85863252139285,10017600
2022-03-25,127.31189727783203,128.44219810431576,126.3071854320687,126.56732914635661,8383500
2022-03-28,126.36992645263672,126.45963870069616,123.70563420564493,125.58948190955515,10818100
2022-03-29,126.64803314208984,128.81894939581042,125.80480085682807,128.59468243216045,11316500
2022-03-30,126.07389831542969,127.49126703396254,125.50875492854195,127.29391102959924,8771000
2022-03-31,122.28827667236328,125.90345844490994,122.23444111175813,125.43697940350062,17353900
2022-04-01,121.38224029541016,123.26608812689341,120.02767286225253,123.25710868857904,15721300
2022-04-04,121.92050170898438,122.84448055195256,119.21135281530096,120.31474250083355,17416400
2022-04-05,120.50164794921875,122.36330317195386,120.20341961893156,121.16137143271622,12110300
2022-04-06,118.82978057861328,119.79675082003195,118.350811561808,118.91111181777714,12914700
2022-04-07,118.46831512451172,119.21840224955717,116.33554142848898,118.34179523532535,12994200
2022-04-08,120.6372299194336,121.00774354023187,118.8297952808065,118.9924577792596,13126900
2022-04-11,120.19438171386719,121.9114387939278,119.80578995591968,120.19438171386719,10466400
2022-04-12,118.87494659423828,121.6222544235577,118.11582750572735,119.41718239439136,12989900
2022-04-13,115.04322052001953,116.8054665809154,113.8774243201899,114.71788172495935,30838000
2022-04-14,113.9768295288086,115.94693353883649,112.98273497274542,114.32023962420212,18835200
2022-04-18,116.09152221679688,116.79642055778413,113.45266264732628,113.5701434058857,11834400
2022-04-19,118.49541473388672,118.67616923591996,115.88367213924273,116.08249105977335,15015400
2022-04-20,118.9111328125,120.65530071190196,118.69423568013787,119.76062934387755,13430200
2022-04-21,117.98933410644531,120.02269812837983,117.4471119743755,119.4895082054732,12174200
2022-04-22,114.60039520263672,117.95319264604935,114.49195353307734,117.73629551729815,14318800
2022-04-25,114.56423950195312,114.88054607395067,111.25663775728529,113.87741931573453,17149000
2022-04-26,111.17530059814453,114.23890862656471,111.03974851730746,112.63932512452813,17209500
2022-04-27,109.7293472290039,111.66330159927047,109.54860653628974,110.55173323892895,17215200
2022-04-28,111.46449279785156,111.74464986019777,109.47631741862703,110.98552371343577,13015600
2022-04-29,107.86769104003906,111.70848933574892,107.4519819342342,111.20240988430221,14874800
2022-05-02,108.85275268554688,109.08772112846822,106.83746684436963,108.33763406882994,18545000
2022-05-03,111.18434143066406,112.21457862994093,109.15097744869927,109.82876544268754,15720900
2022-05-04,114.86247253417969,115.13359049410413,110.92226438022381,110.97649210909837,17128500
2022-05-05,111.98863983154297,113.95874370998351,110.398102437709,113.1905854273637,15055400
2022-05-06,111.80790710449219,112.32302569727985,109.51246430133546,111.88020614431191,14417900
2022-05-09,110.12699890136719,111.4554645341142,108.89794273058195,110.35292824313188,14312300
2022-05-10,107.44295501708984,111.86213229989619,106.24100928876732,111.25664333112601,16382400
2022-05-11,106.7651596069336,111.05781671505078,106.584418907676,107.81347496811165,14630300
2022-05-12,106.67478942871094,106.92782916600444,104.26186592618477,105.73492262246667,16318800
2022-05-13,107.62368774414062,108.67200310019037,106.602489698181,107.91288389324319,10443200
2022-05-16,106.87361907958984,107.95807717553483,105.94279128318739,107.12665884232258,10269000
2022-05-17,110.41616821289062,111.13010563112051,109.17807316181118,109.38593115236017,11160200
2022-05-18,108.52740478515625,110.22639768329066,108.02132531497953,109.62090876078413,12664900
2022-05-19,106.91878509521484,108.1297697893354,106.3042570925601,106.81034343845045,12765800
2022-05-20,106.04219055175781,108.14785363225734,103.94556657530786,107.95807381611333,13150100
2022-05-23,112.60316467285156,114.38348870637573,108.8527368162398,108.86177591902336,24376700
2022-05-24,114.19369506835938,115.21489292497228,111.25661444807197,112.38626084049021,19324900
2022-05-25,114.98897552490234,115.54928267555495,113.11828118160675,114.12140783328273,12780400
2022-05-26,116.97716522216797,117.65495317227513,115.86559684508896,116.01018112765881,15990900
2022-05-27,118.63097381591797,118.63097381591797,116.70605155449836,117.62784706146951,11177800
2022-05-31,119.49852752685547,120.32994573806752,117.22116999643451,117.6459044154142,17015000
2022-06-01,117.40190887451172,120.0769041580333,116.28129454298582,120.0769041580333,10768000
2022-06-02,119.2906723022461,119.29970451012328,116.28129232350196,117.39286063613095,8374800
2022-06-03,117.62783813476562,119.08282342873453,117.47420786020129,118.57674398555068,8596000
2022-06-06,117.2392349243164,119.6431261176573,116.99524119546945,118.46829093530317,11323500
2022-06-07,117.54652404785156,117.77245338864657,116.23612283953442,116.42590955324057,6722200
2022-06-08,115.67582702636719,116.98621449647362,114.68173926682266,116.57954442501068,8422100
2022-06-09,113.24479675292969,115.76617538802924,113.2086472386285,115.10645881795871,13560100
2022-06-10,108.03941345214844,111.51872391904678,107.83155542504012,110.78670816689691,12945200
2022-06-13,104.8221664428711,106.59345150231019,103.98170908812959,105.6084029666021,16805600
2022-06-14,103.07798767089844,106.02410784622846,102.31886848788942,104.42453134213635,13357900
2022-06-15,104.29802703857422,105.68974574838859,102.27369512557486,104.48780686263981,14083500
2022-06-16,102.50867462158203,103.2587617890509,101.09887755101768,102.89727341600903,16724900
2022-06-17,102.14716339111328,103.59310966490476,101.36093376761,102.60806113597721,30919900
2022-06-21,104.67756652832031,105.76202442694503,103.96362910204657,104.71371604424984,11680500
2022-06-22,104.09016418457031,105.01195284374018,103.3762266538764,103.81904622285296,9842700
2022-06-23,102.95146942138672,104.09015510857078,100.7464039779636,103.93652482790742,11851500
2022-06-24,106.02411651611328,106.47597517956328,101.96642764888085,102.32791595860405,14841100
2022-06-27,105.17462921142578,107.09051259397519,104.50588026164075,106.69287472905708,11280500
2022-06-28,104.66853332519531,107.80443333697768,104.4697144237843,106.34040888598204,11590900
2022-06-29,104.1986083984375,105.5722556732491,103.68348980853116,104.83120775628181,9338400
2022-06-30,101.76761627197266,103.09608194408895,100.24937077452782,102.27369580618208,15172600
2022-07-01,103.06896209716797,103.40333308961966,100.45721961946425,101.80375648256306,10573600
2022-07-05,102.67691802978516,102.75896869914422,99.650037118661,100.99024674215688,12514200
2022-07-06,102.0113754272461,103.01425645258415,101.00849440190805,101.86550523822852,10656200
2022-07-07,104.59152221679688,104.7556305302339,103.3880635701938,103.47923330970208,10347400
2022-07-08,104.26329040527344,105.43939865431905,103.57950702483791,104.99266212672636,8807800
2022-07-11,102.8957290649414,104.14477594309285,102.31223443936231,103.52481203393948,7939500
2022-07-12,102.99601745605469,105.01089841403149,102.34870332568424,102.64045063734142,11250900
2022-07-13,102.02960968017578,102.54928481624609,100.63468561996145,101.8837325408835,12979900
2022-07-14,98.46483612060547,98.67453281363932,96.6961136903588,98.45571705852409,26204800
2022-07-15,102.977783203125,103.82567494631041,98.16394890212585,99.52240367673575,18863900
2022-07-18,101.92020416259766,105.61263064908424,101.46434852556438,104.6370998640652,13977900
2022-07-19,104.44564819335938,104.7921029519822,102.72251432862689,103.14190070755488,11862300
2022-07-20,104.42741394042969,104.609753419511,103.46100218084929,104.0262587394845,11667500
2022-07-21,105.13854217529297,105.33000070510592,103.3607080014549,104.33623877096178,11595900
2022-07-22,104.62797546386719,105.98642315495934,103.63420667490144,105.06559292874054,7645500
2022-07-25,105.0473861694336,106.17790633142492,104.6371118755246,105.61264277252636,9394000
2022-07-26,103.40628814697266,105.3755877827379,103.05072131648251,104.46387653413653,10675100
2022-07-27,105.06560516357422,105.52146080012055,103.29689002372183,103.94420419292103,9337400
2022-07-28,104.67356872558594,105.7402761983333,103.50657941243819,105.07472391040734,10384800
2022-07-29,105.17501068115234,106.21436095289657,104.65533554528024,105.38470037404899,12944500
2022-08-01,104.12654113769531,104.94708265472225,103.0871908680628,104.39093823517094,14740400
2022-08-02,102.50370788574219,104.29978036740536,102.3578307302055,103.86215585660092,14942900
2022-08-03,103.57952880859375,104.02626543013938,101.84727582268702,103.43365165130211,14394500
2022-08-04,102.43988037109375,103.315122368562,101.21818363417832,102.88661695238581,18033900
2022-08-05,105.5396957397461,105.93173185359173,102.15724785321973,102.59486535586312,14174600
2022-08-08,104.25418853759766,106.39670875843993,104.0991992818673,105.98644144484655,10332500
2022-08-09,105.19322967529297,105.74937403163095,104.27240642466467,104.61885415656208,10233800
2022-08-10,107.93749237060547,108.83097243993163,107.12606992930743,107.54545626199369,12847300
2022-08-11,109.53301239013672,110.49942429548727,108.77629022177801,109.31420359107375,11684900
2022-08-12,111.34728240966797,111.45669025388399,108.89478409844551,110.01618493949191,9906700
2022-08-15,111.64815521240234,111.88520207732508,109.95237178604083,110.44469667973978,8456200
2022-08-16,112.71485900878906,113.27100342615174,111.11025222158983,111.49316927609387,9555000
2022-08-17,111.76669311523438,112.2863752718746,110.94615844977356,111.50230293997612,8149300
2022-08-18,110.90055847167969,111.65728049616463,109.90679652486368,111.44758384323562,9531800
2022-08-19,108.15631103515625,110.30795029981103,107.6822242108551,109.97062156422541,13464500
2022-08-22,106.36935424804688,106.81609778712179,105.30265371101682,106.44229282044341,8967600
2022-08-23,105.32088470458984,106.93461757615913,105.19324568100646,106.38759219568678,7607000
2022-08-24,105.576171875,106.13231632737576,104.34535604891266,105.11119716194045,9771300
2022-08-25,108.0833740234375,108.25659443508277,105.46676017002672,105.90438464092031,10758900
2022-08-26,104.54594421386719,109.39624856717718,104.48212469431598,108.91304263974573,11276200
2022-08-29,104.29066467285156,104.7191701363162,103.44277280738912,103.93509778950981,8117300
2022-08-30,104.30888366699219,105.37558412139947,103.3515841069008,104.84678994619081,10745400
2022-08-31,103.68893432617188,104.87415490117446,103.333360502285,104.37271783491376,10738300
2022-09-01,104.40007781982422,104.50947873973224,102.02962949246553,103.28778876205126,9979800
2022-09-02,103.6706771850586,107.08047504214612,103.19659043319253,105.6399766677429,10666600
2022-09-06,103.69804382324219,104.61887420614619,102.17548758479874,104.23595712027515,9751900
2022-09-07,105.66735076904297,105.85880932493605,102.80457758049839,103.14190634077416,10647900
2022-09-08,108.12895202636719,108.30217938839108,104.50945727880448,105.10207097790298,11435000
2022-09-09,108.64862060546875,109.4509309026302,108.19276501146497,108.62127038275723,9299700
2022-09-12,109.93414306640625,110.81850408276097,109.21389035159987,109.97061235072863,8614600
2022-09-13,106.11406707763672,108.42069532388211,105.55792268358492,107.64574218725726,12904600
2022-09-14,105.86790466308594,107.43604204888304,104.73737779237537,106.39669186076198,9345700
2022-09-15,107.4634017944336,108.84008070012916,105.53969060334953,105.86790719226084,10821400
2022-09-16,106.7431640625,107.0349114095308,105.1841385246974,107.02579234861582,14844100
2022-09-19,107.7278060913086,108.24748123258331,105.31176985507157,105.75850642596968,8201300
2022-09-20,105.60350799560547,107.29929135243893,104.51856946198505,107.04401333412926,9619000
2022-09-21,102.55839538574219,106.3055291366251,102.49457587720812,106.25082868811154,12606300
2022-09-22,101.39140319824219,103.5703924416045,101.26376418484223,103.36981486174612,11684500
2022-09-23,99.50415802001953,100.59820865799999,97.69897377177135,100.3338185358681,18138600
2022-09-26,97.36165618896484,99.9326819253317,96.69610384094324,98.46482609102877,15753600
2022-09-27,96.504638671875,98.61980858680523,95.41058790600958,98.23689151433285,12793600
2022-09-28,98.45570373535156,99.13037512194984,96.31318351937313,96.59581180339339,12762600
2022-09-29,96.78726959228516,97.80838174007948,95.18265584543074,97.50751535833088,12713900
2022-09-30,95.2738265991211,98.11836823229466,95.1826568643499,96.69609393780543,15973400
2022-10-03,98.21865844726562,98.7930340448525,95.23735869093113,96.29494710582061,12248100
2022-10-04,102.8136978149414,103.01427544815606,100.16062109545551,100.8444046873383,16013600
2022-10-05,101.54426574707031,102.05938977299623,100.10927337882613,100.9555505694297,10943500
2022-10-06,99.47456359863281,101.36029653834461,99.2905927343852,100.68878954956745,11521400
2022-10-07,97.48765563964844,99.07902403370649,96.83454290299183,98.9042467927951,11681100
2022-10-10,96.57697296142578,98.71106718331806,96.14463372809632,98.17754889137375,8931700
2022-10-11,93.78975677490234,96.16301831262506,93.68857071583406,96.00664240971484,12739700
2022-10-12,95.30756378173828,96.33781889781561,93.16426876372219,93.64260425327333,13181000
2022-10-13,100.60601043701172,101.09353957098361,93.60581128181309,93.80818345471592,22398700
2022-10-14,102.28015899658203,106.00562141801723,101.84781977069312,102.98845450292639,33387100
2022-10-17,106.57594299316406,107.63379295362031,105.15934495313265,106.16200506074296,22276300
2022-10-18,109.317138671875,110.51297019545406,107.58778890085763,110.07143736874389,21539700
2022-10-19,107.17386627197266,109.30796061997017,106.40117318805629,108.53526753605381,17072000
2022-10-20,106.82430267333984,109.19756456102361,106.38276982142175,107.77177291324199,12207400
2022-10-21,112.43550872802734,112.58268401100781,107.00828419362908,107.12786454967811,20593300
2022-10-24,112.573486328125,113.23579266407968,111.60762876988987,112.28832938493728,12624200
2022-10-25,112.86783599853516,113.39216064136113,111.2028766449723,112.08594935825614,11289100
2022-10-26,114.16485595703125,115.16750904136775,113.03341485332959,113.14380157648334,11667000
2022-10-27,114.61559295654297,116.08738088661299,114.2568448679021,115.16751255306443,10727600
2022-10-28,115.97698974609375,116.16096058745379,114.10965833594217,115.25029299205744,11859500
2022-10-31,115.79302978515625,117.21882858921845,115.5262671113235,115.62745319512348,13295200
2022-11-01,117.881103515625,118.00069087245886,116.20695070032455,116.7036803675396,13386900
2022-11-02,116.7956771850586,119.91403010751542,116.4921189668985,117.42118789912877,16546100
2022-11-03,117.00725555419922,117.90872263977505,115.82063151555903,116.18857325446575,12474400
2022-11-04,120.20840454101562,120.34639323272533,118.1663094572852,119.1137728554938,14953200
2022-11-07,120.84308624267578,121.6893633394648,120.02440407021109,120.502739485292,12011200
2022-11-08,120.91667938232422,121.47779957964111,119.71165421335083,120.72351490886511,9884100
2022-11-09,119.34373474121094,120.89830059213453,118.86539922919229,120.79712853982576,9494000
2022-11-10,124.25582122802734,124.41219716675424,121.91015407496917,122.00214652649201,16351600
2022-11-11,124.45818328857422,125.25846421475916,123.05997954818707,124.35699721454469,10704700
2022-11-14,123.1795654296875,124.85371840985461,123.1795654296875,123.99824764200531,11085600
2022-11-15,122.28730773925781,124.83534714564182,121.05468744790996,123.88786977737047,14038300
2022-11-16,122.45287322998047,122.857617559568,121.45022007282428,122.34249351684839,7893400
2022-11-17,121.9193344116211,122.24129392076719,120.76030544363178,121.42261172136165,8820200
2022-11-18,123.11515045166016,123.87864270436071,121.68015837615515,123.78666431053873,9468500
2022-11-21,122.38848114013672,123.77747723170171,122.11251784062623,123.02319251818793,7800500
2022-11-22,124.21900177001953,124.43058157258422,122.97718805950433,123.26234497000614,9185700
2022-11-23,125.54362487792969,125.56202617450363,124.05344268520541,124.12703383542443,7316200
2022-11-25,125.78279876708984,126.15074047959821,125.15728101253367,125.54362402149044,3220500
2022-11-28,123.5843276977539,125.75521772787319,123.43714538206625,125.16650250120074,9906900
2022-11-29,125.61723327636719,125.69082443669085,123.63952172345388,123.86948883593583,7925300
2022-11-30,127.10740661621094,127.10740661621094,122.51727236124805,125.18488506151688,14761200
2022-12-01,125.32286834716797,127.54894805723036,124.57776319758342,127.10740114575573,8858500
2022-12-02,124.32937622070312,124.50415340611595,122.65520953524702,123.71306627577128,8931900
2022-12-05,120.84308624267578,123.7866758406425,120.13479780358388,123.48311763699935,10154500
2022-12-06,121.04548645019531,124.28342733722695,119.46331158699114,122.70125247402278,13966700
2022-12-07,120.96268463134766,122.41607826790143,119.88644037637134,120.78790740397876,11739400
2022-12-08,122.23210906982422,122.32408748184625,120.89828875277405,121.72617867743384,8907300
2022-12-09,121.5698013305664,123.04158223049309,121.42261902975072,121.60658988773196,7957800
2022-12-12,123.45553588867188,123.86026616731614,121.05467896369105,121.79056240564566,8841600
2022-12-13,123.33594512939453,126.10474369939061,122.41607681611092,125.9207728439492,10025400
2022-12-14,122.71963500976562,124.83533493694605,122.12171218465129,123.0599817940416,9966100
2022-12-15,119.67488098144531,121.49621643048803,118.70901638225929,120.64073154455386,12087800
2022-12-16,118.92977905273438,119.490899337199,118.13869166867077,118.80099803840206,21133700
2022-12-19,119.63807678222656,120.80631353076245,118.74580334919769,119.26092738556954,9017200
2022-12-20,120.21759796142578,121.4686194898387,119.7668574129856,120.47515997879809,8549900
2022-12-21,121.5698013305664,122.32408605911253,121.21105324487613,121.58818859111081,8051700
2022-12-22,120.19001007080078,120.77872529298976,118.12030614396916,120.59475441782034,8648200
2022-12-23,120.76031494140625,120.90749724493894,119.25173142038864,120.11640990854696,5091900
2022-12-27,121.18346405029297,121.62499693754901,120.08881844482123,121.02708811180806,5411000
2022-12-28,121.84577178955078,122.7196439433272,120.51195140970101,121.28465151631285,8827700
2022-12-29,122.54483795166016,122.59083416708279,121.70775455362097,122.27806832385352,6585200
2022-12-30,123.3543701171875,123.5659359397746,121.82738505520578,122.1677319049432,9292500
2023-01-03,124.29261779785156,125.7828141993181,123.16118355880046,124.40301155400951,11054800
2023-01-04,125.4516830444336,126.64750098493948,124.70659173082949,125.09293485506566,11687600
2023-01-05,125.42384338378906,125.7574426311823,123.894840941672,125.71110665298082,8381300
2023-01-06,127.82388305664062,128.23161699617597,124.62689887038037,126.14662546516878,10029100
2023-01-09,127.29569244384766,128.6949626305302,126.84163662094194,128.43549812036827,8482300
2023-01-10,128.43551635742188,128.54671140906447,127.24011299323453,127.68490733956229,9048700
2023-01-11,129.3899688720703,129.50116391564796,127.97217550743012,128.71349465095616,8703700
2023-01-12,129.2602081298828,130.52973173021888,129.0100051972005,129.73280110072432,11001700
2023-01-13,132.5220489501953,132.96685729835428,124.91415487787899,125.65548798505763,20200000
2023-01-17,130.47418212890625,131.15990385135512,129.01931410956016,130.8170429901307,14292900
2023-01-18,126.55435943603516,130.40926636588327,126.40608997803037,128.73200877399617,13392600
2023-01-19,124.86784362792969,125.93350045939005,123.79291111670074,125.39604834353132,13303400
2023-01-20,125.17363739013672,125.55357260655532,123.75584415789655,125.24777212551754,13092500
2023-01-23,127.20305633544922,127.84245618023675,124.93273441420591,125.21072205128073,10487100
2023-01-24,128.29649353027344,130.00155011000138,125.09950890834466,126.41536871268397,6945000
2023-01-25,128.9173583984375,128.9173583984375,127.18450302762814,127.92583629217025,8967000
2023-01-26,129.7142791748047,129.78841390951436,128.2130896812595,129.19535017159177,7487600
2023-01-27,130.0293426513672,130.90039388480972,129.50113802048105,130.29806866619722,7489900
2023-01-30,128.92662048339844,129.81620899523966,128.72275350365265,129.01927829434823,6729300
2023-01-31,129.69577026367188,129.79770376756338,128.1111701831327,129.62163552086386,9188700
2023-02-01,129.3528594970703,130.54826245171603,127.99066402210332,128.07407442201645,8841800
2023-02-02,128.75054931640625,130.15908092432213,127.87948390282347,129.73280975648757,11822100
2023-02-03,130.74290466308594,131.89197209651468,127.99998956875123,128.04631141594143,11501200
2023-02-06,131.5120391845703,131.80857819461107,129.76064630832204,129.94597611971838,8406200
2023-02-07,133.1151123046875,133.75451193142533,130.82625394160576,131.01159782279282,10447900
2023-02-08,132.17919921875,133.47652165944172,131.8455999997501,132.1884607576999,6958000
2023-02-09,130.1220245361328,132.82787896099774,129.61235702773652,132.6240119576392,6443100
2023-02-10,130.69654846191406,130.91895268101243,128.4262268501719,129.52895812609816,6582900
2023-02-13,132.11434936523438,132.26260469752583,130.41855439555908,130.9374834079669,7134600
2023-02-14,132.6981658935547,133.26343100467656,131.21551327437598,132.0495044889291,9249400
2023-02-15,133.25413513183594,133.3375314038536,130.9374777552037,131.2247410075454,6728300
2023-02-16,131.41934204101562,132.87419547207415,131.28959565811144,132.4294012298099,8165300
2023-02-17,131.8085479736328,132.35527574081405,129.797690994526,130.64094356400273,7948800
2023-02-21,129.3899688720703,130.97455480207697,128.5745008464841,130.372229463023,9996300
2023-02-22,128.3984375,129.20462987621065,127.36057934765923,128.73203678321767,11107500
2023-02-23,129.42703247070312,129.89036401708915,127.82390927933932,128.55596690113632,8068000
2023-02-24,130.59458923339844,130.9930616133091,128.7412635253096,128.90807019170916,9126900
2023-02-27,131.73443603515625,132.80009299558597,131.3267019891547,131.6881000499729,10014700
2023-02-28,132.83717346191406,133.21709462222364,131.49350052946778,132.4572381618464,11019800
2023-03-01,132.09580993652344,132.9390766374571,131.400812705156,131.67881442565394,7139200
2023-03-02,130.72434997558594,131.98459802144257,129.30654264448808,131.80854393721583,11106800
2023-03-03,133.12440490722656,133.19853964117584,130.7336127614423,131.13207104919564,9513100
2023-03-06,132.34600830078125,133.4765240826197,132.19773883636643,132.9205348006957,9261300
2023-03-07,128.4540252685547,131.87341412691322,127.70343047325758,131.59541238871836,11747600
2023-03-08,127.69418334960938,128.42624100773958,126.8509164997925,127.87951314941067,10002500
2023-03-09,120.78124237060547,127.27715853073298,119.74338441829867,126.73041665822825,25888100
2023-03-10,123.84850311279297,125.34043109415272,118.44606324743009,119.50246556164122,37599700
2023-03-13,121.62452697753906,124.06165535712526,119.9194703357383,121.58746667652436,42901100
2023-03-14,124.74736022949219,125.59062689688803,121.66157094817605,125.35896116231253,29648100
2023-03-15,118.85379028320312,121.38359043240389,117.43600410626735,121.37431475303909,34280600
2023-03-16,121.16118621826172,122.27317898084158,116.77806715483966,118.622124529571,24558500
2023-03-17,116.5834732055664,119.05766179175706,116.24987395013869,118.96500397287782,38396000
2023-03-20,117.81593322753906,119.97505971381725,116.76880658293382,117.67693236359524,22875500
2023-03-21,120.97586822509766,122.06932387515457,120.64226894987145,121.01292852689767,17807800
2023-03-22,117.85301208496094,121.07780274934426,117.76034718992405,120.98513078442906,17250200
2023-03-23,117.53793334960938,120.0306591206353,116.77806996061811,118.52020095236227,16677600
2023-03-24,115.7494888305664,116.46301629212412,114.08149245696909,116.41668031012709,22311100
2023-03-27,119.06693267822266,119.89166217375193,117.028269858248,117.49160135325894,18853900
2023-03-28,119.42833709716797,119.85459417722348,118.37193472748154,119.27080607716869,10820500
2023-03-29,119.66925048828125,120.67004815174047,118.3997197261222,120.55885312460751,14595300
2023-03-30,119.30785369873047,120.5773774036577,118.2885258772216,120.41984640039884,12134700
2023-03-31,120.75344848632812,120.781247244047,119.40052847816081,120.15112321607968,13105200
2023-04-03,120.61446380615234,121.800591357579,119.91946653118723,120.38279804783063,11775400
2023-04-04,119.00206756591797,121.0129246940969,118.06614297272823,120.92952841287085,11579900
2023-04-05,119.17951965332031,119.68383859501387,118.10549231377561,118.42303411541698,9614700
2023-04-06,119.04877471923828,119.61847601793527,118.47907342054128,118.60982383741961,8760200
2023-04-10,119.4410171508789,119.75855181831997,117.88134648944423,118.18020558100874,9477300
2023-04-11,120.02941131591797,120.42166257094746,119.1141512621524,119.82394433698916,10516300
2023-04-12,120.0107192993164,121.8132080873547,119.5997853733505,120.64578863891776,11821000
2023-04-13,120.46833801269531,120.515023384301,118.45103403413674,119.97335336759399,12450200
2023-04-14,129.5648651123047,129.92909937936918,125.98789051486388,126.22137438479558,43931300
2023-04-17,130.59217834472656,130.80697947950446,128.56554039739228,130.70424602361553,16050500
2023-04-18,132.05845642089844,132.41335642388827,129.84503414076758,131.00311913687133,13760100
2023-04-19,131.89036560058594,132.15186638694743,131.12453169001014,131.89969982484027,9158100
2023-04-20,131.50746154785156,132.0864970243593,130.6015429309586,130.6669252593258,10586200
2023-04-21,131.25526428222656,131.78761425773007,129.611543240774,130.50812742293493,11842500
2023-04-24,131.4327392578125,131.77830508418094,130.78832148106375,131.18058693269546,7567500
2023-04-25,128.57489013671875,130.71361027176334,128.53753898948895,130.37739294379983,10629300
2023-04-26,126.29608154296875,128.70563661159716,125.14734497851775,128.5281866035268,14416100
2023-04-27,127.99586486816406,128.79904997913064,126.69769507551487,127.01522972966504,9041100
2023-04-28,129.10726928710938,129.18198584913924,126.70704782810371,127.53824998593628,9887300
2023-05-01,131.87167358398438,133.8983116604561,131.52612205157675,132.86164281251018,20415800
2023-05-02,129.74234008789062,133.00178066931096,129.28470648454353,132.05849653289422,14113400
2023-05-03,126.99656677246094,129.50885597235643,126.79109978766246,129.29405476124063,12930900
2023-05-04,125.25944519042969,126.75374793516626,123.10205611262752,126.0439619693163,17089200
2023-05-05,127.70635223388672,128.77103819082956,126.93118401732013,127.42616871874901,11261400
2023-05-08,128.01454162597656,128.8550778481138,127.46350886850172,128.40679281302224,7484900
2023-05-09,127.39814758300781,127.9024664930123,126.27742781021169,126.9498482733093,7343600
2023-05-10,127.46351623535156,128.93913607231707,125.95987947274385,128.83640259472057,8133400
2023-05-11,127.06195068359375,127.77173666214057,125.98791611324945,126.08131538048892,7057300
2023-05-12,125.24076843261719,127.93984172013046,124.33484976943936,127.78107437977394,9988600
2023-05-15,126.29608154296875,126.70701540361097,125.10999383242455,125.39951152949791,7639500
2023-05-16,125.44622039794922,126.95919131391835,125.11000305543114,126.51090627413573,6477200
2023-05-17,129.3033905029297,129.43414092654038,126.51093197351658,126.92185169720211,12711500
2023-05-18,130.28399658203125,130.49879774748342,128.6589437524678,129.13525995720966,10999600
2023-05-19,129.98513793945312,131.20860543284945,129.00451705077612,130.55483917276476,13492200
2023-05-22,128.91110229492188,132.2826096634749,128.56555075668965,131.68489157670174,11402500
2023-05-23,127.5662612915039,129.84506645540733,127.44485935294365,128.45349726906264,9514900
2023-05-24,126.3988265991211,127.34211057047519,126.15600850043995,126.454860448761,8578000
2023-05-25,126.70703125,127.26739826654314,125.68904494564767,125.91319460240996,8472500
2023-05-26,127.89310455322266,128.50950528243823,126.6696515684209,127.1179365302495,8579900
2023-05-30,128.37876892089844,128.62158699949254,127.03389963789574,127.7623681244016,7399900
2023-05-31,126.74436950683594,127.79970673593272,125.5209022577691,127.69697327992625,14219900
2023-06-01,128.49085998535156,129.09791241763068,126.50157262146813,127.50089054158505,12248100
2023-06-02,131.1898956298828,132.13316517346584,130.13454415733239,130.3400110679302,12922500
2023-06-05,129.9010772705078,130.8536954120118,129.00450722615906,130.8536954120118,8511900
2023-06-06,130.13455200195312,130.8443520088864,129.07921471650812,129.5181512330025,9329500
2023-06-07,131.39540100097656,131.93708535558784,129.6582802260943,130.33071499383752,9281400
2023-06-08,131.4327392578125,131.58217235836509,130.2653198798546,131.3767054077865,7368100
2023-06-09,131.69424438476562,132.43206143627933,130.94710735890789,131.0778577635055,7249100
2023-06-12,131.68490600585938,131.98377220735534,130.52682085114972,131.75028833145842,7596600
2023-06-13,132.63751220703125,133.43134876280965,130.8817090589414,131.19924368125277,7701600
2023-06-14,132.14254760742188,134.1224864357795,131.40473053409755,133.55278517375058,9068700
2023-06-15,133.6368408203125,133.92635857454218,130.77900018075655,131.30200183365224,9343100
2023-06-16,133.7956085205078,134.45870906481903,133.08582259691903,133.59949002550854,13813500
2023-06-20,133.1138458251953,133.55279671669996,131.72227658928406,133.1885623865926,8428600
2023-06-21,132.91770935058594,134.50539687612533,132.3293254158356,133.45937940871084,9926500
2023-06-22,130.35873413085938,133.17922366276454,129.77035013643084,132.90837435550557,10075200
2023-06-23,129.67697143554688,129.9851576611485,128.52822031903222,129.3874394118001,9919500
2023-06-26,129.99449157714844,130.76031131831627,128.59358825115126,129.69562536058743,8429700
2023-06-27,130.00381469726562,130.60153282860406,129.38741386630664,129.8170304532332,8154000
2023-06-28,129.43411254882812,130.01316222705987,128.8457428969404,129.96646260371023,7558600
2023-06-29,133.95436096191406,134.07577713627336,130.61088443658164,130.81635138516293,15423200
2023-06-30,135.83160400390625,136.3546056908232,134.1691996773229,135.04710147353083,14212800
2023-07-03,136.92430114746094,137.73682057264804,136.35459985202274,136.5320498990697,8021600
2023-07-05,136.0121612548828,136.75503110193193,135.74886452312396,136.2942689956518,8934900
2023-07-06,134.66746520996094,134.83672124143538,133.0030424908184,134.48879649989652,9709500
2023-07-07,135.7300262451172,137.1405503169834,134.46996151791234,135.32568289850678,8981500
2023-07-10,136.49172973632812,137.28163425338343,135.8805082759092,135.8805082759092,9100100
2023-07-11,138.62631225585938,139.00246063974816,137.0183227540901,137.61073314225018,11260900
2023-07-12,139.31275939941406,140.93016153305126,138.23136331698382,138.654517681909,11323200
2023-07-13,139.9898223876953,140.4599971273314,138.9366355624607,139.82996469805036,11234900
2023-07-14,140.83612060546875,143.7700058700597,139.55724496602804,142.50994123448197,27028400
2023-07-17,144.23080444335938,144.57872915123014,141.38154673382755,141.38154673382755,17262400
2023-07-18,144.49411010742188,145.18995956633063,143.70421995745224,144.23081339076532,13491700
2023-07-19,145.04891967773438,145.9516615690135,143.14001121819382,143.6383953372702,12510000
2023-07-20,146.83555603027344,147.24931207038827,145.1993572243928,145.3121945631174,9935900
2023-07-21,145.70713806152344,146.82615615405976,145.4626523806658,146.50644079864747,10636400
2023-07-24,148.5751953125,149.31806497568195,145.5002489615279,145.72593796800209,14381400
2023-07-25,147.46560668945312,148.31191544958145,146.656905593702,147.91697040494864,9944700
2023-07-26,148.3495330810547,148.81030950504785,146.95781982809268,147.36217757743256,8728600
2023-07-27,146.7133331298828,149.30869258655179,146.27136771662688,148.35894475625432,10778400
2023-07-28,147.55026245117188,148.19910598533352,147.10829698148484,147.89818721933534,9103800
2023-07-31,148.53758239746094,149.87287668752785,147.77588740827963,147.8040967395169,8892700
2023-08-01,147.8041229248047,148.57521637814307,146.83556411782206,148.03921029249162,6853900
2023-08-02,146.1302947998047,146.40300416806969,144.75739267551066,146.28075415135822,8299400
2023-08-03,147.0236358642578,147.5596275662202,145.14293704590386,145.75415842243157,6084000
2023-08-04,146.7133331298828,148.38715409339025,146.41241440230658,147.07065618313624,6209400
2023-08-07,147.4091796875,148.29311049668297,147.25873467525594,147.25873467525594,7251800
2023-08-08,146.58164978027344,146.6756760987481,143.48789262605476,145.11470720502925,8623400
2023-08-09,144.61636352539062,146.24317871899208,144.31545910455927,146.0551116623979,6277800
2023-08-10,144.40003967285156,146.16790099076863,143.9580743433723,145.17113300465522,5995100
2023-08-11,145.23699951171875,145.30283087406434,143.5255706224924,143.9017047403057,5180700
2023-08-14,145.53787231445312,145.67891897693212,143.79822028471983,144.44706362930785,5044300
2023-08-15,141.8329315185547,144.12738683232388,141.26871602059316,143.73244172318925,10300300
2023-08-16,141.23110961914062,141.9551828333585,140.75152213698502,141.6166564012589,6978200
2023-08-17,139.76416015625,142.23726975017826,139.54786942574637,141.87994667324236,9953900
2023-08-18,140.0838623046875,140.5822463780734,138.64512875720078,138.84259411154915,8517500
2023-08-21,140.56344604492188,141.14647252018165,139.19054374369367,140.72330374582677,8327000
2023-08-22,137.64834594726562,140.71387974078053,137.14996192697072,140.35654238713786,9673300
2023-08-23,138.57931518554688,138.78619324427777,136.7832583645231,137.62016892989945,7858000
2023-08-24,138.4476318359375,140.49760089579777,138.22195717332013,138.70153017997455,6534000
2023-08-25,138.27841186523438,139.75475327933296,137.14999521237885,138.49468825612092,6695500
2023-08-28,138.7579803466797,139.74535026556242,138.3536369186339,138.76739302548728,5094100
2023-08-29,139.8863983154297,139.97104068253844,138.4006442576217,138.89904273558784,6337000
2023-08-30,139.32217407226562,140.25311081871706,138.41003398330267,139.7547267719963,6277300
2023-08-31,137.60133361816406,139.50084348167059,137.2534089211085,139.41620112815974,10933900
2023-09-01,138.06210327148438,139.24693832833148,137.00890220569406,137.3756378910462,7903500
2023-09-05,136.53871154785156,139.36917204222323,136.3600428902358,138.3818024360143,7854700
2023-09-06,136.3130645751953,136.85845463739395,135.51376179159,136.06856453152616,8629200
2023-09-07,135.14700317382812,136.6045474653403,134.8366861815507,135.5325498322872,8373700
2023-09-08,135.25045776367188,135.52315278000043,134.14083799530906,134.81789072040658,7107900
2023-09-11,135.84286499023438,136.39766762866674,135.11879201803112,136.11555997144285,6854200
2023-09-12,137.61074829101562,138.5323011715463,135.45735415699824,135.88050858043627,8363200
2023-09-13,137.67657470703125,138.88961925718172,137.12177194179168,138.55109286085687,8325900
2023-09-14,140.34713745117188,140.95835877601152,138.7203371284726,139.02124145269468,10034900
2023-09-15,139.93341064453125,140.79853048647297,139.46323588161104,140.0368496663175,19863400
2023-09-18,140.22491455078125,140.24372555861612,138.9366403116919,139.32218705503516,6512400
2023-09-19,140.04623413085938,140.78911821793756,138.42884630725024,140.58224019484695,7943400
2023-09-20,139.45382690429688,141.28750546996196,139.30336754798745,140.72329005809854,7332000
2023-09-21,138.36302185058594,139.9710257740391,137.88344878149712,138.77677791737364,8052400
2023-09-22,137.03712463378906,138.7109455472443,136.5293422319317,138.50406751537056,7071700
2023-09-25,137.71414184570312,137.77997317911795,135.1281814635426,136.67976630199325,7044700
2023-09-26,136.2848358154297,137.1405572392171,135.6265940850523,135.97453313071816,7468400
2023-09-27,137.08413696289062,137.37564298659942,135.88988918481877,136.52933425011622,6717800
2023-09-28,138.7861785888672,139.9898247951475,137.30042466423484,137.55432304561114,8868100
2023-09-29,136.36947631835938,139.88637395090447,136.2190169681453,139.7359289492838,11917800
2023-10-02,135.19406127929688,136.9336993692709,134.12206334674892,136.19082952464552,9170600
2023-10-03,134.19728088378906,135.02477867086904,133.85875449633997,134.6580429468487,9431100
2023-10-04,134.79908752441406,134.9119248569258,133.46377879625967,134.64862818200334,8128700
2023-10-05,135.3674774169922,135.55694661975534,133.40659836773634,134.55280899031126,8576200
2023-10-06,137.45152282714844,138.1904064626266,134.64754341098376,135.37695936812477,10270600
2023-10-09,137.138916015625,137.73569774934012,135.93585596091424,136.08742554116313,6964900
2023-10-10,137.97250366210938,139.03347614529983,137.62201169643586,137.75463145002604,11288800
2023-10-11,138.4461669921875,139.46924000004523,137.3757411371047,138.78719132814007,8698200
2023-10-12,138.12408447265625,139.2134745307247,137.47993546118224,138.58826087525622,10484400
2023-10-13,140.1986083984375,145.03925011794058,140.04703886623219,140.67225234572953,29427000
2023-10-16,140.05654907226562,141.63851843881218,138.98610891137227,141.57220133475337,12663500
2023-10-17,139.75340270996094,141.4395742566608,139.0524043601375,139.7913023258802,11482700
2023-10-18,138.21881103515625,139.7060458454633,137.70726736334078,138.8629600091824,9620300
2023-10-19,137.63148498535156,139.2703038448197,137.24310784044647,137.8114720413774,11143600
2023-10-20,135.41481018066406,137.48937311336277,134.6285594440336,136.94942649571723,13332900
2023-10-23,133.56761169433594,136.1063366664098,133.31183988001058,135.40535277788072,10133400
2023-10-24,133.72865295410156,134.25913195204492,132.96135194247145,133.7476027624477,8881400
2023-10-25,132.99925231933594,133.7381359302068,132.1561664323438,133.16030402699906,8242600
2023-10-26,133.3402557373047,134.20229129970062,132.08036094329557,132.39296772266337,9109400
2023-10-27,128.5375213623047,131.76777717096823,128.0638773242415,131.6256752868679,17434700
2023-10-30,130.17633056640625,130.76364457019,128.8690683469191,129.24799226425498,9855500
2023-10-31,131.72988891601562,131.90040830075068,130.2237042141286,130.4510585756186,9672500
2023-11-01,131.61622619628906,133.1224109809578,131.17099958127815,131.90988322864285,9432000
2023-11-02,133.96546936035156,134.02230432854245,131.89090629457627,132.7055745657376,10186200
2023-11-03,135.4622039794922,136.19161989432564,134.3728284006059,134.6949028990368,9538700
2023-11-06,136.4852752685547,136.589477540853,135.26326548846805,135.62323960267491,7625100
2023-11-07,136.4189453125,136.65576732228422,135.2916846876805,135.94530129293153,6297900
2023-11-08,137.09153747558594,137.20520742421806,136.049514764893,136.51369114592342,7618200
2023-11-09,136.68418884277344,137.97250119221647,136.12529235225335,137.77357879262672,7992500
2023-11-10,138.71139526367188,138.7587625615186,136.48527680957466,137.2999451873407,7983300
2023-11-13,138.0956573486328,138.5408839096916,137.50834335509538,138.01987256648778,6676300
2023-11-14,140.6154327392578,141.38273370494164,138.79664151758968,138.94819661187788,9927700
2023-11-15,141.846923828125,142.244783091467,140.63439622904392,140.63439622904392,8365300
2023-11-16,143.46676635742188,143.54255113282872,142.1784540844415,142.1784540844415,8126200
2023-11-17,144.76458740234375,144.8024725697852,143.5520452271586,144.1772588984719,7812400
2023-11-20,145.2097930908203,145.64555199659807,143.9120129602485,144.06358253221205,7019000
2023-11-21,144.9066619873047,145.53187560312782,144.52775252863756,145.12453420331482,7083500
2023-11-22,145.24771118164062,145.76872261747664,144.84036971199725,145.32349597725965,5174500
2023-11-24,145.4466094970703,146.29917746551416,145.20031979301464,145.4939767932843,3496900
2023-11-27,145.11508178710938,145.4371563062947,144.6603874979965,145.3424217044304,6259100
2023-11-28,145.4466094970703,145.75921630671945,144.66984076614435,145.1434848193456,6582700
2023-11-29,146.18551635742188,147.42646153912895,145.88237720689818,146.04341446018753,9126100
2023-11-30,147.85272216796875,147.90008946187166,146.24233535655063,146.74439687209036,9869800
2023-12-01,148.57266235351562,149.5389002641886,147.60643889731196,147.60643889731196,8916000
2023-12-04,149.66204833984375,149.71888331169214,147.66326992118485,147.79588967365407,9607500
2023-12-05,149.6431121826172,150.1451737523716,148.69582402014166,148.97053122729264,9135600
2023-12-06,148.07061767578125,150.8272298337835,147.77696064362786,150.46725568883625,9366000
2023-12-07,148.52529907226562,149.0178929455568,147.9190352491648,148.4305789322475,8130900
2023-12-08,150.16412353515625,150.41041325374513,148.70529167070984,148.97053119979643,7369400
2023-12-11,150.71356201171875,150.90301676536245,149.8136266365866,150.16413310802218,8093900
2023-12-12,152.05868530273438,152.18182292300537,150.50513344346612,150.83667559584973,10223000
2023-12-13,152.5702362060547,153.4891069225962,151.34824077979803,152.05870693457936,12379100
2023-12-14,155.3457794189453,156.1509656245066,153.18596372542805,153.29963367104395,13643000
2023-12-15,156.52041625976562,156.5677835579425,153.83012139517064,154.48375252838963,20309300
2023-12-18,157.4676971435547,158.32026510801109,156.89933295505307,157.17404014465845,8469600
2023-12-19,159.5706787109375,159.58962852032627,156.82354898280948,157.249825740006,10345700
2023-12-20,157.77084350585938,160.48008817985806,157.67610890953222,159.13494074793843,10734700
2023-12-21,158.67076110839844,159.22965763367768,156.94668978089607,158.04554747615234,7601700
2023-12-22,158.5760040283203,159.3622547959651,158.41496680426792,158.6707386092771,6576300
2023-12-26,159.51382446289062,159.87379852543415,158.36759963211486,158.63285356809848,4683600
2023-12-27,160.47061157226562,160.5369286828718,158.7465546046211,158.99284432729306,6428600
2023-12-28,161.3231964111328,161.66422076891993,160.09171876054194,160.4232754391721,6320100
2023-12-29,161.13369750976562,161.69259397084912,160.68847098531793,161.03896292625708,6435100
2024-01-02,163.00933837890625,163.0945908390409,160.00643682914077,160.1769417494101,9977400
2024-01-03,162.29888916015625,162.9714556881483,161.38948612751884,162.80095075016862,9852300
2024-01-04,163.3759307861328,165.22500433972132,162.54669823300276,162.6420170002689,11972500
2024-01-05,164.1956024169922,165.25357661087241,163.4330960040298,163.4330960040298,10066000
2024-01-08,163.9573516845703,164.28141224589146,161.54593505094616,163.9573516845703,11229900
2024-01-09,162.66107177734375,163.7380981420264,162.1273216242973,163.57606788439452,9923600
2024-01-10,163.0041961669922,163.0613816047552,161.03121130256366,162.0320000942187,9670200
2024-01-11,162.3179473876953,162.37513282741753,160.73574901857515,162.34654010755642,11919500
2024-01-12,161.12652587890625,168.04623999703182,160.98354774460927,165.6538904699053,19436500
2024-01-16,160.1162109375,160.21151515002774,156.59916117294043,157.14243736078933,17206400
2024-01-17,159.25839233398438,161.14559906926118,158.68652340442242,159.4966746905354,11107500
2024-01-18,159.57293701171875,159.67778183706136,157.49512171042235,159.2869952568206,9382300
2024-01-19,162.3274688720703,162.5752918286845,159.24886492376933,159.6968369137711,13115700
2024-01-22,162.13682556152344,163.91917269589808,161.75557965953493,162.47042663346258,12837500
2024-01-23,161.06935119628906,161.79372434351498,160.54512708940132,161.71747224218575,8360800
2024-01-24,162.5085906982422,162.99468154029353,160.9454587946777,161.42202357678397,9967100
2024-01-25,164.83419799804688,164.8818573759675,162.8993465119901,164.2337218321671,8873500
2024-01-26,164.20513916015625,164.9485789616812,163.72857443899406,164.51967362135542,7443000
2024-01-29,164.63404846191406,164.73889328483656,163.2710803075229,164.16702433184227,6971200
2024-01-30,168.00811767578125,168.47514175793654,164.72935032471554,164.72935032471554,10822100
2024-01-31,166.18763732910156,169.94296936922615,166.16857066951718,167.94139187726532,11521800
2024-02-01,165.587158203125,166.6451323652847,163.3949577854356,165.5013800519336,9354800
2024-02-02,166.54029846191406,167.57922057647215,165.1391970596281,165.1773303806104,8607600
2024-02-05,166.3210906982422,166.88343358893525,164.81514440685976,165.71108842584943,7820200
2024-02-06,166.89297485351562,167.62687406891743,165.61577031946283,166.42593618076785,6764800
2024-02-07,167.20748901367188,167.62686829007302,165.8064021309331,167.45531197350942,7225500
2024-02-08,166.6070556640625,167.09314652050043,165.43471033759258,166.7976786738262,6060300
2024-02-09,166.80715942382812,166.8929521169806,165.52996960737374,166.79763336618873,6296700
2024-02-12,167.55062866210938,168.52282482580503,165.55859149452672,166.58797310133355,8539300
2024-02-13,166.09231567382812,167.9699816610953,164.52918411800974,167.10264500375442,8397600
2024-02-14,167.7793731689453,167.84609921027982,166.24483419786299,166.86437705636513,7056700
2024-02-15,171.4394073486328,171.76348244847617,167.89376426236916,167.89376426236916,8723400
2024-02-16,170.6387481689453,171.54421815228707,169.80953027964074,171.19156494301498,8152600
2024-02-20,171.30593872070312,172.00173363675566,170.04781550672885,170.79125525671367,9668000
2024-02-21,172.4210968017578,172.5068894979879,170.15265879624997,171.5156268111509,7024000
2024-02-22,174.4894256591797,174.82301226014678,172.7451969178192,173.29801377657841,9296500
2024-02-23,175.3662872314453,176.5195656852943,174.60378078668188,175.19471637316317,7105800
2024-02-26,174.7657928466797,175.81424091701768,173.9270343904093,175.1375127000542,7145400
2024-02-27,174.8516082763672,174.9373864430662,173.69832969669645,174.71817072474573,5717100
2024-02-28,175.73800659179688,176.51956515120406,174.38456456464726,174.83252201060458,6131600
2024-02-29,177.3392333984375,177.6918865818416,175.23282581162007,176.9579874998168,9643000
2024-03-01,176.6053466796875,177.70145425651842,176.4242643035929,176.9961332386516,6311800
2024-03-04,177.9302215576172,178.79757295878514,175.6331903417503,176.05256968049537,7063600
2024-03-05,179.71253967285156,180.4273866766866,177.62518409467728,177.62518409467728,6617800
2024-03-06,180.64659118652344,181.16128914188684,178.83565137284896,180.3797161517419,7572900
2024-03-07,179.06442260742188,181.57115767973485,177.88255141389413,181.00881480258207,7618300
2024-03-08,179.3980255126953,181.5330407077065,179.11208377013827,179.60771515433038,6172200
2024-03-11,179.46473693847656,179.6077150814977,177.49176654847534,178.50208143397947,5762600
2024-03-12,180.9420928955078,181.24710130313005,179.10256002169075,180.09380825926033,5708400
2024-03-13,182.40989685058594,182.74348339179392,180.94206952975253,181.4377008563352,7795500
2024-03-14,179.1597137451172,182.64817043581905,178.33049591704497,182.07628704457,10310900
2024-03-15,181.38052368164062,181.99052590228584,177.73956247395188,177.73956247395188,17214200
2024-03-18,183.6299285888672,183.66804736877484,180.98975586451206,181.69507691341752,9013800
2024-03-19,184.7069549560547,184.84039250109598,183.36305344656802,183.67758791922284,8478700
2024-03-20,187.12789916992188,187.34711486243472,184.53538600625475,185.08820281034855,9367000
2024-03-21,189.72991943359375,190.08257262678063,187.12788047150858,187.3089773686367,11203800
2024-03-22,187.40432739257812,191.08340803586026,187.32807528337608,189.6823064344288,8108800
2024-03-25,185.6886749267578,187.70930458163005,185.25022900773442,187.38524407916947,8620000
2024-03-26,186.55601501464844,187.44243292704115,184.96429064801697,185.46944807092873,5961500
2024-03-27,190.16836547851562,190.244617569139,187.17554000364467,187.28991086778012,8725800
2024-03-28,190.91183471679688,191.3121473467988,189.23431755076805,190.13980217725017,8628300
2024-04-01,189.6156005859375,191.52185974205452,189.26294729600886,190.61638955161956,7309000
2024-04-02,189.53933715820312,190.4162145724315,188.79589729519208,189.0913651197731,7014700
2024-04-03,189.0055694580078,190.2065073077986,188.43368598081162,189.71087593046866,9353400
2024-04-04,187.5675506591797,191.43106726420515,187.47169050881533,190.92296311911807,9243800
2024-04-05,189.29318237304688,189.93550239099562,187.0498531231776,188.0564797235353,6532300
2024-04-08,190.28060913085938,190.75995368251904,189.45613591686737,189.45613591686737,8001000
2024-04-09,189.0055694580078,190.6641123023522,186.85811501755413,189.88757639283557,7351500
2024-04-10,187.39498901367188,188.92889766624094,186.1582716882843,187.47168590914404,7681400
2024-04-11,187.35659790039062,188.44951748332386,185.2570811252899,187.90305769185724,10137700
2024-04-12,175.23876953125,181.1251198648831,174.99909726257042,180.54033357260192,31532300
2024-04-15,175.33465576171875,179.71587214147985,174.67315791633376,176.87814585813857,14766600
2024-04-16,173.33099365234375,175.59350053236452,172.2284924010812,175.34423200208582,16451800
2024-04-17,172.64073181152344,174.88406075478235,171.79708073743586,173.87743429200685,9017100
2024-04-18,173.76239013671875,175.78522461530977,172.53526932423483,173.61859263073782,9557700
2024-04-19,178.1244354248047,178.20113230723476,173.91579091483374,174.86488374948237,13402300
2024-04-22,181.58529663085938,182.27555391774052,178.2969855796847,178.3065818323909,11529700
2024-04-23,184.2025146484375,184.28879315265974,182.6494430587006,183.23424396804157,9144400
2024-04-24,185.10369873046875,185.24749624840408,182.313909855042,182.65903852652195,6964900
2024-04-25,185.3817138671875,185.92817369729963,183.28218231517408,184.30798671411355,9802300
2024-04-26,185.49676513671875,186.8197461895444,185.08452120379513,185.57346202257514,6413700
2024-04-29,185.29542541503906,186.2349366235766,184.48053384037513,185.4871603065969,5387800
2024-04-30,183.8190460205078,186.93478547211615,183.7231712629308,184.8448357100977,8153700
2024-05-01,183.93411254882812,186.42671034800628,182.9083080717364,184.32717863603727,7445300
2024-05-02,183.7423553466797,185.50633976958161,181.6907612697659,185.09411048063117,6501700
2024-05-03,182.63987731933594,184.5764336320997,180.6745761287965,184.0683295177683,8922800
2024-05-06,184.06832885742188,184.2600637742944,181.9783933951694,183.8094786740039,7911100
2024-05-07,183.82862854003906,184.95987461709856,183.7327537819952,183.78069116101713,7688800
2024-05-08,187.5675506591797,188.5262399334478,183.10965138520797,183.10965138520797,9227600
2024-05-09,189.34109497070312,189.42737347784018,187.04024700977476,187.10734763918092,7977300
2024-05-10,190.55865478515625,191.1051000177961,190.07931018916793,190.33814573852757,7529800
2024-05-13,190.52027893066406,191.5940206597629,189.85878111742107,190.58739418867287,7049200
2024-05-14,193.18545532226562,193.2525705878791,189.97385528104797,190.77915069779183,8596200
2024-05-15,193.76068115234375,194.31672266199385,191.5173518615889,193.66480637782462,8370000
2024-05-16,194.1057891845703,196.03274906827554,193.6456224984565,193.86611690223924,8497900
2024-05-17,196.3299560546875,196.57922461043975,194.43175552282327,195.3904447287962,9260500
2024-05-20,187.5004425048828,197.3749445599267,187.32787083564088,195.94649233225823,17373300
2024-05-21,191.2776641845703,191.64195611591128,188.47829360909478,188.86176341948598,14420800
2024-05-22,190.11764526367188,192.63900243934597,189.52326266468145,190.77914312561188,9425300
2024-05-23,188.78504943847656,190.1080450328782,187.97017250806806,189.63828212351265,8069400
2024-05-24,192.41847229003906,192.4663950364615,189.3985932153428,189.58074646273366,7356200
2024-05-28,191.2584686279297,192.13087918863567,190.4531733234784,191.60359727675655,6910200
2024-05-29,189.92591857910156,190.76956975878625,188.7563165812428,189.82046218164098,6120000
2024-05-30,191.09552001953125,191.59404249956677,190.2039314566132,190.35732523946047,6829100
2024-05-31,194.25918579101562,194.9015057616244,190.1559974279023,191.06674918836447,14417900
2024-06-03,193.48265075683594,194.05785546823523,190.9612936179844,193.95239907688003,6444300
2024-06-04,190.93252563476562,193.63602130368506,190.08887454138957,191.89121473962575,6848300
2024-06-05,189.1110076904297,191.56526408846938,188.78505690537415,191.50773045425237,8351600
2024-06-06,188.77549743652344,189.8396430536934,187.26076671659627,189.11102988577807,7640300
2024-06-07,191.68988037109375,192.61980995746194,188.8713321096013,189.2739797714667,6964500
2024-06-10,191.36395263671875,192.54313626193007,190.24228802320997,191.0092423122621,6070800
2024-06-11,186.33082580566406,189.76293475540382,185.60222730997666,189.73417525086586,9235300
2024-06-12,183.61773681640625,188.5933359833063,183.406824027288,187.9030786059077,12751300
2024-06-13,185.65972900390625,186.54172119382943,182.99457455675474,184.37508915956818,8587800
2024-06-14,185.77479553222656,186.8101816432933,183.5122883921407,183.54104789841173,6874000
2024-06-17,186.92520141601562,187.50042074214187,184.68187237530643,185.48716772913508,8725400
2024-06-18,188.8617401123047,189.7820880234745,186.11030725978767,186.56089227703083,9023000
2024-06-20,190.46278381347656,191.21056022785828,188.00854177361487,188.27697358244748,8731100
2024-06-21,188.19065856933594,189.0247133401474,186.19658364154085,188.5837245804855,20972100
2024-06-24,190.66407775878906,190.99961014010174,188.95761246648183,189.63827348154393,9785900
2024-06-25,189.88755798339844,191.80493619273605,189.57118882344554,189.90672123301874,6862500
2024-06-26,189.27395629882812,189.76289703565632,188.1714698348563,189.2931341741866,7758600
2024-06-27,190.94212341308594,191.60362129195104,188.765894864985,189.2835952173299,7913500
2024-06-28,193.90444946289062,194.2304148700683,191.06673795740363,191.74739901722398,15307600
2024-07-01,196.9626922607422,198.53494195599288,194.28795584220356,194.46051287571873,10205800
2024-07-02,200.2030487060547,200.2318082090956,196.31077325787848,196.8092810628776,7802900
2024-07-03,200.06884765625,201.68903471376527,199.07180271542398,200.89332093759472,5560900
2024-07-05,197.41783142089844,199.90495668701004,197.15756164535284,199.53864617381842,8093100
2024-07-08,197.78416442871094,199.45188272324833,196.62736569671677,197.65883954033447,8707000
2024-07-09,200.1555938720703,202.20890663088076,198.05406339705047,198.2275912793329,9058900
2024-07-10,200.3194580078125,200.4833364513415,198.1793741060949,198.71921243995314,8328500
2024-07-11,199.9820556640625,200.60866530004373,197.98658073254825,198.7867035323604,10658100
2024-07-12,197.56243896484375,199.9820770572198,194.82467866192138,196.65627534258937,15443400
2024-07-15,202.48846435546875,203.9923039434172,199.27833844604416,199.73142020773267,10719700
2024-07-16,205.92994689941406,206.04563705444227,200.58938632777566,202.44026700381434,11557000
2024-07-17,209.0629425048828,209.72810570857078,205.59254689491155,206.10346637118087,11572500
2024-07-18,202.42098999023438,208.84124221450833,201.7076384383101,207.86760619146685,12415100
2024-07-19,202.2281951904297,204.70568563674118,201.3991534690736,203.59707529601897,8095900
2024-07-22,202.71018981933594,204.53215166667349,202.16071673369055,202.883717700245,7663200
2024-07-23,202.75840759277344,203.86700327176683,201.81369037966206,203.42357088396682,5557300
2024-07-24,201.08103942871094,204.39720644869962,200.57976931414956,202.00648720315863,7119000
2024-07-25,201.1581573486328,202.62344350041943,200.56048122636815,201.13887320322306,6403800
2024-07-26,204.5996551513672,205.48653464267102,201.10996020508134,201.7076510542703,8027800
2024-07-29,203.25967407226562,205.92031228740183,202.97047074878532,204.9948645941633,6533600
2024-07-30,207.4434356689453,208.02182760531736,205.29371695525305,205.55398670734905,8850700
2024-07-31,205.13949584960938,208.60025726077208,205.01417096363343,207.04821445631424,9071600
2024-08-01,200.47372436523438,206.13240750216778,198.9506004887708,205.5250819532728,10918600
2024-08-02,191.97122192382812,197.3021480368774,189.8022189578119,196.540593467653,18041700
2024-08-05,187.88385009765625,189.10813588433086,184.0278448440605,187.06445780696276,13927000
2024-08-06,193.12802124023438,195.30667364113896,187.01625639153167,188.3658523579827,10605800
2024-08-07,193.1858673095703,198.3432804867036,192.99306997882093,196.18391213762757,9204400
2024-08-08,196.71409606933594,197.53350302957801,194.52580907593605,195.18133758602812,7761200
2024-08-09,198.3914794921875,199.0373586273821,195.59586676952446,196.14535459603678,5540200
2024-08-12,198.76744079589844,199.68323913689548,196.32851855610414,198.97952226974954,6936000
2024-08-13,200.45443725585938,200.59903157036632,198.00586566059425,200.2519905060568,6387800
2024-08-14,202.671630859375,203.1729009253771,199.66393691590284,200.2616277015083,6999800
2024-08-15,203.9344940185547,206.19025370793764,203.50069634128775,205.33229307174528,7001000
2024-08-16,206.26736450195312,206.38303995381162,203.9730366434738,204.06944265968446,7931200
2024-08-19,207.69406127929688,207.77118314254534,206.12274928276958,206.29626244296014,6090800
2024-08-20,206.79757690429688,208.22429480560302,205.9878045786156,207.26029344076227,5640000
2024-08-21,206.8746795654297,207.26027419175705,205.17802790680824,206.71078640427385,5202300
2024-08-22,208.8316192626953,208.9954977287081,206.62404791162533,206.8554135333752,5247100
2024-08-23,210.45114135742188,211.29946728870814,208.70630119288492,209.76670860699275,7214000
2024-08-26,211.28018188476562,211.77181729592928,210.2005050400954,211.12593813281453,5105200
2024-08-27,212.25379943847656,212.48516504618274,211.2994475643601,211.60792033180917,5185200
2024-08-28,213.32383728027344,214.2107314043105,211.299443413212,211.35728113662915,6506400
2024-08-29,214.21075439453125,214.95302487070535,211.0584657445463,214.15290195541283,6416100
2024-08-30,216.70751953125,217.36303342834742,213.94082548692816,214.49031335022525,8574100
2024-09-03,212.36947631835938,216.03268397578447,211.34763735649423,214.29747880021557,8956100
2024-09-04,211.4344024658203,214.0757712679163,209.39072445966104,213.08283641697943,7389500
2024-09-05,209.7956085205078,212.85149088939755,208.2532005501347,212.2248812160305,8067900
2024-09-06,204.8117218017578,210.86564876332926,203.49103002390277,209.76668787436864,7777000
2024-09-09,209.00511169433594,210.29686985781797,206.46978366297833,207.44343435369325,8935100
2024-09-10,198.16009521484375,210.7692333693298,193.3882919543516,210.73067979138588,28406900
2024-09-11,199.76998901367188,200.22307080989853,194.56438778018585,197.86127052265937,13658700
2024-09-12,199.16268920898438,201.26420513801557,197.51424039176328,200.17487888132874,9054400
2024-09-13,196.9647674560547,200.36769112363794,195.7115627301204,199.41332446960854,10226700
2024-09-16,200.37728881835938,200.71469512013172,198.18900198882895,198.4203675708578,8634900
2024-09-17,201.71728515625,202.3727990223658,200.18452651974977,200.25199896620595,7573300
2024-09-18,200.05918884277344,203.73203144648693,199.25906599771233,201.48590664975958,8259900
2024-09-19,202.9029998779297,204.28152945633747,199.87603622956823,202.22820187533188,11635200
2024-09-20,203.4910430908203,203.80916530403834,201.9582844621734,202.37279798547686,20885000
2024-09-23,203.8284149169922,204.1754559353891,202.4306161268764,203.404252037897,7223500
2024-09-24,203.97303771972656,205.2840801158477,202.79695492131674,203.54887478135018,7323200
2024-09-25,202.6234588623047,204.59966469607758,201.10033486830633,204.05981155012714,8976500
2024-09-26,202.2281951904297,204.07907595472616,201.48591005736264,203.5296028527362,7807500
2024-09-27,202.92227172851562,204.79243658632572,201.7943919833347,203.06686603834945,7032500
2024-09-30,203.26931762695312,203.3657236421353,197.87090438559173,198.88310870703359,8663800
2024-10-01,199.5868377685547,201.563043524854,198.76744542730427,201.37988091048814,8540100
2024-10-02,199.8278350830078,201.4280808680096,198.2854417354765,199.62540303508803,5810900
2024-10-03,197.8419952392578,199.0566463684385,196.98403461617457,198.74815887229946,7251300
2024-10-04,204.86412048339844,205.30057644632367,200.68381627913752,203.00189752185364,10211700
2024-10-07,204.5828399658203,206.9106297822478,203.3801626203171,204.67983675803367,6718900
2024-10-08,204.40826416015625,204.97081299762056,202.10958521366825,204.2433814525666,6021800
2024-10-09,206.9979248046875,207.7932570879516,203.07949994464997,203.3898630505735,7024000
2024-10-10,206.4353790283203,208.34610048894507,205.106608749474,208.34610048894507,7927100
2024-10-11,215.6009979248047,217.8705955254054,208.68555897315463,209.18020708117118,18320700
2024-10-14,214.8153839111328,216.96858250110924,212.293630063158,216.48362813038722,9048900
2024-10-15,215.697998046875,218.66591634009174,215.14515777638977,216.92978625602393,9235800
2024-10-16,216.910400390625,216.94919023024082,214.38863162622326,215.63982224842857,6382500
2024-10-17,217.6669158935547,219.0538930763408,216.59031660888084,217.521435503585,6470200
2024-10-18,218.58831787109375,219.12177061330635,216.38663578902958,218.2294563898017,7000500
2024-10-21,216.28964233398438,218.90839289110613,216.19264554312963,218.44284085419463,5870000
2024-10-22,217.37594604492188,218.50104375579213,214.4468322523353,216.30905529120685,9586800
2024-10-23,216.6873016357422,218.0354741082416,215.83377726191281,216.92977880561352,6180500
2024-10-24,218.21006774902344,218.28766222544806,214.98997837538428,215.15486108792416,6002200
2024-10-25,215.62042236328125,218.83081811445436,214.2334598869442,218.2294793960015,6369700
2024-10-28,218.71441650390625,218.85020313281026,216.2411463063524,216.6291186743872,6843000
2024-10-29,216.19265747070312,219.92681213014208,216.1053692338975,218.43315914614644,6580000
2024-10-30,217.65721130371094,219.5000318832495,214.91236795234585,215.8434720010865,7110900
2024-10-31,215.24212646484375,218.89868622999063,215.14514447933752,217.93847133580033,7829900
2024-11-01,216.23146057128906,219.34485939228048,215.99867714182966,216.83279926451777,6923500
2024-11-04,213.1665496826172,217.0267824685998,212.57490473705727,215.950183134864,8229600
2024-11-05,214.82508850097656,215.28094678500298,213.37991917505954,213.40901525279463,5600700
2024-11-06,239.62562561035156,240.5373420975332,227.70545496743657,227.92852981016253,23987800
2024-11-07,229.26702880859375,237.21058362240817,228.1419311373641,237.14268290793603,16451100
2024-11-08,229.84896850585938,232.13795371871322,228.68508098059854,232.13795371871322,9502100
2024-11-11,232.08946228027344,234.81491834649185,231.8081952497588,232.7781040164942,9017100
2024-11-12,232.35134887695312,234.19418446972927,231.57541887997547,233.31156391317177,6861000
2024-11-13,233.9031982421875,236.74502378242778,233.07876988293,233.34064938993217,11472600
2024-11-14,234.59182739257812,236.9390048192966,233.7965099040101,235.1252801712944,10172200
2024-11-15,237.92831420898438,239.00491351851235,234.19417438377397,234.19417438377397,11518800
2024-11-18,237.65675354003906,240.46948315746513,235.37746192618306,240.30460043640826,9051400
2024-11-19,235.77513122558594,237.77314102450305,234.28147815637533,234.9604113696529,6792700
2024-11-20,233.5346221923828,237.24937439416908,231.4590181077945,237.04568704958282,9015300
2024-11-21,237.3948516845703,238.10289570204407,234.8245995104416,235.9108925350345,8783500
2024-11-22,241.07081604003906,241.6527523940075,235.71691574566026,236.2794645809059,7997300
2024-11-25,242.7584686279297,246.65750617332893,241.56548494002442,242.07953542341588,10295400
2024-11-26,242.44808959960938,243.44709442063177,240.8671336131068,242.95244628971668,6212100
2024-11-27,242.27349853515625,243.63137965588157,241.28420227248876,241.84675111969358,5472300
2024-11-29,242.2056121826172,244.19392806320383,241.94373267843793,242.34139881448183,5494800
2024-12-02,238.84002685546875,242.7196618094662,237.65673701052887,242.04072865244322,8899700
2024-12-03,237.4530487060547,241.5460496952517,237.26876369002755,240.7604260371418,6657700
2024-12-04,236.07577514648438,237.96710897912115,234.9409837266818,237.3366594350314,7346300
2024-12-05,238.0931854248047,239.74202726798555,237.2590633441886,238.00589719302252,6572500
2024-12-06,239.9166259765625,240.28519603281265,237.47245181338516,238.30657391988672,5519700
2024-12-09,236.4734649658203,240.4112923726013,236.42496656531813,239.69356932385114,7076500
2024-12-10,235.5520477294922,240.49858844470623,234.93130670009893,236.55105259242768,9108300
2024-12-11,236.2018585205078,236.91959626812363,234.892475888952,236.6577167818861,7884400
2024-12-12,234.26205444335938,236.75472698403252,233.78679383764873,235.68782146085866,6113800
2024-12-13,232.71990966796875,235.4162548301433,231.94397970195718,234.7858200575525,10392700
2024-12-16,232.3707275390625,233.42792446749883,230.3727179900156,233.36973231358596,9032000
2024-12-17,231.1874542236328,231.8275975615697,229.50951620113162,231.46872125413844,8083600
2024-12-18,223.4378662109375,231.87608388142587,222.62314644125652,231.80818316746954,11322400
2024-12-19,225.94996643066406,229.2476505164938,225.2807269733339,225.2807269733339,11790800
2024-12-20,230.4503173828125,232.0118710112261,224.6211565141942,224.941228167182,32348400
2024-12-23,231.21653747558594,231.43961233565523,227.81216322118433,228.96635695747324,8611500
2024-12-24,235.01858520507812,235.19317647466937,231.8760903487652,232.2252432886818,3729100
2024-12-26,235.8236083984375,235.93999271034167,233.54431695942878,234.16505795563904,4451800
2024-12-27,233.91287231445312,236.06607074717232,232.81687078078448,235.4162337138211,5730200
2024-12-30,232.1185760498047,233.59282673786723,229.97507113678503,231.5851232615298,5723800
2024-12-31,232.49684143066406,234.17477948529643,231.83729576086603,232.8266068657463,4871000
2025-01-02,232.77809143066406,235.9593908295792,232.24463867787563,233.67040567185904,9220900
2025-01-03,235.9593963623047,237.51125626141643,233.0302678325568,236.55104128388234,9491100
2025-01-06,234.8090057373047,239.5276052767369,234.54577371258085,237.58751310559202,9917800
2025-01-07,237.07078552246094,239.10836037665226,234.85771770955677,236.0666212689191,8753400
2025-01-08,237.0318145751953,238.1237179586147,234.467775512986,236.6613409803632,8675300
2025-01-10,233.8535614013672,237.69474046339533,232.75191424539267,236.99279835682842,10256800
2025-01-13,238.08473205566406,238.4064419057108,233.00540271461605,233.65859599149118,10005300
2025-01-14,241.262939453125,241.5066689337318,236.11537401279514,236.57358662642125,12407400
2025-01-15,246.0205535888672,247.3074375627741,237.5680017698704,244.11945166267157,18448500
2025-01-16,247.8924102783203,250.59293737173945,246.00106693044077,247.62917824638126,15292300
2025-01-17,252.6597442626953,254.08311616597211,245.81581595917703,247.76565189599165,17678100
2025-01-21,256.43267822265625,257.6220793628749,252.9912189012906,253.54692929719334,13712100
2025-01-22,256.2474365234375,256.7739005596,253.7224025429303,256.3059292216627,9021900
2025-01-23,259.2794189453125,260.1665680234868,257.1930804263678,258.05101291071395,10749700
2025-01-24,258.1972961425781,260.4006204848565,256.4132091788652,257.0761463209556,7666300
2025-01-27,259.18194580078125,259.29893119572284,255.68199389214797,257.54409076732867,7522300
2025-01-28,260.4396057128906,260.6248127587292,258.1875177876292,259.18195317720495,7375400
2025-01-29,259.8935852050781,263.89075430733,258.94791370834145,260.5077882058216,7684900
2025-01-30,261.50225830078125,262.93538890949,259.93262489498824,261.8922195390952,8753500
2025-01-31,260.5955505371094,264.02728068876934,260.2640820114848,262.4771647518187,7193800
2025-02-03,260.11785888671875,261.4437627852604,255.13604238526239,255.262756728444,8381400
2025-02-04,261.21954345703125,263.07188179280973,260.13736895555724,263.07188179280973,5626000
2025-02-05,263.6470642089844,263.8518184078893,261.59973048488587,262.1651995788102,5704400
2025-02-06,269.95477294921875,270.0327830459936,264.38799981532753,265.61640594638817,7264400
2025-02-07,268.8823547363281,271.56337905921515,267.8196977567854,270.3154852917386,6857900
2025-02-10,264.24176025390625,269.25282287048054,262.8281173750097,269.2235765230891,8627400
2025-02-11,268.0926818847656,269.29184169342403,262.89638221818285,263.4813389480683,7196400
2025-02-12,268.5411682128906,269.51608618824747,266.3963367662514,267.205505594858,6683900
2025-02-13,269.3893737792969,270.0230645873926,266.9423198526217,268.5899338049539,8398700
2025-02-14,269.652587890625,272.2263859001187,269.516114830682,270.41302280213205,5688600
2025-02-18,272.92828369140625,272.94777133904427,269.0968336529695,269.8182931454493,7919800
2025-02-19,272.245849609375,273.2207676026046,270.26676727320427,271.39767571560697,7007200
2025-02-20,260.1081237792969,271.74864767378955,259.0747130267057,271.69015497097405,13846700
2025-02-21,257.6123352050781,262.4479501394835,256.24745588977726,261.5900174978265,12835600
2025-02-24,254.7850799560547,260.3031196966599,252.12354296524057,258.8309839185153,10372800
2025-02-25,250.9438934326172,256.403440317563,246.9954873361863,255.65276414983606,9608400
2025-02-26,252.29904174804688,254.36586318209035,250.48567876676748,250.70992062126717,5943600
2025-02-27,252.55245971679688,257.02735887580104,251.39230508329683,253.65412165887105,8204400
2025-02-28,258.0120544433594,258.16804490068563,251.42162869611653,254.19039237134785,10467100
2025-03-03,254.0831298828125,259.64017450358887,251.35337132475837,257.37835755426585,9058300
2025-03-04,243.9732208251953,250.7781589340054,239.7810705990394,248.87705700074721,13465600
2025-03-05,245.2211151123047,246.7029945878236,241.61392160869326,244.9481392715601,7861400
2025-03-06,240.3562469482422,243.10552250301646,237.73373035393712,241.8868751562689,9983200
2025-03-07,236.203125,240.53176317463996,233.41485900581728,239.07913004138194,20498700
2025-03-10,226.3954620361328,231.55277177640727,222.96374646708685,230.28539026110542,18887200
2025-03-11,223.3927001953125,227.4678649933782,221.00415417455685,225.9372366595305,18143000
2025-03-12,222.1837921142578,228.44277836700155,221.55984522899598,228.13079748633706,16054000
2025-03-13,219.54176330566406,223.7436570558228,218.60583558035344,223.5486764519025,16467900
2025-03-14,226.6099395751953,227.29237919177538,221.8718375571281,222.39828672532758,11962100
2025-03-17,228.06256103515625,229.75892371378134,224.67960925467645,225.38153653003468,9586000
2025-03-18,229.07647705078125,230.24637564186483,227.6628489667191,228.44278631946406,10344900
2025-03-19,233.11264038085938,236.25187748793,228.99848528714736,229.8271715262197,10120600
2025-03-20,233.01516723632812,235.6961919826869,230.27564978476536,230.62662089205875,8328500
2025-03-21,235.56944274902344,236.22263602846675,230.56810861367876,231.8452488224462,19326900
2025-03-24,241.838134765625,242.4523378102599,238.2796903387956,239.3228447686283,9422700
2025-03-25,244.83114624023438,245.50384199682819,241.40917476122533,243.0567884546642,9287700
2025-03-26,244.73365783691406,248.28235866743117,243.51501036934545,246.26428619669275,12779300
2025-03-27,241.89662170410156,244.35341894811367,240.98019650885527,243.27125949697103,8022500
2025-03-28,236.7588348388672,243.25177720979866,235.06247221658606,240.7462457637879,11978400
2025-03-31,239.1473846435547,239.69333633486474,231.40653346417213,233.4051183081998,13603000
2025-04-01,237.54852294921875,239.52760529495902,234.8382521050207,236.53459990075916,8054700
2025-04-02,239.65435791015625,241.04848355623753,235.40371469305003,235.54020262256896,7758800
2025-04-03,222.95399475097656,229.24221273335493,221.59885935670877,228.39403885290514,17188500
2025-04-04,206.26849365234375,213.54694074239666,204.944241574114,211.2025352982525,27170700
2025-04-07,210.34912109375,217.81394538812455,198.30338839066803,201.84452086077627,22914400
2025-04-08,212.73275756835938,223.49348363812953,209.18182124244132,219.25590423367711,19485700
2025-04-09,229.8695068359375,232.94960465296953,206.97476615322626,208.4461507467326,24022400
2025-04-10,222.77743530273438,225.95563138478292,215.9011700853409,225.6123023289423,18896400
2025-04-11,231.69400024414062,234.02860167946685,220.70766608161722,221.99267276486097,20284500
2025-04-14,230.2422332763672,235.20570094935914,229.17303086586182,232.5768346591959,13017800
2025-04-15,228.68258666992188,234.0972709216147,228.3785029309102,231.59592921415862,10912900
2025-04-16,225.22972106933594,229.1239864114683,223.58176271607732,227.574126341125,9322300
2025-04-17,227.534912109375,229.86949873745436,226.15180704795938,226.39703780490407,9557900
2025-04-21,224.62155151367188,227.3877464470659,222.02209671781299,226.23026455156602,8716200
2025-04-22,231.0956268310547,231.48800497916372,226.95613091660377,227.55449449573612,10701400
2025-04-23,236.28472900390625,242.08197236154456,235.4215120035636,235.63731625364926,14126800
2025-04-24,239.97299194335938,240.78715979495186,233.04767825191306,235.1664754342962,9055200
2025-04-25,238.90379333496094,240.93429610814024,237.13812898804628,239.98279962585002,8588600
2025-04-28,238.58010864257812,242.13104534190202,236.24550696236508,239.89454195509384,7394300
2025-04-29,239.95338439941406,240.5713706917717,237.07928713486953,237.5697486449445,7216800
2025-04-30,239.95338439941406,240.541944198583,233.88146850985436,236.60844827615284,12991700
2025-05-01,242.18008422851562,243.7103217475342,237.55012636868136,238.20734299709588,8689600
2025-05-02,247.69287109375,248.78169626532693,244.70106780011497,246.4667172954741,7165000
2025-05-05,247.7418975830078,250.29230323726398,245.80947817623058,246.38821912384302,5450700
2025-05-06,244.49505615234375,247.83018834347143,244.2498254039462,245.23074839753636,6369900
2025-05-07,244.6324005126953,247.63402267137778,244.08308599577276,245.08363170456627,8724100
2025-05-08,248.6345672607422,250.9985954090027,246.75119679647383,246.770819448475,8320100
2025-05-09,248.2519989013672,250.63563464782604,247.52611048052464,249.64490778917525,5087600
2025-05-12,255.08900451660156,258.57129899597703,253.7647824650602,257.8846409478204,9603900
2025-05-13,257.9925842285156,258.6399970419656,255.42257059461764,256.05034578816554,8589000
2025-05-14,260.5723876953125,261.5533106486566,257.28628981453124,257.98273672949557,8643100
2025-05-15,262.3870849609375,264.3783574631619,259.7091843166256,261.8770157752101,9214600
2025-05-16,262.45574951171875,263.33857420454694,259.66011303826815,262.3968965278898,8932900
2025-05-19,259.82684326171875,263.20122018216097,256.93310894728614,260.4840447921333,12145000
2025-05-20,260.6116027832031,261.5729180532009,257.2960784147582,257.5118826616805,8436300
2025-05-21,256.0601501464844,260.58219084007044,255.7560664091254,259.3070029050421,7464000
2025-05-22,255.69720458984375,257.29608389039316,253.93152527688756,254.49065855609336,6514100
2025-05-23,255.7364501953125,256.9920305520328,251.11631082723815,251.9108561346332,6671800
2025-05-27,260.22906494140625,260.23885381510826,256.99200115618,257.04106526626447,7506600
2025-05-28,258.4634094238281,261.63180170795323,257.88466840636806,261.160947858906,5535400
2025-05-29,259.32659912109375,260.34676738524155,257.5217044601511,259.74838881098617,5081200
2025-05-30,258.9636535644531,260.26826789000455,257.71789221988047,258.4241579270174,10977700
2025-06-02,259.611083984375,259.97402070361045,256.90372693326515,258.00235590026796,6011200
2025-06-03,261.19036865234375,261.49445240173793,257.86505509318295,258.69884566926845,6998400
2025-06-04,259.1794738769531,262.0241445637471,259.14022857540317,260.84705493579474,5915700
2025-06-05,256.9527893066406,259.68954289634314,255.34406123341302,259.68954289634314,8173800
2025-06-06,260.6606750488281,261.56310742936586,259.2187170664052,259.28735892431575,7738100
2025-06-09,261.6513671875,262.7892413542747,258.32605409213727,260.9254938141093,8285000
2025-06-10,263.4759216308594,263.7701865542935,260.77838340293533,260.80780989527875,7538100
2025-06-11,263.03448486328125,264.4764428071077,260.71952105435884,263.5543728329388,7434100
2025-06-12,263.1227722167969,263.17183632733907,260.0819349081481,261.76909370629187,6618000
2025-06-13,259.8955383300781,261.92602601343884,257.69825064418626,260.0230331633122,7098300
2025-06-16,265.2023010253906,266.5461905448813,261.75928200050436,261.90641444850957,8566000
2025-06-17,264.37835693359375,265.42795173106725,262.69116817138956,263.0541348281509,6739300
2025-06-18,268.7336730957031,272.4219533800811,264.5745689012487,264.849226160592,9586400
2025-06-20,269.7538146972656,272.00992553694005,268.5865139770169,270.3129479704052,13969700
2025-06-23,272.96142578125,273.2360830171409,266.9189366562568,269.81267140989485,8094600
2025-06-24,275.8944396972656,277.3167602259335,274.1778242784133,274.8644524847159,9267900
2025-06-25,278.6410217285156,278.85682601438873,275.5511198581407,276.12986091220984,6826900
2025-06-26,283.24151611328125,283.88892888521605,279.04316687272353,279.26878993935657,8942100
2025-06-27,281.6327819824219,283.19247586135157,279.6022941678673,280.3575940845552,17868600
2025-06-30,284.3793640136719,287.0670832038085,283.40825991352006,284.8600066595423,12689200
2025-07-01,284.8698425292969,285.57610826317716,281.122709609671,285.3406963303482,9338300
2025-07-02,286.42950439453125,287.2338684064349,284.17339356010143,286.4687496948515,8158700
2025-07-03,291.75201416015625,292.1462676228288,287.03074848169234,287.95726066275904,6541600
2025-07-07,287.7798767089844,291.7914744795477,285.9169860687423,291.012803517784,8825700
2025-07-08,278.7217712402344,285.54247428822356,276.28721745930295,285.1186224364487,15440900
2025-07-09,279.0963134765625,283.078342988919,278.42607952209454,283.0586107622728,11273800
2025-07-10,284.0540771484375,284.1723501696605,278.9385584232814,278.9385584232814,8410900
2025-07-11,282.7431640625,283.2557206237078,279.5792402426265,281.4223984494675,7384700
2025-07-14,284.5567932128906,285.1481583723004,281.1661592607552,282.95018101073435,9079900
2025-07-15,282.4376220703125,287.7601490973643,281.3830008251136,283.8668247126896,12526100
2025-07-16,281.7181396484375,286.5576787356624,278.9484690013939,284.2611002489253,9979800
2025-07-17,285.73956298828125,286.13381646736286,279.3722805662569,279.3722805662569,8509500
2025-07-18,287.0898742675781,288.30223294760714,284.0935239995615,285.36498911319075,12217000
2025-07-21,286.794189453125,289.95811320350606,286.4097720406625,286.8237577094983,7898100
2025-07-22,287.2475891113281,289.41602825063205,285.02987956960806,287.3165917383993,6717500
2025-07-23,292.5011291503906,292.72780910920665,288.3515263055785,288.6373728619252,7083500
2025-07-24,292.29412841796875,295.2905090775473,291.9491754148663,293.1516681080147,7001200
2025-07-25,294.33441162109375,294.6103920554469,291.71258245493334,292.4419829511327,5918500
2025-07-28,293.9992980957031,295.13278810430046,292.5602593912129,293.3882007039174,5840400
2025-07-29,292.777099609375,296.9661066035344,291.94915830714154,295.6946113524278,7635700
2025-07-30,295.3299560546875,296.2958726319795,293.1122462449408,293.15168061940614,8061700
2025-07-31,291.98858642578125,296.66058212054435,291.25921595040046,294.8469919658045,14749700
2025-08-01,285.2171630859375,287.61228223789124,280.1607803787386,286.2323800564947,12007100
2025-08-04,290.0370178222656,290.0961543423283,286.0944227268155,286.0944227268155,6649500
2025-08-05,287.1884765625,291.5450573497094,283.11774234014615,290.46083768957914,7182300
2025-08-06,287.16876220703125,289.08092314098127,285.99583781724914,288.1051104485434,6330200
2025-08-07,282.8220520019531,289.2484709612734,282.29965937267906,288.7359444448802,8057100
2025-08-08,284.61590576171875,287.0504590616496,280.6240107941869,284.8327496617793,6634100
2025-08-11,285.4044494628906,287.13920088726815,284.635644641562,285.246742053437,5510100
2025-08-12,288.6472473144531,290.5199739550687,286.1732592848133,287.31661546362176,8570900
2025-08-13,286.36053466796875,290.32283187703916,283.0389031406188,289.7314666813669,8420400
2025-08-14,289.9384460449219,289.9778804180479,285.4833244293079,286.4098066006694,6322400
2025-08-15,286.3210754394531,291.2591849519308,285.660707668408,290.6086532135509,7340500
2025-08-18,287.3461608886719,287.7108460905947,284.2709417940018,285.8381195988006,5386900
2025-08-19,286.4886779785156,288.2825659770611,285.37489004447787,286.6562214265169,6031500
2025-08-20,288.04595947265625,289.1203129200321,283.1472843493455,286.63648908496583,7374200
2025-08-21,287.28704833984375,288.5683797096441,285.31575079885044,287.7503044651617,6624000
2025-08-22,291.98858642578125,292.89539654295805,285.9662867879994,288.9922357768791,8552800
2025-08-25,290.6678161621094,293.08266767966575,289.9187435512912,291.9885819039242,5856300
2025-08-26,294.2851257324219,294.4526691589569,289.2878798394283,289.9384115603751,6714700
2025-08-27,294.9849548339844,296.74927450763425,292.77711127340297,292.98408908730437,6056500
2025-08-28,296.749267578125,296.91681101607145,294.41328492266325,295.71431837356056,6410500
2025-08-29,297.09423828125,298.60227955806266,295.4284896061262,297.70533564994906,6796400
2025-09-02,295.3989562988281,296.1480289299188,290.2735705259471,295.95091721841663,7221900
2025-09-03,295.211669921875,296.25645520177414,292.1265844883639,296.25645520177414,6316900
2025-09-04,299.4598083496094,300.0610396446901,293.99930589050996,295.694622931837,6605800
2025-09-05,290.1553039550781,300.770730899917,290.08630131868694,299.29225767241,9837700
2025-09-08,288.7063903808594,292.2054315497858,287.2574854579185,290.65798581164114,8188500
2025-09-09,293.57550048828125,294.7089905900123,288.1149977252914,288.40084429899173,7848200
2025-09-10,296.22686767578125,297.2125163723058,291.1606189374317,292.44198029068025,7787300
2025-09-11,301.1748046875,301.342378196144,296.4732713682419,296.91679522122274,7942500
2025-09-12,302.5054626464844,303.13626220753474,299.3415385689925,300.622869917122,6846700
2025-09-15,304.4668884277344,305.5018376479389,302.7617353660041,302.7617353660041,7122000
2025-09-16,304.75274658203125,306.43819756185593,302.72231251567524,305.55111968192784,10525600
2025-09-17,307.2759704589844,308.41932651675705,304.3387266167954,305.9355027165261,8657800
2025-09-18,308.7347717285156,308.94174954569326,305.16669795269365,307.3154351086428,8050700
2025-09-19,310.26251220703125,311.2678631029987,304.68373667454165,309.09945390156855,23568600
2025-09-22,307.9560852050781,309.198012204534,305.11741210895696,305.35395817376326,7520200
2025-09-23,308.25177001953125,311.77054315707727,306.12276518201463,307.34499004479613,8584400
2025-09-24,308.92205810546875,312.036681822986,307.1971727167786,309.54299157852137,7310500
2025-09-25,308.95159912109375,311.12000822788536,307.3252546914858,309.61196690994507,7083200
2025-09-26,311.52410888671875,313.2489940185383,309.1979925185918,310.3807528469309,7258100
2025-09-29,311.1594543457031,313.4461666504931,309.158588598915,312.50978831201064,6462400
2025-09-30,310.9031677246094,312.85476301381095,305.65950932869447,311.71140689202116,11823300
2025-10-01,306.25091552734375,310.0752375005356,302.99828667529783,309.46414008660315,9235200
2025-10-02,303.1362609863281,306.10307334887034,301.74652271909054,305.5511124553201,7600000
2025-10-03,305.5806579589844,307.18727011434805,303.78677014872494,304.08248279942853,6029900
2025-10-06,306.22442626953125,308.7698659390142,302.2131538143922,307.21486689804453,7214500
2025-10-07,304.74871826171875,307.0465480670538,301.78731007714714,306.39285354178503,8454200
2025-10-08,301.1236572265625,305.8282501205831,300.64823485280857,305.2636917190969,6489900
2025-10-09,302.6093444824219,305.09536030036105,300.4898171115272,302.13392206728275,7060300
2025-10-10,298.0137023925781,307.50211054267186,297.9344502139145,302.7380934229591,8597400
2025-10-13,305.0260314941406,306.5017785031187,302.53013174675476,302.6786918104351,10788700
2025-10-14,299.19232177734375,304.0653034578676,291.39755808509767,302.91638858642943,16178800
2025-10-15,302.767822265625,309.13634876005415,302.520212088773,303.4611428511513,11354800
2025-10-16,295.6861572265625,305.72920960204,294.2302082762473,302.43105556912377,10549400
2025-10-17,294.7155456542969,296.68651306450823,291.3876792596173,296.30025689141456,10153500
2025-10-20,299.4696350097656,300.78693806489423,295.3098022126917,295.6465484229892,6894900
2025-10-21,294.25,301.1434582480101,294.16086397135297,298.7763208850087,7372700
2025-10-22,291.29852294921875,295.21077611588424,287.76267234049385,294.92353982678844,8054100
2025-10-23,291.72442626953125,293.53691953831486,289.7138327608809,291.5659521228084,5438800
2025-10-24,297.5679931640625,299.70734860853685,292.6257039619419,293.2496561856281,7228300
2025-10-27,301.2425231933594,301.6188954834183,298.13255521259686,299.27155593587753,5642200
2025-10-28,302.44097900390625,305.0260451309229,300.26202744552563,301.9457586189306,6336000
2025-10-29,302.5895690917969,305.3033671273222,300.1134671686232,300.6086875532579,7520300
2025-10-30,306.4819641113281,309.62164411662417,302.1834552198523,302.8668617019339,7514600
2025-10-31,308.1459045410156,309.8791757592273,304.3129038831637,305.5905808443981,7721300
2025-11-03,306.3928527832031,309.3344630267029,303.28285431242927,308.02707397940236,7770000
2025-11-04,306.2937927246094,309.23540287266394,302.1834697809128,303.7780648320401,7085200
2025-11-05,308.7005615234375,310.107000668758,302.70840715746203,306.6503419445097,6865200
2025-11-06,310.4239501953125,311.83035912038315,307.2941538281452,308.01715622418413,7206100
2025-11-07,311.20635986328125,311.4242580235003,304.6991875199946,308.90856044061366,7302300
2025-11-10,313.86077880859375,316.5052386427636,311.2063746689554,311.9888313123107,5794100
2025-11-11,312.6029052734375,316.00010979819433,312.2661590448994,314.4649387231156,5030200
2025-11-12,317.34710693359375,319.16951418656384,313.1872439213492,313.23678409164455,10578300
2025-11-13,306.5216064453125,317.565014483568,306.1452341336872,316.17840351377913,8973300
2025-11-14,300.70770263671875,304.69920788981074,298.3504790333013,304.57044575572996,10327000
2025-11-17,297.4986572265625,302.66875869849656,294.8244855709175,301.0939616708072,8344000
2025-11-18,296.5478515625,300.05402007948175,294.1806837974681,296.6369875977812,8077300
2025-11-19,300.3709411621094,301.5396841634701,296.409178349521,296.8746866890342,5546600
2025-11-20,295.5277099609375,306.95740445253,295.3098117912242,303.411609711364,7501600
2025-11-21,295.1711120605469,298.7961284719156,290.01092472978763,298.40987233529637,11766800
2025-11-24,295.1513366699219,296.9539460474125,291.69470820468445,295.3890327721484,10940200
2025-11-25,300.103515625,301.5891765934406,292.7346348034667,297.18170363006027,8877200
2025-11-26,304.6991882324219,305.5806647286523,300.30162915288383,302.0844103036798,7910900
2025-11-28,310.0871887207031,310.7210853336642,305.29345893213815,306.14525372757277,4322400
2025-12-01,305.96697998046875,311.038031953238,305.5906076467962,309.958455126882,7727300
2025-12-02,304.9368896484375,307.5120415313108,304.1544330268201,305.7886541478843,7249000
2025-12-03,309.1462707519531,309.37405277594195,303.86720471987456,304.26340519365976,8535300
2025-12-04,313.07830810546875,315.44544563675794,310.00793592177615,310.2654601734084,9627800
2025-12-05,312.0284729003906,315.4355916137351,311.6718985008828,312.62274341566774,6518900
2025-12-08,312.1968078613281,313.44477282870224,310.3546026483966,312.0482477999388,7417200
2025-12-09,297.6373596191406,315.7524991840304,297.15202309779255,311.939326475107,18049200
2025-12-10,307.1455383300781,308.2152311685389,295.60691069504315,297.62741810314117,18874100
2025-12-11,314.3460693359375,314.96013772429524,306.2838676543348,306.2838676543348,9721900
2025-12-12,315.47515869140625,317.20842990436694,313.5735294870918,316.6240735225281,8982900
2025-12-15,316.9608459472656,319.7935222813264,315.3464528736662,316.534963668203,10864100
2025-12-16,312.5335388183594,316.46558945571707,311.3945381021762,316.0397072252412,8331300
2025-12-17,311.9690246582031,316.3170436429019,311.65207637787455,315.3860269605939,8718700
2025-12-18,310.0079345703125,314.66301788263524,309.2353920446346,312.979256626897,11444900
2025-12-19,314.17767333984375,315.51477427620307,310.1961127673861,310.79038320864026,24494400
2025-12-22,320.00146484375,320.14014104266494,314.47481933577194,314.47481933577194,8354600
2025-12-23,322.8143310546875,324.6466524002949,320.00148308544306,320.51650136966475,6668300
2025-12-24,326.02337646484375,326.8355148620812,322.3884458193645,323.1213622604756,4289300
2025-12-26,324.7754211425781,327.6972031402456,323.4185221880518,325.9639318748006,4158300
2025-12-29,320.6551818847656,324.63674268276935,320.43728371815735,323.8741142125664,8635300
2025-12-30,320.3283386230469,321.83379757815135,319.40720581728044,321.7050354533748,7904300
2025-12-31,319.1398010253906,321.77437689354394,318.9615289550125,321.2395304565584,5048500
2026-01-02,322.36865234375,322.61626252061376,317.6739428368343,319.4171281542276,8054000
2026-01-05,330.8468322753906,334.026138578159,322.08142570711647,322.3884599175412,10752600
2026-01-06,332.90625,334.1598441675407,328.96642165340415,330.92639220894705,7660800
2026-01-07,325.3250732421875,330.45880399676645,322.947258062395,329.4539672046419,9815200
2026-01-08,328.11083984375,329.7126277455971,323.99190461809644,324.7281574581884,11737100
2026-01-09,327.5138854980469,330.21007865256746,326.49908990111055,327.6631156796267,6738100
2026-01-12,322.8377990722656,324.3600076252465,319.59441851466954,320.2411028663189,12805100
2026-01-13,309.3169860839844,325.1957141371429,308.9886797025588,322.64875130423195,19371200
2026-01-14,306.30242919921875,310.17263725890126,304.5613395847709,306.6307659579143,25951500
2026-01-15,307.68536376953125,311.3466191836246,306.18304245620016,306.8993776774091,14751400
2026-01-16,310.8789978027344,315.5948534301565,308.42157308655703,308.76979706409315,14652500
2026-01-20,301.19854736328125,309.56573031914434,300.323023148028,304.65088058894946,12900600
2026-01-21,300.50213623046875,303.8450138204667,299.61665319654776,301.88504309324475,10270100
2026-01-22,302.0840148925781,306.6307531542374,301.35772089620315,303.3077326815458,10535800
2026-01-23,296.2041015625,300.8304191049288,295.000271015744,300.4623078902987,11107900
2026-01-26,299.5072021484375,300.243424572115,295.9354850066467,296.2936374196168,11752700
2026-01-27,298.7809143066406,300.4324657566407,296.6319086980451,299.7957098597862,11527400
2026-01-28,299.2385559082031,300.38272473319716,296.53240414079806,298.74110176244625,9556700
2026-01-29,304.8598327636719,305.2677184721844,300.6812055104527,300.86028172816947,11580000
2026-01-30,304.33251953125,306.36211063628633,301.0194578342246,303.6957636347891,11953200
2026-02-02,306.5710754394531,307.72514241386267,299.83552643648,302.9097896135357,9839400
2026-02-03,313.24688720703125,314.6397527673971,307.5261644294422,308.15296152215484,12688000
2026-02-04,315.654541015625,317.68416242077944,312.809117891095,312.809117891095,9848800
2026-02-05,308.5807800292969,314.4009999973286,303.98430827226673,313.3961328396234,9388000
2026-02-06,320.7584533691406,322.59903993155126,313.10760555212,313.10760555212,17797400
2026-02-09,320.4599914550781,324.73808529326595,318.4801031561584,319.70385137937853,11477500
2026-02-10,316.659423828125,324.4694603347238,313.51550984428656,320.9076714905845,9902200
2026-02-11,309.2374267578125,323.6237932822943,307.15807190859783,321.5941717066872,8703500
2026-02-12,301.09906005859375,312.0231336727285,298.492374829366,310.68996020493864,13443400
2026-02-13,301.0094909667969,302.740652037527,295.0101951931391,297.0000117729552,9114500
2026-02-17,305.5661926269531,306.6705262718474,300.95976231603305,301.21844819128046,8896800
2026-02-18,307.2077941894531,310.6899733588093,305.6557396172298,306.8894162356143,7209600
2026-02-19,306.48150634765625,307.6057576457843,303.5664321569553,305.6060125002564,6737700
2026-02-20,309.20758056640625,309.4165028225248,304.12358301143166,306.829734990155,7792700
2026-02-23,296.1543884277344,309.4165036660153,293.5974666249826,307.22769310292153,12955400
2026-02-24,295.7862243652344,298.22376183621185,289.89638425356503,295.3086878147805,13554100
2026-02-25,301.75567626953125,302.113859047087,295.4977249020647,297.1194302945208,8095500
2026-02-26,304.5712890625,307.4366298839601,302.0939770599508,303.02916294815697,7007800
2026-02-27,298.7709655761719,301.4074969953331,292.9507760142178,298.4725052158334,18620800
2026-03-02,296.044921875,298.45261340621465,291.7170645432447,293.3089239524434,8508900
2026-03-03,298.7311706542969,300.8503301542204,288.0259478174434,290.80175042735664,10278200
2026-03-04,297.8656311035156,299.4674190034017,294.31380094003714,298.4625518350298,8055700
2026-03-05,292.0553283691406,299.7061758621692,290.9410358965662,296.46279534996694,12732500
2026-03-06,288.0060729980469,288.51345559776433,282.2654325280704,284.88204628210366,13496500
2026-03-09,288.44384765625,289.61783224456605,279.02206418875625,284.04633930656934,12241100
2026-03-10,287.2598876953125,291.25940817695187,285.7177615952499,287.81703392074905,8344900
2026-03-11,286.0560302734375,289.00098077209634,283.40957048917664,287.339470512306,10205000
2026-03-12,281.44964599609375,282.4345955757058,277.6789347371047,281.38992356011664,13760500
2026-03-13,281.996826171875,285.72773249785536,281.50933079451545,283.2205743771862,9091200
2026-03-16,284.7029724121094,287.7971227560318,283.16084627757465,284.88204862524725,8149000
2026-03-17,285.42926025390625,290.2744588762506,284.4940440114858,287.5285022187445,8961200
2026-03-18,286.27490234375,287.93641255144826,283.6682474755719,285.36953215418885,10057000
2026-03-19,286.5037536621094,288.0359209952396,283.1708046765218,285.4193072233837,9846700
2026-03-20,285.1009216308594,289.2297850267638,283.81748141518966,286.61317132501995,22436500
2026-03-23,288.4338684082031,294.24412922690453,286.5037438804951,292.8114588483544,11470800
2026-03-24,290.91119384765625,293.9755285514211,283.9169894005904,284.71293429347423,11092300
2026-03-25,293.91583251953125,296.1245302289603,290.950994762599,292.6522795072885,12188200
2026-03-26,290.1749572753906,293.48798854194115,289.24969984697105,291.0902559049482,8669200
2026-03-27,281.3998718261719,288.63284454259417,280.31542537678433,287.66781259849654,9873300
2026-03-30,282.32513427734375,285.787426299191,280.89246381052374,283.2901966006573,11734400
2026-03-31,292.6622314453125,293.56760164880984,283.4991344325332,287.0012007453536,12956900
2026-04-01,293.87603759765625,297.19902789200404,291.41861272257177,293.8859963972044,11267200
2026-04-02,293.1000061035156,294.1148016905453,287.2499401451481,290.4237002119346,6669300
2026-04-06,295.45001220703125,296.8299865722656,293.20001220703125,294.05999755859375,7142600
2026-04-07,297.3999938964844,298.17999267578125,292.70001220703125,293.1400146484375,7849100
2026-04-08,307.9700012207031,311.260009765625,305.3299865722656,307.9700012207031,10590200
2026-04-09,310.3299865722656,311.260009765625,306.1099853515625,306.95001220703125,6586600
2026-04-10,309.8699951171875,310.3500061035156,306.7200012207031,310.0,6069700
2026-04-13,313.67999267578125,313.739990234375,305.4599914550781,307.4700012207031,8318200
2026-04-14,311.1199951171875,314.32000732421875,308.8699951171875,309.82000732421875,11455500
2026-04-15,305.92999267578125,314.239990234375,304.260009765625,313.95001220703125,9885800
2026-04-16,309.95001220703125,309.95001220703125,305.20001220703125,305.3500061035156,8208600
2026-04-17,310.2900085449219,314.8999938964844,310.0899963378906,312.4700012207031,11082400
2026-04-20,316.989990234375,317.1300048828125,310.3699951171875,310.8500061035156,10772000
2026-04-21,313.0,320.239990234375,312.75,317.489990234375,7084300
2026-04-22,313.0199890136719,315.1499938964844,311.94000244140625,314.8500061035156,5545900
2026-04-23,311.69000244140625,314.989990234375,308.8900146484375,313.5199890136719,6969700
2026-04-24,308.2799987792969,311.1499938964844,307.8900146484375,311.1499938964844,5215300
2026-04-27,311.6300048828125,312.5799865722656,306.8800048828125,306.8800048828125,7925300
2026-04-28,311.45001220703125,315.45001220703125,311.1700134277344,315.20001220703125,7398600
2026-04-29,309.25,312.04998779296875,307.2900085449219,310.57000732421875,8031800
2026-04-30,313.2300109863281,314.1000061035156,306.57000732421875,307.07000732421875,8865400
2026-05-01,312.4700012207031,316.0799865722656,311.8299865722656,313.95001220703125,6135400
2026-05-04,307.6499938964844,310.6499938964844,306.510009765625,310.6199951171875,7338200
2026-05-05,309.3999938964844,310.9700012207031,306.79998779296875,307.7099914550781,6316800
2026-05-06,314.8999938964844,316.260009765625,311.3500061035156,311.45001220703125,8629500
2026-05-07,306.2699890136719,316.29998779296875,306.1400146484375,314.6499938964844,8359600
2026-05-08,302.1000061035156,308.989990234375,300.5,308.25,9464300
2026-05-11,300.0,303.19000244140625,298.8800048828125,302.1000061035156,9512000
2026-05-12,304.8800048828125,306.05999755859375,295.54998779296875,300.0199890136719,9498200
2026-05-13,300.25,303.0,300.07000732421875,302.2699890136719,7709500
2026-05-14,299.9100036621094,303.75,298.80999755859375,302.25,7364300
2026-05-15,297.80999755859375,300.7900085449219,296.45001220703125,300.2099914550781,8659900
