Price,Close,High,Low,Open,Volume
Ticker,KO,KO,KO,KO,KO
Date,,,,,
2021-06-09,47.800724029541016,48.17982015611329,47.800724029541016,48.033352318580306,9838800
2021-06-10,48.17120361328125,48.35213562337503,48.041964585108545,48.17120361328125,12444400
2021-06-11,48.3865966796875,48.429675257403204,47.955804329160834,48.24012885811714,11825800
2021-06-14,48.22166442871094,48.36055658094348,47.9178388805304,48.34319464798315,9710800
2021-06-15,48.100135803222656,48.430005917498896,47.90915784578111,48.421323295005976,11154200
2021-06-16,47.457759857177734,48.14354136425201,47.43171861131049,48.126179429857046,15211700
2021-06-17,47.70082473754883,47.87444077408918,47.440402338463535,47.45776096181215,10658400
2021-06-18,46.67648696899414,47.41435087755302,46.63308379404067,47.3188619057854,31445600
2021-06-21,47.188655853271484,47.2494209649677,46.87614767229084,47.067125629879065,14404300
2021-06-22,47.36226272583008,47.61400243502237,47.101837084366295,47.171284805143195,13072800
2021-06-23,46.980316162109375,47.396992634707104,46.97163685102307,47.362272078911644,12339200
2021-06-24,47.21470642089844,47.24074767063886,46.87615692846941,47.1018554862718,11488400
2021-06-25,47.15393829345703,47.284151156766235,46.88483325462832,47.084493861422615,18880300
2021-06-28,47.10184097290039,47.19732994112701,46.8761424846419,47.093161662811546,10556900
2021-06-29,46.75461196899414,47.171288390981424,46.633081759845744,46.98899307725883,12300900
2021-06-30,46.97163391113281,47.03239901928447,46.65912574838141,46.70252892399688,14614200
2021-07-01,46.841426849365234,47.29282721662325,46.754620487429264,47.17129698533272,13214700
2021-07-02,47.03240203857422,47.26678317568408,46.87614794716764,46.87614794716764,10604600
2021-07-06,46.77198028564453,46.954275624253405,46.48551334373034,46.8674692662826,15278200
2021-07-07,47.15393829345703,47.206024101070845,46.63309346312155,46.63309346312155,14377700
2021-07-08,46.9890022277832,47.023722786122825,46.65045277595585,46.88483061841288,11943900
2021-07-09,47.27546310424805,47.32754890588062,47.03240265286332,47.0931677657095,10847000
2021-07-12,47.292823791503906,47.39699208057291,47.1105284577706,47.153931635595164,15107600
2021-07-13,47.7615852355957,48.00464567638062,47.5272041056459,47.700820125399474,15170800
2021-07-14,48.83799743652344,48.91612447798287,47.70949830212611,47.76158410024909,22002700
2021-07-15,48.9942512512207,49.02029580586464,48.53417162706169,48.82063854799469,15068200
2021-07-16,48.959529876708984,49.202590306310874,48.83799635045804,49.01161236222368,14860500
2021-07-19,48.3779296875,48.916136487776654,47.88312607392373,48.681758617304425,19527000
2021-07-20,48.46472930908203,48.89876770886338,48.19562430909552,48.37791964225564,16257900
2021-07-21,49.08973693847656,49.96649626374212,48.985568661224654,49.76683901923854,20918200
2021-07-22,49.020294189453125,49.254675304819735,48.65570023951064,49.15050371257906,13402700
2021-07-23,49.48905563354492,49.76684324890882,49.00293475742085,49.12446497645187,12144000
2021-07-26,49.532466888427734,49.5845493807675,49.09842845786074,49.384892100080734,8681100
2021-07-27,49.706077575683594,49.949141338632245,49.41093132252831,49.57586803871674,12794400
2021-07-28,49.254676818847656,49.619267468547264,49.159187845416795,49.47169600884506,9858000
2021-07-29,49.523780822753906,49.69739684520186,49.358847422725965,49.54114275614372,9599100
2021-07-30,49.506412506103516,49.697390437316955,49.39356492079536,49.61058409301072,11727000
2021-08-02,49.37620544433594,49.68871359769407,49.22863067793907,49.653989733665405,9778000
2021-08-03,49.410926818847656,49.48037454806023,49.26335536144593,49.48037454806023,8825500
2021-08-04,48.69910430908203,49.4369715328257,48.62097726919035,49.26335552068307,11888400
2021-08-05,49.04634475708008,49.124471810390084,48.86404940317358,48.994258951056544,9806800
2021-08-06,49.167869567871094,49.25467923499846,48.99425354506656,49.13314570102015,10409300
2021-08-09,49.176551818847656,49.37620908455716,48.98557386406023,49.30676135137985,8859900
2021-08-10,49.306758880615234,49.62794635184013,49.185228665095,49.34148274546388,10906900
2021-08-11,49.24598693847656,49.636622085186225,49.228625008461734,49.384879067145604,8370700
2021-08-12,49.341487884521484,49.46301811269944,49.24599890196728,49.24599890196728,6169200
2021-08-13,49.68003845214844,49.74080356761798,49.280723890077034,49.315447759331185,7714200
2021-08-16,49.89704895019531,49.905731571717105,49.50641376796091,49.653988530782726,7972000
2021-08-17,49.72343063354492,49.966494353104785,49.48904953510311,49.8796846991728,10346400
2021-08-18,49.04634475708008,49.68004049550545,48.97689701571537,49.645316624823096,13873700
2021-08-19,49.358848571777344,49.46301686309103,48.56889879712719,48.66438777726901,9223700
2021-08-20,49.167869567871094,49.50641899104232,49.11578707904488,49.341485590675624,10543600
2021-08-23,48.9942512512207,49.263356239541096,48.94216876483292,49.19390850909065,8912800
2021-08-24,48.62097930908203,49.16786861126853,48.52549364427499,49.16786861126853,12067200
2021-08-25,48.673065185546875,48.75987153967283,48.37791894548842,48.664385874714334,11270700
2021-08-26,48.21298599243164,48.59493859013638,48.186941436793695,48.56889734594861,10331500
2021-08-27,48.3084716796875,48.430001892887226,48.13485567020934,48.317150990008926,8844100
2021-08-30,48.768558502197266,48.78592043685764,48.29979620071844,48.343199381644155,10034700
2021-08-31,48.88140869140625,49.06370403544078,48.612303675366896,48.751195839124215,14185700
2021-09-01,49.211265563964844,49.30675452814447,48.855354259308776,48.9421639137674,9518900
2021-09-02,49.28071975708008,49.50641826540265,48.96821158290255,49.28071975708008,11653200
2021-09-03,49.24598693847656,49.28071079850621,48.82931055246944,49.01160585045076,13220400
2021-09-07,48.325828552246094,49.21126718825088,48.18693641197769,49.133140152384286,20035300
2021-09-08,48.976890563964844,49.028976363127086,48.27375048825033,48.27375048825033,12040100
2021-09-09,48.49076843261719,48.976889299783245,48.43868263479938,48.76855273141209,12545400
2021-09-10,48.27375030517578,48.725150628519565,48.19562326245378,48.62097903059014,10573700
2021-09-13,48.673065185546875,48.95953211477279,48.386601567771095,48.386601567771095,20274300
2021-09-14,48.70805358886719,48.96169662141616,48.58560614872424,48.90921771716525,13918900
2021-09-15,48.87422561645508,48.979180068111596,48.471894101628344,48.69929930606631,15746000
2021-09-16,48.410675048828125,48.97043996318986,47.94712311769641,48.73428992192214,17430400
2021-09-17,47.61476516723633,48.270736415881935,47.55354145094479,48.122051201014564,33370200
2021-09-20,47.282405853271484,47.579779600893644,46.99377692038434,47.32613659983078,27542500
2021-09-21,47.273651123046875,47.947115202949156,47.1774414921406,47.57102482928371,16418200
2021-09-22,47.34363555908203,47.71972603269793,47.28241183886014,47.67599194416013,12719700
2021-09-23,47.264923095703125,47.772205870950394,47.229937156322535,47.45733908941073,13836200
2021-09-24,47.13372039794922,47.43984231679592,47.10748261558379,47.22993004854554,9682200
2021-09-27,46.888824462890625,47.448586050205144,46.853838529572904,47.09873338991245,12429500
2021-09-28,46.040435791015625,46.75763077080187,45.856764638338205,46.75763077080187,19926100
2021-09-29,46.32032012939453,46.495246479953984,45.97047076471826,46.04043930307646,13941500
2021-09-30,45.89175033569336,46.64393124632054,45.856764401142705,46.503987508117945,17672000
2021-10-01,46.37279510498047,46.530228473495804,45.97921168369213,46.16288283481257,16277400
2021-10-04,46.3465576171875,46.81885438929546,45.830526758536365,46.40778133461709,18973400
2021-10-05,46.42527770996094,46.76638225680651,46.294082113585276,46.37279880412215,17173100
2021-10-06,46.976287841796875,47.028766743875956,45.92673315531176,46.15413839454542,21284500
2021-10-07,47.12497329711914,47.47482261197928,47.06374958360757,47.22118294304938,13774400
2021-10-08,47.33488082885742,47.5710308610861,47.14246487908899,47.229926371125366,13786800
2021-10-11,47.431087493896484,47.57102787423345,47.23866821976747,47.41359452929913,12378500
2021-10-12,47.431087493896484,47.95586642249148,47.42234267981873,47.597265652908554,19474400
2021-10-13,47.439842224121094,47.60602040618137,47.04625880719696,47.37861517131751,12143300
2021-10-14,47.763450622558594,47.93837694481397,47.50106280739657,47.57103133443347,13704000
2021-10-15,47.649749755859375,47.99960241316924,47.483571578680404,47.78969015149488,17867000
2021-10-18,47.17745590209961,47.57103935945949,47.10748736325933,47.536053421818025,15861800
2021-10-19,47.36112976074219,47.40486051397644,47.02877003056517,47.26492010176126,11068500
2021-10-20,47.780941009521484,47.894640276874945,47.32613393078189,47.3873576398005,12474800
2021-10-21,47.536048889160156,47.81592969071939,47.41360145553328,47.754705973905956,14388300
2021-10-22,47.623512268066406,47.69348079809463,47.291152575216195,47.57103336821356,12828600
2021-10-25,47.431087493896484,47.64099973262285,47.24741637028707,47.5622830601557,11855000
2021-10-26,47.64099884033203,47.737208475594585,47.43108660553721,47.50980327653004,12086700
2021-10-27,48.55936050415039,49.04915352187821,48.340703443164365,48.95294388121364,24019800
2021-10-28,49.01417541503906,49.07539913497235,48.64682975899683,48.76053238306258,15928000
2021-10-29,49.30279541015625,49.390260240377664,48.78676458939729,48.86548126837551,24463700
2021-11-01,49.12786865234375,49.32903609185559,48.891721953936454,49.32028794068964,11651100
2021-11-02,49.066650390625,49.416503074401284,48.952951104373795,49.390265290872925,11498900
2021-11-03,49.23283004760742,49.26781598194524,48.78676772590607,48.97918702832174,10788300
2021-11-04,49.50395965576172,49.530200773123816,49.00542179962951,49.0753936640056,10820200
2021-11-05,49.7138786315918,49.99375945403957,49.49522153052682,49.7138786315918,12886700
2021-11-08,49.26781463623047,49.75760435781233,49.09288830576169,49.635156927416865,12828000
2021-11-09,49.40776062011719,49.43399840489957,49.05790791961992,49.33778874544069,10155800
2021-11-10,49.60892105102539,49.783844051770515,49.232830593827096,49.45148768120088,8813600
2021-11-11,49.626407623291016,49.748855042610394,49.47771908808753,49.70512429805947,7257700
2021-11-12,49.51270294189453,49.84506259213894,49.46022404876905,49.63515035607884,10162500
2021-11-15,49.521453857421875,49.5739327570133,49.2153352842441,49.44273717625585,10289200
2021-11-16,49.171592712402344,49.801322673864334,49.14535160069543,49.521441949560916,13756500
2021-11-17,48.900474548339844,49.02292199260689,48.673072628478565,49.0141771764918,13288700
2021-11-18,48.463157653808594,48.917964804757005,48.22700759448293,48.83050330268488,15380100
2021-11-19,48.21825408935547,48.533120778380336,48.01709000168777,48.48938669878323,15813700
2021-11-22,48.5156364440918,48.99668137725467,48.17453191578436,48.19202154700415,16905600
2021-11-23,48.87422561645508,49.07538970564751,48.541865960360596,48.68180634138324,13835900
2021-11-24,48.480648040771484,48.8392455184861,48.1307953782216,48.72554290269105,12598900
2021-11-26,46.993778228759766,47.88589949646421,46.862585985429284,47.745959101713055,14754300
2021-11-29,47.73721694946289,47.868409200111124,47.168707187326746,47.27366165513381,22712500
2021-11-30,46.23000717163086,47.270072410473496,46.2211911788198,47.243627794356414,30485200
2021-12-01,46.0977897644043,47.17311214690325,46.08016114278611,46.697149450159536,18719600
2021-12-02,46.77648162841797,47.01446300254408,46.28289025663979,46.36221738134849,17074200
2021-12-03,47.19074630737305,47.25244480912046,46.697154931077556,47.0056508021308,21064400
2021-12-06,48.39827346801758,48.69795331521925,47.719586656345676,47.869428261104424,26624100
2021-12-07,48.66270065307617,48.84779615669097,48.345392154127296,48.49523377299366,23832700
2021-12-08,48.477603912353516,48.786096410505706,47.91350142298034,48.583372288531976,18026300
2021-12-09,48.35420608520508,48.5921874492691,48.11622472114106,48.25725034106981,13846400
2021-12-10,49.605804443359375,49.64106168636299,48.53929805986822,48.69795229106873,23153600
2021-12-13,50.91028594970703,51.0601275329959,50.205157987417664,50.222786606764316,31362800
2021-12-14,50.94554138183594,51.27166242239616,50.59297909435103,50.59297909435103,24806600
2021-12-15,51.174720764160156,51.34218763356121,50.81334241058824,51.06013639966684,24923800
2021-12-16,51.69475173950195,51.89747584737533,51.033693550313004,51.10420467542227,24696900
2021-12-17,50.88385772705078,51.932735629302364,50.85741647242006,51.55373198443602,51874400
2021-12-20,50.71637725830078,50.92791396331389,50.240414628548336,50.416697457602794,20879500
2021-12-21,50.91911697387695,51.095399857073815,50.70757684157745,50.77809133978273,15864900
2021-12-22,51.280494689941406,51.28930732094179,50.672322281426155,50.86623042428123,12447400
2021-12-23,51.31574249267578,51.6594921977923,51.068945159982235,51.58016508412574,11027300
2021-12-27,51.69475173950195,51.73000562089867,51.121833297278535,51.121833297278535,9860000
2021-12-28,51.89748001098633,51.95036251848195,51.38626002308799,51.47440313944085,8979900
2021-12-29,51.959171295166016,52.09138090785985,51.70356133671605,51.959171295166016,9996000
2021-12-30,51.809329986572266,52.20596555148403,51.79170136565222,52.05612731713716,7703900
2021-12-31,52.18833541870117,52.31173239925107,51.73881736636718,51.78288723623278,10021300
2022-01-03,52.26765823364258,52.27647422428046,51.45676193535126,51.84458146553642,20187300
2022-01-04,53.14026641845703,53.360619153618345,52.52327808754219,52.646675081261975,26141600
2022-01-05,53.58097457885742,53.94235294817264,52.928728970614415,52.96398621696616,22507300
2022-01-06,53.29892349243164,53.87183861694242,53.27247887643053,53.29892349243164,17902300
2022-01-07,53.17551803588867,53.51926772839342,52.93753670362026,53.13144480366761,12307900
2022-01-10,53.26365661621094,53.60740630123265,53.04330390916466,53.36942497414481,20954300
2022-01-11,53.281288146972656,53.31654538898185,52.743626974437205,53.26365952596806,19369600
2022-01-12,53.36061096191406,53.49282056532502,53.05211516265771,53.35179497096409,15753800
2022-01-13,53.67792510986328,53.80132209778917,53.22840366834384,53.360616648159144,14318000
2022-01-14,54.10982131958008,54.1627071905686,53.201969055998894,53.71318569295659,19729600
2022-01-18,53.67792510986328,53.93353171528873,53.28128953273311,53.818950719252264,21976700
2022-01-19,53.76606750488281,53.92472174355463,53.37824790052722,53.46638764987116,18654700
2022-01-20,53.545711517333984,54.15388382043054,53.51927026659978,53.76606423962754,23002400
2022-01-21,53.281288146972656,54.03048604693197,53.237218275618986,53.836577940512704,26643200
2022-01-24,52.84939956665039,53.19314929795447,51.62423888848831,52.796517061721104,30185100
2022-01-25,52.72599792480469,52.92872202123607,51.73000270119344,52.32054973194193,19027100
2022-01-26,52.53208541870117,53.1931435575052,52.18833572449356,52.699555632413485,19190200
2022-01-27,52.5761604309082,53.70436528338389,52.443947453745594,52.7788845301927,18893800
2022-01-28,53.62503433227539,53.66910420073751,51.950352432191636,52.346987972981516,19101500
2022-01-31,53.77486801147461,53.88945234964169,53.01685759598705,53.14906719019661,22045300
2022-02-01,53.37824630737305,53.88946289047848,53.02568059588834,53.686738783185305,20841700
2022-02-02,53.924720764160156,54.0040478820553,53.37824693105795,53.431129434777475,20225600
2022-02-03,54.30373001098633,54.45356826090216,53.40469042454337,53.7131829169089,19440500
2022-02-04,53.73080825805664,54.365425189096264,53.38705854118211,54.19795832665671,17403700
2022-02-07,54.2949104309082,54.40068216042978,53.64266824377066,54.101002318083516,17846400
2022-02-08,54.647483825683594,54.93835107931274,54.41831843744665,54.49764556458949,18771700
2022-02-09,53.80132293701172,54.9295278297219,53.67792594716102,54.79731484784426,23595600
2022-02-10,54.10099792480469,54.911894278059876,53.060932871844855,53.20195847077252,23561500
2022-02-11,53.14026641845703,54.62984969771375,53.016869424737244,54.444754207134075,22781400
2022-02-14,53.4840202331543,53.58097598200258,52.250043477057154,53.02568610552725,23641300
2022-02-15,53.686737060546875,54.453563591757884,53.43994308781591,53.73080693248945,13408700
2022-02-16,53.67792510986328,54.118630559493305,53.378245269622234,53.6426678669371,15484700
2022-02-17,54.75324630737305,54.89427192239444,53.24603441639768,53.36943140925191,21468700
2022-02-18,55.123435974121094,55.370229938902945,54.638660673735785,54.753241664632725,21975000
2022-02-22,54.89427185058594,55.21158032454796,54.40068387981467,55.02648483550874,21731400
2022-02-23,54.28609848022461,54.938344037835506,54.06574575110571,54.85901692086007,19248500
2022-02-24,53.33416748046875,53.431123209078585,52.19715007287601,52.85820819087164,27207400
2022-02-25,55.396671295166016,55.440744528089375,53.69554806364492,53.71317668435114,21487800
2022-02-28,54.85901641845703,54.94715616437108,54.1274437505705,54.3389838480063,25879100
2022-03-01,54.621036529541016,55.30853598052922,54.215584945479065,54.7708747740627,15871100
2022-03-02,55.02648162841797,55.42311719775352,54.45356321023154,54.850198779567094,17319100
2022-03-03,55.06173324584961,55.5465085089308,54.90307903432262,55.185130218744966,21262800
2022-03-04,55.14987564086914,55.16750426103546,53.94234373915781,54.171509076689,17163000
2022-03-07,53.83658981323242,54.70918489034387,53.51928128980411,54.656299015667024,29151400
2022-03-08,51.70356750488281,54.24203204676433,51.641869005802015,54.16270492475815,30242100
2022-03-09,51.967987060546875,52.743629611958035,51.70356445688638,52.72600099007189,23022700
2022-03-10,51.01606369018555,51.70356311431387,50.681126607677704,51.54490888377415,20887300
2022-03-11,51.05131149291992,51.87102379901415,50.99842899724632,51.08656873157922,19855600
2022-03-14,51.99277114868164,52.436850157355614,51.48652134983763,51.48652134983763,17799400
2022-03-15,52.95198059082031,53.19178366453973,52.38355999595383,52.472377831435466,18607200
2022-03-16,52.80987548828125,53.236190934803886,52.054942520324204,53.09408578596301,17347300
2022-03-17,53.369407653808594,53.4138148706215,52.60559132763406,52.80986723541622,15586200
2022-03-18,53.378292083740234,53.55592435349395,53.031911021150044,53.55592435349395,30197800
2022-03-21,53.80461120605469,54.266450366883156,53.51151745101156,53.73355694250953,17440100
2022-03-22,53.999996185302734,54.133221216995054,53.34276127868896,54.115457653565855,17559500
2022-03-23,53.64472961425781,54.15985934899745,53.289465157983415,53.9555834724582,15529200
2022-03-24,54.15986633300781,54.19539346082713,53.698023835516864,53.8578925226504,13151300
2022-03-25,54.64836120605469,54.71941547303597,54.22204576832876,54.284216557910426,12259800
2022-03-28,54.9947395324707,55.01250309832616,54.3641481908442,54.64835846842386,11485200
2022-03-29,55.2078971862793,55.53651467406357,54.834872479289636,55.252304405484686,14720600
2022-03-30,55.2523078918457,55.2523078918457,54.675007229641274,55.07467561576208,13641000
2022-03-31,55.065792083740234,55.63421262122574,55.065792083740234,55.261187914021,16822900
2022-04-01,55.83848571777344,55.909539975394516,55.14572364623536,55.3588830310451,12644900
2022-04-04,55.54539489746094,55.76743436853676,54.81710570337651,55.59868220216493,11505800
2022-04-05,55.48323059082031,56.16711264810096,55.394412759193955,55.42105980270878,15721200
2022-04-06,56.042762756347656,56.1848678864016,55.33223710607793,55.74967240788482,19267400
2022-04-07,56.3447380065918,56.549013924458635,55.69638312256567,56.06941121592737,13960800
2022-04-08,56.691123962402344,56.87763632004477,56.09605637004553,56.38026664494458,12703500
2022-04-11,56.67335891723633,57.10855779509469,56.522370306857596,56.762173355303595,12720100
2022-04-12,57.3394775390625,57.561517036070775,56.74441331334617,57.179608830172235,18089900
2022-04-13,57.490455627441406,57.6147971735722,57.046376740944,57.23288906014018,11883000
2022-04-14,57.748023986816406,58.23651354488407,57.570395116304745,57.69473668088432,16388400
2022-04-18,57.23289489746094,57.89012981920038,57.0019719556202,57.52598184260127,11679400
2022-04-19,57.79243469238281,57.95230338656244,57.23289765080766,57.28618495683184,11993800
2022-04-20,58.58290100097656,58.83158415736861,58.085534688192475,58.12106182140674,14827100
2022-04-21,58.80493927001953,59.50658489006516,58.36974375544711,58.600666728450044,15120400
2022-04-22,57.952301025390625,58.920389851291176,57.890130245526436,58.68947368385663,14902200
2022-04-25,58.56513595581055,59.684210066582565,57.5348695065328,59.50658119137955,25082000
2022-04-26,57.77467727661133,58.94704549791664,57.76579379981376,58.192105820593476,21982600
2022-04-27,58.227638244628906,58.86711311003481,57.730271916472326,57.730271916472326,16971000
2022-04-28,58.78717041015625,58.86710136432942,57.286181471464516,57.42828998035904,22010600
2022-04-29,57.383888244628906,58.64507096347383,57.27730684648837,58.5029692087275,20137100
2022-05-02,56.3447380065918,58.00559239137254,55.58092503076287,57.97894873758014,24970300
2022-05-03,56.025001525878906,56.78881446801904,55.66085353715794,56.59342203540342,21686300
2022-05-04,57.75691604614258,57.83685379302692,55.9006656137979,55.953956315702776,19780200
2022-05-05,57.29506301879883,57.75690210494763,56.85098410761073,57.454931697870805,20155200
2022-05-06,57.49934768676758,58.0055974815701,56.90428344616086,57.019741548095524,18984000
2022-05-09,57.383888244628906,58.05000673676488,56.87763846164987,57.25954666818547,20055300
2022-05-10,56.850990295410156,58.014475001005415,56.708881775831436,57.286185778432426,21322200
2022-05-11,57.1174430847168,57.907903221764094,56.80658911668274,57.13521004066634,19648400
2022-05-12,57.29506301879883,57.31282319375952,56.14045513926719,56.98420913618844,22574700
2022-05-13,58.369728088378906,58.44078233424772,56.94867705153186,57.56150128785931,16167000
2022-05-16,58.58290100097656,58.955925735564634,58.12106182140674,58.12106182140674,13223200
2022-05-17,58.42302322387695,58.707233469381435,57.73914464991847,58.707233469381435,21300600
2022-05-18,54.35526657104492,58.19210521030703,54.14210717483686,58.10329077158497,31437300
2022-05-19,53.28947448730469,54.14210526596871,52.98750066302115,54.14210526596871,31493900
2022-05-20,54.15986633300781,54.39078927577998,52.98749821939747,53.724670875408044,29133800
2022-05-23,55.829612731933594,56.04276875580639,54.70165165910713,54.75494235910229,19406900
2022-05-24,56.859867095947266,57.01085909229237,55.731909518260075,55.84737099659434,16154200
2022-05-25,56.904273986816406,57.25953848708449,56.486838707209415,56.8421032074775,15360500
2022-05-26,57.10855484008789,57.81907708396831,56.80657763495584,56.90427554460678,16159800
2022-05-27,57.4460563659668,57.57928141343068,56.96645026076127,57.073031653953855,17709000
2022-05-31,56.29145050048828,57.12631773422418,55.99835675759103,56.913161728529474,43159000
2022-06-01,56.0161247253418,56.55790164681516,55.1812574259893,56.32697866976722,15408300
2022-06-02,56.6023063659668,56.611189842874026,55.16349141988618,56.11382016573519,14586000
2022-06-03,55.927310943603516,56.51349509436405,55.7852057976026,56.46020439409349,13539900
2022-06-06,55.83848571777344,56.63782917574313,55.65197337359834,56.24704092298766,15112800
2022-06-07,56.175987243652344,56.282565243127614,55.261185689711496,55.403290818363025,17886300
2022-06-08,55.85625457763672,56.140464858958644,55.56316420729702,55.94507240808345,10211500
2022-06-09,54.88815689086914,56.264800941917734,54.87039332651357,55.8384855615445,13382200
2022-06-10,54.541770935058594,54.96808627696768,53.698020338590254,54.186506456107765,14967600
2022-06-13,54.479610443115234,55.323361198851416,53.88454283675459,53.95559710117834,23064200
2022-06-14,52.98566436767578,54.470658381607024,52.475757010710545,54.327526551801554,24620000
2022-06-15,53.37928009033203,54.24701879381373,52.75308042032695,53.674491431219224,19684700
2022-06-16,52.842533111572266,53.245092453686915,52.108982049288706,52.45786567494405,15053800
2022-06-17,53.164581298828125,53.79078434912989,52.89620953799368,53.406116907338756,34781900
2022-06-21,54.30070114135742,54.461724908307204,52.788867264165866,53.21826625105374,17705000
2022-06-22,54.70325469970703,54.97162647836832,53.9607559191274,54.21123579087363,15207100
2022-06-23,55.35628890991211,55.383125061577246,54.77481393193289,54.83743389417287,17190900
2022-06-24,56.39399337768555,56.41188528229048,55.56203858248169,55.56203858248169,18147100
2022-06-27,56.27770233154297,56.61764172192491,56.02722247154161,56.340322296543306,12142100
2022-06-28,55.714115142822266,57.038085382444194,55.5620390711407,56.42977768318604,13150100
2022-06-29,56.11668395996094,56.45662338287632,55.84831216819931,55.94671595476948,11795500
2022-06-30,56.27770233154297,56.456617979772,55.60677121008321,55.74990304616001,15514200
2022-07-01,57.59272766113281,57.655347629016696,56.197193048255016,56.46556482669057,15143200
2022-07-05,56.60869216918945,57.413810853024636,55.839357296309615,57.413810853024636,15921200
2022-07-06,56.72499084472656,57.33329860043797,56.52818328660886,56.894958836944085,13450500
2022-07-07,56.27770233154297,56.8770692412304,56.08984243654195,56.59080215654466,14828400
2022-07-08,56.483455657958984,56.733935524724565,56.2508676977527,56.385051878149014,11311500
2022-07-11,56.30455017089844,56.76972958783316,55.991450280910094,56.349281651639224,12702100
2022-07-12,56.06300354003906,56.760774235204046,55.884091302207615,56.3582148750189,14731100
2022-07-13,55.8035774230957,56.35821284799557,55.44574613523846,55.75884936524656,13145300
2022-07-14,55.62466812133789,55.68728809197285,54.837441245813764,54.86428081360908,14433000
2022-07-15,55.910919189453125,56.33137039376795,55.52625179242715,56.134562866210935,21968400
2022-07-18,55.15054702758789,55.96461009551388,55.02530366807168,55.928826278509256,10780800
2022-07-19,55.93775939941406,56.04511082907373,55.4010159012435,55.54414772825778,10998200
2022-07-20,55.01634979248047,55.9824922073394,54.7032499798125,55.82146847152958,11010500
2022-07-21,54.89111328125,55.356292612238995,54.38120589031696,54.80165374882968,11959600
2022-07-22,55.09687042236328,55.34735031233113,54.85533478023748,54.9090105048874,11644700
2022-07-25,55.633609771728516,55.732013553141734,54.8463863454874,55.06108240263232,14941700
2022-07-26,56.546077728271484,57.07387704754283,55.93776653275426,56.134574099695826,20118000
2022-07-27,56.36715316772461,56.52817689478941,55.27577429960205,56.25086090792478,12142900
2022-07-28,57.30646896362305,57.47644038770093,56.25981791286656,56.28665406928618,10837000
2022-07-29,57.40486526489258,57.51221670163132,56.921797449696896,56.99336166165723,13734200
2022-08-01,57.71796417236328,58.18314689909862,57.279624423183776,57.333296728167,12831500
2022-08-02,56.93074035644531,57.78953135494787,56.74288046537265,57.780583695830835,15241900
2022-08-03,57.18122100830078,57.34224474933115,56.63553323317801,56.85022927953042,11317000
2022-08-04,56.95758056640625,57.01125628733607,56.28664941117904,56.93074441220751,11795600
2022-08-05,56.698150634765625,56.92179433025023,56.06299994606505,56.92179433025023,10445400
2022-08-08,56.33137893676758,57.08282194113605,56.13457137936349,56.80550251138776,9165200
2022-08-09,56.40294647216797,56.63553785598889,56.22403081058242,56.519242164078435,7910900
2022-08-10,56.9396858215332,57.06492574408917,56.447666965017675,56.92179391652064,8857300
2022-08-11,56.555015563964844,57.243838516072344,56.42977564767835,56.975463366850676,8507800
2022-08-12,56.984413146972656,57.038085448790035,56.438721994949894,56.74287755119872,9489300
2022-08-15,57.700069427490234,57.8700408082737,56.86811466506807,56.93073462245196,9863300
2022-08-16,58.17420196533203,58.3531210320987,57.548002294310024,57.76269834936549,9569600
2022-08-17,58.040008544921875,58.34416751535861,57.93266394070267,57.99528390151849,8144000
2022-08-18,58.34416580200195,58.46045806151229,57.88793077227674,58.11157445791762,6532000
2022-08-19,58.29944610595703,58.56782131293857,58.11158619109596,58.335229921892235,8921100
2022-08-22,57.431697845458984,58.07579277569894,57.2438413741816,58.004225155658084,9087900
2022-08-23,57.49432373046875,57.5837866772693,56.96652783468144,57.09176777012469,8443800
2022-08-24,57.57483673095703,57.77164428599855,57.297520717069986,57.467485294098665,6844700
2022-08-25,57.85215377807617,57.887937591001396,57.16333414819297,57.5748377592363,7913900
2022-08-26,56.45662307739258,57.96845685827668,56.34032738366324,57.90583688762222,10089500
2022-08-29,56.11668395996094,56.38505575172257,55.83042026041087,56.08090014438406,9115900
2022-08-30,55.59782791137695,56.277703291202066,55.45469607285944,56.277703291202066,8456800
2022-08-31,55.2042121887207,55.93776327961923,55.1952679418946,55.803579102034675,14633600
2022-09-01,55.46363830566406,55.499422117127025,54.82849100859077,55.08791852289916,14939700
2022-09-02,54.70325469970703,56.15246503450386,54.479610982067236,55.81252562818232,11809800
2022-09-06,54.73008346557617,55.43679833692335,54.56011549162623,54.828487234058926,12181800
2022-09-07,55.74095153808594,55.90197525926249,54.85532107161485,54.85532107161485,13290700
2022-09-08,55.570987701416016,55.73201144444832,54.873220423297504,55.53520730160053,17193500
2022-09-09,55.74990463256836,56.25086777935852,55.338401018704424,55.61571703944513,11855900
2022-09-12,55.910919189453125,56.18823857714422,55.70516741633974,55.84829923296347,13026900
2022-09-13,54.09493637084961,55.660442187584664,53.92496498386941,55.64255028303244,18532800
2022-09-14,54.381202697753906,54.64063020774426,54.0680994714625,54.247015113267295,12881600
2022-09-15,53.64229965209961,54.426256463577545,53.48911482250334,54.426256463577545,11451900
2022-09-16,53.65132141113281,53.88560514140556,53.26384938854078,53.75945209915003,20493500
2022-09-19,54.05680465698242,54.1559224287646,53.371969086593595,53.51614445339989,12596200
2022-09-20,53.9757080078125,54.09284813491708,53.45307013336305,53.77746558130932,11984600
2022-09-21,53.52516555786133,54.69659102252977,53.516152662509214,54.19197544259629,14165300
2022-09-22,53.39899826049805,53.82251488347504,53.34493464899407,53.66031717413967,11657600
2022-09-23,52.80427932739258,53.25482779754921,52.26362253816943,53.12867477589128,14824000
2022-09-26,52.146484375,52.777252986039294,51.984286633949544,52.70516701080153,18670100
2022-09-27,50.80384826660156,52.597029316734314,50.74077175352627,52.33571380717045,23829300
2022-09-28,51.34450912475586,51.58780573898379,50.380335563229856,51.05615834583663,21480100
2022-09-29,50.97505187988281,51.62384275449685,50.46142691661734,51.4436226851694,14570700
2022-09-30,50.47945022583008,51.47966836404891,50.46142787481392,51.24538123825085,16124600
2022-10-03,51.047149658203125,51.227366319687924,50.515502257033006,50.78583068667269,16277600
2022-10-04,51.164283752441406,52.09241594895146,50.87593300325734,51.317472021489735,18861400
2022-10-05,50.67769241333008,51.047142013908925,50.019888635249046,50.911976100623896,14324900
2022-10-06,49.587364196777344,50.551537660972485,49.443188821871864,50.461429340686095,17192800
2022-10-07,49.118797302246094,49.641435226512044,48.884513588293586,49.551326899010085,11479800
2022-10-10,49.01066207885742,49.52428706031676,48.67725717310937,49.19989161151885,10239100
2022-10-11,49.09176254272461,49.7585758133882,48.875501194744956,49.07374019082428,14303900
2022-10-12,49.686485290527344,50.49747392077803,49.59637697046041,49.76758415355241,18377400
2022-10-13,50.34428787231445,50.533520852660864,48.89352116832793,49.09176360611359,16220700
2022-10-14,49.54231262207031,50.88494866384226,49.50626791710988,50.72275092893257,15997900
2022-10-17,50.18209457397461,50.6596783583547,50.07396388808644,50.12803094973679,13721400
2022-10-18,50.85791015625,51.164283253949606,50.551537058550394,50.74077002875606,11823100
2022-10-19,50.425384521484375,50.94802240269572,50.21813263537328,50.740770516584625,10182300
2022-10-20,49.63241958618164,50.38933769270098,49.52428548175437,50.25417521828478,16905100
2022-10-21,50.425384521484375,50.560550439014776,49.551322817000546,49.5603322740436,15034100
2022-10-24,51.876155853271484,52.02033124088394,50.97505882134054,51.03813533858271,17416700
2022-10-25,53.11966323852539,53.263838605832426,52.03834626501669,53.20076209747384,28829900
2022-10-26,53.51615524291992,53.86758255552413,53.038574888602675,53.17373738868982,15831400
2022-10-27,53.64229965209961,53.921640940519424,53.507137173763844,53.85856442981367,16026100
2022-10-28,54.75065612792969,54.88582206257308,53.58824352712908,53.67835185861634,12888900
2022-10-31,53.930660247802734,54.57945126203364,53.76846249424501,54.52538419837685,14016400
2022-11-01,53.74142837524414,54.327142842117254,53.49813175534666,54.092855680403005,10659500
2022-11-02,52.99351501464844,54.2730710855475,52.95747031020875,53.741423726004825,14549200
2022-11-03,52.96647644042969,53.16471886498282,52.353730253094554,52.362743147344425,9194000
2022-11-04,53.39899826049805,53.6963618734168,52.768233210206844,53.435042959775174,9725900
2022-11-07,53.606266021728516,53.85857210048562,53.38099175500609,53.399010671420875,8849700
2022-11-08,53.70538330078125,53.87659394180564,53.11065937978794,53.84054923449393,10081600
2022-11-09,52.95746994018555,53.741423350504,52.93944758809163,53.6963691889753,10115200
2022-11-10,54.85879135131836,55.00296674703826,53.77747416471279,54.29109922680323,16804800
2022-11-11,55.25526809692383,55.37241167010294,54.25504987092958,55.30032225971202,18972100
2022-11-14,54.723628997802734,55.615716680463436,54.705606642480895,55.25527644885223,16361000
2022-11-15,54.63351058959961,55.37240983455125,54.06581853253261,55.08405907737071,13295800
2022-11-16,54.53439712524414,54.993955135642864,54.3271452038947,54.777693755718516,14199500
2022-11-17,54.70560073852539,54.732635987296845,54.18296624024715,54.237029862965194,11212600
2022-11-18,55.09306716918945,55.30031905593799,54.78669406760204,54.95790468865541,10415600
2022-11-21,55.94010543823242,56.05724557754286,55.14713908700564,55.33636863888778,15399400
2022-11-22,56.18339538574219,56.31856130784589,55.913066978946965,56.29152949839003,12319600
2022-11-23,56.435707092285156,56.57988247739396,56.138343426953824,56.3095540599915,8990400
2022-11-25,56.48977279663086,56.59790691750963,56.21043491122516,56.525817503590446,5165500
2022-11-28,56.498775482177734,56.85921217440174,56.372622468028744,56.489762588360335,12267500
2022-11-29,56.300537109375,56.38163597249517,55.849988633687865,56.336581812408866,10969600
2022-11-30,57.72529983520508,57.78882370461758,56.03737196386442,56.27331726999781,30433900
2022-12-01,57.888641357421875,58.17903714519893,57.56194523072498,57.72529329407343,12001400
2022-12-02,58.3968391418457,58.5511104077619,57.53472849247166,57.72530010158858,13643500
2022-12-05,57.598243713378906,57.89771284533926,57.40766867108696,57.54379320675395,9185100
2022-12-06,57.57101821899414,57.97031502099528,57.380446633561334,57.643618896372836,10099500
2022-12-07,57.66176986694336,57.825117931524346,57.398597600475,57.580095834652866,12307600
2022-12-08,57.90679168701172,57.94308856424108,57.48934471186084,57.71621663805096,9946200
2022-12-09,57.29877471923828,57.93401682260672,57.25340102509574,57.72529506011827,13914900
2022-12-12,58.0519905090332,58.08829084863355,57.180799667579535,57.44397193699565,11647900
2022-12-13,58.07013702392578,58.714448971429135,57.89771215257194,58.614624774706535,17521600
2022-12-14,58.07013702392578,58.66907874247067,57.68899040569319,58.251635248713164,12826700
2022-12-15,57.27155303955078,57.979392383985186,56.70891159812321,57.70714674857127,12212300
2022-12-16,56.944847106933594,57.29876671833323,56.563703975207964,56.944847106933594,33631500
2022-12-19,57.02653121948242,57.54379896793978,56.69076171615544,57.01745786503189,10919700
2022-12-20,56.98114776611328,57.30784385904582,56.94484743094511,57.008371286594155,10286500
2022-12-21,57.8977165222168,58.12459191666676,57.23525089426745,57.23525089426745,10411300
2022-12-22,57.48027038574219,57.707142308094845,56.854105126293526,57.55286760076382,9666700
2022-12-23,57.915863037109375,57.961236728419394,57.35322164892547,57.62546725857634,6463300
2022-12-27,58.26979064941406,58.3423913348773,57.816046750642506,58.01569517387518,7320700
2022-12-28,57.68899917602539,58.66908766180357,57.61640195214806,58.496662764236355,7159400
2022-12-29,58.03384017944336,58.21533841515443,57.806968250252254,57.89771563721233,7169300
2022-12-30,57.72529983520508,58.006618839234356,57.326002985422235,58.006618839234356,7650200
2023-01-03,57.12635803222656,57.679926147309665,56.427592006776685,57.679926147309665,12180500
2023-01-04,57.099124908447266,57.471198191934086,56.72705508675133,57.307850127600176,13387900
2023-01-05,56.445735931396484,56.990227169564754,56.33683837612101,56.80872893624504,9814700
2023-01-06,57.534725189208984,57.779743837268384,56.790585505273974,57.09005466500828,9990000
2023-01-09,56.817813873291016,57.82512592349673,56.790590346028594,57.443979232866106,9442600
2023-01-10,56.38221740722656,56.926708696946825,56.19164234021239,56.80873431485067,10134600
2023-01-11,56.2733154296875,56.77243647559326,55.72882414916084,56.60908839907703,10823000
2023-01-12,55.54732894897461,56.42759324718094,55.32953380953244,56.36406937636103,13907300
2023-01-13,55.74697494506836,55.77419847086256,54.984685066710256,55.08450927701055,13986400
2023-01-17,55.973838806152344,56.6090808566565,55.86494125691441,56.019212496518925,18327800
2023-01-18,54.27684783935547,55.8921750535307,54.15887345328238,55.81957436616532,19679400
2023-01-19,54.19517517089844,55.030062326018125,54.186098353852,54.20424852615348,14894500
2023-01-20,54.5218620300293,54.53093538373355,53.90477012441607,54.19516590802338,14237700
2023-01-23,54.657989501953125,54.96653549086318,54.494641421836555,54.703363199365235,12613400
2023-01-24,54.94838333129883,56.12811673028255,54.26776750937079,54.52186643690853,10103300
2023-01-25,55.29322814941406,55.30230150360539,54.34944007113027,54.63076251613534,11265800
2023-01-26,55.184329986572266,55.44749879673422,54.96653140866169,55.184329986572266,11884800
2023-01-27,54.89393997192383,55.320456894991295,54.78503894060372,55.21155932546251,14087000
2023-01-30,55.030059814453125,55.511027242221154,54.86671173298639,54.93931241887882,15632000
2023-01-31,55.647151947021484,55.66530211854341,54.91208557844442,55.33860595473138,14344400
2023-02-01,55.656227111816406,55.883099056420015,55.011908158180894,55.48380221837133,12535400
2023-02-02,54.70335388183594,55.37489625924263,54.367584424027896,55.17524787048566,16947200
2023-02-03,54.29499435424805,54.830408809444855,53.75049962105518,54.766884943174354,15404400
2023-02-06,54.60353088378906,54.75780558624241,54.19516420589817,54.25868806520523,11330900
2023-02-07,54.512779235839844,54.667053926218465,54.031811921076155,54.14978281524697,14922700
2023-02-08,54.19517517089844,54.37666997033044,54.07720078183452,54.37666997033044,11012000
2023-02-09,54.10441589355469,54.739657978130225,54.08626572407643,54.58538673025134,12515300
2023-02-10,54.10441589355469,54.35851480445942,53.432876931813496,54.19516674094597,14420700
2023-02-13,54.99375915527344,55.13895706443213,54.20424574058502,54.35852046632369,16191800
2023-02-14,54.07719039916992,55.266000493233264,54.049966876840244,54.63983178532469,20505700
2023-02-15,54.07719039916992,54.38573634547235,53.750494284050795,54.35851282314267,13171400
2023-02-16,53.741432189941406,54.28592352135621,53.49641005226731,53.75050554535535,16538300
2023-02-17,54.558162689208984,54.65798689583068,53.88662369123017,53.995521252185185,16814700
2023-02-21,54.26776123046875,54.657981200168116,54.19516401799412,54.44018610095353,14278300
2023-02-22,54.431114196777344,54.775960507069705,54.22239243211884,54.313139821347406,12409600
2023-02-23,54.530941009521484,54.83041017772834,54.27684553809855,54.45834032523426,12222800
2023-02-24,54.30406951904297,54.36759338743122,53.895699320981905,54.1588716110425,9736200
2023-02-27,54.285919189453125,54.72151291218379,54.21332196656027,54.61261534694892,8849800
2023-02-28,54.004600524902344,54.177025432250865,53.66883098911583,54.177025432250865,16082200
2023-03-01,53.41472625732422,53.705122042649045,52.97005576378823,53.65974835027782,13275800
2023-03-02,54.19517517089844,54.24962222601148,53.360284553987356,53.39658489859031,11758300
2023-03-03,53.941070556640625,54.15886913959807,53.73234878977655,54.040894762921496,13101800
2023-03-06,54.77595520019531,54.79410536864078,53.74141983133841,53.77771670643868,16282700
2023-03-07,54.45833206176758,54.96652638929158,54.22238679721861,54.89392917781137,13961200
2023-03-08,54.485565185546875,54.74873746312669,54.20424273760386,54.485565185546875,10851600
2023-03-09,53.95922088623047,54.93930931974394,53.79587281397823,54.93930931974394,13900900
2023-03-10,53.73234558105469,54.57630941420556,53.53270064220614,54.17701607471763,13745800
2023-03-13,54.27684783935547,55.23878271440755,53.768653413171755,53.804953756854445,21956000
2023-03-14,54.47649002075195,54.8667100409114,53.85939805686218,54.44926649527748,19496900
2023-03-15,54.8394889831543,54.884862681583904,53.75957972864803,53.93200116739704,21089900
2023-03-16,55.14125061035156,55.177829392037204,54.59258283844542,54.94921723901887,15658300
2023-03-17,54.88520431518555,55.18697053333359,54.53771287725778,55.15039524119212,27351200
2023-03-20,55.41558837890625,55.41558837890625,54.83948822454469,55.01323221720764,12904100
2023-03-21,55.159542083740234,55.55275528084507,54.7571859350411,55.3881542453898,13716500
2023-03-22,54.91263961791992,55.6624872166006,54.89435022669055,55.23269873191685,10494200
2023-03-23,54.793758392333984,55.22355035024923,54.61087146316071,54.94921646814475,15479000
2023-03-24,55.68992614746094,55.79965901260047,54.78462041711132,55.095533108627414,12975600
2023-03-27,56.10141372680664,56.220293007795306,55.73563642211375,55.90938038021706,12777400
2023-03-28,56.165435791015625,56.45806257549535,56.02827058314639,56.13800344711075,10925700
2023-03-29,56.56779098510742,56.650091498686265,56.32088944437089,56.43976873917246,9441000
2023-03-30,56.55864334106445,56.77811253538206,56.384899366473704,56.58607917056947,9870700
2023-03-31,56.72324752807617,56.92442734339139,56.57693588648639,56.750683359111235,14440900
2023-04-03,57.06160354614258,57.17133641969595,56.5678003826347,56.97015657789381,12300700
2023-04-04,56.887847900390625,57.37250804180954,56.76897209121615,57.05244893131106,11433400
2023-04-05,57.42737579345703,57.62855561718037,57.15304189005374,57.180474233890614,12789600
2023-04-06,57.46395492553711,57.64684535836204,57.04330937188116,57.482244317654086,9644200
2023-04-10,57.326786041259766,57.326786041259766,56.71410710489751,57.1438990973781,7952600
2023-04-11,57.226192474365234,57.34506827538102,57.06159145474171,57.29020359440278,9913000
2023-04-12,57.326786041259766,57.6376987295414,56.979298057208716,57.1347526571771,9593700
2023-04-13,57.747432708740234,57.75657566022065,57.13475030921144,57.390794810799456,9871400
2023-04-14,57.65599060058594,57.74743756480349,57.409089029716036,57.65599060058594,8946000
2023-04-17,58.030906677246094,58.09491779947086,57.73828340754871,57.902884432796554,9452400
2023-04-18,58.12235641479492,58.158931709001585,57.7840079087118,58.076631192433354,9035700
2023-04-19,58.232086181640625,58.369254864751454,58.003474035352255,58.277807913229395,9769500
2023-04-20,58.488136291503906,58.52471507562894,58.01262256291304,58.18637004333452,10706400
2023-04-21,58.570430755615234,58.77160357048625,58.34181513626026,58.52470553873767,12931100
2023-04-24,58.4789924621582,59.43001641672482,58.17722273017207,59.210550691957444,15532300
2023-04-25,58.387542724609375,58.6801660026034,58.18636640120388,58.6801660026034,12818900
2023-04-26,58.11320495605469,58.31438475436769,57.966893326830075,58.12235139507495,13179600
2023-04-27,58.232086181640625,58.305240254513755,57.71085076717071,58.094917498529796,13795800
2023-04-28,58.66187286376953,58.67101930227244,58.049190552810295,58.168069834938656,13687600
2023-05-01,58.79905319213867,59.15568762088639,58.57958048468639,58.66188449415344,9091500
2023-05-02,58.53385925292969,58.65273506422306,57.85716572615678,58.65273506422306,10948400
2023-05-03,58.204654693603516,58.6893113345694,58.14064357077197,58.54299620998922,11084600
2023-05-04,58.26866912841797,58.46070250782777,58.07663226066341,58.28695852003006,11938300
2023-05-05,58.542991638183594,58.7167390908818,58.1863607590758,58.19550370947577,9039000
2023-05-08,58.45155334472656,58.57957559170217,58.168076508807616,58.35096692806331,7240700
2023-05-09,57.96689987182617,58.2961019468376,57.86630996131215,58.19551203632358,9067700
2023-05-10,58.06748962402344,58.19551187765777,57.601122344591964,57.9028885869665,10134000
2023-05-11,58.396690368652344,58.460701494012206,57.61940693616948,58.140645867212896,9581500
2023-05-12,58.625301361083984,58.698458924808335,58.250377567858315,58.396689206962364,8740800
2023-05-15,58.46984100341797,58.753321319283906,58.25951824842499,58.7258889781288,8150000
2023-05-16,57.811439514160156,58.43326481870328,57.756571344343605,58.43326481870328,9129600
2023-05-17,57.747432708740234,57.994330770503126,57.36336246801351,57.9760448675423,11583000
2023-05-18,57.42737579345703,57.64684500918657,57.21705301790301,57.61940917700485,13595100
2023-05-19,57.45480728149414,57.70170533404781,57.25362747298196,57.64684065052236,14251400
2023-05-22,56.247737884521484,57.49138867205637,56.18372675472292,57.4182345901487,15055400
2023-05-23,56.14714813232422,56.39404619644056,55.93682187447813,56.24773455294637,13932700
2023-05-24,55.671630859375,56.174576883707594,55.52531922523561,56.12885515210363,11090100
2023-05-25,55.24184036254883,55.53446363853285,55.00408525894104,55.29670853492506,14463600
2023-05-26,55.10466766357422,55.452159086633394,54.967502475137636,55.278415119275984,12570300
2023-05-30,54.66573715209961,55.04980738478615,54.42798204679433,54.949217478883845,15634200
2023-05-31,54.55600357055664,55.12296072825288,54.29081263821605,54.793758672705195,59432200
2023-06-01,54.866920471191406,55.02237507145425,54.65659769465322,54.812052294916064,13402700
2023-06-02,55.92767333984375,56.07398496873215,54.940070716933135,55.11381468613049,15259800
2023-06-05,55.55274963378906,56.18371787999849,55.369859225391664,55.781361772199716,12915600
2023-06-06,55.15039825439453,55.77222360325222,54.976650781765514,55.735644820767725,10943500
2023-06-07,55.06809616088867,55.1961184075733,54.70231532320863,54.87605930251712,16817900
2023-06-08,55.20526123046875,55.24184001182067,54.84862683314903,54.98579551904642,15585900
2023-06-09,55.29670333862305,55.47959025266849,55.02236599086633,55.11381293623333,12581500
2023-06-12,55.058956146240234,55.46131581230894,54.88521214665739,55.40644763375093,14208900
2023-06-13,55.278419494628906,55.47959581792811,54.90349570187562,55.05895029207703,13397800
2023-06-14,55.65333938598633,55.85451918352711,55.4155808091937,55.534460097590014,14099700
2023-06-15,56.418113708496094,56.48261233289064,55.598056756984256,55.846838671753815,15271400
2023-06-16,56.823543548583984,57.28425009338488,56.64847632692796,56.759044913504816,26738000
2023-06-20,56.44575119018555,57.09074090583057,56.42732602580273,56.749819126169655,13971800
2023-06-21,56.60239791870117,56.86960851834174,56.187761387347095,56.49182934864391,13948700
2023-06-22,56.98939514160156,57.21974840169682,56.749829297663695,56.95254129131929,15193400
2023-06-23,56.39047622680664,57.09996465763762,56.37204754504214,57.072319877535044,25112100
2023-06-26,56.40890121459961,56.47339983909582,55.64412678855685,56.39968511686506,12856100
2023-06-27,56.28911590576172,56.537897818083,56.18775992130735,56.40890057056338,9068500
2023-06-28,55.763919830322266,56.243055052052824,55.653351245280426,56.09562910035973,11173200
2023-06-29,55.30320739746094,55.60727185264547,55.07285415281052,55.48749069616358,17142300
2023-06-30,55.48748779296875,55.60726894318349,55.16499115838477,55.2847758235109,19739200
2023-07-03,55.81919860839844,55.86526855325474,55.31241867024471,55.469060700649905,9694500
2023-07-05,56.23383712768555,56.298335759775775,55.43220876105572,55.5427773425087,14716600
2023-07-06,55.8007698059082,56.224618921521134,55.7454837632542,55.95740832106066,12603900
2023-07-07,55.06364059448242,55.74548777665891,55.03599932862112,55.570420568017795,14574000
2023-07-10,54.64899826049805,55.42298520729765,54.492356245774566,55.257130610489796,15480600
2023-07-11,54.84250259399414,54.879359957849964,54.21594146809188,54.78721654821041,15967700
2023-07-12,55.137351989746094,55.33084786889997,54.77800149562845,55.05442468226421,14241300
2023-07-13,55.607269287109375,55.70862527246518,55.26634748493101,55.39534473359788,11269800
2023-07-14,56.114051818847656,56.24304907350292,55.36770604059878,55.41377598655972,11634200
2023-07-17,56.031124114990234,56.29833120564381,55.736272245025795,55.98505065444266,10014300
2023-07-18,55.80998229980469,56.4365433892373,55.66255636787416,56.16933278920338,11152900
2023-07-19,56.7958984375,56.93411179755268,55.911342774915774,55.99427008796503,12936000
2023-07-20,57.48695373535156,57.50538241625225,56.823535282572664,56.83275138047875,11563000
2023-07-21,57.53302764892578,57.75416832007743,57.34874785702974,57.551456331097725,12815100
2023-07-24,57.551456451416016,57.873953117731745,57.496173919696325,57.51459908699507,10251100
2023-07-25,57.35795211791992,57.486949359494105,57.17366883785199,57.4040220592091,13422700
2023-07-26,58.0950927734375,58.20566135654481,56.5655472332908,56.998612496586276,17145500
2023-07-27,57.53302764892578,58.29780214195887,57.47774511732166,58.09509015297917,11517100
2023-07-28,57.56988525390625,57.83709587414883,57.33031941449301,57.67124124881976,9721800
2023-07-31,57.063106536865234,57.54224171164913,56.87882323657734,57.54224171164913,15577900
2023-08-01,56.91567611694336,57.45930987677473,56.777462773885205,57.21052796821685,9281600
2023-08-02,57.09074783325195,57.671238999260694,56.722184747384,56.722184747384,11059400
2023-08-03,56.7958984375,57.23817626879212,56.69454244211627,57.00782301197882,8037400
2023-08-04,55.93898010253906,57.02624767934093,55.85605279532837,56.83275180081979,9359300
2023-08-07,56.381256103515625,56.510256866658025,55.96662309560494,56.012693039271525,6982600
2023-08-08,56.13247299194336,56.528680825861365,55.85604982093136,56.38125490032755,7956100
2023-08-09,56.261478424072266,56.78668354707949,55.975839131858386,56.123265069633895,7904100
2023-08-10,56.13247299194336,56.87881871709593,56.01269184394866,56.528680825861365,7870300
2023-08-11,56.36282730102539,56.3904720790946,55.92054951594329,56.05876286155518,8483900
2023-08-14,56.095619201660156,56.648465544225374,55.975834538636875,56.501039618547225,7176300
2023-08-15,55.71784210205078,56.11404995096703,55.62569869828453,55.920550560513625,7187400
2023-08-16,55.727054595947266,56.04033513842914,55.65334338796347,55.7823406381187,8372300
2023-08-17,55.84684371948242,56.22462291718672,55.69941777683957,55.8192024536468,12873500
2023-08-18,56.16012191772461,56.28911917273111,55.62570070137016,55.782342735957755,11083800
2023-08-21,55.680992126464844,56.14169866167312,55.57963612633312,56.07720002793692,8648500
2023-08-22,55.34006118774414,55.819196327476156,55.26634646705706,55.59805568032625,9411500
2023-08-23,55.5335578918457,55.690196403293,55.432201906833264,55.46905926773076,7749500
2023-08-24,55.38613510131836,56.09562352169331,55.367706419825446,55.533561038350065,8955100
2023-08-25,55.644134521484375,55.80998915464117,55.29399657205203,55.66256320460312,7629200
2023-08-28,55.8007698059082,55.95740832106066,55.62569909495959,55.79155370801013,6254300
2023-08-29,55.7454833984375,55.86526806594819,55.422990272345004,55.80076944072969,8189600
2023-08-30,55.71784210205078,55.96662401985248,55.55198749018298,55.87448061608623,9447900
2023-08-31,55.128135681152344,55.71783937676682,55.10970700130048,55.56119735548163,14663500
2023-09-01,54.64899826049805,55.40455652821776,54.473927566694684,55.28477187165406,11262300
2023-09-05,54.197509765625,54.658216243411616,54.05929641632442,54.59371761771441,12474600
2023-09-06,54.16065216064453,54.206725620145505,53.828942935741686,54.0132262290112,13923500
2023-09-07,53.74602127075195,54.51079222294621,53.71837649097538,54.31729633906819,17628600
2023-09-08,53.74602127075195,53.81973248202908,53.45116588090864,53.71837649097538,14312300
2023-09-11,54.2527961730957,54.35415216127606,53.65387634198167,53.81051837323627,14767400
2023-09-12,53.7183723449707,54.363362089695116,53.617016361739694,54.35414950708836,12292700
2023-09-13,53.847373962402344,54.068514626941976,53.75523406920927,53.810520114072084,12641400
2023-09-14,54.29316329956055,54.413898320614834,54.042407583277736,54.08884658254355,12311600
2023-09-15,53.81022262573242,54.46032959474762,53.63376648758745,54.24672367716225,55727500
2023-09-18,54.14456558227539,54.19100103691546,53.52232269594268,53.84737442122125,13617400
2023-09-19,54.033119201660156,54.228150234730485,53.79164917165093,54.10741521972587,11998900
2023-09-20,54.27458572387695,54.636790769124396,53.94024832816849,54.14456503507954,14766600
2023-09-21,53.43873977661133,54.25601373353345,53.32729042928702,54.20957827688078,15941800
2023-09-22,53.49445343017578,53.83808355553008,53.401582529851666,53.72663422378383,14644100
2023-09-25,52.93722915649414,53.39230514140753,52.695762652506296,53.30871990102746,12358800
2023-09-26,52.500728607177734,52.844358789411665,52.37999712533177,52.68647398136936,11194700
2023-09-27,51.96206283569336,52.500720439975375,51.711307150962874,52.39856032292246,13766300
2023-09-28,51.8320426940918,52.30568996384934,51.729882575979936,52.22210473473944,12484800
2023-09-29,51.989925384521484,52.25925596835498,51.65558445876927,52.13852095787826,12271600
2023-10-02,51.52555847167969,52.01778059348757,51.15407134792192,51.924909698247525,11792500
2023-10-03,50.96833419799805,51.479131289425816,50.87545974504874,51.228375580659865,13604200
2023-10-04,51.1169319152832,51.339823526076394,50.81045152194472,50.97762200143875,12100500
2023-10-05,48.64652633666992,51.033344879818124,48.51650564448257,50.8383138415371,29878100
2023-10-06,49.35234832763672,49.49165821924155,47.87567835637588,48.33075426519365,30298900
2023-10-09,49.11088562011719,49.36164131850552,48.395768304594455,49.18518163660374,15704700
2023-10-10,50.17891311645508,50.45753290932827,49.74241562369622,50.27178756167875,20909700
2023-10-11,49.8817253112793,50.41109728464346,49.24090753899585,50.35537615658286,21138900
2023-10-12,49.04587936401367,49.99317756703961,48.69296351360049,49.9281636758492,19330400
2023-10-13,49.12017822265625,49.61240047255758,48.88799738133699,48.98087184354378,14494600
2023-10-16,49.62168502807617,49.742420046202355,49.07373815233196,49.24090862579956,12816800
2023-10-17,50.216068267822266,50.24392883297162,49.41736566742413,49.510240122585664,16457200
2023-10-18,50.19749069213867,50.64327742467794,50.07675567828491,50.24392614583689,12809500
2023-10-19,50.476104736328125,50.856881108377266,50.021032350190254,50.29964860291926,16202200
2023-10-20,50.6804313659668,51.098357569161344,50.55969634219986,50.64328158283877,15686400
2023-10-23,50.2253532409668,50.97761677882286,50.197489135373594,50.50396949731341,21212700
2023-10-24,51.674163818359375,52.16638603340872,51.358397754811165,51.68345303532157,25290800
2023-10-25,52.11994552612305,52.2128199727535,51.59986279618405,51.78560460384919,16701000
2023-10-26,51.804176330566406,52.59359313614143,51.74845520878775,52.35212313244171,16228400
2023-10-27,51.30267333984375,52.13852213022055,51.17264911028478,51.59057527687218,13626500
2023-10-30,52.1478157043457,52.26854718482816,51.46984456478337,51.47913378192713,15014300
2023-10-31,52.46357727050781,52.677183190100074,52.14781122789361,52.53787328728869,16639400
2023-11-01,52.417137145996094,52.825777629287145,52.24996668334029,52.75147807130771,14110800
2023-11-02,53.02080535888672,53.07653002390732,52.3428378770591,52.47285855264279,13087200
2023-11-03,52.69575881958008,53.485172165796016,52.658609039269244,53.30871602351663,13958700
2023-11-06,52.909366607666016,53.197268558230796,52.69576067754441,52.732906916366915,12673200
2023-11-07,53.10439682006836,53.30871707300233,52.68647064033892,52.86292678609219,10449300
2023-11-08,53.02080535888672,53.373721151755106,52.86292057939388,53.234411260602464,13744000
2023-11-09,52.621463775634766,53.06725054923399,52.352133159460756,52.965090416009474,12021100
2023-11-10,52.677188873291016,52.87221992402989,52.06423161182712,52.816495248333766,11678900
2023-11-13,52.872215270996094,53.030096524043174,52.56573489583685,52.58430978610087,12798200
2023-11-14,53.03009796142578,53.16012219679824,52.76077090229252,52.955801941153965,12697100
2023-11-15,53.13225555419922,53.252990567028334,52.70504371532449,53.21584078726583,10201900
2023-11-16,53.076534271240234,53.42944654955195,52.760768229783764,53.16940517757532,16010400
2023-11-17,53.178688049316406,53.25298760470831,52.65860533276423,53.113677709747385,14475800
2023-11-20,53.308719635009766,53.47589011493572,52.90007910950263,52.98366434946561,13051000
2023-11-21,53.8938102722168,53.90309948889198,53.24370681687855,53.364438291271014,13891600
2023-11-22,54.25600814819336,54.36745748404461,53.986681110214214,54.107412576522904,11320600
2023-11-24,54.39532470703125,54.562495188479396,54.18171876802492,54.293164574724244,4816000
2023-11-27,54.29316329956055,54.506769233549996,54.11670714786445,54.36746286414726,16246500
2023-11-28,54.404605865478516,54.63678666167574,54.20028563112965,54.237435408792685,13739600
2023-11-29,54.079551696777344,54.488188630774914,53.95881668837888,54.40460694357352,11263600
2023-11-30,54.706748962402344,54.72547175582675,53.92040949361593,54.25741263323978,22727500
2023-12-01,54.89397430419922,54.940779503090745,54.51952914205927,54.54761154719263,15371200
2023-12-04,54.828453063964844,55.193538659691825,54.70675667505311,54.84717586002882,14942200
2023-12-05,54.91270065307617,55.07184262481973,54.68803068444056,54.80972706624352,11891500
2023-12-06,54.856529235839844,54.97822561091574,54.491443681619955,54.81908721897694,14868500
2023-12-07,54.987586975097656,55.12800256845794,54.65994344857494,54.92205541298696,11587900
2023-12-08,54.86589813232422,54.99695413251273,54.6412281527095,54.9875945200742,11178700
2023-12-11,55.268428802490234,55.315234006264085,54.76292403131308,55.071844804035166,14524800
2023-12-12,55.624149322509766,55.624149322509766,55.137370934552045,55.41820571868397,12899000
2023-12-13,56.10157012939453,56.185820919422135,55.474369010076146,55.65223377291661,16196800
2023-12-14,55.268428802490234,56.204547161999855,55.015676416901655,56.139019162514835,22478300
2023-12-15,54.856529235839844,55.39011636447012,54.10763533346471,55.07183958059252,65177400
2023-12-18,55.24970245361328,55.68967919701005,54.87525370548736,55.04375528504323,16717700
2023-12-19,55.07184600830078,55.418208809011034,54.893981230659335,55.230984418813414,14612200
2023-12-20,53.929779052734375,54.9220622245059,53.89233346145783,54.76292381809278,17701000
2023-12-21,54.28550338745117,54.36039099673319,53.798721428590014,54.15444382194361,11725100
2023-12-22,54.59442138671875,54.72547738315814,54.31358659849033,54.40719700423045,9029400
2023-12-26,54.819087982177734,54.959503582136065,54.3510288403009,54.3510288403009,6422500
2023-12-27,54.95949935913086,55.015667737403014,54.66930499891035,54.8939713699838,8560100
2023-12-28,54.996952056884766,55.10928525694849,54.7910048809279,54.90334165199967,8400100
2023-12-29,55.16545486450195,55.212260067981326,54.88462007261761,54.987593662877096,9244300
2024-01-02,55.998600006103516,56.054768393263025,54.922062463765926,55.04375885044078,16322600
2024-01-03,56.12965774536133,56.35432772995681,55.94243335336647,56.10157533641499,14830600
2024-01-04,55.94242858886719,56.41048774348659,55.84881818634649,56.21390375558835,12912900
2024-01-05,55.858184814453125,56.12030040224932,55.31523798382007,55.97988120982249,10412800
2024-01-08,56.27007293701172,56.335600933906285,55.62414900903958,55.867541772654825,11554600
2024-01-09,56.1671028137207,56.29815881559141,55.8113768293515,56.15774320116204,10493700
2024-01-10,56.35432434082031,56.55090833363868,56.148377164910755,56.37304713599464,12258000
2024-01-11,55.989234924316406,56.410485288333426,55.87689816097126,56.4011256768919,13754200
2024-01-12,56.53218460083008,56.597712597349364,56.0454026473954,56.24199020796124,13218000
2024-01-16,56.157737731933594,56.56962849355702,56.026678171818624,56.53218290495274,11826900
2024-01-17,56.157737731933594,56.363681327241366,55.998595765869354,56.03604135447363,8982100
2024-01-18,56.31687545776367,56.382403451538536,55.72711994278207,55.87689872441145,10397700
2024-01-19,56.007965087890625,56.42921550733695,55.83010030802743,56.41049271098249,14392600
2024-01-22,55.76456069946289,56.23261979787773,55.64286433399293,55.942421871297825,14314300
2024-01-23,56.02667999267578,56.16709916900148,55.66159441943855,55.727122416121745,14481600
2024-01-24,55.14673614501953,55.98924415395376,55.12801334804229,55.979880969960945,16370500
2024-01-25,55.380760192871094,55.390119804916225,54.91270102843811,55.240341015137986,14899700
2024-01-26,55.57734298706055,55.68967975522911,55.35267659273933,55.46500978989994,13025100
2024-01-29,55.914344787597656,55.970513170313794,55.39011726193728,55.54925922746241,14547100
2024-01-30,56.073490142822266,56.18582334403733,55.652236174505646,56.02668136889191,22061500
2024-01-31,55.68968200683594,56.588354762471226,55.502457623326556,56.260711198577795,22837000
2024-02-01,57.08449172973633,57.11257413514023,55.56798113079305,55.764565110635964,15870900
2024-02-02,56.672603607177734,56.981520793985744,56.3824056441695,56.93471559247035,17544900
2024-02-05,56.204551696777344,56.5228321075309,56.054772890011456,56.5228321075309,12759600
2024-02-06,56.110931396484375,56.21390498411235,55.867542202006646,56.12965419159928,12775200
2024-02-07,56.157737731933594,56.363681327241366,56.11092896067431,56.23262533813427,10259900
2024-02-08,56.007965087890625,56.13902109136355,55.61479350646359,56.06412990594573,12874800
2024-02-09,55.75520706176758,55.77392985623084,55.25906193601094,55.670956272186864,15235300
2024-02-12,55.886268615722656,55.94243343369598,55.19353943564945,55.84882302306826,13516800
2024-02-13,55.558616638183594,56.784932829681146,55.034392704297645,55.69903580390746,24195700
2024-02-14,55.50245666503906,55.783291449950276,55.268427082445044,55.390119894268146,15872500
2024-02-15,55.605430603027344,55.78329180135634,55.35267822371263,55.62414982726572,13695800
2024-02-16,55.596065521240234,55.81137230270915,55.193534364708974,55.55861993202618,13947100
2024-02-20,56.82238006591797,56.95343605319329,55.708397032062045,55.792647819740154,18339300
2024-02-21,57.32788848876953,57.365330508257045,56.94408011371002,57.09385890468427,14373000
2024-02-22,57.24363327026367,57.33724366825771,56.635154970279046,57.09385449086853,12982800
2024-02-23,57.290443420410156,57.6836114111728,57.103219037234,57.187469831112864,13612900
2024-02-26,56.83174514770508,57.3559727182731,56.78493994360269,57.3278903100133,10336100
2024-02-27,56.48537826538086,56.89726903109275,56.279431097020954,56.67260263925277,9931100
2024-02-28,56.54154586791992,56.62579665644826,56.22326550803597,56.5134598910719,8076500
2024-02-29,56.185821533203125,56.7662138869514,56.07348833560848,56.49473871934038,18152700
2024-03-01,55.72712326049805,56.07348961508078,55.549262062664134,56.07348961508078,10927600
2024-03-04,55.989234924316406,56.12029091054462,55.43692500306338,55.44628461450491,10150200
2024-03-05,55.7177619934082,56.27007193670691,55.62414802021727,56.08284756133299,12310000
2024-03-06,55.745845794677734,56.16709975705727,55.58670739278326,55.71776338752178,12378800
2024-03-07,55.64286804199219,55.95178878161584,55.45564724695602,55.87689760679516,13686900
2024-03-08,55.7177619934082,55.970514364511814,55.20289763938587,55.511814823396094,13239000
2024-03-11,56.39176940917969,56.43857461117823,55.77393145817808,55.961152266172256,14114300
2024-03-12,56.63515853881836,56.86918811955728,56.36368336811929,56.466656955005696,12684600
2024-03-13,57.21554946899414,57.29980025879452,56.915991898816785,56.99088307686508,13909500
2024-03-14,57.088165283203125,57.37124637461052,56.99380611925778,57.163655494016496,13996600
2024-03-15,56.503135681152344,57.04099088356345,56.276668627708446,56.63523996250641,36849900
2024-03-18,56.739036560058594,56.99381064241611,56.42764481509774,56.51256950921692,15856700
2024-03-19,56.83338928222656,56.94662099501241,56.672977989077545,56.842827358041944,15030600
2024-03-20,57.324073791503906,57.380691456526556,56.76734601728256,56.78621857229011,15258800
2024-03-21,57.05986022949219,57.550535818053426,56.91831787910225,57.144784919811855,13067100
2024-03-22,57.078731536865234,57.36181263189419,57.02211387803088,57.107038566496705,11502800
2024-03-25,56.993804931640625,57.286320493518666,56.72959279887076,57.06929154130966,13144700
2024-03-26,57.125911712646484,57.286323014985776,56.97493488709185,57.08816660636496,13277400
2024-03-27,57.58827590942383,57.965719768136786,57.276887785621334,57.36181247385318,12551200
2024-03-28,57.729820251464844,57.805306866073394,57.55997086913119,57.692075144374805,13683500
2024-04-01,57.25801086425781,57.84304556101371,57.21083128541109,57.72981385186734,11668700
2024-04-02,56.757904052734375,57.30519367747408,56.72015894769817,57.04098514136328,13017300
2024-04-03,56.455955505371094,56.98437262526955,56.40877232003302,56.66354640265763,13672900
2024-04-04,55.955841064453125,56.75790840997539,55.83317126345389,56.701290748074605,14320700
2024-04-05,56.15399169921875,56.31440659163292,55.58782953679859,55.90865572205568,10157800
2024-04-08,55.92753219604492,56.116254129943016,55.738810262146835,56.050201993014404,10284500
2024-04-09,56.35215377807617,56.37102633079708,55.79542607130923,56.12568674499666,10779100
2024-04-10,55.597259521484375,56.040755459279886,55.38023059010407,55.9747033323194,11861900
2024-04-11,55.719932556152344,56.02188618263782,55.47459658447209,55.814295314161036,11109000
2024-04-12,54.99335861206055,55.68219058621466,54.8518198664398,55.625576527794905,12250900
2024-04-15,54.86125183105469,55.4934697178417,54.76689267162794,55.304747799417015,12425000
2024-04-16,54.785770416259766,55.08772407453125,54.663100617720865,54.96505427599235,11236800
2024-04-17,55.210391998291016,55.25757518352184,54.823513636571235,54.99336302460154,13805100
2024-04-18,55.58783721923828,55.65388936066358,55.23870395748008,55.31419057643538,11125900
2024-04-19,56.77677536010742,56.95606281667847,55.67275798880177,55.76711715573386,21207900
2024-04-22,57.135345458984375,57.21083567058231,56.352154311298484,56.748467123473446,15624500
2024-04-23,57.220272064208984,57.25801717127247,56.73903454764988,57.11647481957016,13689100
2024-04-24,58.078948974609375,58.173311734993106,56.46538356754571,56.91831401867386,19548300
2024-04-25,58.25823974609375,59.06030345751136,57.90910291209513,58.38090594223995,19048500
2024-04-26,58.25823974609375,58.437523601703056,57.89023035894076,58.07895229091298,10994300
2024-04-29,58.541316986083984,58.55075146225366,58.060075911292586,58.428081674620586,13409300
2024-04-30,58.28654861450195,59.28677236580355,58.00346750740047,58.6356818599414,19349200
2024-05-01,58.437522888183594,59.04143018346385,57.758125381207606,58.31485309396373,16729800
2024-05-02,58.494136810302734,58.88101512160076,58.239362761461905,58.673420652270195,10991300
2024-05-03,58.66398620605469,58.81496662914229,58.16387615307694,58.494140429223954,11628700
2024-05-06,58.833839416503906,58.862150047463466,58.4092195473986,58.786659831000165,9310700
2024-05-07,59.08860397338867,59.27732588455574,58.73947077745079,59.2207082313343,9807000
2024-05-08,59.305641174316406,59.41887649653613,58.95650792973449,59.305641174316406,10484400
2024-05-09,59.333946228027344,59.58872027971889,59.21127644027114,59.26789409605967,9113700
2024-05-10,59.69252014160156,59.78688291109067,59.24902772350335,59.3716939244818,8371700
2024-05-13,59.99447250366211,60.03221400880319,59.61702865568091,59.67364631274948,10137600
2024-05-14,59.541542053222656,60.1643219204191,59.258460949873644,59.99447613806691,10852200
2024-05-15,59.56984329223633,59.81517924990987,59.44717351361408,59.50379116518688,9838900
2024-05-16,59.7491340637207,60.136012395483135,59.513232554119924,59.67364745242557,10228000
2024-05-17,59.475486755371094,59.79631294867109,59.39056206892194,59.76800591971181,11539000
2024-05-20,59.04143142700195,59.45661680135896,58.937634183519826,59.38113018764473,11000900
2024-05-21,59.36225509643555,59.42830723045091,58.91875911127123,59.2773304099056,9796200
2024-05-22,59.447181701660156,59.466054254783856,59.12635549770008,59.17353508072362,7419400
2024-05-23,58.588504791259766,59.33395449830964,58.55075968213963,58.96594868331765,9834300
2024-05-24,58.503570556640625,58.899883339068886,58.47526352920179,58.711165023381795,8203100
2024-05-28,58.33372497558594,58.626244143183506,57.9374121674583,58.3054179463115,12347000
2024-05-29,58.220489501953125,58.39033886578214,57.626016728551576,58.00346055918742,11861800
2024-05-30,58.47526550292969,58.57906273980376,58.126128688067574,58.36203019021001,9433800
2024-05-31,59.38113784790039,59.47549702710853,58.21106458803091,58.49414932479924,19816600
2024-06-03,59.38113784790039,59.53211469437659,58.928207308471805,59.17354333415614,9369000
2024-06-04,60.334163665771484,60.36247429222314,59.39055770766049,59.63589727252915,11895600
2024-06-05,60.3152961730957,60.45683851851144,59.77744101983007,60.38135190730872,9632500
2024-06-06,60.532325744628906,60.73048213878339,60.23980659165953,60.31529319914025,8658500
2024-06-07,60.30585861206055,60.59837776449158,60.2114994529905,60.475704378472386,9523100
2024-06-10,60.00390625,60.381350093388924,59.79631177617897,60.334166913286865,15685300
2024-06-11,59.966163635253906,60.06052639980425,59.51323316412646,60.00390874107404,8396000
2024-06-12,59.333946228027344,60.09826478353076,59.15465878448261,60.09826478353076,9569600
2024-06-13,59.437744140625,59.48492372120036,58.92819603144008,59.315074351472056,9668900
2024-06-14,59.480533599853516,59.61366291242766,59.04310767925228,59.318877613871116,8179200
2024-06-17,59.54709243774414,59.81335466437742,59.1286855494652,59.3093605092331,10532700
2024-06-18,59.556617736816406,59.737292739026934,59.375939107103676,59.46152276657229,10651700
2024-06-20,59.12869644165039,59.66121736551207,58.90998346243096,59.33790173807856,13306300
2024-06-21,59.68973922729492,60.003543519126225,59.12869167280697,59.12869167280697,28278100
2024-06-24,60.83085250854492,60.91643252811763,59.82286773494682,59.898943700124796,13212500
2024-06-25,60.70722961425781,60.92594256833585,60.393421705688276,60.80232094124771,10235300
2024-06-26,60.90692901611328,60.96398236300316,60.127164876101766,60.28882448979375,9402500
2024-06-27,60.77379608154297,61.11612704541934,60.49802614654377,60.90692902180244,8494100
2024-06-28,60.52655792236328,60.916434560653144,60.40293628857516,60.7642898802241,17358800
2024-07-01,60.17470932006836,61.144659727536535,60.022561018946256,60.88790516173479,10033400
2024-07-02,60.05109405517578,60.26980702128427,59.77532411323392,60.15569306961756,8878200
2024-07-03,60.222259521484375,60.54557149219023,59.84188694918078,60.089126581926934,9154200
2024-07-05,60.63115310668945,60.65968340653173,59.90844959654609,60.22225750230018,11735500
2024-07-08,59.87041473388672,60.46950027676044,59.75630441107802,60.46950027676044,11235100
2024-07-09,59.61366653442383,60.127168451981944,59.518575198950955,59.96551245617768,11657500
2024-07-10,59.746795654296875,59.775322327610496,59.23329376964153,59.64219301547801,11930400
2024-07-11,60.003543853759766,60.34587844857706,59.33789728328363,59.566117928160665,11431600
2024-07-12,60.57410430908203,60.96398457951207,60.279315371926884,60.345880030719684,9201500
2024-07-15,60.29833221435547,60.802322792247736,60.24127523992359,60.65968579742061,8207500
2024-07-16,61.11613082885742,61.15416881414347,60.279316917576004,60.31735490286205,9025100
2024-07-17,62.01000213623047,62.18116943365695,61.249264234893275,61.306317582367605,12508200
2024-07-18,61.990989685058594,62.5805603166735,61.54405242883192,61.62012839904153,11128200
2024-07-19,62.08607864379883,62.418901931971334,61.63914140467994,62.418901931971334,13775700
2024-07-22,61.591590881347656,62.08607740390324,61.163676270100645,62.04803942101409,11794200
2024-07-23,61.77227020263672,62.79927398754286,61.66766756222942,62.21920743801274,11810300
2024-07-24,62.58055877685547,62.732710713530935,61.64865355723102,61.89588957182317,13244600
2024-07-25,62.82780075073242,63.60756127260379,62.62810677921697,62.799274076945004,16328600
2024-07-26,63.759708404541016,63.8167617478193,62.770742676034004,62.82779601931229,13530100
2024-07-29,63.55051803588867,63.740700728065136,63.132107407094864,63.59806008143046,12140200
2024-07-30,64.3587875366211,64.50142814375288,63.10356325286618,63.217677189572136,13258000
2024-07-31,63.46492004394531,64.29222985091513,63.34130204037653,64.18762721135562,15576800
2024-08-01,64.62504577636719,64.76768638270974,63.426874840093305,63.71215605277843,16495900
2024-08-02,65.92781829833984,66.25113022960412,64.36829747164775,65.16707324653773,22514800
2024-08-05,64.7581787109375,66.13702830967809,64.40634008453712,65.60450383309416,25484300
2024-08-06,64.71063232421875,65.46185881628313,64.44436647633226,64.80572364239123,12969100
2024-08-07,65.10051727294922,65.78518645979938,64.50143536195706,64.71064064182833,13365300
2024-08-08,65.35726165771484,65.4808796424587,64.52044066867235,64.66308126953209,15240900
2024-08-09,65.30972290039062,65.41432554088294,64.90082364801253,65.32873826456945,12080400
2024-08-12,64.82474517822266,65.176591069475,64.50143321464203,65.09100379646627,11012300
2024-08-13,65.10051727294922,65.24315789604358,64.6726026586696,64.73916731544651,9877600
2024-08-14,65.2146224975586,65.50940775884597,64.78670068552587,64.88179925820148,14328000
2024-08-15,65.28119659423828,65.53794391461756,65.13855596958156,65.25266992030764,11285100
2024-08-16,65.7851791381836,65.89929307495937,65.27167730519659,65.46185994482022,12651200
2024-08-19,65.59500885009766,66.01341218705552,65.47138358156127,65.94684752515286,9843900
2024-08-20,65.97537231445312,65.98488362445411,65.39530573945761,65.60451102945649,11957400
2024-08-21,66.15603637695312,66.68855353980844,65.92781577215831,66.0704563707809,8792400
2024-08-22,65.92781829833984,66.48886215141697,65.4143164766238,66.48886215141697,12509200
2024-08-23,66.36524963378906,66.42230297812577,65.55696248400575,65.99438838559433,11834700
2024-08-26,67.36373138427734,67.43980736022338,66.3082080517948,66.40329939422513,12912200
2024-08-27,67.99134063720703,68.01986731163885,67.56342601072258,67.82017333561252,16988400
2024-08-28,68.22907257080078,68.28612591964209,67.80115794448363,68.09594325350196,13272600
2024-08-29,68.51435089111328,68.67600687591039,67.73459038532353,68.37171027011446,17201700
2024-08-30,68.91374206542969,69.00883339889788,68.25759953099293,68.65698748456153,18624200
2024-09-03,69.42723846435547,69.69349707894501,68.70453132832446,68.885209926083,14755800
2024-09-04,68.99932861328125,69.92172987064805,68.38123125979202,69.70302050849153,18140800
2024-09-05,67.67752838134766,69.11343136097179,67.49685703649658,69.056378015756,23866100
2024-09-06,67.64900970458984,68.15300032690762,67.41127773142078,67.5063690696876,17485700
2024-09-09,68.32416534423828,68.76159128958507,67.49686274858396,67.7345947137727,12939300
2024-09-10,68.03888702392578,68.86618956711182,68.01035309570958,68.43827495891237,10277600
2024-09-11,67.59195709228516,67.8677270547795,67.10698183031207,67.85821574434752,11418200
2024-09-12,67.73458862304688,67.87722198533139,67.19256008135619,67.51587204253866,12337800
2024-09-13,68.37128448486328,68.4287289595397,67.48085860367932,67.82553275647771,11073800
2024-09-16,69.03192901611328,69.1659710151846,68.57235853493765,68.71596974484186,10786500
2024-09-17,68.74469757080078,69.27128903833085,68.66810005760847,68.84044080992071,12974400
2024-09-18,68.69682312011719,69.30001210805048,68.23724534021015,68.83086511743569,10719700
2024-09-19,67.61490631103516,68.87873599419747,67.59575328135998,68.51490147777433,13635600
2024-09-20,68.59149932861328,68.7446943478156,67.38511411898706,67.41384366364292,48578500
2024-09-23,68.67767333984375,69.12766727299741,68.15107459236316,68.5053325956447,11613000
2024-09-24,68.29469299316406,68.7638399553737,67.59575350254353,68.18937324382755,13330600
2024-09-25,68.40959930419922,68.85960065555093,68.27555728099775,68.65853762074872,12329100
2024-09-26,68.3617172241211,68.56278021744387,67.82554193718613,67.84469496783072,10815200
2024-09-27,68.73511505126953,69.12766448879327,68.41915581550684,68.49575332200814,11175700
2024-09-30,68.8021469116211,69.12767540856343,68.63938266314992,68.93618891680222,18015300
2024-10-01,68.65852355957031,69.65426931709843,68.5819260463587,69.03192730555074,13294500
2024-10-02,67.98831939697266,68.39044541862262,67.41385260822392,68.3521466587405,11155500
2024-10-03,67.5191650390625,67.96916633656448,67.21278226487372,67.8447008455552,9374800
2024-10-04,67.18405151367188,67.2893712637822,66.75320330303194,66.98298852839054,12684800
2024-10-07,66.07341766357422,67.1170313580506,65.93937567171011,67.06916339223666,14512000
2024-10-08,66.23619079589844,66.48512908769857,65.92980801550662,66.10214878602338,13549700
2024-10-09,66.60957336425781,66.77233756658387,66.13084996583574,66.24574621116321,9037700
2024-10-10,66.30321502685547,66.93513365107712,66.05427672294311,66.85853612606685,8635200
2024-10-11,66.60957336425781,66.62871908610937,66.06382898224622,66.50425363222581,8786300
2024-10-14,67.3468246459961,67.47129744243809,66.51385035468898,66.60959360251557,7659300
2024-10-15,67.3468246459961,68.17980624204478,67.17449118275316,67.46172092623296,10358700
2024-10-16,67.56702423095703,67.6914896923377,66.99255757919579,67.10744652670417,7937300
2024-10-17,66.925537109375,67.68192100686305,66.61915440574919,67.62446922792456,14674600
2024-10-18,67.44257354736328,67.54789330881646,66.64789073084981,66.89682901289746,15087500
2024-10-21,66.49469757080078,67.33725568620363,66.36065556239426,67.02129639292757,11981200
2024-10-22,66.49469757080078,66.78193462009568,65.75746652456489,66.06384930160003,18603300
2024-10-23,65.11597442626953,65.77660790843316,63.74682488389981,64.13937436695458,24655200
2024-10-24,64.43618774414062,65.14469649775012,64.10107544139105,64.7712927421491,17568800
2024-10-25,64.07234954833984,64.81915701698648,63.947884071812304,64.21596805494282,11138100
2024-10-28,63.83298873901367,64.53192825217373,63.76596774225099,64.11064924124214,10761400
2024-10-29,62.77022933959961,63.517036906474736,62.73193057915196,63.4691689344714,16525900
2024-10-30,63.11490249633789,63.70852224732298,62.540435775403665,62.72235303718343,14177800
2024-10-31,62.53086471557617,63.18192900403138,62.48299674575438,63.009588242242025,13383700
2024-11-01,62.243629455566406,62.865971445920096,62.128733189661816,62.684054184423,12163100
2024-11-04,62.3393669128418,62.63617310799008,61.898942224810796,62.31064467521325,10984500
2024-11-05,62.588314056396484,62.68405729703416,61.889374520733504,61.889374520733504,8780200
2024-11-06,60.989376068115234,62.10001446820037,60.49150317809492,61.678735440752895,22899300
2024-11-07,60.95107650756836,61.65001238655022,60.89362837211775,61.55426914650303,14856100
2024-11-08,61.20001220703125,61.50639496345322,61.027675102368136,61.19043934380518,14719300
2024-11-11,60.663841247558594,61.391502997810505,60.55852149536131,61.2670338677255,13980900
2024-11-12,60.510650634765625,61.03724574997762,60.4340531222553,60.970224752716305,15021000
2024-11-13,60.31916427612305,60.56809890260047,59.83086788664514,60.367035898249014,13177600
2024-11-14,59.8883056640625,60.42447726797958,59.773413053355355,60.42447726797958,15910800
2024-11-15,59.1127815246582,59.96490880109325,58.77767287111786,59.830866800625344,26284300
2024-11-18,59.2276725769043,59.495756570737186,58.94043920460184,59.21809606148427,16062100
2024-11-19,59.926605224609375,59.95532746458,59.0074570218465,59.26596813869299,16254800
2024-11-20,60.30958938598633,60.32873511229682,59.380864607994944,60.03192887366738,18904900
2024-11-21,61.046817779541016,61.09469305039166,60.27128806399762,60.462778190289086,17292300
2024-11-22,61.20001220703125,61.736187509325525,60.941504723851295,61.50639496345322,19562200
2024-11-25,61.640438079833984,61.9563973575781,61.12341945173456,61.5829935946955,36805300
2024-11-26,61.8032112121582,61.88937794207323,61.33405688903828,61.57341865623527,14473300
2024-11-27,61.68830490112305,62.329792579740555,61.5159641645813,62.19575059629034,13263400
2024-11-29,61.81855010986328,61.98254886181771,61.519489016209725,61.76066256906256,10648400
2024-12-02,61.40372085571289,61.92466452710289,61.11430525155915,61.789605874536356,16500100
2024-12-03,61.2783088684082,61.818547169289154,60.805599895128324,61.47125138158514,24874500
2024-12-04,60.01453399658203,61.11430144768324,59.71547662167643,61.046772125603134,28137700
2024-12-05,60.69947814941406,60.89242065248459,59.90841719888983,60.265362117595565,21040400
2024-12-06,60.32324981689453,61.12396001648866,60.30395519617354,60.612665447636694,15581100
2024-12-09,60.390777587890625,60.709133301446414,59.71548428047989,60.47760153885379,22348300
2024-12-10,60.68983459472656,60.81524777768933,59.60936169554958,60.487246616144425,14949400
2024-12-11,60.42936706542969,61.38443052977174,60.19783898200118,60.77666287064498,32819000
2024-12-12,61.587013244628906,61.66418803913349,60.98889478694756,61.30724679439633,17542100
2024-12-13,60.89242172241211,61.58701327364167,60.88277625312158,61.32654144193059,13429000
2024-12-16,60.34253692626953,61.60630682563735,60.14959442314947,60.998539228834424,24559700
2024-12-17,61.16254806518555,61.3072521976621,60.1206606470061,60.24607383921049,21902400
2024-12-18,60.631954193115234,61.39407512367494,60.57407401312043,60.59336863314286,20946100
2024-12-19,60.246070861816406,60.940658759536575,60.19783615337467,60.48724808409744,21300600
2024-12-20,60.34253692626953,60.834540493229284,60.08206509906828,60.265362133064805,42458100
2024-12-23,60.17853927612305,60.54512599058402,59.35853454309018,60.29430330805429,13010800
2024-12-24,60.62230682373047,60.62230682373047,59.82159667821365,60.00489372264743,5019100
2024-12-26,60.36183547973633,60.52583790610538,60.19783673343967,60.41007018864285,7943800
2024-12-27,60.246070861816406,60.72842530637847,60.01453910919477,60.246070861816406,8542800
2024-12-30,59.84089279174805,60.1399538800838,59.50324614368546,60.1399538800838,8972200
2024-12-31,60.062774658203125,60.22677708528704,59.619009446212985,59.83124658241367,9256700
2025-01-02,59.65760040283203,60.53548538228861,59.445363260521916,60.14960033810159,12991000
2025-01-03,59.570770263671875,59.8891259440662,59.445357085328155,59.715478060227866,10403200
2025-01-06,58.6639518737793,59.397129047791985,58.519244060978316,59.329599716504205,17924200
2025-01-07,58.69289016723633,59.5418350375256,58.4806530296459,58.95336201425937,17799600
2025-01-08,59.53218460083008,59.59006845894154,58.779712845742864,58.837596703854324,14412400
2025-01-10,58.91476821899414,59.4743011093484,58.58676706811423,59.40677178535008,22425000
2025-01-13,59.47430419921875,59.66724303205363,58.567475492576534,58.972655137688925,18016200
2025-01-14,59.85054016113281,59.87948025008506,59.13665396637459,59.483949754090894,16658300
2025-01-15,59.59006881713867,60.41006990491546,59.503244869485755,60.130307122542625,16187200
2025-01-16,60.053123474121094,60.10135817864814,59.15594398564412,59.25241339469822,12585500
2025-01-17,60.496891021728516,60.554774877479346,59.97594736018762,60.1110096902729,17948900
2025-01-21,60.217124938964844,60.998540436033295,60.10136090683063,60.68018842764615,19817100
2025-01-22,59.59971237182617,60.0917159527414,59.4839483386994,59.92771353241224,18191900
2025-01-23,59.35853576660156,59.79265549538217,59.20418249415427,59.61900760386993,16528400
2025-01-24,59.734771728515625,59.821595674403035,59.27171191047352,59.541832897718976,19244600
2025-01-27,61.61595916748047,61.9150202646778,60.26536885513789,60.65125022434753,20742900
2025-01-28,60.15924835205078,61.779959618910745,60.082069872641995,61.26866139300868,14956000
2025-01-29,60.6126594543457,61.123953972641615,60.34253847103369,60.3521876204764,11325600
2025-01-30,61.78960418701172,62.021132247924754,60.998539552021,61.59665800279722,13201000
2025-01-31,61.23971939086914,61.673839123805706,61.152895444281825,61.45195652254309,12096800
2025-02-03,61.11430740356445,61.38442839828151,60.22677698111924,60.950308656836604,12067900
2025-02-04,60.45830154418945,61.384424832159674,60.14959500822344,61.36513021365277,15678000
2025-02-05,60.89242172241211,61.05642414092897,60.381127208352694,60.50654038956297,10686800
2025-02-06,61.12395477294922,61.49054517505463,60.68983504414969,61.374777460659885,13423400
2025-02-07,61.587013244628906,61.66418803913349,61.03712949352195,61.19148276260334,13184700
2025-02-10,62.27196502685547,62.36843444883542,61.413370978914585,61.837841587727986,16154300
2025-02-11,65.21431732177734,65.28184664742432,64.0663187857787,65.11784790801659,30589100
2025-02-12,66.28514099121094,66.39125954838495,64.51008032601652,64.51008032601652,26033800
2025-02-13,67.04727172851562,67.15339030135799,66.33338916951308,66.56491725564861,24393100
2025-02-14,66.43950653076172,67.55856506013052,66.33338795985455,66.91221184471048,20779100
2025-02-18,66.61315155029297,66.92185809953664,66.00538024136549,66.13079710709069,15569100
2025-02-19,67.5971450805664,67.65502525311393,66.72890569163343,66.76749492671313,16032300
2025-02-20,67.56822204589844,67.59716213947556,66.97009979143635,67.24986629625833,13398000
2025-02-21,68.83198547363281,69.07316272291685,67.65503931950347,67.8383363842059,21662300
2025-02-24,68.09880065917969,69.19857562400996,67.84798163365159,68.33997789459565,21418400
2025-02-25,68.96703338623047,69.2371506856696,68.23385996207978,68.3592694624924,21555600
2025-02-26,68.30138397216797,68.76444006084749,68.04090848215989,68.7547909122914,14531200
2025-02-27,68.36892700195312,69.01528024209426,67.93480355159848,68.22421918516824,16789500
2025-02-28,68.69691467285156,69.04421043930928,68.069852463406,68.92844273044196,22167400
2025-03-03,69.76774597167969,69.80633521013272,67.2691535030397,67.7611497329903,21717600
2025-03-04,67.71292114257812,70.08610419178467,67.41385637383753,69.52657125429059,25411900
2025-03-05,67.60680389404297,68.24350796351726,67.37526845046588,67.4331559914327,23933600
2025-03-06,67.97339630126953,68.04092563790137,66.99903813545667,67.92516526661575,21694000
2025-03-07,68.90914916992188,69.2853850092421,67.19196870119997,67.19196870119997,28393300
2025-03-10,68.92845916748047,70.63599831977697,68.80304963974325,69.42046284731204,25251200
2025-03-11,68.53292083740234,69.49762973315383,68.11809571782342,69.3432727769641,28076400
2025-03-12,67.47174072265625,68.2338616131692,67.27879453257063,67.88656583115964,18923300
2025-03-13,67.16304016113281,67.77080415371312,66.83503528884287,67.77080415371312,15746600
2025-03-14,67.21161651611328,67.30879781656057,66.45358457792528,66.57992694151893,14205100
2025-03-17,68.14457702636719,68.19316397412464,67.13387509083283,67.28936370389881,15634800
2025-03-18,67.42542266845703,68.21260837508463,67.34768206494762,68.13486035711614,12657600
2025-03-19,67.32823944091797,67.42542075338882,66.60908883128297,66.61880918686772,14780000
2025-03-20,67.74612426757812,67.84330557791162,67.1435882803765,67.35739161178543,16295300
2025-03-21,66.73543548583984,67.99881501263896,66.25924178119841,67.7461376243871,47479500
2025-03-24,67.00753021240234,67.13387258366245,66.40500166439286,66.86176196011515,12575400
2025-03-25,66.8714828491211,67.13388056334404,66.66739985720285,67.00753817706658,12513900
2025-03-26,68.04739379882812,68.36809882066044,66.95895117606531,66.97838447384639,14478200
2025-03-27,68.74710845947266,68.99006545175256,68.09598549963268,68.20288716939255,11663400
2025-03-28,68.38753509521484,69.31076867632218,67.57119576665593,68.81513434878494,17412900
2025-03-31,69.60231018066406,69.91329478221012,68.50414001390943,68.73738402591229,24016900
2025-04-01,69.84528350830078,69.8841575194157,69.18444014826638,69.66063380911986,15309100
2025-04-02,69.32049560546875,70.32147729649685,69.04838494163114,69.93274459910334,14606500
2025-04-03,71.11837768554688,71.86668202894447,70.28260496128169,70.43810100973089,24959600
2025-04-04,67.95993041992188,70.95316235497474,67.82387509691574,70.37977999562689,26517300
2025-04-07,66.44387817382812,67.42541904369152,64.18923767516404,64.36416699895948,34258400
2025-04-08,66.49246215820312,68.00851870168302,65.851059609178,67.01725010620098,22774400
2025-04-09,67.97936248779297,68.48471717649981,65.38458362736247,66.00655292541789,27918700
2025-04-10,68.76654815673828,69.20386777060864,67.03669558353181,68.21260651908835,22450200
2025-04-11,69.41766357421875,69.8258294914674,68.55273738147172,68.91231635492872,19988200
2025-04-14,70.408935546875,70.61302595134595,68.93176025106948,69.29133927982875,13930200
2025-04-15,69.83556365966797,70.58386798930708,69.69950832700631,70.57415504730234,14965500
2025-04-16,69.66062927246094,70.6227368879041,69.37879827107677,70.32147258945783,15276200
2025-04-17,70.94344329833984,71.36132963078514,69.69950465695639,69.87443399180464,20754500
2025-04-21,70.71992492675781,71.40020901996276,69.79669123210932,71.31274063871854,16037200
2025-04-22,71.8180923461914,72.28456564489771,70.86569762177199,70.94344564304284,15613500
2025-04-23,71.23499298095703,71.866675228242,70.34090561590055,71.22527262523387,16353900
2025-04-24,70.47695922851562,71.36132621639543,70.2631633090053,70.96287320046045,16893900
2025-04-25,69.8841552734375,70.86569621832042,69.12612320274816,70.60330591980204,16316000
2025-04-28,69.76752471923828,70.22428501127479,69.30104407230826,70.04935569548333,15997500
2025-04-29,70.31175231933594,70.66161098255212,68.3000687130724,69.18443572688525,16244100
2025-04-30,70.5061264038086,71.4099267665119,69.67035370649332,71.28358437760598,21074700
2025-05-01,69.28162384033203,70.0104948911519,69.22331652889356,69.97162087870633,18034200
2025-05-02,69.63148498535156,69.7966939832073,69.0969765635124,69.48570928717179,12629600
2025-05-05,69.68006896972656,69.77725770734105,69.00951264983667,69.6509153142261,11932700
2025-05-06,69.69950866699219,69.87443801190467,69.15528733369092,69.66063465540502,12705500
2025-05-07,70.3603515625,70.64218258376948,69.65091383110308,69.69950819887558,15018200
2025-05-08,69.16499328613281,70.42837258443403,69.12611927847414,70.16597488635264,14371100
2025-05-09,68.53330993652344,69.14556634535236,68.47500262690527,68.99007030042453,11228900
2025-05-12,67.5711898803711,68.3486551337043,66.76457097756807,68.17372582242723,21539000
2025-05-13,67.01725006103516,67.72668767945922,66.92978911032364,67.62949895939084,14389100
2025-05-14,67.21161651611328,67.38653840824364,66.64795459327783,66.93949849461971,16286800
2025-05-15,69.59259796142578,69.70921998105949,67.63922176569827,67.73640307483038,19817100
2025-05-16,69.97161102294922,70.22428836102497,69.41766939892922,69.83555570578352,18441200
2025-05-19,69.9035873413086,70.13682398193924,69.62175633558613,70.0007686570331,13282800
2025-05-20,69.67035675048828,70.09795605969845,69.41767937609607,69.77725843140577,12137800
2025-05-21,69.82584381103516,70.04936752458184,69.5634535002678,69.67035517877366,12094400
2025-05-22,69.13584899902344,69.96190138390422,68.96091964809317,69.81612568905236,11101800
2025-05-23,69.74809265136719,69.95218305712636,68.69852404103328,69.52457636233079,12822100
2025-05-27,69.75780487060547,70.1854115155231,69.54400154814665,69.71893086520765,10666100
2025-05-28,69.14556121826172,69.87443219228179,69.0483799046175,69.68006215053438,8710900
2025-05-29,69.47598266601562,69.64119906343514,68.47500099760362,68.99978901505891,10291100
2025-05-30,70.06879425048828,70.42837326395632,69.59260062737788,69.59260062737788,28019500
2025-06-02,69.97161102294922,70.01048502991924,69.34964174034637,70.00076467456206,10202700
2025-06-03,69.15528106689453,69.7578096557461,68.484717403086,69.68978199524805,20139800
2025-06-04,69.35935974121094,69.8258329800987,68.68879611904404,69.25245807928698,13565900
2025-06-05,68.9123306274414,69.44683160659916,68.83458260392258,69.36908358308034,13531400
2025-06-06,69.33992767333984,69.4662700610649,68.94148204106538,69.07753737056977,9524000
2025-06-09,69.74809265136719,69.8064073734952,69.08724931143733,69.33992666876738,12281300
2025-06-10,70.31175231933594,70.64217768546634,69.7383773745677,69.87443269754522,12265000
2025-06-11,70.0396499633789,70.32148099846428,69.73838562890761,70.23401261507783,12718500
2025-06-12,70.20484924316406,70.36034527457213,69.58287994644957,70.21456959874178,12806900
2025-06-13,69.50994110107422,70.3516560348676,69.22611376804707,70.24399430143994,17467200
2025-06-16,69.02057647705078,70.09719387647019,68.74653112708066,69.68611838433925,15045900
2025-06-17,68.13972473144531,68.96186085585245,68.10057432544833,68.88356004385851,15437000
2025-06-18,67.73843383789062,68.51163750002343,67.6209826282787,68.51163750002343,16227600
2025-06-20,67.37630462646484,68.08099701690908,67.31758274965335,67.62098906941483,40859400
2025-06-23,68.25716400146484,68.32567534066796,67.50353927023059,67.66992288441301,21822800
2025-06-24,68.7171630859375,68.85418574675293,68.20822284107662,68.45290723070059,15216100
2025-06-25,68.14950561523438,68.53121273347614,67.95376105563523,68.44312992180942,12540400
2025-06-26,67.99291229248047,68.43334129055276,67.67971651298595,68.2180177920547,14454100
2025-06-27,68.83462524414062,69.0597307368283,67.99291021240373,68.11035395913603,23470700
2025-06-30,69.24568939208984,69.28483979452102,68.59971895273907,68.63886935517024,15429000
2025-07-01,70.14613342285156,70.909547680422,69.39250863368437,69.48059144778411,21729300
2025-07-02,69.40229797363281,70.30273491847615,69.23590687979154,70.16571222979026,13050200
2025-07-03,69.83293151855469,69.88187138910547,68.95206611887157,69.52952522923222,9440500
2025-07-07,69.50016021728516,69.85250635649176,69.29462621394387,69.85250635649176,16984700
2025-07-08,68.74653625488281,69.17718324677251,68.39419007373237,69.17718324677251,17115500
2025-07-09,68.00270080566406,68.75632557264653,67.50354247226325,68.66824276113972,33704100
2025-07-10,68.2865219116211,68.36482271500559,67.68949882054723,67.81673202566533,14608400
2025-07-11,68.38440704345703,68.66824187773241,67.7775869701259,68.0907827411925,12916700
2025-07-14,67.99291229248047,68.58994291388822,67.79716026331114,68.31589754022755,13983200
2025-07-15,67.88524627685547,68.07120882608505,67.67971225952715,68.03205842271167,12639800
2025-07-16,67.79715728759766,68.02227024446775,67.32736737256381,67.87545809582865,13178300
2025-07-17,69.0890884399414,69.18696818053881,68.03205743294204,68.32567425320681,20464700
2025-07-18,68.36483001708984,69.19675560717563,68.34525854774108,68.94228916975973,14928000
2025-07-21,68.58014678955078,69.11845548355008,68.44312411601926,68.69759799565308,17811700
2025-07-22,68.17887115478516,68.76611227608329,67.22949439955143,67.97332966851361,22339900
2025-07-23,67.68949890136719,68.25716105864356,67.1414007441969,68.17886772234118,21030000
2025-07-24,67.63076782226562,68.07120423009715,67.52310608705184,67.78736942518583,12511400
2025-07-25,67.69927978515625,67.75800912038419,67.28821177443817,67.6601293840628,12574800
2025-07-28,66.64225006103516,67.43503271916275,66.61288912317423,67.2784310943358,13668800
2025-07-29,67.90481567382812,67.94396607600741,66.70097254231199,66.88692761869395,16223400
2025-07-30,67.28821563720703,67.85588528488678,67.07289215241983,67.64056180009958,10448200
2025-07-31,66.44650268554688,67.19034543764681,66.29969053527797,66.70097658153456,17193400
2025-08-01,67.39588165283203,67.57205474544854,66.8184225009093,67.14140774856898,16107500
2025-08-04,67.4937515258789,67.61120273915849,66.85757052150602,67.25885656649585,10701500
2025-08-05,67.58184814453125,68.01248769928215,67.28822381736656,67.4350359809489,11993400
2025-08-06,68.03205871582031,68.31589354111827,67.17076477224693,67.65035161525518,10783000
2025-08-07,68.9324951171875,69.2163299405149,67.85588516237121,67.98311837261761,15790800
2025-08-08,68.84440612792969,69.36314338056019,68.5899397026876,68.86398506351819,9232700
2025-08-11,69.24568939208984,69.35335113198164,68.47248574521956,68.80526043229668,10909400
2025-08-12,69.20654296875,69.5490996757487,68.72696357895181,69.3142047148319,11061100
2025-08-13,68.96186065673828,69.26526696836825,68.73675515687617,69.1869736237768,10356500
2025-08-14,68.07120513916016,68.96185249934295,67.9146035341486,68.88355169683717,10722400
2025-08-15,68.43334197998047,68.8933499191922,68.09078525945358,68.25716888554143,12381100
2025-08-18,67.66012573242188,68.56056997462316,67.58183240163596,68.49205864320106,14094900
2025-08-19,68.63887023925781,68.72696051265652,67.76779430867775,67.82652364666885,13862200
2025-08-20,69.1967544555664,70.18528165269629,68.91292708526277,69.23590486078876,17530800
2025-08-21,69.1576156616211,69.40230010854077,68.83463039956472,69.09888631668021,8840400
2025-08-22,68.63887023925781,69.50994616983786,68.43333622422861,69.45122429902263,12999600
2025-08-25,67.46439361572266,68.73675568154502,67.25885958364546,68.61930446299671,13634600
2025-08-26,67.26864624023438,67.61120294604456,67.12183408997969,67.57205254149822,17964200
2025-08-27,67.36652374267578,67.40567415025845,67.0141775416085,67.35673427398594,11562700
2025-08-28,66.90650177001953,67.4350209608908,66.82820097125894,67.41544202761307,16209900
2025-08-29,67.52310943603516,67.66992157926052,66.97501873298128,67.2099136818364,14601100
2025-09-02,67.59162902832031,67.86567441331412,66.80864328079178,67.49375674327634,24770100
2025-09-03,67.52310943603516,67.63077117658871,65.93755919729338,67.20013168155029,33581500
2025-09-04,66.79884338378906,67.98311502244425,66.66182071268354,67.64055834468044,16736000
2025-09-05,66.5150146484375,67.1218347238721,66.42693183775853,66.56395452137663,23978000
2025-09-08,65.99628448486328,66.43671347016809,65.73202858711564,66.4171420014067,21671700
2025-09-09,66.41714477539062,66.6618292145964,65.84947508431085,65.84947508431085,14120600
2025-09-10,66.37799072265625,66.64224661692424,65.78096012641724,66.3486297863127,16041900
2025-09-11,66.18224334716797,66.7205445805928,66.14309294465377,66.47586016526085,15128700
2025-09-12,65.58522033691406,66.28012326050269,65.5167089914103,66.16267203942054,18712400
2025-09-15,65.29920196533203,65.86136063784639,65.19071454393074,65.76273776142062,15986100
2025-09-16,65.32878875732422,65.5950788033392,65.15126456812864,65.43727617985725,18555900
2025-09-17,66.11778259277344,66.20654091946702,65.49645173259015,65.49645173259015,17372300
2025-09-18,65.54576110839844,66.11778431009039,65.43727368999332,65.88108790831691,17722900
2025-09-19,65.51617431640625,65.81205045887388,65.1414043904644,65.57534653512263,31192900
2025-09-22,65.29920196533203,65.67397190552722,65.17099297842284,65.24989428934073,13298700
2025-09-23,65.79232025146484,65.84163544918557,64.99346521459964,65.43727189631525,15072800
2025-09-24,65.53589630126953,65.86135855518165,65.05263895495459,65.49645317150102,14759300
2025-09-25,65.07237243652344,65.99943653751667,65.04277880053517,65.83177688913361,14395000
2025-09-26,64.7666244506836,65.41754892931603,64.59896482113618,65.16112345066303,17821600
2025-09-29,65.13153839111328,65.19071060850801,64.45102779330306,64.76662549347947,14818500
2025-09-30,65.40768432617188,65.7232820209826,65.0526359789545,65.16112339196218,13815000
2025-10-01,65.86135864257812,65.91067384151859,65.37810129562192,65.59507613185126,14877500
2025-10-02,65.19071197509766,65.73314906072945,64.95401557611417,65.61479709901629,14350700
2025-10-03,65.73314666748047,66.06846592679501,65.13153738511724,65.19070960159803,12249200
2025-10-06,65.19071197509766,65.5852109896987,64.93428648694055,65.57534644511189,14333300
2025-10-07,65.87122344970703,66.3347592335997,64.96388097135366,65.30906479198343,13328300
2025-10-08,65.21044158935547,65.95012442602238,65.15126184580093,65.75287115491213,12606700
2025-10-09,65.4570083618164,65.88109352690138,65.2104473943122,65.3781070463486,12705200
2025-10-10,66.11778259277344,66.47283094843326,65.46685809924954,65.60493162373471,17991700
2025-10-13,65.88108825683594,65.88108825683594,65.09209021415984,65.31892959687319,13690000
2025-10-14,66.5813217163086,66.64049393708356,65.83177431390544,65.95012627989851,14245600
2025-10-15,66.15723419189453,66.7884296055482,65.9994315762597,66.34461539240733,11193700
2025-10-16,66.66021728515625,67.17306829373106,66.23613965900412,66.25586122497546,15707200
2025-10-17,67.49852752685547,67.55769974654893,66.86733210198184,67.06457785058872,15541800
2025-10-20,67.49852752685547,67.69577327546236,66.98567654136878,67.48866298209222,17786800
2025-10-21,70.24028015136719,70.40793978078695,69.26390095860451,69.59922021744404,33651300
2025-10-22,69.8359146118164,70.6347771325596,69.5400460138439,70.37835166142955,18293000
2025-10-23,68.97789001464844,69.95426921650851,68.76091518658117,69.83591725816927,13989400
2025-10-24,68.75105285644531,69.08637965365122,68.69188063759134,68.94830612669669,15688200
2025-10-27,69.09623718261719,69.15541692634982,68.2973821244347,68.82009012667474,13800000
2025-10-28,69.19486999511719,69.92468831477971,68.98775217149043,69.08638257300535,12730500
2025-10-29,67.40975952148438,69.06664934000864,67.22237832362102,68.95816192440434,19789600
2025-10-30,68.03109741210938,68.33683056780497,67.44920968496311,67.50838190233834,14751700
2025-10-31,67.95220184326172,68.11986148960901,66.96595800671058,67.60701800535749,16742700
2025-11-03,67.03498840332031,67.94233084084759,66.72925525086805,67.85357251572634,15660400
2025-11-04,67.71549987792969,67.78453663985081,67.22237800008088,67.52811115652547,12743800
2025-11-05,67.56756591796875,67.88316363800342,67.24210365293334,67.71550399520694,12850100
2025-11-06,68.10999298095703,68.18889428915611,66.98567567467023,67.36045312639443,15906700
2025-11-07,69.57949829101562,69.89509598422639,68.45518103867461,68.84967251185617,25108300
2025-11-10,69.54991149902344,69.68799255754881,68.48477388245341,69.04693256391432,15318000
2025-11-11,70.62491607666016,70.76298960075499,69.68798751681052,70.0035852182334,16160200
2025-11-12,70.52629852294922,70.90106847025535,70.35863135295659,70.50656943262382,13612600
2025-11-13,70.09234619140625,70.68409096336345,70.02330942675196,70.43753001467769,14002800
2025-11-14,70.18111419677734,70.65450701907594,69.62881253817132,70.42767515302047,13172000
2025-11-17,69.70771026611328,70.54601596935099,69.64853804747902,70.22055371797686,14772300
2025-11-18,70.24028015136719,70.3586245841611,69.59922021744404,70.01344078110789,12838900
2025-11-19,70.13179779052734,70.46711707352274,69.83592163834295,70.2205561215168,12401500
2025-11-20,70.23041534423828,70.49670536591285,69.63867060915624,69.97398986674047,15396500
2025-11-21,71.94647979736328,72.18318371905687,70.50656480038654,70.69395352394994,26492500
2025-11-24,71.5914306640625,72.15359682866546,70.5854653433073,72.15359682866546,39818600
2025-11-25,71.61116027832031,71.92675798170063,71.14762450550862,71.79854900122959,17451200
2025-11-26,71.87744903564453,72.08455934108582,71.39419165628154,71.60130196172281,11795100
2025-11-28,72.11415100097656,72.22263842339345,71.75910262296553,71.9957990334918,7423000
2025-12-01,71.45864868164062,72.41209948647666,71.4387885961326,72.10421133140312,14388100
2025-12-02,70.18739318847656,71.30968127493234,69.94903426863456,71.30968127493234,19871300
2025-12-03,70.32643127441406,70.91240606452158,70.12780011891927,70.39595293656652,17001700
2025-12-04,69.9688949584961,70.8528165554436,69.88944703605885,70.34630479357043,17710000
2025-12-05,69.52196502685547,70.22711547713843,69.39285553391673,69.83977942102938,13978200
2025-12-08,69.770263671875,69.8993731757553,69.01545158025951,69.36305991939378,17775100
2025-12-09,69.6113510131836,70.14766425675974,69.35313201157877,69.88944525515491,13010600
2025-12-10,69.73052978515625,70.04834417829325,69.3034659840072,69.90930085487662,29789400
2025-12-11,68.63804626464844,70.20725821401018,68.32023185770241,70.06821488455212,23124200
2025-12-12,70.03841400146484,70.1377371610525,68.56852519800343,68.63804686333886,18444500
2025-12-15,70.48534393310547,70.83295225211576,69.83978129649032,69.94903070779256,18660100
2025-12-16,69.88944244384766,70.81309172997051,69.83978086545567,70.81309172997051,17370000
2025-12-17,70.18739318847656,70.43568594002258,69.82985102006683,70.08807760331685,13672700
2025-12-18,69.87950897216797,70.3165066169278,69.6908040660593,69.79011964606116,15524800
2025-12-19,69.58155822753906,70.2867087322392,69.55176430973803,69.58155822753906,36911100
2025-12-22,69.73052978515625,69.7404636160554,69.18429032238885,69.45244313832298,12828500
2025-12-23,69.39286041259766,69.78019649593845,69.21408932972548,69.72060108345215,9471000
2025-12-24,69.63121795654297,69.6808795364193,69.27367579785445,69.4226529601902,4515300
2025-12-26,69.39286041259766,69.68088091151913,69.2538170789519,69.4723083337571,5711400
2025-12-29,69.68087768554688,69.93909667762388,69.37298953761962,69.52196669599822,9686900
2025-12-30,69.59149169921875,69.76032895074673,69.32333886310334,69.5219700322782,8610900
2025-12-31,69.43258666992188,69.68087941428185,69.40278517567238,69.59149008611978,8127800
2026-01-02,68.64797973632812,69.39285795907664,68.50893640759851,69.37299029651919,12151300
2026-01-05,67.47603607177734,68.44933934945448,67.45616840969817,68.44933934945448,21186600
2026-01-06,67.37671661376953,67.78392035851859,67.12842386520353,67.54556144153736,21019900
2026-01-07,67.07876586914062,67.60514525240197,66.81060547336676,67.52568975903986,20223400
2026-01-08,68.89627075195312,68.98565249934397,66.98937679072635,67.07876611541012,19237000
2026-01-09,70.02848815917969,70.17746532214409,68.6479810984765,68.95586167858788,19638600
2026-01-12,70.0185546875,70.48534626445026,69.76032810885432,70.41582459834873,20582500
2026-01-13,70.75350189208984,70.75350189208984,69.79012478284864,69.93910195246318,18324800
2026-01-14,70.95214080810547,71.22029365219691,70.32643820973604,70.68398038672039,16739100
2026-01-15,69.99869537353516,71.11104204342422,69.88944595741485,71.1011082117878,15464100
2026-01-16,69.95896911621094,70.25691587601656,69.56169919250988,69.80999194766135,20027500
2026-01-20,71.26001739501953,71.28981131187702,69.31340319496735,69.52196819026295,22152200
2026-01-21,71.51824188232422,71.74666695642603,70.34629986394845,71.48844796633642,21660600
2026-01-22,71.37920379638672,71.54804105090786,70.95213995552565,71.33947604638877,13962800
2026-01-23,72.3823013305664,72.56107241755649,71.28981472220197,71.52817364575755,18307100
2026-01-26,72.06448364257812,72.79943562096643,72.0446235570537,72.36243796649697,14017400
2026-01-27,73.0477294921875,73.05765574645625,71.77646425750685,71.945309084889,13239200
2026-01-28,72.56106567382812,73.11724654682519,72.07441404008694,72.71004282868971,14633700
2026-01-29,72.92854309082031,73.58403197699185,72.64052260632465,72.68025035356126,20862100
2026-01-30,74.29911804199219,74.3885073697265,73.03779424068851,73.20663148749496,26420500
2026-02-02,74.8155746459961,75.18304307339208,73.89192529565193,74.49776022315152,19301500
2026-02-03,76.36491394042969,76.97074882770865,74.6169309421842,74.75597426936693,27007100
2026-02-04,76.82176971435547,77.5765817407765,76.5536168979823,76.74231422161792,28607300
2026-02-05,77.9738540649414,78.32146238491974,77.06013102447868,77.28856367891764,21633500
2026-02-06,78.49030303955078,78.65914029126262,77.72556470237203,77.96392362110011,18512400
2026-02-09,77.43754577636719,78.5697601349517,77.01048193393314,78.13276246065818,23415600
2026-02-10,76.28546142578125,76.9806856661471,75.49092917902598,76.10669034423498,28848200
2026-02-11,78.06324005126953,78.51017155318033,76.057037940434,76.35498469774771,22649700
2026-02-12,78.46051025390625,79.86088502338698,78.2519452498483,78.44065016759795,26043500
2026-02-13,78.14269256591797,78.85777687982574,77.59644549910142,77.91425990780563,16711900
2026-02-17,79.01667785644531,79.09613335049202,78.20227798569883,78.45057072162511,16260200
2026-02-18,78.94715881347656,79.29476713985075,78.38105165986912,78.95709264488532,16304900
2026-02-19,78.37112426757812,79.12592874323063,78.05330228545945,78.91736375043509,14924700
2026-02-20,79.29476928710938,79.29476928710938,78.35125986464499,78.78825753094516,17175100
2026-02-23,80.00984954833984,80.29787003398283,78.9570907629016,78.97695084795251,17157700
2026-02-24,80.16876220703125,80.5362306178216,79.30470073211256,79.98999112867887,16448500
2026-02-25,79.92047119140625,80.13897002270433,79.01668194872664,79.85094952483807,18086900
2026-02-26,79.95026397705078,80.33760005348906,79.47353857212269,80.19855672232113,12843200
2026-02-27,81.00302124023438,81.44001888827108,80.26807684995791,80.38726009322967,28483500
2026-03-02,79.67218017578125,80.844122278634,79.60265850770072,80.6951451106633,18137200
2026-03-03,78.79817962646484,79.53313158596052,78.02350749694136,79.3146327643425,20549300
2026-03-04,77.566650390625,78.92729733242406,77.21904207039694,78.74852625669348,21011800
2026-03-05,76.50395965576172,77.18925005919229,75.97758024681086,77.14952231057237,23165700
2026-03-06,76.5138931274414,76.66287028974227,75.82860272723335,76.27553421413596,15516000
2026-03-09,77.26870727539062,77.53686011292403,76.00737585485076,76.09676518555752,18554100
2026-03-10,77.34815216064453,77.87453913793452,76.57348001896666,76.95088983578943,17243900
2026-03-11,77.09986114501953,77.1793166426866,76.07689623875925,77.1793166426866,11546800
2026-03-12,77.08000183105469,77.62624891136876,76.37485133110869,76.89129691652921,16842200
2026-03-13,77.33999633789062,78.05000305175781,77.19000244140625,77.47000122070312,11974500
2026-03-16,77.81999969482422,78.43000030517578,77.73999786376953,78.0,11761200
2026-03-17,77.58000183105469,78.30000305175781,77.44999694824219,78.0,14900100
2026-03-18,75.97000122070312,77.12999725341797,75.8499984741211,77.08000183105469,13134600
2026-03-19,75.55000305175781,76.44999694824219,75.52999877929688,76.0,13023300
2026-03-20,74.75,76.05000305175781,74.38999938964844,75.56999969482422,33298700
2026-03-23,75.11000061035156,75.44999694824219,74.55000305175781,75.33999633789062,15054900
2026-03-24,74.66999816894531,75.69000244140625,74.62999725341797,74.86000061035156,15653700
2026-03-25,75.25,75.6500015258789,74.06999969482422,74.58999633789062,14787900
2026-03-26,74.69000244140625,75.75,74.6500015258789,75.19000244140625,11202100
2026-03-27,75.70999908447266,76.05000305175781,74.69999694824219,74.81999969482422,17461000
2026-03-30,76.2699966430664,77.0,75.72000122070312,75.93000030517578,18502800
2026-03-31,76.05000305175781,77.0199966430664,75.51000213623047,76.52999877929688,18301800
2026-04-01,76.08000183105469,76.36000061035156,75.26000213623047,76.1500015258789,15834300
2026-04-02,76.72000122070312,76.95999908447266,76.12000274658203,76.58000183105469,14573400
2026-04-06,77.22000122070312,77.27999877929688,76.22000122070312,76.63999938964844,8259900
2026-04-07,75.91000366210938,77.5999984741211,75.62999725341797,77.19999694824219,12769200
2026-04-08,77.29000091552734,77.37000274658203,75.31999969482422,75.80999755859375,12331300
2026-04-09,78.18000030517578,78.29000091552734,76.37000274658203,76.6500015258789,14311000
2026-04-10,77.47000122070312,78.16999816894531,77.30999755859375,77.9800033569336,11081400
2026-04-13,76.41000366210938,77.44999694824219,75.83000183105469,77.31999969482422,12696200
2026-04-14,75.9000015258789,76.62000274658203,75.80000305175781,75.97000122070312,12397600
2026-04-15,75.30999755859375,75.73999786376953,74.72000122070312,75.73999786376953,16212100
2026-04-16,75.18000030517578,75.83999633789062,74.9000015258789,75.02999877929688,11501900
2026-04-17,75.73999786376953,76.05999755859375,74.80000305175781,74.94999694824219,15033900
2026-04-20,75.4800033569336,76.22000122070312,75.36000061035156,75.81999969482422,10141800
2026-04-21,74.69999694824219,75.52999877929688,74.62000274658203,75.4800033569336,11806900
2026-04-22,74.62999725341797,75.37999725341797,74.55000305175781,74.9000015258789,9352300
2026-04-23,76.27999877929688,76.66000366210938,75.16000366210938,75.44000244140625,12060300
2026-04-24,76.62999725341797,77.01000213623047,76.16999816894531,76.70999908447266,12008700
2026-04-27,75.44000244140625,76.70999908447266,75.4000015258789,76.70999908447266,15812200
2026-04-28,78.3499984741211,80.31999969482422,78.08000183105469,79.5199966430664,30710700
2026-04-29,78.87000274658203,79.27999877929688,78.19000244140625,78.37000274658203,18294700
2026-04-30,78.76000213623047,79.12000274658203,78.33000183105469,78.80000305175781,15142200
2026-05-01,78.58000183105469,79.63999938964844,78.04000091552734,79.29000091552734,12610400
2026-05-04,78.19000244140625,78.7699966430664,77.7300033569336,78.05999755859375,12672400
2026-05-05,78.4800033569336,78.77999877929688,77.73999786376953,78.19000244140625,11637500
2026-05-06,79.2300033569336,79.33000183105469,78.56999969482422,78.77999877929688,14060300
2026-05-07,78.43000030517578,79.1500015258789,78.0999984741211,78.79000091552734,16531400
2026-05-08,78.41999816894531,79.19999694824219,78.12000274658203,78.56999969482422,12447200
2026-05-11,78.66000366210938,78.7300033569336,77.83999633789062,78.16000366210938,10967900
2026-05-12,80.02999877929688,80.31999969482422,78.27999877929688,79.0,19883100
2026-05-13,80.26000213623047,81.02999877929688,79.83999633789062,79.87000274658203,12357000
2026-05-14,80.44999694824219,80.91999816894531,79.91000366210938,80.7300033569336,10642000
2026-05-15,80.81999969482422,81.36000061035156,80.44999694824219,81.36000061035156,17527200
2026-05-18,81.19999694824219,81.38999938964844,80.38999938964844,80.87000274658203,12375500
2026-05-19,81.91999816894531,82.66000366210938,81.26000213623047,81.41000366210938,16595200
2026-05-20,81.55000305175781,82.4000015258789,81.5199966430664,82.16999816894531,16999700
2026-05-21,81.16999816894531,81.80000305175781,80.72000122070312,81.79000091552734,15708400
2026-05-22,81.4800033569336,81.68000030517578,80.91999816894531,81.18000030517578,8240200
2026-05-26,80.45999908447266,81.5999984741211,80.23999786376953,80.83999633789062,13004200
2026-05-27,81.62000274658203,82.51000213623047,80.80000305175781,81.0999984741211,13209600
2026-05-28,80.41000366210938,81.76000213623047,80.33999633789062,81.31999969482422,14691400
2026-05-29,79.01000213623047,80.33000183105469,78.91000366210938,80.04000091552734,32477000
2026-06-01,78.63999938964844,79.19999694824219,78.43000030517578,78.58000183105469,12776300
2026-06-02,78.41000366210938,79.19999694824219,78.25,78.87999725341797,12533200
2026-06-03,78.76000213623047,79.02999877929688,78.11000061035156,78.29000091552734,14964300
2026-06-04,76.81999969482422,80.04000091552734,76.80999755859375,79.77999877929688,19361600
2026-06-05,79.4800033569336,80.73999786376953,77.4800033569336,77.51000213623047,25708100
2026-06-08,79.54000091552734,79.93000030517578,79.0999984741211,79.30999755859375,12828900
