Price,Close,High,Low,Open,Volume
Ticker,MA,MA,MA,MA,MA
Date,,,,,
2021-05-28,350.24542236328125,354.9370065849561,350.0900342007108,353.08174543829557,3624300
2021-06-01,349.4780578613281,354.92725527852036,349.2352231177546,354.033640022201,3119700
2021-06-02,356.3356628417969,360.5318537856306,352.4794464238454,353.1108107473927,3531000
2021-06-03,351.4498291015625,356.18024454850956,351.3624121623906,352.9456695846045,2605900
2021-06-04,355.52947998046875,356.1220121679043,353.275996093279,353.86849863780157,2295200
2021-06-07,353.64501953125,360.7066716240413,352.86796034342495,357.2584010761614,2133400
2021-06-08,354.7912902832031,357.14191404765126,352.81947331193874,354.53873265913825,3224200
2021-06-09,352.91650390625,358.73484332284727,352.91650390625,356.4230522966064,2520900
2021-06-10,353.8587341308594,355.1603542864082,351.5858047601689,354.23757051409586,2460200
2021-06-11,355.0243835449219,356.3356970461052,353.3730954852225,355.06324540264393,2708300
2021-06-14,356.0151062011719,356.1219688894561,351.72180506526047,355.51002066839095,2515300
2021-06-15,357.56927490234375,358.18122315867384,352.3434668222748,356.81163173805675,3562500
2021-06-16,353.3925476074219,358.79318985459633,350.9447544563012,358.79318985459633,3081000
2021-06-17,356.76312255859375,358.56979893556775,350.87681037638544,353.0817393149635,3824900
2021-06-18,356.8893127441406,359.76446727444534,351.624643437637,351.741199350055,5009400
2021-06-21,362.3968811035156,365.6605957122882,355.7043704911035,358.0549943823165,3094600
2021-06-22,367.2049560546875,367.9043212293558,361.35747706448865,363.27101583108725,3582700
2021-06-23,364.3880920410156,367.86547228748935,363.56244804093865,367.1661070882714,2241800
2021-06-24,364.0092468261719,369.16705392944743,362.2122639619569,368.13743708370686,2788200
2021-06-25,368.72991943359375,368.7687812868509,362.62991276019534,364.6891759821054,3983900
2021-06-28,357.1418762207031,370.0024232908376,354.6552510319271,370.0024232908376,4800300
2021-06-29,357.45263671875,360.74548909537816,357.3652197940923,358.43369827808243,3394300
2021-06-30,354.62615966796875,359.56057849535193,353.8296545563409,357.4042046827221,2884900
2021-07-01,360.08502197265625,360.5706914046552,355.1214946062235,355.55857930927675,3108500
2021-07-02,364.2812805175781,364.72808817784113,361.4838193277462,362.0083507115685,2786500
2021-07-06,365.3399658203125,367.3991994524176,360.8523850479119,365.8547742283388,2740500
2021-07-07,363.20306396484375,367.3118086471028,361.77519455903933,365.9908019373877,3176600
2021-07-08,360.0036315917969,360.3926190155502,355.58854865370927,357.3876488761363,2809000
2021-07-09,362.6779479980469,363.20309732418934,359.7118856101785,361.61794469305505,2404800
2021-07-12,365.22576904296875,365.72174494583567,361.84151700062665,364.6811808537869,2648300
2021-07-13,373.151611328125,376.00101035389633,365.21614292029756,365.21614292029756,5161000
2021-07-14,380.04644775390625,380.85362548272764,372.44165118350276,372.44165118350276,4140500
2021-07-15,379.49212646484375,382.4776273072959,376.7886243798593,379.40460653895735,3773000
2021-07-16,376.4677429199219,382.63328368648376,374.7269894449945,382.3318162276429,2706500
2021-07-19,355.39398193359375,368.18212952469713,353.3712003455315,367.59863369437795,6814400
2021-07-20,364.0879821777344,366.2371616377288,355.21891088615877,356.9013174261649,3542200
2021-07-21,369.60205078125,370.4189333027662,364.72989929015915,365.6829437375143,2393100
2021-07-22,371.6441955566406,372.32491601244004,366.674790807923,369.8353613123837,4180300
2021-07-23,382.43878173828125,383.64465150084465,374.4935803333627,374.4935803333627,3720300
2021-07-26,381.9914245605469,382.0789741731689,377.58607644258,380.8925433718838,2285800
2021-07-27,379.53106689453125,384.40321798230826,375.27161474447144,379.2685070736553,2783800
2021-07-28,372.88897705078125,380.95087144462593,371.809505218634,380.84388285542815,3372600
2021-07-29,378.1111755371094,383.8779935604247,376.83722497014645,376.83722497014645,3774000
2021-07-30,375.3201599121094,378.2959560611402,372.5388425918868,378.2959560611402,2533300
2021-08-02,364.9340515136719,379.24900526297347,363.51420468769857,378.58769413837246,3430300
2021-08-03,357.4848327636719,366.3052625722355,349.6757937999971,366.29552824326095,6328500
2021-08-04,357.88360595703125,359.09921014054567,353.4296156090458,357.17368242983764,3203200
2021-08-05,361.705322265625,361.72476124122454,356.901253966079,358.06824541420997,2562400
2021-08-06,364.2240905761719,365.1674003607549,360.7912264549669,361.19968241108506,2038500
2021-08-09,360.4800720214844,364.1949650358517,358.7393484298064,363.8934976125853,2400800
2021-08-10,357.7181701660156,362.4930656178544,354.09079761813535,362.04573171387244,3225000
2021-08-11,354.2172546386719,359.7798594685907,353.74074738995273,358.40865465963634,3267700
2021-08-12,352.0195007324219,353.22537047652287,348.00314012480527,352.5932622938194,3802900
2021-08-13,352.7682800292969,353.4976424277034,350.70662039825413,352.29177275924417,2304600
2021-08-16,353.5559997558594,353.79912056269325,346.8069637839245,350.58020345443947,2937300
2021-08-17,353.2350769042969,354.4312122244207,349.88973238377804,352.03891190634164,2812800
2021-08-18,351.0178527832031,355.6176797168418,350.6677433689357,351.2415049444237,2774500
2021-08-19,347.4779357910156,350.23007959709804,344.9592081110017,347.0792141567206,2727900
2021-08-20,345.2218017578125,348.4601874342119,343.6074760840671,347.52658219393834,4135900
2021-08-23,351.0762634277344,352.27239908984023,346.93347439079815,347.633663669184,3537900
2021-08-24,351.82501220703125,356.0261472468512,351.5235447538708,353.0406163497221,3032000
2021-08-25,349.21875,352.42793293647594,348.6352540994132,352.00003792123454,2340400
2021-08-26,343.15045166015625,348.3435387298215,342.1196217103457,348.1490301937744,3946300
2021-08-27,345.9414367675781,346.69023809852666,341.97368895180256,342.76139791799636,3698300
2021-08-30,343.33514404296875,348.1878548569793,342.5571694398579,345.036989455374,4032100
2021-08-31,336.702880859375,345.445495637882,335.1955140396728,343.2282350510306,6780400
2021-09-01,339.95098876953125,342.36272832045546,337.74343272065414,337.82124800297504,4499600
2021-09-02,331.8890686035156,340.8942726218156,329.9927144735579,340.8650993126393,7412000
2021-09-03,330.86798095703125,334.67039395836025,329.6037349477775,330.5762181805113,5171000
2021-09-07,335.2246398925781,338.4241175899302,333.5811410852283,335.39970940510216,4764300
2021-09-08,341.3805236816406,342.3140992789718,335.5067166228559,335.5067166228559,5054500
2021-09-09,341.7403869628906,343.9090355769239,340.29139622853506,341.0596367280748,3716200
2021-09-10,337.8309631347656,345.231546261375,337.471119410691,345.16346531267175,3437700
2021-09-13,338.2491455078125,342.30438421300795,336.8292985344517,340.3691519601985,3234200
2021-09-14,336.28472900390625,340.2524776731482,335.74987503501404,340.0579691329129,3281900
2021-09-15,335.2635803222656,337.9670824079468,333.3283482677829,337.4516675034842,3833500
2021-09-16,336.7807312011719,338.11302873968106,335.20531280737737,335.90550205771257,3771100
2021-09-17,333.6007080078125,336.47925051164356,331.39315173462813,334.53428374568034,5527500
2021-09-20,330.3428649902344,331.7237747002842,326.38485071147863,329.01056757558666,3956600
2021-09-21,328.09637451171875,333.736764989946,327.9991202597843,332.78375048334874,2967300
2021-09-22,333.96051025390625,334.4078442844008,329.22452109538943,329.9635882592856,3238800
2021-09-23,344.3271179199219,345.02730697885147,335.7011970808595,336.2263166166837,4783200
2021-09-24,348.30462646484375,350.025911242458,343.0532225174565,344.2882656392417,3306200
2021-09-27,346.9528503417969,352.61271017398263,345.387166500851,347.22514447404114,4158000
2021-09-28,341.51666259765625,346.2040390125854,339.4452685146612,345.71779738475874,3266900
2021-09-29,343.4713134765625,347.3515116052929,342.712777834604,343.1017651447159,2808800
2021-09-30,338.1130065917969,346.20407524837225,337.8407124388274,344.978736721091,4393300
2021-10-01,350.2690124511719,353.18646222273486,337.6072911266087,340.20380480371284,5227300
2021-10-04,334.7287292480469,350.72606007833264,330.002445464465,350.0258709873513,7901500
2021-10-05,333.7659912109375,338.9785172271104,333.49369706905173,337.9962995791703,4724100
2021-10-06,339.0952453613281,339.28001958495594,329.7788375982688,330.6540964166486,3712000
2021-10-07,344.6064147949219,348.4915161356781,339.8254853464147,339.8254853464147,3209200
2021-10-08,345.6288146972656,350.89660035834163,344.89853067297224,346.6414835312456,2336700
2021-10-11,338.024169921875,345.5509756055291,337.78074188222,344.6454304296933,2769800
2021-10-12,336.26165771484375,340.7991586501393,335.56058397129317,339.48464166656595,3042900
2021-10-13,333.35028076171875,340.31231502590674,328.1214525213528,337.1477512953368,3755700
2021-10-14,335.5216369628906,336.7193133100298,331.87021729941296,334.80109965820304,4083800
2021-10-15,346.6415100097656,347.2354601315338,338.59863849894634,339.8255252623826,4053600
2021-10-18,349.0173645019531,350.4779326394018,341.02319654994466,344.65512363391935,3280900
2021-10-19,352.58111572265625,352.7661233770386,348.20912870344324,348.9783694919103,2835400
2021-10-20,347.3912353515625,352.9608694336387,346.6414877749625,352.1916583136725,2796200
2021-10-21,346.845947265625,347.01149138231165,338.1409595063538,345.27828519060733,2516300
2021-10-22,349.2413024902344,352.1332283716405,345.5703891654084,347.30359536843525,2774400
2021-10-25,351.3736572265625,354.7232284945645,349.3580962044257,352.9316021885937,2447900
2021-10-26,347.9267883300781,357.69311876415577,347.43018568781446,353.82748083156605,3320100
2021-10-27,326.8945617675781,341.8897191538226,325.025021836192,338.8517427662332,9652700
2021-10-28,324.2752685546875,341.2762697822381,320.22462353873203,335.1224332397501,9505100
2021-10-29,326.6998596191406,329.26072709096655,322.4057858694174,322.5323731916497,5843700
2021-11-01,325.2684631347656,331.93839589685024,324.12923680042337,326.43692935415646,5126200
2021-11-02,319.8448791503906,326.9432171410753,318.1116732461941,326.320057009114,5375300
2021-11-03,320.7698974609375,320.91594829985553,314.83999567823844,319.86435254431734,3952500
2021-11-04,326.6121826171875,329.7280726513573,320.6725339544242,322.366812903844,4819500
2021-11-05,339.62103271484375,340.9550134629006,332.0358075591091,333.43795528204,7201500
2021-11-08,340.47784423828125,343.8663425438021,338.5206738615903,338.86147896073805,3862200
2021-11-09,335.58984375,340.99396332240735,330.7212836209841,340.7992090311136,4247800
2021-11-10,348.5304260253906,350.16625482076375,340.31229553845185,340.89652859832165,6337100
2021-11-11,345.0250244140625,350.18571461525465,343.30156528168607,348.958828278291,4472200
2021-11-12,353.9443359375,354.27539447404985,346.57332846731396,346.6999157903283,4724200
2021-11-15,351.8605651855469,361.37375074424943,351.17898459318855,355.54122518868024,4693200
2021-11-16,359.8450012207031,361.3153158368527,352.48374094179707,355.18091246087647,4969000
2021-11-17,349.7281188964844,358.32598196508656,341.9870973456178,350.12731462907533,11727300
2021-11-18,339.06591796875,352.9510574911076,335.52159281836924,351.24706187234574,6533700
2021-11-19,330.78948974609375,337.537307751889,330.21500314871463,336.9044008032738,6954800
2021-11-22,312.8536071777344,332.5031349985723,311.3541123158193,330.8672764982495,11378200
2021-11-23,320.3511962890625,321.0230598378372,313.233365095246,316.41739212376234,7116200
2021-11-24,331.0621337890625,331.4126559026539,316.4759149616584,318.35520201064645,6414400
2021-11-26,315.648193359375,318.2771976073859,310.6140898627175,313.1262534395273,6613900
2021-11-29,314.5187072753906,323.0971071994017,309.8838288727402,321.33469094266223,6362200
2021-11-30,306.6413879394531,312.32786230200753,301.95780600621555,309.64040774475086,10237600
2021-12-01,298.2284851074219,313.5547011904571,297.9558469589484,312.3473079208361,8008800
2021-12-02,311.7825927734375,313.73001676398906,300.86725991135705,301.4514930515889,6717600
2021-12-03,313.642333984375,314.20710354161446,305.7455445338184,311.8214974385786,4732900
2021-12-06,324.5673828125,327.90723729814937,313.5352397794765,316.2129475726242,6055000
2021-12-07,330.5849914550781,333.41849711942297,328.43306640447224,328.43306640447224,4939500
2021-12-08,333.340576171875,334.9861518965245,325.3171984720454,330.31234599116095,4226900
2021-12-09,335.4632568359375,337.42042751906394,330.0981237737311,331.11076288674553,3389600
2021-12-10,340.7212829589844,341.0425948129713,335.7650632117845,337.8780311209166,3405900
2021-12-13,336.232421875,340.34148689131683,331.38332637606914,340.0104284426016,4358300
2021-12-14,331.59759521484375,339.05623237455654,328.9783076721449,336.2422202695712,4518500
2021-12-15,337.24517822265625,337.4788596083563,326.70960659244815,331.0621006931151,4918700
2021-12-16,343.6424255371094,344.4700569008339,336.0474546953125,342.4544958003717,5369900
2021-12-17,340.1273498535156,343.5158784456363,335.0737819955482,340.0105091633275,5898200
2021-12-20,328.1604309082031,334.49930598845077,327.3912197684727,332.26949702939066,5013900
2021-12-21,341.5196838378906,342.74657027448245,330.44858488773826,331.3833399409225,3105100
2021-12-22,348.0825500488281,349.19256619263956,337.4690662817974,337.4690662817974,3456400
2021-12-23,351.1010437011719,352.9413735597008,345.66774406636716,348.1409807526557,2627000
2021-12-27,350.8381652832031,351.58791281914523,346.25199012349094,350.53631694306205,2677100
2021-12-28,351.2957458496094,354.5674329852877,348.9880536128742,349.3580688553649,1920100
2021-12-29,351.7923583984375,353.603448154415,350.72126943318506,352.26946769032526,1535200
2021-12-30,351.5002746582031,355.0640640354272,349.6696913995418,352.4837332571359,1558000
2021-12-31,349.87420654296875,353.82747492609457,347.40096971743054,348.54022584380544,1984000
2022-01-03,361.1983947753906,362.53237515251504,349.8059551232426,350.33176780196527,4708200
2022-01-04,365.5218200683594,372.3475220673515,361.8801164028327,362.2111749696375,6854500
2022-01-05,364.0708312988281,372.44475861199294,362.71738736656033,364.1682084206153,5976600
2022-01-06,360.7461853027344,364.86064298473855,357.3337213877085,359.46895118917064,4781100
2022-01-07,360.40496826171875,362.4914606847802,355.0035165187996,357.22652179390894,4551200
2022-01-10,354.8084716796875,361.6333989330309,340.0471147382391,361.6333989330309,6009300
2022-01-11,357.1289978027344,358.85471891941336,347.18409061964377,354.43801661698217,4131200
2022-01-12,358.1234436035156,362.813141408796,357.8894556104393,359.7126814832448,5783100
2022-01-13,360.2781677246094,368.2340869046733,358.6792001576841,359.39092356528107,3892900
2022-01-14,362.8327331542969,365.4066908583309,355.04254410373363,355.2083054683535,4029900
2022-01-18,357.13873291015625,362.832699224188,356.0662679904581,361.5164571130824,4933900
2022-01-19,351.7080383300781,360.06367728275757,350.71352981271525,353.34601385308036,4464800
2022-01-20,354.8962707519531,363.7394349691458,352.62455771514215,352.78052989210533,5043200
2022-01-21,346.1993408203125,358.9229746708642,345.25359959044465,353.4337777210155,4867100
2022-01-24,340.6809387207031,341.343924623645,322.32186467865034,334.00225284150724,7472800
2022-01-25,330.28753662109375,338.36045054600396,325.0518464339602,334.7334874925327,6994400
2022-01-26,336.03997802734375,345.8971103296066,332.7152593378732,334.7724734725083,7438600
2022-01-27,341.76318359375,350.63559698915304,325.96833646108394,340.34943643986713,8416100
2022-01-28,372.943359375,373.1968364910467,346.49188123706625,350.0700771546088,8813400
2022-01-31,376.7165222167969,376.88225380213026,366.8788797882162,369.20908968146296,6345200
2022-02-01,382.25445556640625,385.60842248110106,372.8555704249561,376.1120324197643,5841100
2022-02-02,386.8271484375,389.9178787582538,373.1772931681238,379.5537338894572,6115000
2022-02-03,380.31427001953125,383.11248592297943,376.823789950271,378.8225368486817,4209200
2022-02-04,372.6410827636719,378.44225374317676,366.99588395550995,377.87677279766496,6045400
2022-02-07,366.722900390625,372.8360754276112,363.973422147371,372.641095329695,4767500
2022-02-08,365.0069274902344,370.2718664712678,361.27272963969904,368.0976582551236,5825300
2022-02-09,371.8318176269531,378.73476137463194,371.0810862685031,375.9560347750407,5492800
2022-02-10,365.02642822265625,370.4961064596285,361.2922008030222,362.423192487997,3995000
2022-02-11,360.5220031738281,371.37364547824916,358.44529968874673,368.4096678628557,4345600
2022-02-14,364.80218505859375,367.8539078758867,357.58726653059523,359.5957431267977,3678400
2022-02-15,371.99749755859375,373.48923028496426,364.0610688447161,365.21154929944515,5800400
2022-02-16,373.35284423828125,375.371080304594,367.35666280246306,370.45712328575837,3424800
2022-02-17,364.3536376953125,371.7538054380753,362.861904747235,369.13108094538075,3972500
2022-02-18,360.697509765625,365.4359461920712,359.7712574990584,365.14346113648656,4083800
2022-02-22,359.0790710449219,364.95825948293196,354.70134576545075,355.8713456528921,3897900
2022-02-23,352.1955261230469,364.2171355570248,351.12303154456924,362.6669055658121,3802500
2022-02-24,360.1416931152344,361.2726847156717,332.77372562953263,337.2879326130885,7425000
2022-02-25,359.85894775390625,363.271411731894,352.65378928406096,358.0357217606447,3817900
2022-02-28,351.79571533203125,356.222146198671,346.7647659872613,353.131446174194,4952400
2022-03-01,335.86444091796875,352.53673990982446,332.6859651794673,348.90004760601073,5894200
2022-03-02,335.4841613769531,339.60837801639894,330.2192235900848,334.38241838966223,4997900
2022-03-03,332.4617919921875,340.75896545058157,332.1790663481215,338.93573912288355,3975900
2022-03-04,322.4875793457031,330.3557230417733,315.89663992949477,328.47400019804536,4670900
2022-03-07,305.0938720703125,321.5516776389752,304.3041028269272,321.3371786571131,6874300
2022-03-08,306.468505859375,316.6084227595591,297.96659430348717,303.6020634540877,5048200
2022-03-09,319.92340087890625,321.21039452796293,313.07895358894893,315.06794106891596,4015900
2022-03-10,316.471923828125,317.9636569764095,311.7529769423472,313.8882069051913,3771300
2022-03-11,316.6669006347656,322.6923296045565,315.92589897030297,321.7758369419811,2987700
2022-03-14,320.37188720703125,328.45456078839,319.07516389571475,320.86914151461303,4122700
2022-03-15,326.6216125488281,329.9170831316554,322.926392541317,324.1061517291633,3738900
2022-03-16,336.05950927734375,342.16295553071006,328.25959013104267,333.4367840840536,4340800
2022-03-17,337.77545166015625,338.20444953087036,331.2527678467137,333.0565048366265,3244200
2022-03-18,341.33416748046875,343.9178844388128,333.92423922394624,338.0289676084847,6790800
2022-03-21,336.9368896484375,341.24635673105666,333.92417538381613,337.3658874486737,6053800
2022-03-22,340.7881164550781,345.078064778923,336.8686689429223,338.1068950333849,4669900
2022-03-23,333.62200927734375,338.0582308084245,333.2027707960203,334.81149804724225,2527800
2022-03-24,340.6126403808594,340.7101452967819,332.1789858542101,333.6902079108794,2482700
2022-03-25,340.2909240722656,342.74791737340183,337.00521325728465,341.6461741555846,2173800
2022-03-28,341.72412109375,341.79237751192267,334.9382012983911,339.79366058326883,3134600
2022-03-29,358.35748291015625,361.487221537315,348.16885752840545,349.7483362164827,5512400
2022-03-30,353.18023681640625,359.0691825589467,350.6257687264877,354.9059875177909,2614200
2022-03-31,348.44183349609375,355.0132547365783,348.42231465878,350.5867930435151,4095700
2022-04-01,354.8670349121094,358.68900797925846,349.2121060341407,350.2358334114934,3806800
2022-04-04,357.7335205078125,360.5122474618432,354.06754924190096,355.1400440010057,3027200
2022-04-05,354.23321533203125,358.43541797013546,352.87796555676846,354.22345591501437,2215900
2022-04-06,344.70770263671875,348.15917556831715,340.83699114611363,347.5546865289431,3864500
2022-04-07,341.2806701660156,344.5514250451295,337.62915702576106,342.87211396005637,2848500
2022-04-08,343.936279296875,347.47066538314556,337.47289450515893,339.0838542216205,2235100
2022-04-11,339.1522216796875,343.1845225440189,337.6389021329477,342.3448819685685,1809200
2022-04-12,337.619384765625,346.09406433110803,336.33063469883865,341.72003712942717,4038500
2022-04-13,346.7384338378906,348.5544173406244,334.7586873155575,336.26226373313403,3048500
2022-04-14,349.35504150390625,354.3636856044758,348.42750378319994,348.73016771403627,3358900
2022-04-18,348.35906982421875,352.22540843989844,344.8637760042501,345.6155491706025,1871400
2022-04-19,355.26177978515625,356.04287174843853,347.6463193657278,348.3688033606036,2999300
2022-04-20,356.6482849121094,363.09215362509343,355.26186496711557,357.9858698376571,3377300
2022-04-21,355.81842041015625,366.3433960219911,354.86159361067246,360.73919712866734,3605300
2022-04-22,342.8720703125,353.53374720154847,342.315547744517,351.97159270338057,2968800
2022-04-25,346.2111511230469,346.6602604530757,338.93738559095016,341.01700045187306,3380400
2022-04-26,335.9693298339844,341.7785818138652,335.4518693060335,339.7087397020615,3116400
2022-04-27,353.0162658691406,364.8983408079013,347.57802943738847,348.55437221670695,5702300
2022-04-28,369.8679504394531,372.9336813043087,360.0654896336679,360.397442628705,6843300
2022-04-29,354.78350830078125,368.1984509885114,353.19206451438436,363.24838504809986,4741800
2022-05-02,350.546142578125,356.2967864277805,342.2960336392426,354.41245189235923,3903800
2022-05-03,349.32574462890625,354.8420762141981,345.0786469320456,353.03583583787554,2686900
2022-05-04,359.80181884765625,360.50478681819936,345.293379911001,350.8682886605654,3346600
2022-05-05,345.01025390625,359.0695844072082,340.77292968750504,353.53373736159705,3424800
2022-05-06,338.9080810546875,342.9501542275872,332.7180717697344,338.05866765344155,3635200
2022-05-09,320.230712890625,334.2900751304985,317.20407359861815,332.93294413549626,5777400
2022-05-10,317.6336975097656,325.78616860790595,315.407636364231,324.44858328652975,5003500
2022-05-11,318.1608581542969,323.16950203163333,311.0140209282072,317.7800999145081,4263900
2022-05-12,313.6403503417969,317.87767450216995,305.3707256654962,314.1578108319996,3891500
2022-05-13,324.9269104003906,327.29944633002157,318.3756577793483,319.91829627157716,3536000
2022-05-16,321.9295349121094,325.65914191105446,317.3407116522407,320.76768455047494,2062300
2022-05-17,330.843505859375,333.1086282991568,324.6632690649999,332.06393435551377,2802300
2022-05-18,327.9535827636719,333.5187493580739,325.6689438931466,325.72752208503533,4521400
2022-05-19,324.3606872558594,328.25628646665547,316.7549666006443,322.19320450644557,4380700
2022-05-20,328.22686767578125,331.5757158423892,319.93772804243497,327.75824226904774,3428700
2022-05-23,340.1871032714844,342.9892022464363,330.941136073,331.00948721766144,3420800
2022-05-24,332.63031005859375,335.86200311186315,328.0317427192266,335.7546196802098,2561500
2022-05-25,336.60400390625,339.51348681880006,331.18528267360733,332.52286774355446,3033400
2022-05-26,341.6125793457031,344.89307668617266,337.8243647056732,339.76727724497687,2817400
2022-05-27,349.3159484863281,349.3257214495607,343.7800713406047,345.02981880959055,2658700
2022-05-31,349.40374755859375,352.4304158034914,342.8329804396366,344.73683077428797,3873800
2022-06-01,348.6130065917969,355.8184222318875,346.4552970444804,349.7260518415249,2190000
2022-06-02,354.4905090332031,356.41390542339246,349.29638829954627,351.96178491133463,2484200
2022-06-03,349.35504150390625,352.4109997045655,347.3535205791248,350.9757743763065,2076600
2022-06-06,351.62017822265625,359.59688375411326,350.04825051725766,353.4361618795858,2196100
2022-06-07,355.4083557128906,355.8574949300434,347.90027592163045,348.48608766028246,2158800
2022-06-08,353.7582702636719,358.4349605741544,352.44023133264847,356.3651186250556,1709600
2022-06-09,340.7436218261719,353.6411012894845,340.68504364446426,351.24907941477943,2250600
2022-06-10,326.83074951171875,336.1645842164399,326.68430405209165,333.25507197083937,3300500
2022-06-13,312.1758117675781,323.07180009857916,310.39889066179234,314.38235584944124,4825100
2022-06-14,314.5191345214844,316.33511811990354,312.097793261303,312.5273865461033,2788400
2022-06-15,317.6922912597656,322.80831949909555,311.8732650106121,319.6644935683285,2357800
2022-06-16,301.4751281738281,308.96369054950827,297.86264790059397,308.61219164827486,4528500
2022-06-17,303.3399658203125,306.70836060848364,296.4665037371737,299.7372582801362,6235300
2022-06-21,309.8912048339844,312.65427169767963,307.43083165618947,308.57313606902994,3193700
2022-06-22,308.6708068847656,311.4924522134512,303.9941159751018,306.05421502125444,2671500
2022-06-23,309.26641845703125,312.4102441113206,306.12259280274185,311.3557769849447,2387600
2022-06-24,322.68133544921875,322.98399937113413,311.66818849015954,311.66818849015954,4318900
2022-06-27,321.05084228515625,324.1165734801032,319.3813041670668,324.1165734801032,2810800
2022-06-28,310.76019287109375,329.17400583428133,310.59420146647835,324.8292977662864,3394200
2022-06-29,314.9584655761719,318.39518200004335,310.8773592361453,311.56078141706956,3779500
2022-06-30,308.0166015625,310.7601221287982,302.363569063075,307.8408372342067,3411500
2022-07-01,310.71136474609375,311.3948167158648,303.9453153869713,306.66932050652747,2287700
2022-07-05,311.707275390625,312.73242362131,302.1390961231955,305.6734530122222,2112100
2022-07-06,312.5957336425781,314.7338972790057,308.25099562141634,311.45339928746887,2219200
2022-07-07,316.888427734375,317.66089938979485,312.4392404723483,315.20654273974014,2202100
2022-07-08,315.9007568359375,317.77822139218125,312.27298144631663,315.62696302995266,1662100
2022-07-11,317.0057373046875,318.99074996674494,312.07741868667694,312.3023324772319,2073800
2022-07-12,315.7051696777344,320.10544635495353,313.11390160274027,313.11390160274027,2761500
2022-07-13,316.20391845703125,317.7293455166197,306.85577628517785,308.9483669015279,2442600
2022-07-14,317.8271484375,320.32062704511617,308.40079185872094,309.15371747624124,2743900
2022-07-15,325.20001220703125,328.13353000820206,322.45228625390416,326.2365194428087,3387400
2022-07-18,323.67462158203125,330.030577529626,322.481656348985,328.0651108335417,2468500
2022-07-19,332.83697509765625,334.4308580719999,324.42755040685813,324.42755040685813,2689800
2022-07-20,333.7072448730469,335.7020456259958,328.83762370726197,332.8369833151871,2563600
2022-07-21,339.2320556640625,339.5351834888702,332.524061904396,334.2939488200628,2230800
2022-07-22,336.25946044921875,343.30967506508233,332.8565681611986,341.14865807156684,2253000
2022-07-25,336.5820617675781,337.88260476574425,332.57291461369306,336.81676349491,2180100
2022-07-26,333.7169494628906,336.9927166380724,331.780817170861,335.05658434604277,2254200
2022-07-27,335.662841796875,341.18765699116335,323.8994377525124,335.4086239042524,4580300
2022-07-28,344.6394348144531,345.4314821718834,333.0715804734688,340.28803847786344,3635500
2022-07-29,345.9497985839844,348.89307479149085,342.2046570910006,346.28226038836465,3176800
2022-08-01,342.77178955078125,346.9764865180706,337.9999290899978,340.1022775736425,2289400
2022-08-02,341.27569580078125,343.3682563372315,336.35716542844494,339.388443315766,2878800
2022-08-03,346.28228759765625,348.5802162627608,340.81616867845355,342.243805913273,2921200
2022-08-04,348.1792297363281,350.6629199515011,341.9014886062529,346.810260751334,2339500
2022-08-05,349.5873107910156,349.90019666356034,342.63485838554647,342.63485838554647,1848700
2022-08-08,344.3558349609375,351.044251094429,342.13615085704606,351.044251094429,2477600
2022-08-09,338.8605041503906,343.33899587028327,337.69687277366074,342.6349502460542,2467400
2022-08-10,345.5489196777344,346.692975156425,343.27053698176616,346.48763722150744,2443700
2022-08-11,342.8109130859375,347.9641456624814,342.58602912934043,347.9641456624814,2609400
2022-08-12,346.4191589355469,347.57303212504877,342.49804317204433,346.87874465441615,2514200
2022-08-15,351.97332763671875,353.92900656823815,343.04564853972596,344.52216584094435,2526300
2022-08-16,351.28875732421875,352.02213677583507,345.2750517892222,346.4191070226233,2448700
2022-08-17,347.4556884765625,349.04957159980006,343.9550362766097,345.666255362563,2439900
2022-08-18,349.4406433105469,351.55277981205836,345.73465379214866,346.46803327845316,1934900
2022-08-19,346.4289245605469,348.8637349987115,345.7248790331959,348.7268530068513,1740700
2022-08-22,337.8532409667969,343.221568775354,336.6504879743796,342.2437295480738,2312400
2022-08-23,333.335693359375,337.5599369636444,331.8493583463311,335.0957923743797,2240700
2022-08-24,332.1817626953125,334.7046046671291,330.8519156413981,332.64134833568,2218400
2022-08-25,337.0319519042969,337.48174971647813,329.84482564709566,332.4654283320378,2228500
2022-08-26,324.603515625,337.9803795143248,324.3492977069441,337.40342808485036,1925000
2022-08-29,322.0513916015625,325.4347073519414,320.5063887380177,322.6771932597577,2308200
2022-08-30,320.5455017089844,325.5911561277316,318.3551512045809,323.6648114940701,2618900
2022-08-31,317.18170166015625,323.8407843325715,317.09369971168684,321.0148445163266,3129000
2022-09-01,318.042236328125,318.3942441567378,312.1360785262251,316.6341453310987,2493200
2022-09-02,315.4118957519531,322.36434987238306,313.4268828297111,322.1101020620206,1936800
2022-09-06,316.898193359375,319.74370971768303,313.45620926502943,315.35322017056814,2043400
2022-09-07,321.3375244140625,321.90468788109916,314.9131134825431,316.898125934601,1998300
2022-09-08,322.75537109375,322.9704968975295,316.3114147622282,317.33813391950883,2114000
2022-09-09,328.40740966796875,329.5514651984063,322.8337124520456,323.2150841897208,1815700
2022-09-12,330.9203796386719,331.95688687993413,328.4953275006752,330.5976759677152,2097800
2022-09-13,318.2280578613281,325.4249415472458,317.3871004568498,322.6870031539707,2316900
2022-09-14,318.6289978027344,321.2007203877591,316.18439912362993,319.79262916129153,2657900
2022-09-15,309.93597412109375,318.7169828531065,308.18566304551194,316.41905424849,2486800
2022-09-16,308.146484375,308.63540399484003,302.2598730537031,305.91701210218076,3650900
2022-09-19,307.0708923339844,308.45943735221715,303.3746607551796,305.03699959994276,2369700
2022-09-20,306.3277282714844,307.403357545248,302.58261661975445,304.2645015274695,2769600
2022-09-21,297.7521057128906,307.99987365730254,297.4783118668063,307.51095394348823,2366300
2022-09-22,291.7481994628906,296.36360342190403,290.0174341687464,296.236509344631,3176500
2022-09-23,287.0740966796875,288.0421780410208,283.8081164512383,286.63408682571077,3245900
2022-09-26,283.68096923828125,288.79507995711947,282.7129177977781,283.62230126257134,3635600
2022-09-27,280.1314392089844,291.2983483324162,278.48864635429305,288.9222057764653,4073300
2022-09-28,283.74945068359375,286.48741910862356,275.4476031196075,278.7917974010801,5611400
2022-09-29,280.4150085449219,285.5975755386019,278.5375735106307,281.96001158820945,3439700
2022-09-30,278.03887939453125,284.316622104438,278.03887939453125,280.5030241876375,3804200
2022-10-03,284.0427551269531,286.2624394741202,278.6059713025528,281.4710331335022,5285200
2022-10-04,294.59368896484375,297.2338674934902,289.42093960895807,289.62627754389507,3949200
2022-10-05,297.4587707519531,299.80557944890535,290.66277468076424,291.3766082176308,2845200
2022-10-06,293.0709533691406,298.7711374706156,292.7085439798072,296.3519763370504,2494400
2022-10-07,288.89862060546875,291.0729274426027,286.95936427307356,290.5538376516823,2210800
2022-10-10,285.77423095703125,291.131642015775,283.5803469030938,290.9259728580755,1783500
2022-10-11,280.1622619628906,284.412958668698,278.56583712599775,283.8644575700138,3554900
2022-10-12,277.5471496582031,281.57253853465147,277.3806356436,280.64211046777274,2646800
2022-10-13,287.90936279296875,289.34910672772185,271.1711327657435,271.57269725251734,3322800
2022-10-14,282.74786376953125,292.4734662932768,281.91535343689895,289.77026611795407,3106300
2022-10-17,288.96722412109375,292.5812755433126,285.3433689634391,289.3394073944076,3417600
2022-10-18,294.197265625,297.4489370437457,290.4460820015473,296.92984726040754,3096000
2022-10-19,291.6312255859375,293.472534392025,288.7223557996047,289.37854847424995,1914300
2022-10-20,290.181640625,296.498891644303,289.52541814457004,291.6213846769167,2463800
2022-10-21,296.1462707519531,296.4792688971448,287.4588479984982,288.4480685902999,3599600
2022-10-24,299.3097839355469,300.6809614954252,294.31475221294875,298.2519970397628,3184100
2022-10-25,305.000244140625,305.6760442453476,299.5644619891356,299.61345077160536,3012400
2022-10-26,312.93353271484375,317.7718550470398,305.862140836206,305.862140836206,5278000
2022-10-27,312.79632568359375,316.4299534921177,307.59562508206255,309.6719838297905,4725800
2022-10-28,322.6884765625,324.97050471264964,311.27827603289035,312.73759760099085,3644400
2022-10-31,321.4250183105469,322.65909312018215,317.11559009948286,322.1106220691066,3157900
2022-11-01,326.3319396972656,326.7726892855843,320.3574902559878,325.38190404931294,3660400
2022-11-02,313.2371826171875,326.14589276080164,313.0510909779107,324.59842690145734,3074900
2022-11-03,302.80633544921875,310.24987996107734,302.24806064399985,308.6338480575668,2860900
2022-11-04,311.81695556640625,316.4789896033676,306.7925420565509,307.38019817800995,3414000
2022-11-07,318.43780517578125,319.0939977271034,311.1705189985052,315.8129751916322,2742100
2022-11-08,319.0450744628906,322.61994038612306,315.626918839864,319.51520536350785,2387500
2022-11-09,309.14312744140625,317.0274205813471,308.66319289337787,315.64643933188853,3001200
2022-11-10,330.3279113769531,330.4552403502005,322.3848550430238,324.36326632664253,3255000
2022-11-11,332.306396484375,335.5776456204028,329.43668200861856,332.02235719030335,3734700
2022-11-14,332.38470458984375,337.41892174247806,329.1036520362533,329.8088333913849,2348900
2022-11-15,336.4395446777344,343.990841411083,332.50226919160764,339.45613589932236,2983600
2022-11-16,335.7049255371094,338.0261386648683,333.0996731567997,336.0966862950998,2579600
2022-11-17,334.2456359863281,334.88228096150715,330.06353606698184,332.02237010892236,2004500
2022-11-18,336.6158447265625,341.4541672932736,334.30440497063216,338.54529749012494,2737700
2022-11-21,331.28778076171875,337.1642824160286,330.67074330570694,335.94001123804736,1965100
2022-11-22,337.8596496582031,338.21225528909434,330.61197048592254,332.83523611638634,2510700
2022-11-23,341.4638977050781,343.5794117536123,337.0662958168249,337.5364266550712,1937300
2022-11-25,344.059326171875,344.1670476698593,340.9153768136689,341.7772683552546,944400
2022-11-28,337.4973449707031,343.0212719264266,336.1653520218964,339.54432318403735,2226200
2022-11-29,336.0674133300781,337.6246830205026,333.7363957178092,336.5766994907112,1724200
2022-11-30,349.0641784667969,349.0641784667969,334.4512950030979,335.7930913787271,4252300
2022-12-01,353.3736267089844,354.1375707411191,346.76256223839925,350.62146744645844,3374700
2022-12-02,352.6488342285156,354.8329445989475,348.7311667662075,350.0925705562863,2015500
2022-12-05,348.7605895996094,351.5127489283951,347.1543612913314,348.6724456579448,2202500
2022-12-06,340.3768005371094,347.69304697466066,337.262261543308,346.53734204832216,2353300
2022-12-07,340.26904296875,340.69018507518217,334.44150027953174,339.7401494575138,2454300
2022-12-08,343.9418640136719,344.9212809651835,340.0731550994278,342.79593302905266,1998600
2022-12-09,341.64996337890625,345.508868122293,340.210219427547,341.22882131088215,2301100
2022-12-12,350.7978210449219,351.0622528905579,341.91450114958013,343.0995874214939,2427100
2022-12-13,349.79876708984375,361.65952221473844,348.417785566599,361.6399147459756,3072200
2022-12-14,350.1513366699219,354.6468565410329,346.48829723131104,349.651824498877,2587200
2022-12-15,339.1231689453125,346.51775605246047,335.50911747572223,344.1867684748521,2774900
2022-12-16,338.72161865234375,341.07221380033434,336.3122608673613,337.67363514359096,5947100
2022-12-19,334.2358093261719,338.731329155327,332.55121112071987,338.25139456607303,2457300
2022-12-20,335.8910217285156,337.28177692184533,333.60896372269735,334.343526362527,1895900
2022-12-21,338.5746765136719,340.4453666333499,335.3230047907938,336.56688355188663,2087000
2022-12-22,334.4905090332031,338.4865474413426,329.50527970312714,337.1055657774589,2276100
2022-12-23,336.5277099609375,337.44836439442093,330.7393515123313,332.0419630591673,1914500
2022-12-27,339.03497314453125,339.7695358530139,334.77450345744535,337.0173766297203,1637700
2022-12-28,334.91168212890625,342.3160728551921,334.74516807411936,339.41697678087866,1854100
2022-12-29,341.0427551269531,342.5216842311566,336.4688948783711,337.2916014990906,1459800
2022-12-30,340.5726318359375,340.7391159622711,336.5472130419993,338.2220074855995,1617600
2023-01-03,339.66180419921875,347.36003737430343,336.86068592157056,342.756765511008,2933600
2023-01-04,347.8399658203125,349.6323157933422,342.4923569965682,344.15737796841205,2661000
2023-01-05,344.52947998046875,350.2003123293502,344.03977151934265,348.78994957015243,2608500
2023-01-06,360.6866760253906,361.7167208837744,348.57123966210975,350.523433033193,4432800
2023-01-09,363.92401123046875,367.87746654003456,362.54078836372486,364.5714791641326,3913500
2023-01-10,363.9632568359375,364.6205144720831,360.2354139100376,361.80503040841944,3485900
2023-01-11,370.6831359863281,370.7420239246789,364.208516438158,365.54267103127694,3370200
2023-01-12,372.5961608886719,373.8910969475179,369.76106702829696,370.68318580456076,3291200
2023-01-13,368.3875427246094,370.692913941028,367.2005332660056,367.9362881262706,4261000
2023-01-17,367.87744140625,371.1441799132426,366.8768255432844,367.87744140625,2814500
2023-01-18,361.9129943847656,368.6721147829635,361.5009584100816,367.3968180853255,2747100
2023-01-19,360.9515075683594,363.75717158265553,356.6939432627434,357.6749496908929,3111200
2023-01-20,369.13311767578125,369.4666562869513,362.3837882927258,363.1980404376502,3863400
2023-01-23,371.379638671875,374.13626454764244,369.2115927469926,369.58438000784815,2743900
2023-01-24,372.79229736328125,382.5925429210399,368.0932677483706,382.5925429210399,2756200
2023-01-25,375.12713623046875,375.2938905908138,367.975589579685,367.975589579685,3501900
2023-01-26,370.0748596191406,376.8143690677486,365.9154018962253,376.1276825229329,3718400
2023-01-27,366.9259338378906,373.2926577239926,366.2882854721584,369.04491189686826,3405600
2023-01-30,364.0711364746094,366.6413687779677,362.3838040554511,362.4426620518682,2688600
2023-01-31,363.56103515625,365.40533226914107,360.04901492520577,362.96260559015724,3137400
2023-02-01,366.9748840332031,369.6236134550646,360.0293714568122,361.5695587868424,2951900
2023-02-02,367.818603515625,373.24356861724004,365.71923509836927,372.3116004062257,2761600
2023-02-03,366.8081970214844,371.0363332525316,363.4531411338913,363.7572507978081,2739600
2023-02-06,365.8860168457031,367.2201713933158,362.04045796868587,362.9724261732273,2068300
2023-02-07,367.9363098144531,369.9081425363353,361.8344479494608,364.45374857909445,2309100
2023-02-08,363.31573486328125,368.6524122011645,363.1097318970078,366.08218016214266,2193600
2023-02-09,363.3844909667969,367.45566251510064,362.2367000309691,366.209764928168,2287600
2023-02-10,359.8626403808594,363.2176961486354,356.02693089386497,362.6192964887328,2270700
2023-02-13,363.78668212890625,364.0908217327174,360.0981174899893,361.55980781546174,2286400
2023-02-14,362.93316650390625,366.31765099870336,360.74554110803,362.56037923341347,1841400
2023-02-15,362.6192626953125,362.77619739237485,358.07719773928227,359.3230652360868,2203300
2023-02-16,360.5689392089844,365.9939041386559,357.96927788426717,357.96927788426717,2792700
2023-02-17,354.2708740234375,359.73508728843126,352.9661186430643,357.14521581751836,2718900
2023-02-21,349.1991271972656,354.8987735765841,348.443762836157,349.983950499016,2730900
2023-02-22,348.2279052734375,350.9452827096836,346.5013241205605,348.610482270119,2109300
2023-02-23,348.7772216796875,350.94523754975336,344.98073151142887,350.94523754975336,1975500
2023-02-24,346.4129638671875,347.2762542610705,342.950012585774,344.1566611960339,2016100
2023-02-27,348.72821044921875,351.2297651139719,348.08074254986,348.885175085846,2200800
2023-02-28,348.5418395996094,351.0041457816885,346.5307581281738,348.0709456589438,2732900
2023-03-01,346.7857971191406,348.5614164858751,342.7538747816877,347.2763003682483,1968100
2023-03-02,348.8164978027344,349.84654268035257,345.0101876899523,346.91334274634335,2526000
2023-03-03,354.6338806152344,354.8202742614924,350.3076379811507,351.3180735665753,2174900
2023-03-06,359.9607238769531,361.53034033438433,354.3984335396974,354.94779480910677,2789400
2023-03-07,353.10345458984375,362.1385153707316,352.7208477143372,360.19614181182203,1660800
2023-03-08,352.2107849121094,354.83008560649586,350.494023427855,351.79874898319275,1634400
2023-03-09,347.7079772949219,357.10600723118915,347.1880450010252,352.42661658611934,2414700
2023-03-10,340.5172119140625,346.3443939470477,338.6729445165944,345.71656524402505,3176400
2023-03-13,338.16278076171875,343.2149588247616,333.7482510087393,337.1033067936999,3308200
2023-03-14,346.1187438964844,349.3462339441926,341.939646344032,344.33330476076634,3413300
2023-03-15,341.4687194824219,341.7826487384588,337.11307829116157,339.4772775424715,3082600
2023-03-16,341.3902893066406,342.0671862408187,333.81691732335486,340.03649543828453,3768100
2023-03-17,343.0187072753906,345.25540070807625,340.27187134571034,343.59749746872376,8426800
2023-03-20,342.6852111816406,347.11934995758315,340.7428074579339,341.39027536583615,3864200
2023-03-21,347.83551025390625,349.4345557693692,344.1665252869227,347.6392969627293,3766800
2023-03-22,344.3627014160156,353.1623306864712,344.3627014160156,347.8746914207034,2596400
2023-03-23,347.6392517089844,353.0249675519316,345.1573065822008,345.71648744511367,2598100
2023-03-24,344.95135498046875,345.72635857581827,339.73239269194937,343.79377437948045,2971500
2023-03-27,347.88458251953125,351.0924935091067,347.551043842373,348.8165508365527,2420300
2023-03-28,347.6000061035156,349.14019343217035,346.09906741591885,348.8066548280312,1695900
2023-03-29,352.70123291015625,353.19173611448923,349.06170751662864,350.5920751191124,2327000
2023-03-30,352.4364318847656,355.7031706083968,351.43578601749795,354.0943353923515,2480500
2023-03-31,356.507568359375,356.74300033434776,353.5351199235764,354.27087478330816,3376600
2023-04-03,359.5094299316406,359.69582354958493,354.8790783544874,355.7227295195485,2978000
2023-04-04,356.98828125,362.10913669148647,356.47816861638336,359.8331942868382,2198700
2023-04-05,357.4402770996094,358.75688462339446,355.2983048738336,357.13569035824406,2239600
2023-04-06,355.16070556640625,355.72076367016,349.75670558295377,354.90523415383626,2357600
2023-04-10,353.8539733886719,354.630162794168,351.3386291617209,353.4314560081246,1559100
2023-04-11,357.7743225097656,358.8158184131585,354.85616097311276,357.0767235521899,3033800
2023-04-12,355.46533203125,362.16629995689226,354.72842286014327,359.69026595163075,2268800
2023-04-13,363.1979675292969,363.29622808424654,357.0472525902811,357.4697399931619,2611700
2023-04-14,365.929443359375,366.87270870581744,362.66738483564586,363.5418647950726,2254600
2023-04-17,366.2536926269531,367.5703000794736,361.95997332632857,366.84319597516316,2432700
2023-04-18,365.8213806152344,367.42293472167484,363.5025574348,367.42293472167484,2087800
2023-04-19,366.2929992675781,367.6194418665003,364.68164002478403,366.47968533627375,1795300
2023-04-20,368.45452880859375,368.6412148353159,363.2372150794566,364.9665045965016,2124800
2023-04-21,368.69036865234375,370.84214572431114,366.74494772721283,369.1620012930864,3537800
2023-04-24,368.18927001953125,371.04848089854806,367.0986289697438,368.60192232006113,1886300
2023-04-25,362.0975341796875,368.0419231545539,361.8912079963796,366.9807870840579,2245000
2023-04-26,360.3583984375,365.7230884905179,359.70007975683393,363.18813428499794,2594200
2023-04-27,367.14776611328125,368.43489823512215,354.6989022508949,360.18149258817283,3859900
2023-04-28,373.3967590332031,375.2635894555618,365.02548230525423,366.02766790422777,3107300
2023-05-01,373.22967529296875,375.7842992891677,372.34539044406677,373.8486836826718,1745100
2023-05-02,369.4665222167969,372.2274722175458,364.4653700449978,371.17614150959974,2478700
2023-05-03,368.3563537597656,372.92518498035804,367.7962955496192,370.0954787297032,1970900
2023-05-04,369.5550231933594,370.27229223112977,365.6445111399394,367.96330421835825,2814900
2023-05-05,377.9459228515625,378.42736050963987,371.63796809524763,373.9273157032575,2683100
2023-05-08,378.7811584472656,380.6971043489844,377.0715087379162,377.3073400682919,1719600
2023-05-09,376.2559814453125,379.42961424938596,376.02018011717655,377.1795766270575,2036400
2023-05-10,375.863037109375,380.0093811256571,371.05837428662295,379.25280175308365,1940800
2023-05-11,376.6982116699219,378.9875299657889,372.64029311674796,375.5387849512184,1901200
2023-05-12,375.2537841796875,378.29965119002634,372.18821708443244,377.7789032832676,2044000
2023-05-15,376.71783447265625,376.963470887248,373.8880981789732,375.2047057629953,1957400
2023-05-16,373.6031494140625,376.9045183995246,370.734132899526,375.92197274675465,2762700
2023-05-17,380.2451171875,380.7560300646056,372.5124887234173,375.52891067371195,3260300
2023-05-18,385.1775207519531,385.1775207519531,379.07592088564024,380.3532181896969,3729500
2023-05-19,378.840087890625,385.35436956401225,378.4176005083315,385.1578484636892,3369100
2023-05-22,377.81829833984375,380.60872454086706,377.47440134647877,378.2702609678837,1808800
2023-05-23,367.2264404296875,375.3619172951948,363.97421669383914,374.86080941341595,3979000
2023-05-24,362.0679931640625,363.15860420526127,359.19894729759875,362.9228028957928,2655700
2023-05-25,363.5811767578125,364.51457707284305,358.5407131079478,361.48834986366643,3752200
2023-05-26,367.8355712890625,369.1227035556368,363.59096733361054,364.52439759635246,2691300
2023-05-30,361.08551025390625,370.05615643548725,359.8082129598982,369.7122594763582,3430100
2023-05-31,358.6487731933594,359.3169269695413,351.6039382474886,358.62913307652593,10695300
2023-06-01,364.406494140625,364.6128203079488,359.66078239780563,360.75142353776624,3389700
2023-06-02,367.2067565917969,369.2602731785438,365.654317842257,368.05173136604714,2501500
2023-06-05,364.05279541015625,366.29299824332685,362.09753920497377,366.24388295587613,2316200
2023-06-06,373.3280029296875,373.7406852586328,365.32026260520814,366.4403789374091,2758700
2023-06-07,364.9075927734375,373.8585680116565,361.8322205175695,372.669696335699,3714500
2023-06-08,361.17388916015625,363.3158311087854,359.46426962123866,362.91298386405833,2594700
2023-06-09,362.77545166015625,365.6149925704454,361.3409436221712,363.9937984881784,2201800
2023-06-12,368.7591552734375,369.40763891229614,363.48289064921204,364.2001596705806,2407500
2023-06-13,364.8977966308594,370.5965492247369,363.35519281328845,368.759193715553,2444100
2023-06-14,368.2187805175781,371.4808089604005,365.52658531641987,366.4207053665768,2775400
2023-06-15,372.424072265625,372.944820205768,364.0527650207996,366.7547652731268,2558100
2023-06-16,369.9578857421875,376.21669628419716,369.594348675464,374.9492040912354,5886900
2023-06-20,368.08123779296875,372.8859002991961,367.22642789552043,368.4644449800527,3961700
2023-06-21,369.57470703125,371.78543457534687,367.1379832102995,367.43273488888127,2301300
2023-06-22,371.2056579589844,371.87381165161145,367.4228819751823,368.56260830721817,1933300
2023-06-23,373.1806945800781,374.46782709885497,366.70572176087313,368.43501185598797,3739700
2023-06-26,370.8323059082031,373.3574248511063,368.7984296907887,371.46111938535773,3327800
2023-06-27,375.1260986328125,376.1577595342845,372.3946230233377,373.70139549752975,2197300
2023-06-28,373.5932922363281,374.74285369816977,372.06052363059956,374.5365275356435,2012400
2023-06-29,380.9034118652344,381.23747372361527,373.8585477200929,374.2024446282493,2524600
2023-06-30,386.4351501464844,388.27253549959255,381.3259313127921,381.3259313127921,4407100
2023-07-03,387.08355712890625,387.42745399788845,381.89571888782547,384.509293113224,1304600
2023-07-05,387.8402099609375,388.3511228447488,380.3728578953405,382.0235271983401,2781800
2023-07-06,386.8365783691406,387.88939963228614,383.49106847011996,387.5154875827528,2156600
2023-07-07,382.4480895996094,386.1576624992942,382.17258018247907,384.39635406749284,2654400
2023-07-10,385.8722839355469,387.12191050812527,381.7888292022723,382.2512946316675,2148600
2023-07-11,391.42181396484375,392.0712353790564,386.0493659377928,387.30884170310105,2106200
2023-07-12,394.2654724121094,396.70571972837445,392.31720826239433,392.6025669069088,2273400
2023-07-13,394.1376037597656,396.7746266720988,394.03920110787516,396.53848433018044,2354900
2023-07-14,396.05633544921875,397.0206033279007,393.88174802899,395.6725741297882,1978500
2023-07-17,395.7513427734375,397.5224704820973,394.6886421256217,395.50535114566395,2344500
2023-07-18,391.77606201171875,395.4954537701606,388.87334914571727,393.9998356653778,2676200
2023-07-19,391.8842468261719,393.4389303933654,389.955681289358,391.61858673579906,1809700
2023-07-20,391.6777038574219,393.3110918561097,389.20793832536793,390.77247149032115,2570700
2023-07-21,391.1168212890625,395.07238570379246,391.04796645787263,392.2779245414034,1868100
2023-07-24,398.2997741699219,398.41784533538635,390.2509060609201,391.10698206708156,3029800
2023-07-25,394.8460388183594,398.36862534492946,394.5705294253778,396.90252500673495,2490500
2023-07-26,395.9579772949219,396.843541171532,389.4047565627656,392.7797545739461,2572300
2023-07-27,388.1748046875,398.69340952856913,387.63363509531706,398.69340952856913,3563300
2023-07-28,386.65936279296875,391.61856101881,382.6447937718463,391.57919396154676,4501000
2023-07-31,387.95831298828125,389.72944068870146,386.17733601374795,387.65328577352307,3578300
2023-08-01,390.70355224609375,390.9298453038176,386.06904880355256,387.466294327564,2344200
2023-08-02,383.7666015625,387.8894235787344,383.3336539024462,387.56472784783125,2410600
2023-08-03,386.70867919921875,387.1317775824275,380.22434364432246,381.34604982634977,2190500
2023-08-04,385.0753479003906,389.7393401326116,383.8158718110522,385.3311588057878,2215800
2023-08-07,390.5067443847656,391.3726396302057,386.6987991820763,386.6987991820763,1559800
2023-08-08,386.8857727050781,390.0246280976652,383.8748377561189,389.82782279542647,1747000
2023-08-09,387.35809326171875,390.4280638420446,385.58693559964905,387.54501926491264,1806100
2023-08-10,390.77239990234375,394.20643276032644,389.365305239068,390.1032799812662,2154500
2023-08-11,388.6470642089844,390.3099698474707,386.51184388257593,389.40470753602125,1464600
2023-08-14,392.1893310546875,392.82893326430366,388.2829830806616,390.0935077579665,1638500
2023-08-15,388.1255798339844,391.1168162341143,387.27935306874997,391.1168162341143,1753200
2023-08-16,388.04681396484375,392.79938836531926,386.8168559978034,387.13173244415066,2002000
2023-08-17,386.3249206542969,389.8573567697088,384.7210504621262,389.7885019365131,2118600
2023-08-18,385.88214111328125,387.5253482911101,382.59566670107677,383.5698139189406,2001800
2023-08-21,386.8956298828125,388.656908252257,384.7505601463705,386.9054491283338,1869400
2023-08-22,391.4612121582031,392.37629375761674,387.367908088371,388.66675102008446,2422500
2023-08-23,394.62957763671875,395.4758043889898,391.97285624001785,392.86826930293154,1943200
2023-08-24,391.2939453125,397.5224396319166,391.12665780615555,395.15107692081864,1970000
2023-08-25,396.43023681640625,398.13247946819484,392.60259311159757,394.2261316639236,2154600
2023-08-28,400.9073486328125,401.26156219058,396.68612356641984,397.5225011710738,1901300
2023-08-29,405.04974365234375,405.58109389146387,400.0708763029487,400.88758519266827,2188800
2023-08-30,407.2735900878906,411.0815357549546,406.8898287275692,408.12963616457625,2516600
2023-08-31,406.0239562988281,409.61542806527757,405.17772948302655,407.56876090260056,2535100
2023-09-01,408.9069519042969,409.83188278555303,405.8763183700568,407.2046791061821,1841700
2023-09-05,404.90216064453125,408.7396234760914,403.1310331925098,406.7225044319408,2045600
2023-09-06,406.55523681640625,406.7520421110411,402.3340425094193,404.1937234221486,2292100
2023-09-07,407.97216796875,409.457966929222,405.1285205201296,405.3154765493919,2502700
2023-09-08,408.1886291503906,409.6547295182096,407.2243312413342,408.3460673821716,1868900
2023-09-11,410.009033203125,410.89459711208434,407.9919137422579,410.1664714580053,1544700
2023-09-12,409.595703125,410.9535816298397,408.5920681566838,409.28085668264606,1997600
2023-09-13,409.6252136230469,411.70139840923184,408.3165514809499,409.497323210638,2142200
2023-09-14,406.71270751953125,411.8883808932923,401.24185620852217,411.5931729277699,3557700
2023-09-15,407.6671142578125,411.5931305604591,404.5479576049557,405.2563845814291,4755500
2023-09-18,410.44195556640625,411.1897797238661,406.4175361395303,407.2440644054346,1808000
2023-09-19,406.8996276855469,410.4123949705016,404.5085965197966,410.27462525974806,1730900
2023-09-20,403.9378967285156,409.18245472914157,403.50494908773425,407.1357876948528,1580000
2023-09-21,396.89263916015625,402.2159005378292,395.65286202011964,401.79280222835854,2450700
2023-09-22,395.77099609375,400.3267656696746,395.1215746179761,397.9062165532617,1885000
2023-09-25,396.03662109375,396.7647766386174,393.4291161764933,394.17694023890317,1846500
2023-09-26,389.04058837890625,394.42288507336457,387.298948864071,393.58650773876616,2940400
2023-09-27,389.1390686035156,390.6642046137994,385.2032027413397,389.8573449052677,1987500
2023-09-28,393.0355529785156,394.91493246214225,389.03080240390193,389.4834185535289,2216200
2023-09-29,389.5621337890625,395.73159219225204,387.9287459920194,395.58400324064866,3032300
2023-10-02,389.5031433105469,390.0049458041042,386.15766323097597,387.28921869532394,2856800
2023-10-03,384.7899169921875,391.4808768314441,382.7334307179799,388.1747639776767,2527900
2023-10-04,387.4466247558594,388.14523250182947,382.34965591024513,385.7148342583057,1813400
2023-10-05,388.44189453125,388.9542880151448,384.30323230843715,384.68754997521194,2116600
2023-10-06,392.15673828125,395.14247699180737,384.79585352942837,387.4859864554946,2484000
2023-10-09,388.9739685058594,390.7082695649888,383.8893377321601,388.69805970752543,2475100
2023-10-10,394.5217590332031,396.8374384122894,388.0970080130921,389.76232445559634,2713800
2023-10-11,393.9699401855469,399.2122377271484,391.55571550744463,397.3596942296046,2055600
2023-10-12,394.05859375,399.41913324681235,391.51629343472655,397.9016198413683,1779000
2023-10-13,392.2159118652344,396.2658920849148,389.3089909513766,392.9845170794492,2235600
2023-10-16,395.3001708984375,398.5223944604586,392.9549312725367,394.39359631001327,2202100
2023-10-17,395.9012451171875,397.71436421792043,392.62976395271335,393.80238376287343,2176000
2023-10-18,387.46630859375,395.50711774350987,386.82580926475964,393.2801203113437,1951400
2023-10-19,382.20440673828125,389.06273411209094,379.86902996477346,388.0970681456876,3472800
2023-10-20,378.79486083984375,384.29333959168036,378.5583761839634,382.2043116065969,2652500
2023-10-23,378.0657043457031,382.19447289974903,375.43469209079564,376.72555437439235,1771800
2023-10-24,381.2583923339844,383.74157175803174,378.2627893267004,379.86898465697243,2003300
2023-10-25,380.6671447753906,382.9532636166054,376.65658828677607,378.39088948656746,3504500
2023-10-26,359.264404296875,370.0643023762461,357.7370572859815,365.6004736117251,6920100
2023-10-27,358.7618408203125,362.91036666218633,354.5147997439549,361.1366413643969,3624900
2023-10-30,366.9800720214844,367.77823794080234,359.39253393969716,361.16622930000204,3386400
2023-10-31,370.8526306152344,372.16318996426753,367.659937112848,367.8668912772785,2978800
2023-11-01,372.3011169433594,374.84341714962954,369.56172614729377,373.13870684228704,2354700
2023-11-02,377.0999755859375,377.44486908262843,372.96131376925047,374.7448723435584,2816000
2023-11-03,380.410888671875,382.76599196186265,378.12480016878305,379.3762382326887,2269100
2023-11-06,380.5193176269531,382.5787851347089,378.59778948486974,381.44558933862567,2020500
2023-11-07,383.1897277832031,383.8992118658762,378.6864750650115,380.3616550043743,2324200
2023-11-08,384.0075988769531,385.65318806711707,381.3470262003228,381.45540497743895,2838400
2023-11-09,382.29302978515625,385.7320715334385,381.61310626290077,385.24920855259563,2657100
2023-11-10,388.6192321777344,389.318852672458,381.09081646258,384.34263087035725,2807000
2023-11-13,388.5896911621094,389.85099285511427,387.27910178165166,388.5896911621094,1614600
2023-11-14,391.84149169921875,395.8126239951161,390.9546440786189,391.37835582031136,2733900
2023-11-15,391.033447265625,393.4476718745907,388.9937068381128,391.66411314962426,2434600
2023-11-16,391.2994689941406,394.10784436003024,389.7720921809303,392.1961800097363,3060600
2023-11-17,394.4527587890625,395.2607881698493,392.09768543750613,394.1275923694701,2365500
2023-11-20,398.49285888671875,399.2811912026019,392.442562480306,394.8666204490653,2768300
2023-11-21,402.9764099121094,404.35595385993673,399.76401966289495,399.7935802449269,2567500
2023-11-22,404.33624267578125,406.8194519514352,404.15887917660706,406.2380737673839,1967900
2023-11-24,406.47454833984375,406.9376841796122,404.533323233385,406.4646847884221,1053500
2023-11-27,402.99609375,406.691316742033,402.2866097326576,404.9964399268151,2665900
2023-11-28,403.0355224609375,404.6417175512109,401.50814556379686,403.10447710300286,2645000
2023-11-29,403.8337097167969,406.0606771349584,403.439558586558,405.0063296277251,2151400
2023-11-30,407.78509521484375,408.11029168385545,402.8088735300724,404.1095992625148,3203500
2023-12-01,408.307373046875,410.51467351297686,405.5581486056281,406.85887440446965,2171400
2023-12-04,402.2669372558594,408.79023316447143,402.06984665553375,407.7851132033355,3097900
2023-12-05,402.72021484375,403.07494184283445,398.41405280908606,401.1435802358322,2755600
2023-12-06,404.385498046875,407.7752516508494,401.212532059613,405.4201484478468,2224200
2023-12-07,407.11505126953125,407.52892949945283,404.00120624492286,406.05084021970976,2363000
2023-12-08,406.1394958496094,407.62744858517294,403.25230219274886,406.19861701125285,1959300
2023-12-11,409.6376647949219,410.09096717039205,406.3563197435635,406.4351379421908,2236000
2023-12-12,414.6040344238281,414.85038263204194,408.64241981377523,410.9088113006211,2736500
2023-12-13,418.47662353515625,420.14193983835634,413.02740233984457,415.69780851270144,3694200
2023-12-14,412.4460144042969,419.62953644860164,409.8248659067407,418.8018100922895,3989700
2023-12-15,412.4559020996094,413.13582558777443,405.5877125714149,406.5928024761004,5566600
2023-12-18,418.2303161621094,418.88067910779074,413.4018967952327,413.4018967952327,2686900
2023-12-19,419.2550964355469,420.447413362074,416.34817550387965,417.85582535914557,2256200
2023-12-20,413.3230285644531,421.36380747719176,413.11607442146334,418.87076485640097,3058300
2023-12-21,417.2547302246094,417.70800249314243,414.4660517564782,415.6288381166829,2213600
2023-12-22,417.9051513671875,420.930314906593,416.7817889824678,418.5456507630582,1759000
2023-12-26,417.48138427734375,419.501427505412,416.77190025257505,418.7919434806433,1258200
2023-12-27,418.1612854003906,418.8018147950291,416.78174145771277,416.82116559087575,1324100
2023-12-28,420.09271240234375,422.1028922860579,417.4912606867535,417.5799424399934,1505000
2023-12-29,420.27996826171875,422.0930877308616,418.0726675443129,420.44746822760413,1706100
2024-01-02,415.7273864746094,418.082459649939,413.4314043902524,417.8952326105519,2463700
2024-01-03,412.6529235839844,415.18539024538234,411.4014855794474,415.0474508935426,3093700
2024-01-04,413.63836669921875,417.2646354248442,412.1701409015794,412.386928542395,2042600
2024-01-05,413.29345703125,416.5846653397834,410.8989296980362,414.34780446151626,2415900
2024-01-08,416.4714660644531,416.5701365648607,411.0925985474204,413.96461489857137,2125400
2024-01-09,417.0833435058594,418.16899002006875,413.07634556003086,413.62903285468315,2439300
2024-01-10,422.6793212890625,423.86366844907417,418.61310888912834,420.4389648778132,2709300
2024-01-11,421.1495666503906,426.1533897226648,420.211955973227,424.3867480821563,2320600
2024-01-12,423.4985046386719,425.482245477159,422.11678636034264,424.3374147031144,1892400
2024-01-16,422.7582702636719,424.1202603860025,420.9521424512952,421.8601459059148,2398000
2024-01-17,421.8404235839844,424.7617749713504,419.92574615680036,419.92574615680036,2690400
2024-01-18,425.097412109375,425.59088514395035,421.87010930616543,423.04457753799113,2075700
2024-01-19,431.0782470703125,431.3644698266881,423.7353668569242,426.9034548953716,2400200
2024-01-22,434.00946044921875,435.1839284822557,431.5519747911291,433.249522947512,2715500
2024-01-23,433.0323791503906,434.8483559351719,432.14410377287135,434.5226469316288,2328600
2024-01-24,432.9731750488281,435.1740451126199,430.07155171560095,432.80538099467077,2725700
2024-01-25,431.0979919433594,432.9041199532063,428.7885419648544,430.30844720717346,2977800
2024-01-26,432.805419921875,434.1476821182637,425.0480389670207,426.90347211150925,2725400
2024-01-29,434.82861328125,435.2036575439706,428.9957894915011,430.0912849881021,2314200
2024-01-30,439.3784484863281,440.39500156054015,434.3055320932321,435.14444213370575,2663600
2024-01-31,443.3657531738281,455.9690424879974,440.78980850558025,444.12569073506245,4740500
2024-02-01,454.903076171875,455.120205454926,448.1227331544536,449.06034372199105,3292700
2024-02-02,454.5675354003906,457.7849887152208,452.51470115360263,456.1762620578057,2050300
2024-02-05,450.79742431640625,455.3472305126341,449.5834700019685,453.5115255738833,2438800
2024-02-06,454.4886169433594,454.54783129173126,449.4157002253638,449.4157002253638,2201900
2024-02-07,455.88018798828125,456.2058668854807,453.6200734255375,455.189313804987,2544300
2024-02-08,452.27783203125,454.7353176529129,451.47840827193323,453.99510823730856,2081300
2024-02-09,451.90283203125,452.99832761641466,450.4125339570735,452.0804750797846,2155400
2024-02-12,452.72198486328125,453.4029800032455,450.1263121006931,453.18585068152936,1794500
2024-02-13,454.4491271972656,455.8506037094877,450.086842931482,450.79744522571286,2407700
2024-02-14,459.11737060546875,459.37398618039293,453.4424316189759,455.9690107408177,2202700
2024-02-15,465.1278991699219,465.94705107897187,459.15688805246293,459.74903154372754,2354100
2024-02-16,462.01898193359375,467.9801435119753,460.97282170509874,467.9801435119753,2237200
2024-02-20,445.85284423828125,449.8993287599122,444.24411747984357,446.8891254644254,5044200
2024-02-21,453.0574951171875,453.6003334238456,446.0995386962635,447.39243539224117,2895800
2024-02-22,465.40423583984375,466.3319674544744,455.5545042875228,455.78151270189426,2572800
2024-02-23,467.2399597167969,468.9671151101318,465.70029634221737,467.54591054836595,1764100
2024-02-26,468.3157043457031,468.8782406129453,465.83846052131287,466.82540641224784,2066900
2024-02-27,468.5525817871094,468.79931827040963,463.8152533554251,468.35518055278936,2011100
2024-02-28,472.59906005859375,472.88528280891654,467.4866874189755,467.980160379229,1931900
2024-02-29,468.56243896484375,472.14505735383693,465.88779392516784,471.76013400067984,3072500
2024-03-01,470.4080810546875,471.26671926338304,467.7137076073999,468.71053271456236,1748300
2024-03-04,462.3742980957031,470.408052579288,459.68980390915095,469.46059290144603,3212400
2024-03-05,461.41693115234375,463.11447928608123,458.5547940982696,461.268895292843,2015100
2024-03-06,465.4437255859375,467.4373456028968,461.06168306856495,461.06168306856495,1917100
2024-03-07,461.43670654296875,467.09188742103794,459.8082517893761,467.0228240968293,2178100
2024-03-08,463.1342468261719,465.4634247138478,461.0024400487471,461.0024400487471,1596900
2024-03-11,463.0355224609375,463.2427726577903,458.62387326988676,462.8776075093172,1774500
2024-03-12,466.6971130371094,468.17753191922134,462.59141438974837,464.3876631953187,1853900
2024-03-13,469.40130615234375,469.94414444701823,466.6082626201876,468.03934616527795,2103900
2024-03-14,473.2208557128906,475.7079486679938,470.9508619527058,474.74073079252025,2757700
2024-03-15,469.6184997558594,472.2141725429283,466.9043982684104,467.16101386536826,4179300
2024-03-18,472.6385192871094,474.5433175760983,470.4277400706065,472.39178282109947,2072300
2024-03-19,477.6818542480469,478.28387683853964,473.2504764366587,475.33291799692853,2049500
2024-03-20,481.66912841796875,482.0737798873538,477.3265720945993,477.99768813783254,1691100
2024-03-21,482.2612609863281,483.6034929585487,477.0896439683285,482.1526812749051,2580300
2024-03-22,475.3822937011719,482.5080450353642,475.17501335507256,481.9355994878542,2277800
2024-03-25,469.8257141113281,476.02373288735504,468.21698754564903,475.3131306656807,2600300
2024-03-26,470.5758056640625,473.7340446762506,466.14442809263056,471.48380916880643,2515100
2024-03-27,471.7108459472656,475.86588011398817,468.55260674511567,474.227546163303,2309400
2024-03-28,475.2835998535156,476.1323589695225,471.0495930141734,471.67137382293305,2214500
2024-04-01,472.1549072265625,476.97120798347277,471.0988678968305,474.385414573623,1648200
2024-04-02,473.1715087890625,474.1387267022403,470.08236302108156,470.7436300868748,3265100
2024-04-03,471.1877136230469,476.99093007688805,470.9804333031541,474.16827932724135,2265000
2024-04-04,463.6375427246094,475.6684150875012,462.87760526037647,473.70440247731136,2552600
2024-04-05,470.9212951660156,473.05310221858906,466.36160929767925,467.8124211757138,2462700
2024-04-08,473.2536315917969,474.0739180165447,468.73703446321696,470.83225295622657,1961800
2024-04-09,466.641845703125,473.2932027090223,462.36243374307105,472.38394152497494,2217200
2024-04-10,463.6867980957031,468.8457928797044,463.370530714397,464.6751110415967,2710500
2024-04-11,462.8367919921875,464.8529586670195,458.7649478440729,462.8071438128921,2299900
2024-04-12,459.9410705566406,464.0326703530574,456.70926801213085,460.55381973999005,2486300
2024-04-15,454.4164733886719,465.49545442145796,453.0723519342642,464.7443268392619,2070500
2024-04-16,454.4460144042969,457.96440567919245,453.6355906420903,454.6239034757332,1787200
2024-04-17,454.7821350097656,457.9941524102763,452.795616135186,457.3616175833954,1735000
2024-04-18,449.38592529296875,456.51165345309784,448.4964194798139,455.1181285281964,1998900
2024-04-19,450.0678405761719,454.4855704276868,447.3005462700496,453.5269358381369,2548800
2024-04-22,451.41192626953125,455.35528516935796,449.8108641646668,452.153160959629,2157400
2024-04-23,457.4110107421875,457.5691444348751,451.96539668875636,453.12173612113315,2029100
2024-04-24,457.0947570800781,462.6787194316834,454.9698901874572,459.85215876244007,4043100
2024-04-25,456.7092590332031,458.5771848885449,451.382268194144,455.5529498321101,2006500
2024-04-26,457.01568603515625,459.38763107480014,455.55297201626564,457.499949727494,1963300
2024-04-29,451.75787353515625,456.19538920654196,450.3544558192541,455.56288457693626,2120700
2024-04-30,445.92681884765625,452.37060847781765,445.6105514623811,450.9276800037621,2698800
2024-05-01,436.9035339355469,443.7327803658956,433.256656562799,440.5899221123232,4979100
2024-05-02,435.94482421875,439.46321571370754,432.9304517910532,437.8226126879372,3866500
2024-05-03,438.3958435058594,440.0562321781563,431.7939202623386,439.71031661472284,3711500
2024-05-06,444.1181945800781,445.2349930621185,440.35272457659937,442.00322050758933,2536200
2024-05-07,447.7650146484375,448.002200079483,442.2996458280585,446.48022001572184,2345300
2024-05-08,449.4551086425781,449.7911314555965,444.6618145454475,448.6941184625883,2332400
2024-05-09,450.16668701171875,450.7003844866082,448.2493573435232,448.2493573435232,1970100
2024-05-10,451.6392822265625,453.22055888602335,449.6626562413175,451.9851676452452,1729900
2024-05-13,452.4101257324219,453.3588976776084,450.18642169278957,451.58980912991103,2069300
2024-05-14,448.89178466796875,453.6159196857618,444.0490267528885,452.5683102999568,2991000
2024-05-15,452.6473388671875,453.2403326795465,447.4982367543886,447.4982367543886,2437800
2024-05-16,453.50714111328125,459.4963149472545,453.4577375320468,454.6239395296115,2412200
2024-05-17,454.89080810546875,456.29422581916094,452.7560484321881,455.0687273655979,1985900
2024-05-20,454.28790283203125,456.81798139636845,453.41818267036865,454.11001375194087,1397200
2024-05-21,453.73443603515625,455.00936805830827,450.3049892349268,452.55834132931085,2166000
2024-05-22,451.18463134765625,457.09475383353185,449.8504329516879,453.5368210688061,1713700
2024-05-23,445.9366760253906,452.69673295832416,445.1756859147204,451.18461535702215,2084600
2024-05-24,445.9070129394531,449.13881546860733,445.05707831134015,447.2214860041239,2162100
2024-05-28,439.87835693359375,445.36351243158947,437.229685210797,444.74087038729994,2670800
2024-05-29,437.298828125,439.36439855197506,436.6366451838561,436.9430197826327,1876900
2024-05-30,436.9331359863281,438.9987063131936,435.51985578809104,437.0418359273082,2189900
2024-05-31,441.8450622558594,442.1118958850447,434.1263408006927,437.5162468613528,3917100
2024-06-03,438.01043701171875,439.79928111303536,432.7723902223805,438.29705622424297,2123800
2024-06-04,439.5719299316406,439.68066003734873,436.1622684281188,438.17840508447506,2096600
2024-06-05,441.4398498535156,442.33921822470205,437.1406826447801,441.57819797781997,2157000
2024-06-06,443.43621826171875,444.52336846803576,439.43356313950136,443.248436400586,1887100
2024-06-07,444.5332946777344,447.705770833951,442.03286409562827,444.1972718906791,1664700
2024-06-10,443.9996032714844,444.9088644777582,439.1766311358547,443.1793167744191,1954500
2024-06-11,443.79205322265625,443.99959049602825,439.90796042690454,442.60606562441006,1777300
2024-06-12,437.8226318359375,447.2116047534124,436.43899975396675,446.2133990338505,2738900
2024-06-13,439.7992248535156,439.94746575105853,434.18561501984766,437.82259912383694,2916600
2024-06-14,439.4335632324219,439.7596932139281,436.0436572727984,438.15863116470257,2161500
2024-06-17,442.8728942871094,444.08853005361146,436.51804936140655,437.25928406175524,2351900
2024-06-18,444.8495178222656,445.9268054560644,441.47939727729084,441.83517545435257,2636500
2024-06-20,447.2215270996094,449.16850492396134,443.12000400419987,445.7884611794158,3006800
2024-06-21,449.5341491699219,449.9788718987247,444.99779637062755,446.9052331163007,5007800
2024-06-24,451.6195068359375,457.65811504055165,449.61323262216155,449.61323262216155,2597100
2024-06-25,450.32476806640625,454.93030981212775,448.49638316429565,453.1217104710568,2299400
2024-06-26,447.0929870605469,449.3660946282157,446.11456695738127,447.458658001693,2451400
2024-06-27,437.5755310058594,443.45600475172733,436.83429634012384,443.32751925058665,3313800
2024-06-28,436.0041809082031,443.06072027448994,433.59269469674194,439.4435211182183,4105000
2024-07-01,432.49560546875,437.29882197721946,430.4596832521845,435.6483261184729,3149700
2024-07-02,439.4533386230469,439.56206872910553,429.91612487355263,429.91612487355263,2061300
2024-07-03,442.9421081542969,444.0391512557223,439.0876935295295,440.11554748310704,3192400
2024-07-05,444.23681640625,444.6914621181672,439.0877139394724,441.8846265574379,2220700
2024-07-08,441.0247497558594,445.34367240996687,439.7992513810326,444.02922949124945,1802700
2024-07-09,440.15380859375,443.004340751865,438.2633310510733,442.08385546521555,1608400
2024-07-10,429.2068176269531,432.938265215706,424.6637156231974,430.16687210674365,4760900
2024-07-11,431.9584045410156,433.2945790571448,425.7128851410591,427.58357779258523,4032600
2024-07-12,435.6107177734375,437.7090702743939,432.849261838525,432.92843070384635,2645600
2024-07-15,439.4609069824219,439.8568116683148,434.2546712564355,435.828412771634,1727700
2024-07-16,438.9957275390625,442.5886223576463,435.20489547272183,442.37087024119904,2846600
2024-07-17,446.5477600097656,446.90406520320414,437.5407839732917,437.877304502293,2925000
2024-07-18,444.1326599121094,450.774053977059,442.9053463099525,444.16235200875536,3339900
2024-07-19,439.1540832519531,446.6268862214599,439.03531486548235,446.60710155891206,2121700
2024-07-22,443.36065673828125,444.26135732110055,438.71860076830114,440.85652244747774,2111700
2024-07-23,437.2042236328125,444.1524461225154,436.6004440581175,443.4694976916857,2385500
2024-07-24,428.0290222167969,431.40413478388933,424.4756966501354,429.563164292748,3764800
2024-07-25,425.2081604003906,433.2253592960487,425.1685608669995,429.50378850271943,2384300
2024-07-26,433.700439453125,436.27386546189734,427.6924863562221,427.86076172149166,2039600
2024-07-29,436.7884826660156,438.3919464286779,430.9686205492039,434.31404070619095,2248600
2024-07-30,442.8756103515625,444.1425233589714,438.4809992496403,439.23320902537176,2266900
2024-07-31,458.9693908691406,469.15420258536295,452.8624849362721,457.27688100092337,4313600
2024-08-01,457.6827087402344,462.72066919298,454.495626131366,460.7015159971176,2590100
2024-08-02,457.29669189453125,461.9783472949616,453.92154919267574,455.51510563690556,3808100
2024-08-05,437.4813537597656,456.58403427382655,435.09598800260363,450.34845239975874,4496700
2024-08-06,443.7169494628906,450.79387809992227,437.5902283492219,438.6888963588626,2758900
2024-08-07,445.2412414550781,452.2488788912064,444.4494320095197,445.9241899392498,2059800
2024-08-08,450.92254638671875,451.60549486352284,446.41907357819906,447.6166951685045,1585400
2024-08-09,452.1103210449219,454.10965964100535,448.82425427046735,450.9225766042095,1760200
2024-08-12,451.0314025878906,453.7730735117554,449.24981638991784,453.0901250878945,1760000
2024-08-13,454.6639099121094,454.9410764461289,450.2396360922642,453.45641107122424,1816100
2024-08-14,455.45574951171875,455.8318695728759,451.4075655479903,454.56495632800636,1654100
2024-08-15,463.9183349609375,464.20537872731194,459.25649409269244,460.34525475342764,2130500
2024-08-16,464.0865783691406,465.4524752671268,461.2756157149281,463.2155699005354,1921900
2024-08-19,462.2060241699219,465.34360000426057,460.7609281587311,464.205362618915,1690800
2024-08-20,464.3240966796875,464.86849205370726,460.75101686037084,463.34422729427996,1763300
2024-08-21,463.2155456542969,464.2943987492054,459.7711114920855,463.75003358761734,2105900
2024-08-22,464.02716064453125,466.09579050519795,461.9288386884709,464.69029417685334,1538200
2024-08-23,461.6715393066406,465.5316631726305,457.17794372644016,465.49206363909383,1986300
2024-08-26,463.8490295410156,465.71969204857953,462.22578103612335,463.3145415936009,1434400
2024-08-27,470.1341247558594,470.63892064568586,463.4333459500177,466.2640934135758,1635900
2024-08-28,466.9767150878906,471.53960216456215,464.0766761087283,470.14401315347754,1445300
2024-08-29,475.8846740722656,476.99324946262635,469.61940020931877,469.61940020931877,1893400
2024-08-30,478.39874267578125,480.7742010926449,474.74646365518635,476.9140773895424,2982100
2024-09-03,477.19122314453125,481.71451072212557,475.1325005306675,477.53765109262764,2063700
2024-09-04,478.2008361816406,481.1998590444922,476.2608516681645,477.16155229107954,2156300
2024-09-05,472.4798889160156,479.2103899939974,468.27333706937475,478.2008284248174,2293500
2024-09-06,471.2525634765625,475.52840684935455,469.8569744504876,472.2324329223965,2116200
2024-09-09,482.1104431152344,484.20876538223575,474.66733144621935,475.5878167454161,2343600
2024-09-10,483.0309143066406,483.33774273074476,477.39908130071336,482.1203364691685,2234100
2024-09-11,483.1892395019531,484.109724692856,472.95495083400994,481.5462063602861,2480000
2024-09-12,487.0790710449219,487.841218550829,478.0622184421406,481.9718490809954,2299100
2024-09-13,488.3163146972656,491.7706566025912,486.4258674076589,488.05899324422245,2204700
2024-09-16,492.6217956542969,493.2255752006048,488.3459828954439,490.23642997559944,1589200
2024-09-17,495.8683166503906,496.6106493211767,492.7604329089415,493.50276557972757,2202800
2024-09-18,489.7019958496094,496.6700030100117,488.9893553212055,496.1553299305613,2193800
2024-09-19,487.96990966796875,496.00689310715285,481.279008287985,494.8884403989563,3517200
2024-09-20,487.70263671875,488.484568889925,482.7537524554008,484.64422986867123,3470200
2024-09-23,492.05767822265625,492.602043408489,486.2773548316855,488.1183554815202,2191300
2024-09-24,482.4271545410156,488.20744791753737,479.46773132434544,487.64326784444836,4143700
2024-09-25,484.4462890625,484.89167051957395,478.5967042815242,479.80423324113394,3483200
2024-09-26,486.24761962890625,488.5835084971842,484.0008372502436,485.98039077682944,3073700
2024-09-27,488.5934753417969,490.9293342885171,485.37670046994674,486.01014196857176,2177200
2024-09-30,488.7518005371094,489.9296374149116,485.0995215136037,486.7524621573943,2862400
2024-10-01,491.305419921875,492.93854562437417,488.06883040749113,492.1764283513656,3748100
2024-10-02,490.50372314453125,490.84024365046605,484.673922971527,487.90060518371433,1736500
2024-10-03,489.90985107421875,492.0081731736954,487.9599894618574,490.48390835959555,1382200
2024-10-04,492.61199951171875,493.94817422815424,487.43545519535724,490.4938623425506,1935600
2024-10-07,486.27734375,493.4334410939236,485.73297857657263,492.24569681751086,1990500
2024-10-08,491.9784240722656,492.44362034838787,486.5049599071287,487.4650445533558,1750100
2024-10-09,495.49688720703125,496.28974939633247,491.17570661180446,493.94086415863,1707500
2024-10-10,493.58404541015625,496.26000817711804,491.42347027740374,495.54642012231176,1491000
2024-10-11,497.78631591796875,498.4404408434374,492.0478797162589,492.0875318999778,1919900
2024-10-14,502.1470947265625,504.2581272847413,497.5781410720401,499.8675630798742,2127000
2024-10-15,502.7120361328125,505.33842613061785,499.51079534559864,501.11636091988896,2885900
2024-10-16,509.4910888671875,510.80925924410485,501.49296261939566,501.8398511525714,2956700
2024-10-17,509.18389892578125,512.4346521882172,506.9638302585557,511.69133251184047,2227400
2024-10-18,511.7409362792969,513.3861238824239,508.014417284443,509.9569206602425,2604600
2024-10-21,510.42279052734375,514.198852252134,509.36231381047185,512.3851352136323,2217500
2024-10-22,508.4504089355469,509.9667493486171,505.9528359122556,506.59704013410067,1855800
2024-10-23,509.1540832519531,510.1352554423549,507.34039674155105,508.0936067001693,1759700
2024-10-24,506.0718078613281,508.7676117710757,504.92213656756155,507.34040545345806,1911900
2024-10-25,502.8408508300781,510.1452002512729,501.11635896010364,507.93508256636386,1582200
2024-10-28,503.68328857421875,506.30967857623597,501.63174936253193,502.8805057857862,2186400
2024-10-29,501.7704772949219,506.8349773893865,501.19565676104327,503.01926394068767,2066300
2024-10-30,509.114501953125,511.84992796985426,502.48408819222993,507.9549402256884,3121000
2024-10-31,495.14007568359375,523.1979422281431,494.5850661045845,516.6071505473391,5523300
2024-11-01,503.5544738769531,506.0024745816408,494.0895486570818,495.9825397502072,3753700
2024-11-04,501.0767517089844,505.45739578054844,498.549476828384,504.6050703762147,2165100
2024-11-05,501.05694580078125,503.623872893442,499.1243024637932,501.07675677116725,2132900
2024-11-06,516.4882202148438,518.3415589994793,511.3444459190701,516.220605788862,3673700
2024-11-07,513.2671508789062,519.3623958759705,511.9886629269705,519.3227134488842,2382300
2024-11-08,520.0859375,524.129613606598,514.9025408147012,515.7053236712342,2215600
2024-11-11,525.398193359375,529.2734006952671,523.8124688252818,524.1394859470987,2213400
2024-11-12,524.4566650390625,526.171297060569,522.6033259713286,524.3872812701908,2577600
2024-11-13,517.2315673828125,525.7747833396994,511.8201783730041,525.289157497443,2681500
2024-11-14,515.7647094726562,517.7072126165515,513.0392043141068,515.9827208494188,2480400
2024-11-15,517.2413940429688,518.7280331226359,513.386028845072,513.911337022474,2408100
2024-11-18,516.9837646484375,518.827182818866,512.394999945006,513.9708641819894,2493400
2024-11-19,514.8330078125,517.9945957737865,512.1570455692505,514.1590720720103,2716000
2024-11-20,507.97467041015625,517.845976251138,506.4484093097254,516.8846452928705,2409400
2024-11-21,510.5118408203125,515.4871456801839,507.02320530059075,508.6585022552806,3077300
2024-11-22,516.2205810546875,517.0630462292057,511.5822740117826,512.3255936114438,3130400
2024-11-25,521.9094848632812,523.544812307034,516.3792301631718,516.9937029076283,4503900
2024-11-26,523.7727661132812,525.9234812999106,520.3832452702705,523.1979757745471,2326800
2024-11-27,527.6380615234375,528.8670070840764,521.8897345992975,524.3377051125843,2086300
2024-11-29,528.1929931640625,530.9978026933572,525.3089397655639,528.2623769182433,1760600
2024-12-02,526.6270751953125,530.0562781872651,521.5427641036789,528.1830982079251,2355100
2024-12-03,521.4932250976562,530.0562817828635,521.2752137080246,529.9075936597462,2319400
2024-12-04,516.4981079101562,521.5923393372698,513.5545308864456,518.9758398698609,2630000
2024-12-05,520.0958862304688,522.7717889025948,517.5190081689374,519.9273568687601,2538600
2024-12-06,523.8619384765625,526.2702867671944,517.8459978076443,518.272160460735,2122700
2024-12-09,518.1632080078125,526.8551122787704,517.2315782427867,524.3079962138435,2942000
2024-12-10,524.2979736328125,524.9421476110083,515.5862298405469,517.8558709018582,2003200
2024-12-11,529.6896362304688,531.1168124900587,522.5735961486907,524.4764776643065,2181100
2024-12-12,527.667724609375,531.9690942513503,527.2316413299651,531.5131697573966,1860400
2024-12-13,524.2881469726562,529.9175474165194,524.198921994903,529.4120803561083,1608200
2024-12-16,525.5864868164062,530.2347150559026,524.2881575038738,527.2614362798881,2923000
2024-12-17,526.2801513671875,527.0433121137067,520.1948275895761,524.6845066167368,4055800
2024-12-18,515.32861328125,532.3456590333153,515.080840091243,525.5963197571828,3190300
2024-12-19,518.6190185546875,524.506051137454,517.5486214980491,519.4911244809693,3050500
2024-12-20,523.3268432617188,527.3407576403481,514.793486926098,518.2127697269725,7317100
2024-12-23,524.2484741210938,524.6845573767934,516.4882004875886,521.1463487890381,2270300
2024-12-24,530.9384155273438,530.9681168596699,523.1285983963853,524.5557746358373,955000
2024-12-26,531.3744506835938,532.9106324882205,528.1731796742356,528.876877368003,1109600
2024-12-27,527.4596557617188,532.7718992107535,526.0721014991079,528.8570701405039,1541800
2024-12-30,520.868896484375,523.8620166007114,516.6865132013618,522.3059933842094,2101600
2024-12-31,521.8796997070312,524.476357788527,520.8786863833442,522.9698775000871,1942600
2025-01-02,517.7469482421875,525.8342395819188,513.0491171460578,524.4764471663726,2818800
2025-01-03,516.7161254882812,519.7885494500918,513.0689112588027,517.8757476132229,1627500
2025-01-06,507.3700866699219,516.7160837196357,506.45829830913243,516.3295430425678,2920800
2025-01-07,506.8448791503906,511.73098990414366,506.52772217834007,509.1045696461822,2211800
2025-01-08,511.80035400390625,512.8409893616426,506.9737065870916,507.47914335576957,2456700
2025-01-10,500.9120178222656,509.93432603646625,499.6117447931984,508.30652366075697,2815500
2025-01-13,501.15020751953125,502.38096420641017,496.19737508733607,497.269319574242,2885500
2025-01-14,505.2296142578125,505.5968845276508,500.4554339435615,503.29415294384484,2704800
2025-01-15,518.4603271484375,519.8697968198509,509.90452031899946,511.73084552247656,3024800
2025-01-16,519.2445678710938,523.194912292788,516.8425442494496,519.7209742711092,3275600
2025-01-17,520.7927856445312,524.1972365665862,517.1302611433181,520.6736840819432,2374800
2025-01-21,524.1278686523438,526.033554663785,522.9864077429253,523.7308229671548,2706900
2025-01-22,523.2543334960938,526.351095490548,521.7555680564678,524.0682346149852,2037600
2025-01-23,530.241943359375,530.3709801709678,524.7432183463046,525.1104583237109,2196500
2025-01-24,529.5173950195312,532.0682649672572,528.1874071592616,529.0211182339191,2472900
2025-01-27,543.5620727539062,543.9094422846509,527.7010248936017,529.6067714401952,3074600
2025-01-28,543.2841186523438,547.4429206189662,538.6191046617573,542.4702174386105,2727800
2025-01-29,544.7134399414062,546.5099596541564,542.430578625083,542.9268554582258,2549000
2025-01-30,561.7952270507812,572.6438297450985,550.400732037079,550.8672031123497,6005200
2025-01-31,551.2940673828125,561.3287702601145,550.5099718071679,559.6216070582553,4505100
2025-02-03,559.7506103515625,560.7927795070801,546.9665152395321,548.524831648727,3195500
2025-02-04,554.9466552734375,567.740686328129,553.4280796948213,566.6290310894643,2638900
2025-02-05,562.0731201171875,562.6488181306777,555.631457361169,557.1699032259049,2404700
2025-02-06,562.9366455078125,565.5073858612069,560.3361600498224,561.9143468519027,1738400
2025-02-07,558.5595092773438,565.8051380634321,557.596761414259,563.8299661953215,2008300
2025-02-10,561.2791137695312,563.0458882191015,556.8225578921418,561.0409106034459,2357700
2025-02-11,560.4949951171875,562.2120933523995,555.0557605332014,560.7828138342173,1847800
2025-02-12,560.3956909179688,560.5445981776368,555.2741414307467,557.8250112366214,1722200
2025-02-13,562.093017578125,563.1649924111375,557.2890315773867,561.388282724639,1709500
2025-02-14,560.5545654296875,565.0011860497201,559.9292518324127,561.7952573956039,1927400
2025-02-18,564.3758544921875,564.3957249488218,557.3386838106258,560.6935196261551,2064100
2025-02-19,564.2667236328125,566.450353676812,562.430523698463,563.2642348002947,2459100
2025-02-20,559.0855712890625,564.2666715427175,554.8770935106477,563.919302045799,2181900
2025-02-21,553.3585205078125,560.5942138318503,552.4354530074285,557.2493133287196,2256100
2025-02-24,554.8375244140625,557.2792283520103,552.6439589038491,554.2717615291476,1752500
2025-02-25,559.830078125,561.8250601230476,548.574492800313,558.2518911269999,3609500
2025-02-26,557.090576171875,562.4602644703491,555.4329680485986,558.4007541881786,2028000
2025-02-27,560.6141967773438,570.4206323315198,559.8002954610708,561.3586120638611,2436500
2025-02-28,572.0185546875,572.1376562713592,559.8002224678554,563.0756371853113,3205400
2025-03-03,570.6388549804688,577.8944188167285,565.7555086056154,573.0309428981635,3092600
2025-03-04,550.9367065429688,568.9317072598969,547.8994951016804,566.2121202244463,3318100
2025-03-05,554.1427001953125,556.8126719828913,547.2146949851494,548.4653222985335,2795400
2025-03-06,545.725830078125,551.5421796609464,540.6340252407524,544.4156520505479,3133200
2025-03-07,542.698486328125,546.2815898560749,532.2866100027319,542.9962402563682,3161300
2025-03-10,533.120361328125,544.475176435737,528.0583624231198,534.1427205698596,3893400
2025-03-11,521.8846435546875,534.0434245207725,518.3610905745256,533.1997782370229,4582600
2025-03-12,520.7333984375,528.7433142312314,515.3934545750125,526.5596839301018,2810800
2025-03-13,515.9591674804688,524.5943961279786,513.8549586434141,520.5943759433455,2375800
2025-03-14,523.7109985351562,524.4752236159409,517.070812496336,518.7084895957295,2369500
2025-03-17,528.028564453125,529.5074595807563,517.5968167307922,519.3536559369738,2544800
2025-03-18,526.2420043945312,528.6241573065746,521.5968607386453,528.3760189024312,2363300
2025-03-19,532.0980834960938,533.6166589947755,525.636549898559,527.6117218600631,2804300
2025-03-20,532.3858642578125,536.4652447036899,528.5843672968209,529.6265363812967,2598600
2025-03-21,531.7009887695312,534.0434004986818,526.8077072664363,531.4528503936299,5973400
2025-03-24,539.6215209960938,541.3982304557152,534.2319629943474,535.3336827922427,2758700
2025-03-25,541.1005249023438,543.1055026749555,537.9640820022523,541.8846810628672,2138200
2025-03-26,544.9814453125,546.9268722949498,541.0608462397505,543.0658240185678,2681600
2025-03-27,553.418212890625,557.6465016443598,543.7209431704715,544.9815058443743,2901200
2025-03-28,536.5843505859375,554.4305042924912,536.0682639439627,550.1029248501311,2656400
2025-03-31,544.0385131835938,547.3238634106616,527.0658696454572,528.1973347888428,4741800
2025-04-01,544.425537109375,547.0458929230572,539.9491110728327,542.7282487931052,2714900
2025-04-02,543.303955078125,545.4379693958836,537.6166427477107,538.8175937451343,2994600
2025-04-03,526.599365234375,535.9690747958335,523.0758116364498,524.4852209594856,3443500
2025-04-04,486.12298583984375,517.0013453618058,484.6540258370018,515.7507180812603,6125100
2025-04-07,481.90460205078125,498.4604187443908,462.1230165205779,474.9368868411421,6009400
2025-04-08,476.3463134765625,501.8053059991289,468.1478114532074,497.2693290018281,3555400
2025-04-09,512.4033203125,515.4652511389584,467.24009849842594,467.34943800161204,4698400
2025-04-10,496.4078063964844,505.6432627929487,481.28713000585236,503.85381442597384,4105300
2025-04-11,506.7566833496094,512.880484350581,492.9979572255089,495.334163795139,3736200
2025-04-14,509.4507751464844,520.3463774486723,505.5140070532369,512.8407243858863,3005500
2025-04-15,514.3418579101562,518.2288710002592,510.36534661821594,510.3852485912347,2210700
2025-04-16,510.4150390625,518.6563368421681,506.8759464523036,513.0196490953371,2501000
2025-04-17,514.292236328125,520.9031508791047,506.1403748923722,507.9496950670867,3329800
2025-04-21,506.3291931152344,514.6102949197661,500.5831354775154,513.9640875602583,3345600
2025-04-22,524.2334594726562,525.6947982966348,509.73905833774603,512.5922004312986,2384000
2025-04-23,526.897705078125,540.7458985789796,524.5217249831044,534.5822938485978,3051800
2025-04-24,532.315673828125,532.892224243419,522.1855094959232,525.5854094559494,2209100
2025-04-25,530.3473510742188,533.7671535959284,526.7685147807626,532.3157656446981,2006100
2025-04-28,531.3514404296875,534.6022582558567,527.3848796014746,532.8824363119837,1735400
2025-04-29,536.5108642578125,537.3061543334614,530.2776637625605,531.2022559783794,2041500
2025-04-30,544.8416748046875,545.8457535820542,526.440359681746,535.3676685066905,3783500
2025-05-01,543.4201049804688,549.5837097118765,536.5605986270598,546.770310940638,2839900
2025-05-02,556.1051635742188,559.077595982433,551.7309769916238,552.3672333448641,2632600
2025-05-05,557.824951171875,561.2348020300466,552.5858785790682,554.5343907880556,2130900
2025-05-06,555.70751953125,562.4178825473448,552.8344754700875,553.2122489088372,2341700
2025-05-07,563.00439453125,563.8990731143225,555.2104061504934,555.9858549325664,2493700
2025-05-08,563.789794921875,570.500158069865,563.6705044311618,566.1061298572638,2004300
2025-05-09,565.3009033203125,566.2353859728897,561.2845877733093,564.1178886928662,1528000
2025-05-12,574.8743286132812,577.3794895236628,563.103828225213,576.5941503693753,3000300
2025-05-13,573.2042236328125,579.4373642085586,572.4188237709217,574.6059172522145,2370200
2025-05-14,569.9136352539062,575.242145895317,568.9195074173707,574.8743234499387,2237500
2025-05-15,578.7811889648438,579.6162222969925,570.2814088262448,570.7585707303299,2034200
2025-05-16,579.8549194335938,580.8589375900939,577.0216186650088,577.0216186650088,2225900
2025-05-19,582.9664306640625,584.9944901192993,577.0712603525368,577.6081281738608,1875500
2025-05-20,577.6975708007812,580.5606636173478,573.4625768147456,577.8268122643359,1964300
2025-05-21,566.195556640625,575.6000279916835,563.7698822475797,573.074965083847,2505300
2025-05-22,566.7920532226562,569.7942779966946,563.6008810578792,565.3207027801319,1869900
2025-05-23,560.2705688476562,564.2172271334375,559.2068448084208,561.1751984581155,1948800
2025-05-27,571.1760864257812,571.1860374115565,563.1634191906759,563.491498337548,2655200
2025-05-28,572.5380859375,575.440982903941,569.5756044047565,571.2059886171279,1702900
2025-05-29,574.38720703125,575.1824971603007,569.5756016338601,572.4983398826006,1347800
2025-05-30,582.1612548828125,582.1612548828125,573.1246665470632,573.393100487823,4581100
2025-06-02,577.8070068359375,578.4035200004915,571.404881211034,577.091263850577,2089100
2025-06-03,578.5525512695312,579.1093211109081,570.0726723264595,576.4649070713607,2116900
2025-06-04,580.6998901367188,583.4038886905965,578.8010720157006,580.7396334060121,1530200
2025-06-05,582.0022583007812,583.2449182144225,579.2087612419858,582.8671447465352,1480000
2025-06-06,586.65478515625,587.6886563879432,582.5987261020218,584.4577405275525,1528600
2025-06-09,580.8987426757812,586.5354305870177,576.594152102492,585.2828197896877,1936000
2025-06-10,586.078125,586.4062041879132,579.7355843096786,581.216885810423,2133700
2025-06-11,587.2710571289062,591.2177761158006,584.1494812199238,586.8535404350971,2238100
2025-06-12,585.8197021484375,587.2014937776297,581.12738703579,585.9687849233432,1984000
2025-06-13,558.729736328125,571.8621271378258,549.2656192431565,569.4960978665838,5905400
2025-06-16,565.3306884765625,571.6235349903816,559.336128870226,560.5887397160503,3108200
2025-06-17,566.1061401367188,567.9353014787013,560.6881309909068,561.4038739481822,2246600
2025-06-18,535.5665283203125,567.7266037427331,531.023356331071,567.5277660184092,6966800
2025-06-20,529.8402709960938,535.1787931707454,524.2334362490553,533.777038976426,8202800
2025-06-23,539.1652221679688,539.9406710258631,524.4720439063567,528.2994119077854,3681100
2025-06-24,554.2561645507812,560.8074335195461,549.2457210353166,553.9081833751226,4503200
2025-06-25,546.4721069335938,555.2005181547026,545.3984318353496,552.7351004326423,2889200
2025-06-26,542.6049194335938,545.6866914981905,538.8868909825161,542.3265951874763,3764100
2025-06-27,547.0884399414062,553.430980411864,542.3464307302017,543.5592982463595,3837500
2025-06-30,558.6401977539062,559.3261483867909,548.6591761390141,549.2556285690235,5054600
2025-07-01,561.2944946289062,562.9845240604872,553.76893974036,556.0355802977913,3827000
2025-07-02,558.2227172851562,562.6664398690215,554.1169642079834,559.6343619123018,2502300
2025-07-03,565.8973999023438,566.3149166631795,557.4473120980954,557.4871160502984,1528700
2025-07-07,561.801513671875,567.3984582013076,557.0595045126611,567.3189109855265,2478300
2025-07-08,559.1372680664062,563.292715180994,557.1291104011599,561.264716219019,3083800
2025-07-09,562.5516967773438,562.8602909574223,556.7182399493582,559.4557905257744,2454300
2025-07-10,560.9689331054688,563.4974125112147,558.4702862934563,563.0892953378783,2577200
2025-07-11,547.6892700195312,558.2811162032835,543.3788553721812,557.2856433083936,3221400
2025-07-14,550.5164794921875,556.5390787890067,545.3101145602833,548.0078681732497,2500900
2025-07-15,547.8685302734375,552.3481589743787,546.1663102527457,550.6060811462349,2449100
2025-07-16,553.005126953125,553.005126953125,547.012360629513,549.9191244960869,2424200
2025-07-17,553.0947875976562,554.856794405473,548.0178991546372,550.4766885166623,2722000
2025-07-18,550.1580200195312,553.831317409752,548.3861098719717,552.7462859858547,2579600
2025-07-21,552.1390991210938,555.5535640677031,549.5408685302818,550.8947579266072,2194400
2025-07-22,556.23046875,557.6739166623668,552.7263845642016,553.2938114301187,2010400
2025-07-23,559.5454711914062,559.9436239545169,551.9898040379474,554.4884511049639,2180400
2025-07-24,560.9490356445312,565.2694151995385,559.3563031476609,559.4558261441465,1874700
2025-07-25,565.6476440429688,567.3798181161651,561.2974318540912,561.8051328101271,1513300
2025-07-28,565.7074584960938,569.0621978404398,563.6567256683621,564.8015439884653,2492400
2025-07-29,560.7698364257812,570.4060074099878,560.4512777867768,567.449481876141,2393800
2025-07-30,556.578857421875,563.0494314914248,552.6965494354528,557.7933659956827,2833200
2025-07-31,563.9055786132812,576.8168954178241,559.963544296837,565.9961084333476,4568300
2025-08-01,557.3554077148438,562.3128439468776,553.5825260565393,561.3074064681089,3316700
2025-08-04,567.23046875,567.3399561980787,559.9535635368792,561.7354383369927,2984700
2025-08-05,563.4775390625,569.2413668638212,559.5852662005035,567.021420663188,2883200
2025-08-06,566.5535278320312,567.7779401240493,561.416853358441,566.4141470361852,2245200
2025-08-07,558.6793212890625,571.3019722475808,551.3526546778284,570.3761289007414,2979600
2025-08-08,571.7200927734375,573.5517291713928,560.14273627225,561.1979352811828,2907700
2025-08-11,570.9933471679688,573.9797659711247,566.8621101867312,572.3969372715598,2116600
2025-08-12,571.5806884765625,575.7019613408944,567.8775580249143,572.5761614915886,2593800
2025-08-13,575.2838745117188,577.643140675398,571.44130253156,574.7164476071964,2352900
2025-08-14,581.1173095703125,581.75442685201,572.8946931325204,574.8557457153994,2642300
2025-08-15,579.066650390625,586.8910535093047,578.4792945926761,582.3516991056047,2263800
2025-08-18,581.49560546875,582.8394696982622,578.0612115102919,579.3852075960727,1812000
2025-08-19,582.8594360351562,587.896527244787,581.5752369132094,581.7643792233259,2334500
2025-08-20,589.9968872070312,591.191466871451,583.2575160469974,583.2575160469974,2884600
2025-08-21,589.2404174804688,589.5291435637358,581.2865971714784,586.373450105671,2349200
2025-08-22,596.24853515625,599.0458118803059,590.3951490044634,592.6050699194998,2388900
2025-08-25,590.5245361328125,596.3280997398813,590.1760841417057,595.1136518936315,1984300
2025-08-26,588.9317016601562,593.3018422278158,583.6357785961891,590.3950784025315,4774600
2025-08-27,587.986083984375,591.928179128893,587.1499206487474,588.5336427680312,1480900
2025-08-28,587.806884765625,590.8431260597329,587.0503155549824,588.1453723236469,2159800
2025-08-29,592.5950927734375,594.1281600596383,587.5878952416091,589.3200085182028,2111200
2025-09-02,589.1906127929688,592.9236366262451,583.3471910133215,592.9236366262451,2284500
2025-09-03,590.5941772460938,591.3108885528225,586.2937271291939,589.1507294236154,1959400
2025-09-04,592.9435424804688,593.1924107263465,586.622252579866,590.3453725756294,1653700
2025-09-05,581.5751953125,595.8702334845113,576.4087488738963,592.7742663394478,2432100
2025-09-08,583.9443969726562,587.1199580526369,578.0711431355506,579.9824341504353,1948200
2025-09-09,581.356201171875,588.5036896417964,580.6593579570572,580.8982617429725,2266000
2025-09-10,576.7572021484375,579.4947531383599,568.41513281662,579.4947531383599,2535200
2025-09-11,586.0647583007812,587.2991350118597,577.3842635203933,578.2503201082902,2407000
2025-09-12,577.782470703125,586.5426819149956,577.3743534974784,583.785202197701,2242800
2025-09-15,580.3209838867188,583.8449365667223,578.8675713786002,580.0919837720455,2222600
2025-09-16,583.7652587890625,585.4476105869426,574.2187067580574,575.3933576052679,2537000
2025-09-17,595.9199829101562,596.1788156011738,584.7806380573154,585.0494351993487,2930800
2025-09-18,583.3969116210938,598.896432781524,583.2276982316574,593.3815344982348,3294600
2025-09-19,581.5154418945312,586.2041412828485,578.8774750769935,585.9552730495611,6745300
2025-09-22,581.843994140625,584.6910322900201,577.5137109679034,578.3399097974624,3241700
2025-09-23,567.3897094726562,584.2032628122188,565.6775250985502,582.7996726338574,3223000
2025-09-24,566.2349243164062,569.0719977102168,562.392413596156,568.6937739153723,2867200
2025-09-25,564.7318725585938,569.7988573273497,562.0142504621022,562.4422966003106,2700600
2025-09-26,562.5716552734375,567.0811163201213,561.5064918838821,564.0549003059984,2106500
2025-09-29,565.5680541992188,566.7427050676739,559.9635362553898,563.4377273616986,2615600
2025-09-30,566.2349243164062,568.0466922422647,561.0983110087835,563.2485056876194,2379200
2025-10-01,571.1725463867188,572.8648018314459,562.452193433645,563.1191433121733,3685100
2025-10-02,574.7164306640625,577.2150775570534,568.1861303671125,570.1372185158267,2483500
2025-10-03,577.8223266601562,580.579745609773,573.8205056765818,573.8205056765818,2331600
2025-10-06,576.1897583007812,578.5092275385217,566.6830027481544,576.6078399726841,2573500
2025-10-07,577.215087890625,583.4268296551672,576.2892445379107,576.3688993899523,2120700
2025-10-08,573.8304443359375,580.4304350231564,573.4720886469385,578.6883573163096,1934700
2025-10-09,562.7362060546875,577.5385325955075,560.7027820526249,575.3854381565585,2579800
2025-10-10,555.6889038085938,567.590545303519,554.9014638297116,565.7564909418269,3553900
2025-10-13,557.4432983398438,563.1848026998485,551.2333331697254,556.2072918699389,2996500
2025-10-14,566.0953369140625,567.9792792146965,554.2136512108104,554.2136512108104,2627300
2025-10-15,561.0018310546875,566.8629449655591,557.6028132934044,562.4870343264204,2262400
2025-10-16,548.1133422851562,562.835908479604,545.6313519281664,560.9918156834789,3210600
2025-10-17,559.1676635742188,560.9918011107543,550.2364895634987,550.7149279314845,2756700
2025-10-20,564.5404052734375,565.5969973117078,552.0107823963912,559.8954035155114,2046400
2025-10-21,570.1921997070312,574.1294603962912,558.9683663273814,560.353854269722,2722400
2025-10-22,569.5243530273438,574.5780717251852,566.7533160869151,569.2153514109818,1820500
2025-10-23,571.9266357421875,575.136261461097,569.8333460289697,572.5147061455345,2187500
2025-10-24,571.826904296875,578.9539572160456,571.2388339102062,575.3854419532629,1839600
2025-10-27,570.5211181640625,573.870308619106,564.6600044482045,573.870308619106,2981000
2025-10-28,564.1117553710938,572.1458575213749,563.6333169983717,571.2388079665792,2916000
2025-10-29,552.7982788085938,564.9889671577062,549.4590050861034,559.8256166092332,3763400
2025-10-30,551.901123046875,561.1114269313426,543.8869759560273,549.7879390750735,4284700
2025-10-31,550.216552734375,552.6487159179935,541.7837720215902,547.1265367727974,3567100
2025-11-03,542.322021484375,549.2297495087246,538.6239190547673,548.2329623045346,3175500
2025-11-04,550.97412109375,552.2500379039172,540.7370971501116,543.0795835577918,2653900
2025-11-05,551.5322875976562,554.5426042158438,547.6049438495993,551.2232860191644,2198500
2025-11-06,551.50244140625,553.216886156996,546.0998110742502,548.412364637792,2593600
2025-11-07,550.1965942382812,556.8750805569621,548.9007830633877,552.0207318248737,2510400
2025-11-10,551.1834716796875,552.9178716723853,546.8175388792112,550.5056636847862,1978300
2025-11-11,556.55615234375,556.7356275921718,546.249405958958,551.2233647419995,1832400
2025-11-12,559.4268798828125,564.0918368373573,556.6159325821769,558.2008510534636,1761500
2025-11-13,553.7850952148438,561.7892651300008,553.0773543711185,558.0812457933408,2031300
2025-11-14,543.9766845703125,555.2104963069999,542.3020892968607,554.2535586482852,2567800
2025-11-17,535.1251831054688,547.5551511053659,534.4872855362039,544.2458103061138,2557900
2025-11-18,525.885009765625,534.2779409826917,523.0142577529214,531.8457777730139,3594700
2025-11-19,528.656005859375,529.2939642217696,523.293286251171,526.453145246598,2723100
2025-11-20,526.1840209960938,536.7300463864232,525.4862578028775,531.5766128661008,3240300
2025-11-21,538.6638793945312,542.6609453489036,529.9618849250302,530.8290850059085,3807500
2025-11-24,536.1219482421875,542.2920631797132,533.3907611653127,541.6940152209304,5941000
2025-11-25,544.7142333984375,548.6316603553361,537.2682627445952,539.760230568086,3132600
2025-11-26,543.17919921875,546.9071733216591,542.4216312716022,546.7177813348721,2185300
2025-11-28,548.7612915039062,549.6284915088172,543.6676626270181,546.3689778661126,1254800
2025-12-01,542.2222900390625,548.0136819276481,541.644197282052,545.8805427731227,2227000
2025-12-02,544.1560668945312,552.967692403414,539.3017181573216,545.5217213136833,3076000
2025-12-03,551.950927734375,553.286649281254,544.7441761262179,545.5615488878813,2687900
2025-12-04,540.5676879882812,557.2040695281495,537.8265230666311,555.2404278597551,2878800
2025-12-05,543.7673950195312,548.6715712088765,539.5110940332073,539.9696380659964,2126700
2025-12-08,538.7036743164062,545.5715526940983,535.6634855382438,544.963466267216,2453800
2025-12-09,535.822998046875,540.1590592818459,534.1982298895441,536.9793053784946,1965300
2025-12-10,537.1287231445312,543.1991838165362,535.7731071863275,536.3612383894491,3023400
2025-12-11,561.5599975585938,563.3143527572264,540.9065960670204,541.026205663376,3659900
2025-12-12,570.092529296875,571.8668398192701,564.0719561592499,564.181588156279,3515400
2025-12-15,567.301513671875,571.4580993317799,565.3378112180943,571.0394657355824,2714000
2025-12-16,564.2014770507812,569.1654575447568,560.6728116344343,568.8664335702509,2748700
2025-12-17,563.6532592773438,569.9230900415688,561.7494223915254,563.7031473112929,3287100
2025-12-18,564.390869140625,567.3014705580941,561.2310100987883,563.1847347976696,2259000
2025-12-19,570.3914794921875,571.0992202560035,563.3840976099935,564.4007791112512,7262100
2025-12-22,573.8504028320312,577.5883548295834,569.1654908272866,570.3915196139837,2500200
2025-12-23,574.498291015625,579.8510335301885,573.9002430181009,574.0398078305445,1794700
2025-12-24,577.58837890625,580.4192206005243,575.1462379982365,575.395434808461,1058900
2025-12-26,577.73779296875,579.3326888712306,576.8207658492348,577.8873353730337,972300
2025-12-29,576.0433349609375,580.1201604523326,575.5548581385168,577.7378244936391,1274900
2025-12-30,575.5648803710938,575.9237700209728,572.4050818042568,574.2292195178227,1512800
2025-12-31,569.0458984375,576.1230634312424,568.7867240235827,574.7076426003067,1736500
2026-01-02,561.32080078125,569.0459018561962,557.6924806427385,568.8764650611032,3901900
2026-01-05,566.7432861328125,574.4085818710147,556.655804882518,557.822028831512,2865000
2026-01-06,578.4755249023438,579.502184107739,566.1153389772169,567.1719310021117,4056100
2026-01-07,578.0567626953125,583.39958783242,575.7641645144903,577.4088875784806,3653900
2026-01-08,578.2063598632812,587.7754926717955,571.6574606420734,575.6545870584066,3390200
2026-01-09,574.5526123046875,580.312733097845,574.3530041583899,577.1182106612657,2221100
2026-01-12,565.3085327148438,566.905763420629,554.9363429290113,563.0623927614577,3486400
2026-01-13,544.0550537109375,557.9911271072086,532.7844437692388,557.9911271072086,8721600
2026-01-14,545.8818969726562,547.6488799038871,537.2267880623664,543.5658697933799,3943700
2026-01-15,541.7191162109375,548.9366937536321,538.0753533605271,547.5790414371068,4005600
2026-01-16,538.564453125,543.0967033967784,537.7558451803242,539.3131664415682,3496200
2026-01-20,530.8277587890625,535.4897300669587,527.6033195431008,529.6896999032713,4098700
2026-01-21,526.6649169921875,536.4780698681674,523.8697328117177,532.6047214572143,4937700
2026-01-22,531.9458618164062,532.2753127605511,522.9113993153751,529.0109029614936,5114900
2026-01-23,523.8397827148438,531.2271121604529,519.2676227845468,530.4983230650987,5002900
2026-01-26,526.4552612304688,529.4800922933696,521.7533805709344,525.8064129106551,4839700
2026-01-27,519.5172119140625,528.2022992848995,518.6587018639359,526.7448429045569,3850800
2026-01-28,520.4755859375,522.931387747402,517.3809283534553,521.064600603083,5483000
2026-01-29,542.7971801757812,543.3063149900961,519.2177065290969,530.8776615005373,5488300
2026-01-30,537.8656616210938,542.8271670651553,534.3117713849889,540.0818848034594,4306900
2026-02-02,554.417236328125,556.1642341351807,540.0219914585122,540.0619009019978,4603300
2026-02-03,549.7752075195312,559.1491135454288,548.0881652171961,553.3790608515241,5706700
2026-02-04,552.5704345703125,555.6451068414932,540.081886209362,548.7868974661304,4448000
2026-02-05,550.9432373046875,560.9559989736855,549.0065629727045,553.8981203754394,4621600
2026-02-06,547.798583984375,555.8347613954587,538.8739188143962,552.1211725921991,3779700
2026-02-09,534.41162109375,545.6223357474523,533.2835548131582,542.7772494934849,4110300
2026-02-10,539.4629516601562,546.0615972892842,534.0821838204151,535.350024576947,2222700
2026-02-11,536.5379638671875,539.7723956244012,532.1953901016766,537.2267825510716,3691000
2026-02-12,526.5551147460938,542.0684324810328,526.2456490174384,539.0036920428292,3466200
2026-02-13,517.470703125,533.0738936588347,515.1347516770804,528.1523587247533,4017700
2026-02-17,521.0346069335938,524.9578575952004,514.1165028572846,514.1165028572846,3178000
2026-02-18,527.07421875,529.8494788431035,518.5089818059424,521.5936467192967,3575900
2026-02-19,519.3674926757812,525.6267558554373,515.1646930851814,523.9096748681127,3009400
2026-02-20,525.5068969726562,526.5950538459247,517.7003660965215,519.3574914944878,2838500
2026-02-23,495.1790466308594,521.8232312252796,489.1593924686803,519.5770911578213,6312300
2026-02-24,497.1456604003906,498.39351597368477,490.4172328980602,492.8929588577325,5292900
2026-02-25,508.5161437988281,509.66416485306104,501.5580997832397,501.95740748055226,4139100
2026-02-26,513.8869018554688,519.0081059188532,508.1367737190057,510.07344797426657,4843600
2026-02-27,516.32275390625,517.8700827123206,505.8806759854798,508.59601107420326,5121100
2026-03-02,520.106201171875,525.2573221514356,506.4696318576838,508.6059752151713,3827000
2026-03-03,523.4205322265625,525.896258269307,512.1199444639687,512.7288833808615,4199700
2026-03-04,522.0228881835938,525.2573200567502,519.3874635394517,523.2607511542637,3154700
2026-03-05,523.7598876953125,524.4187895470322,511.8703468194442,520.2059975246761,3879300
2026-03-06,521.4439086914062,521.6535094232927,511.32129008930474,518.7485285819695,2872900
2026-03-09,516.831787109375,519.9963926300892,508.23657276948757,515.3843234267132,3546600
2026-03-10,513.8369750976562,518.4391130080535,510.12338595726493,516.0631909935425,2759800
2026-03-11,503.1353759765625,514.4259709645329,501.8575730657072,512.1998160804754,2873200
2026-03-12,496.45684814453125,504.75258966648227,495.4386089509588,499.14223581040915,2702500
2026-03-13,497.13568115234375,500.9990372365369,494.55012799089695,495.7081416498272,2809300
2026-03-16,507.6276550292969,507.7075043825182,497.7645995517352,497.7645995517352,3450300
2026-03-17,505.7109375,516.073165722109,505.63108814645256,509.6741280965782,2834300
2026-03-18,487.63201904296875,502.8858046124045,487.08297476744696,502.8858046124045,3458700
2026-03-19,490.2974548339844,496.22723662568575,486.47400820957273,489.6784928647076,3284500
2026-03-20,495.4685363769531,498.36355513539417,490.16764848265757,491.62513522245337,5762900
2026-03-23,499.5215759277344,506.1701539934396,499.5215759277344,505.1818316756192,2985900
2026-03-24,498.0740661621094,501.86756544900123,492.39382505801285,494.78973217193385,2278900
2026-03-25,501.8974914550781,505.3814943785646,493.71154691559775,500.43001211945887,2422000
2026-03-26,499.89093017578125,503.93396994618104,498.1938344524002,499.6513516605644,3995400
2026-03-27,483.4092712402344,499.1921465752735,479.6756969999703,498.5932002540091,3963300
2026-03-30,493.15252685546875,494.6898934654024,486.1645355842374,487.19276736696673,3629500
2026-03-31,498.8028259277344,500.5498237642148,489.73838580706985,499.1422389944236,4417600
2026-04-01,490.8065490722656,502.13708379569033,484.81684230730707,501.3684157283346,4607100
2026-04-02,492.5934753417969,499.0224295573576,486.91323445445937,487.2925874151948,2926000
2026-04-06,500.6396484375,501.04894871517996,490.33734566846846,492.90294400003114,2466000
2026-04-07,497.4251708984375,501.73776700262874,494.8196631262533,497.4351634917362,3593200
2026-04-08,506.25,510.9419490509534,504.99215185756924,507.12849518104855,3874900
2026-04-09,503.57000732421875,506.6700134277344,497.760009765625,504.4599914550781,3301800
2026-04-10,498.6600036621094,504.3900146484375,495.6700134277344,502.010009765625,2842200
2026-04-13,508.5799865722656,508.8699951171875,495.0,496.2300109863281,3318100
2026-04-14,513.1599731445312,513.97998046875,506.69000244140625,508.0,2744600
2026-04-15,519.9600219726562,522.4400024414062,513.2000122070312,516.0,2910800
2026-04-16,518.5399780273438,522.22998046875,517.010009765625,518.030029296875,2967400
2026-04-17,521.2999877929688,527.469970703125,518.739990234375,521.5,3617200
2026-04-20,516.6500244140625,524.47998046875,514.5399780273438,520.760009765625,2503500
2026-04-21,511.3500061035156,523.1099853515625,510.1700134277344,516.9299926757812,3444900
2026-04-22,510.1600036621094,513.7899780273438,505.7200012207031,512.0700073242188,2288500
2026-04-23,502.3800048828125,509.6499938964844,498.3699951171875,507.3699951171875,2724000
2026-04-24,504.1700134277344,505.6099853515625,495.6300048828125,499.0,2406900
2026-04-27,506.42999267578125,509.04998779296875,500.760009765625,500.760009765625,2531300
2026-04-28,507.6199951171875,517.0,507.239990234375,512.25,3892500
2026-04-29,525.22998046875,534.2100219726562,520.8900146484375,529.989990234375,5876700
2026-04-30,502.9200134277344,514.1500244140625,498.9599914550781,504.5,5975100
2026-05-01,495.4599914550781,509.0,492.1499938964844,506.0,4531800
2026-05-04,504.739990234375,507.2900085449219,493.8800048828125,495.0,4419900
2026-05-05,497.0799865722656,503.8800048828125,493.260009765625,501.0299987792969,4216700
2026-05-06,491.8900146484375,500.739990234375,489.7300109863281,499.1400146484375,4363300
2026-05-07,500.94000244140625,503.5199890136719,492.70001220703125,492.70001220703125,4964100
2026-05-08,495.4800109863281,500.4100036621094,491.7300109863281,500.1300048828125,4143400
2026-05-11,497.80999755859375,501.6600036621094,492.010009765625,495.0,3959400
2026-05-12,499.80999755859375,506.30999755859375,499.75,500.6099853515625,3296000
2026-05-13,490.6400146484375,498.6000061035156,490.32000732421875,495.6099853515625,3322800
2026-05-14,489.94000244140625,494.5,488.010009765625,491.2799987792969,2584900
2026-05-15,494.20001220703125,502.2799987792969,492.3299865722656,493.5,3416500
2026-05-18,505.7900085449219,506.2300109863281,490.95001220703125,491.489990234375,4076600
2026-05-19,499.70001220703125,512.9000244140625,498.5,507.55999755859375,3378300
2026-05-20,498.0400085449219,499.70001220703125,490.79998779296875,493.5,3615700
2026-05-21,499.6199951171875,501.3800048828125,490.07000732421875,496.0,2474600
2026-05-22,498.5400085449219,504.260009765625,497.32000732421875,499.1099853515625,1959300
2026-05-26,493.010009765625,496.8500061035156,492.05999755859375,496.0,1947300
2026-05-27,495.0400085449219,499.3500061035156,492.510009765625,493.010009765625,2834900
