Price,Close,High,Low,Open,Volume
Ticker,META,META,META,META,META
Date,,,,,
2021-05-05,312.5671081542969,318.5600865999648,312.04123617300195,315.7124384967286,15577600
2021-05-06,317.5281982421875,317.746486454234,310.8307561707074,312.0710232209815,19012200
2021-05-07,316.5955505371094,320.4255113638621,316.2681333222643,319.86987408536334,15916700
2021-05-10,303.58758544921875,312.1305297025952,302.4564474516533,311.9023399620006,24239200
2021-05-11,304.1431884765625,304.45077222453534,297.35645209298286,298.4081959305581,18920100
2021-05-12,300.1942443847656,302.58548304780106,295.86820716463995,298.78531788021286,24645500
2021-05-13,302.88311767578125,306.4550622284353,300.41248534825166,303.6967097732454,18079200
2021-05-14,313.4799499511719,314.3828679110663,306.673349284258,307.12978931670204,19245700
2021-05-17,313.00372314453125,313.2220113682099,309.1539291705394,311.10859135712974,15401300
2021-05-18,307.5465393066406,314.03562515796114,307.39771331279434,313.13270708868293,14522400
2021-05-19,311.1482849121094,312.2099608190644,301.2063147190204,301.82148235708155,19106200
2021-05-20,316.1291809082031,316.76421218745367,310.7216346081384,311.1383473901833,17320200
2021-05-21,313.7677307128906,317.4389030180048,313.3509876603318,316.8039020331024,13600900
2021-05-24,322.1023254394531,323.4120547384483,315.5537092244351,315.73230041612777,16445400
2021-05-25,325.23773193359375,326.6168932086771,322.2709924282731,324.5332384164337,16437000
2021-05-26,325.1086730957031,327.26175939453856,323.28300392269824,325.793302820574,9686900
2021-05-27,330.1590576171875,331.1810363589441,324.2157081628903,325.4460432710368,20477700
2021-05-28,326.17041015625,330.2781589983809,325.773500464872,328.4227242830254,12037400
2021-06-01,326.5672607421875,328.8394383209458,324.0966586152129,327.5793076939704,11765900
2021-06-02,326.58709716796875,329.2859193445906,324.5729047910016,327.8075307847348,11654300
2021-06-03,323.5013732910156,324.8309360567853,320.96130856238705,323.2433880314024,12610800
2021-06-04,327.77777099609375,329.8713271716394,322.6480133267942,323.36240833474403,13289400
2021-06-07,333.9591979980469,335.06057070056113,326.36877097243007,326.91450655149737,20136700
2021-06-08,331.0818176269531,335.66583948741965,329.6530276600603,334.07832199527667,14580500
2021-06-09,327.6785583496094,334.17754565379573,327.4305049367785,333.1258016057894,13727900
2021-06-10,329.87127685546875,331.33976367002776,325.99171861183015,328.2142973419669,13240200
2021-06-11,328.6806945800781,330.2384469560632,326.3688198807592,329.99039355021097,13587900
2021-06-14,334.147705078125,334.1973339174704,327.24190810111673,329.315630530996,12250800
2021-06-15,334.12799072265625,337.2733217313355,332.4213818082864,334.3661123404878,15795200
2021-06-16,328.5020446777344,334.92166747666334,326.16043526357373,334.07831019373776,17232200
2021-06-17,333.8898620605469,335.3484174989163,327.5793668014927,327.9167158462907,17794100
2021-06-18,327.0931091308594,333.53256511705314,326.43824458108406,331.9251840766744,23039500
2021-06-21,329.7026672363281,330.3277666521811,325.0987815754126,328.51199879851725,11337500
2021-06-22,336.3901672363281,337.2732518527593,330.0102412140811,330.09953680226704,15345300
2021-06-23,337.9380187988281,340.7460001805239,335.56664409367676,336.70768365205276,14817800
2021-06-24,340.5079040527344,342.2145128968667,339.1287426996055,339.18827310161333,12329100
2021-06-25,338.71197509765625,341.44056268544,337.035131575858,339.92247698416224,14594400
2021-06-28,352.8708801269531,355.351414273791,339.1088512451318,339.79348109205574,29156100
2021-06-29,349.1500549316406,353.9622666221002,346.33214168796724,353.49592502331853,21417300
2021-06-30,345.00262451171875,350.17207980061676,344.4668509038547,349.42791950973475,15107500
2021-07-01,351.6305847167969,351.90840330765593,343.80200504587583,344.1195206582734,17137000
2021-07-02,351.93817138671875,353.66461333834536,349.8743501691839,352.3350507654891,11521300
2021-07-06,350.0331115722656,355.9963249803974,346.46113656672946,353.7241473646603,13488500
2021-07-07,347.7608642578125,353.71414464722267,347.27468938226133,352.4937415465615,14218900
2021-07-08,342.9586486816406,345.61777404774114,339.89271207759845,343.0380427319482,14406500
2021-07-09,347.6914978027344,347.97921794083607,342.5815736156693,342.63120246289606,13018700
2021-07-12,350.41015625,351.43213503991996,346.91757530230257,348.4951912820845,10018600
2021-07-13,349.3484802246094,355.6986411619793,346.0840890261971,348.7630778385036,11456000
2021-07-14,344.9232482910156,352.43431315647945,344.0302620301716,351.7992818634606,13894200
2021-07-15,341.77783203125,346.51070950491726,337.5708567479468,346.51070950491726,14781600
2021-07-16,338.50360107421875,343.29597951923523,337.491554086067,342.2244021364838,11026100
2021-07-19,334.32635498046875,337.1442377209551,331.93511678295374,334.94152251311635,14372300
2021-07-20,338.9997253417969,340.7757962853777,331.89547184743174,336.1619785065814,11024300
2021-07-21,343.53411865234375,343.82183878893244,338.59288412390543,338.84093751886803,9279700
2021-07-22,348.45550537109375,348.8027861958201,342.5220569930656,343.9806122329509,12385400
2021-07-23,366.9106750488281,372.40751658266703,354.40877765238,358.09981344980844,33694300
2021-07-26,369.5598449707031,371.52443867186565,365.35286926957764,366.70226514354084,14925200
2021-07-27,364.946044921875,370.2444613769634,361.7114192230942,369.01412632685424,15705400
2021-07-28,370.3735046386719,374.6102459613628,364.07294199741824,371.6435368808808,29676900
2021-07-29,355.5299987792969,362.67391881987123,353.9622842712004,358.1891240675114,33413200
2021-07-30,353.5257263183594,357.92125598632435,350.1919028478955,351.24364693893176,15976200
2021-08-02,349.2095947265625,356.6015680075973,348.00899444804065,355.3117024170683,13180400
2021-08-03,348.5051574707031,351.0154571162281,344.9927425004173,349.98357658934486,12406100
2021-08-04,356.1252746582031,357.6731252606666,348.77296915652533,349.6758870546211,14180600
2021-08-05,360.1438293457031,361.0665808744601,354.1210845608762,356.83977085113816,10247200
2021-08-06,360.6795654296875,362.3067799430136,358.58597904613214,358.58597904613214,8925000
2021-08-09,358.79437255859375,362.9319169074044,357.94108333229246,360.92765618426364,7798900
2021-08-10,358.318115234375,361.2649909446652,356.2443923686089,359.01264661164123,7469900
2021-08-11,357.1571960449219,359.5385026093773,355.0239428784297,359.2805476658655,8400300
2021-08-12,359.82623291015625,360.1735137038781,354.32936144025535,355.6589542253566,7170700
2021-08-13,360.3521423339844,361.8206294212598,358.6653973147733,360.143785948073,7195700
2021-08-16,363.705810546875,364.09278838073544,354.597297072418,359.6972591712923,11222100
2021-08-17,355.6590270996094,361.83059777160577,352.30533981470364,360.1537541291529,12328700
2021-08-18,352.6823425292969,357.05797793706466,352.384660276008,353.4761013114874,10042400
2021-08-19,352.3548889160156,354.7858243488867,348.2669737273142,348.61425454343237,12004500
2021-08-20,356.5718078613281,357.1869754679856,350.55899567761094,351.8389597404687,8697700
2021-08-23,360.52081298828125,362.8425891488838,356.3039052424102,356.64125422848525,10942000
2021-08-24,362.66400146484375,365.0949066090898,359.02256424131787,360.82840025472757,9235100
2021-08-25,365.52154541015625,367.9722836837917,362.5548064579473,362.7532612697172,9684500
2021-08-26,361.5428466796875,366.563445771327,361.2947932451995,365.5117016314949,7888700
2021-08-27,369.7285461425781,370.8298886670531,361.2451019807343,362.2571791977708,11219100
2021-08-30,377.696044921875,378.5195689135399,367.63498415552175,369.65910844389265,13547300
2021-08-31,376.4259948730469,379.77968163648467,375.85049403674094,376.99156388391305,12345400
2021-09-01,379.0751953125,381.33744111851894,375.8604329249879,376.6343583249429,11567200
2021-09-02,372.35797119140625,378.77759530135984,371.1474692172277,378.529541866323,14832900
2021-09-03,373.3302917480469,374.2232779151266,370.20479474333473,371.8320395508646,7509600
2021-09-07,379.2042236328125,379.9781491056426,370.2445351558351,372.95328945072,10793800
2021-09-08,374.63006591796875,377.9043584211516,371.87171354427096,377.1998953005184,11067200
2021-09-09,375.0567626953125,376.87250036613216,373.6379044316709,374.69958031283954,9098900
2021-09-10,375.74139404296875,380.8016897745919,375.3147494355466,378.39058756343474,11549600
2021-09-13,373.578369140625,378.77755895045016,371.43518403399025,378.7080967281156,13026300
2021-09-14,373.5981750488281,375.64213258472364,372.1892184534272,374.46139601166345,8711600
2021-09-15,371.008544921875,374.62018689725124,364.80720954935725,374.06454967027025,17940300
2021-09-16,370.15521240234375,370.65131921468594,366.8312907036599,369.8873256244635,11934200
2021-09-17,361.8801574707031,368.518069098452,358.77452395434756,368.518069098452,26299000
2021-09-20,352.9303894042969,358.2188745657045,347.0763049441087,356.50233413802766,19822800
2021-09-21,354.6965026855469,357.23656689336485,352.4243252293509,355.70854958273947,11751900
2021-09-22,340.5376281738281,347.1160093217714,338.0372607512432,344.52634630694666,43692900
2021-09-23,343.2662048339844,346.94733905140663,340.32926108840206,342.6708706244858,21806300
2021-09-24,350.21173095703125,351.5909225024472,339.70419175115126,340.56741280535164,18801900
2021-09-27,350.82684326171875,352.3846257561215,344.3774553783491,347.08620919014766,15205800
2021-09-28,337.99755859375,346.87788247328035,336.2810484357312,345.26056945182785,21710300
2021-09-29,336.96563720703125,342.5419029260096,336.24134067745075,340.4780817360786,14452200
2021-09-30,336.7473449707031,340.13076626561593,335.516979674419,337.7990888291712,16547100
2021-10-01,340.3392639160156,342.33359305595576,336.00329447151915,338.9501403773992,14905300
2021-10-04,323.68988037109375,333.32426674467087,320.1873672849246,332.9174555014666,42885000
2021-10-05,330.367431640625,332.57014704290987,323.6203912754051,326.02153122963404,35377900
2021-10-06,331.04217529296875,331.77640370121645,323.26319366414805,327.17251785068817,26443000
2021-10-07,326.65655517578125,336.20164494595497,326.4184336067815,334.3759755970612,28307500
2021-10-08,327.4800720214844,330.8039934898283,326.1505094901377,328.92872561470415,15946100
2021-10-11,322.9159240722656,327.8868935538608,322.7769996356763,325.07894242521274,14708200
2021-10-12,321.2489318847656,321.85419782368473,314.898771977796,320.51470363488266,31658700
2021-10-13,322.01300048828125,324.4538373921097,320.1476341318763,324.4240721962077,14761500
2021-10-14,325.9718933105469,327.9463884457826,324.5530353016082,325.8032036958003,14302200
2021-10-15,322.2313232421875,326.50776176514034,319.9988424702533,326.1207838969584,21596400
2021-10-18,332.7289123535156,333.2746480135661,324.94996119096635,326.38868305478695,21585000
2021-10-19,337.3426818847656,339.7934506132104,334.65379158917005,337.00533290465023,18786300
2021-10-20,338.1265869140625,341.3016828983417,336.80695600282183,340.77581084319115,13639500
2021-10-21,339.2179870605469,339.6446316371412,335.1697386557774,337.63043926024426,16354400
2021-10-22,322.0824279785156,327.063359410349,318.6096805314403,323.8089001568594,35224500
2021-10-25,326.1307067871094,326.9939278171444,317.23054914233694,317.8060197357078,38409000
2021-10-26,313.35101318359375,327.638884727191,307.18937444715965,325.70408613688915,65654000
2021-10-27,309.7889099121094,316.7641698250141,309.6301521135282,311.7435717797062,29971800
2021-10-28,314.4523620605469,322.98537519345757,305.7109319804182,310.5529394184158,50806800
2021-10-29,321.05059814453125,323.4616701981431,317.1115084956438,317.6969109522846,37059400
2021-11-01,327.4106140136719,330.85359598977004,323.46159347476157,323.5012904922249,31518900
2021-11-02,325.5254211425781,332.1831961301534,321.27874819042154,328.7997441561289,28353000
2021-11-03,329.0378723144531,329.56374431625284,320.6834506798263,324.94002526271333,20786500
2021-11-04,333.2349853515625,334.64391188324623,330.0598893219194,331.40931573250367,22495300
2021-11-05,338.473876953125,344.08981033823187,336.99548817455815,337.66025442158127,26872800
2021-11-08,335.9833984375,342.1053702931129,335.7055798125427,341.73825606870065,18342500
2021-11-09,332.7586364746094,338.65238708389546,331.8656503810712,337.3525898219776,17556700
2021-11-10,325.08892822265625,330.59570243398394,322.9755080862131,329.901140695636,21872600
2021-11-11,325.1881103515625,329.87136025560955,324.45388189862655,327.25193181705265,12376600
2021-11-12,338.2356872558594,339.1981053182596,327.2121791111643,327.6090584700832,25414300
2021-11-15,344.8537902832031,350.89636806742686,340.5277530964521,341.6588609660316,25076600
2021-11-16,340.28955078125,343.95082120477787,338.2158280944205,341.15277172534195,18181100
2021-11-17,338.1166076660156,344.59576107300916,337.4518415302655,341.55958996835096,13602800
2021-11-18,336.0528564453125,339.793491148668,332.68923750827,337.07483533285813,17487200
2021-11-19,342.611328125,349.35839846097593,337.2533809887532,339.5354903311976,26488500
2021-11-22,338.3548278808594,351.0749854176683,337.85872099515035,346.33220480148844,27116800
2021-11-23,334.62408447265625,338.7417654457569,330.90328294034356,336.29099629194184,17225000
2021-11-24,338.4043884277344,339.1187834740705,330.2186257334472,333.3837897309682,13566200
2021-11-26,330.5261535644531,335.1201068765691,329.31565189318275,333.18527845545606,14750700
2021-11-29,335.3979187011719,338.01737680141184,332.6990968463574,334.2668110887607,16650900
2021-11-30,321.9335632324219,333.1951917963258,320.91158460369473,332.39150133489716,25390000
2021-12-01,308.1815185546875,327.9265611101717,307.8739347926839,327.71820475396504,30329600
2021-12-02,307.9732666015625,312.1504783661021,304.8081020473496,308.97538198395677,24396200
2021-12-03,304.4508056640625,311.30700500958125,297.167961754166,311.2871716391293,27471000
2021-12-06,315.39501953125,317.6076673727947,303.95479476624513,305.7308660804898,21758300
2021-12-07,320.29644775390625,323.9974151280257,318.5005436838794,319.0661126641519,18794000
2021-12-08,327.9861145019531,330.15906463751605,320.5544445697957,322.46940948818246,19937700
2021-12-09,327.25189208984375,333.5127573929671,325.4460560967517,326.9740734970569,16879200
2021-12-10,327.18243408203125,332.4213206705392,323.8287472745476,329.97055187122083,14528000
2021-12-13,331.8855285644531,338.43414460124114,327.0236878165198,328.37311410359496,22948700
2021-12-14,331.1413879394531,333.0861485777015,325.09881018765583,325.49568960853713,20461000
2021-12-15,338.9997253417969,339.4462033242894,321.45739496395663,329.9011126857574,24681300
2021-12-16,332.2923889160156,341.77795023184626,331.14141729744705,336.34063809580334,22635000
2021-12-17,331.1910095214844,334.4851358944469,328.1746714850775,330.20869739741596,40012600
2021-12-20,322.9159240722656,327.3312563674149,320.0186470744069,327.2121955817415,17901800
2021-12-21,331.5978088378906,333.3837812684171,321.2291642430061,323.86845614497594,16116800
2021-12-22,327.8770446777344,331.9054300665554,325.7040941502717,331.200936504894,16764600
2021-12-23,332.62969970703125,334.0485882622083,325.80326484001887,327.52973720926553,13987700
2021-12-27,343.4844665527344,345.1613098115616,335.37809911090415,336.21155482796183,17795000
2021-12-28,343.524169921875,349.963626048627,342.51212302101527,343.93098110318874,16637600
2021-12-29,340.2698059082031,346.9672491155548,338.9799400691426,344.2088959391329,10747000
2021-12-30,341.6787109375,344.5263898228477,340.54760301297273,341.3215285234263,10593300
2021-12-31,333.7310791015625,340.76587049663726,333.65168504996285,340.3491274256358,12870500
2022-01-03,335.90399169921875,338.42419237470216,334.5644973188107,335.66583985117506,14537900
2022-01-04,333.90966796875,340.41858727642335,329.2859485939772,337.3030520719377,15998000
2022-01-05,321.6458740234375,333.1456252268606,321.3184266010709,330.426939558543,20564500
2022-01-06,329.87127685546875,336.5290509417905,320.2071274908761,320.3063548923919,27962800
2022-01-07,329.20654296875,334.37596709741774,326.3191978982015,330.1491276753842,14722000
2022-01-10,325.5155334472656,325.78342022706335,312.9739386071096,322.77701413394965,24942400
2022-01-11,331.76641845703125,332.0244036529667,322.74720150321167,324.23552173215785,16226800
2022-01-12,330.6651306152344,333.7509005316702,327.4602696256606,332.57016386603556,14104900
2022-01-13,323.9378967285156,333.016644823847,323.223501748033,332.3717120603452,14797100
2022-01-14,329.31573486328125,330.1392892257927,318.7089675405318,319.2844684675813,16868500
2022-01-18,315.6727600097656,321.6855721790978,315.1667516493473,320.7727525971954,22645600
2022-01-19,317.1015625,324.5530968357373,316.84357725675176,317.09163067373413,20814700
2022-01-20,314.0951232910156,325.2674577074556,313.5196527472708,321.3779672147133,16925000
2022-01-21,300.8094177246094,315.83151624705846,300.68042510869054,312.35876856290434,28710700
2022-01-24,306.3062744140625,307.1198968928485,286.7596832302792,295.5209166368451,38878100
2022-01-25,297.8128967285156,303.84557218580625,295.26290058857546,297.6144721826559,25108500
2022-01-26,292.3359375,305.11565524775347,288.5853707940254,304.61954838040253,28348800
2022-01-27,292.3457946777344,299.3607209780765,291.96874871003104,295.43156407033877,21629900
2022-01-28,299.3607482910156,299.54927129206766,290.7483417543587,293.31817127191175,21871600
2022-01-31,310.8208312988281,311.3467032774815,296.98937176977,298.338767684822,21579500
2022-02-01,316.51617431640625,317.17103900031117,309.6897391289893,312.11074301010717,18023800
2022-02-02,320.4850158691406,325.44608422624805,314.40274121853355,325.26749303258214,58458300
2022-02-03,235.90872192382812,246.0689955787632,233.91437785360253,242.74507365507444,188119900
2022-02-04,235.24392700195312,240.72095050433083,228.3182800713967,233.14043894132064,89342200
2022-02-07,223.1587371826172,236.4444750600621,222.26573596758297,235.84914091670595,88613800
2022-02-08,218.465576171875,224.01206152431283,214.4669567033592,219.1303725857273,94729700
2022-02-09,230.1935577392578,231.55288554145955,220.47979314969592,222.45428854589056,86563300
2022-02-10,226.294189453125,233.1702232371406,224.934846367152,226.49262916830958,49310400
2022-02-11,217.8404998779297,228.6258569131585,217.06657447768202,226.68112672688727,46156900
2022-02-14,216.0049285888672,219.27923696521253,213.10766627924662,217.6023933189641,38184000
2022-02-15,219.27920532226562,219.42803130608593,213.38545412333406,218.75333332612993,42685500
2022-02-16,214.8539276123047,215.76677745313566,210.70648200582244,210.75609571412514,45817500
2022-02-17,206.0926971435547,215.8064617968669,205.54697662595777,212.35356264731095,38747500
2022-02-18,204.5547332763672,209.10898948493596,203.58235317181104,207.75957855573304,37128400
2022-02-22,200.50653076171875,205.86447827017005,198.50225500397403,200.76450085331822,39852400
2022-02-23,196.90480041503906,205.3286999507496,196.50792100175778,202.57034715050102,44481400
2022-02-24,205.98355102539062,206.72771123120492,188.73887367786082,189.5723294747781,49957200
2022-02-25,208.84112548828125,209.6745964633609,201.59796279185824,203.3442685110929,37627600
2022-02-28,209.3868408203125,211.49032886803136,205.21954660842596,206.06291910870078,34239800
2022-03-01,201.90553283691406,210.10121098872736,200.6454174385438,208.23584474294873,27094900
2022-03-02,206.48956298828125,207.52145842115084,200.4469860879729,203.18549004210848,29452100
2022-03-03,201.3896026611328,207.45202857519675,199.85166849923849,207.39249817950693,27263500
2022-03-04,198.50222778320312,204.28683422910478,197.24211241554275,200.79423851573512,32130900
2022-03-07,186.0102996826172,199.3258054429597,185.8217766611403,199.22657801903105,38560600
2022-03-08,188.8083038330078,195.16839612218251,184.66085859156553,186.3873155646888,37508100
2022-03-09,196.95440673828125,197.54974097584935,192.4100664687819,194.21590255342085,31894700
2022-03-10,193.69004821777344,194.7517090323724,189.5822839955329,193.32291884377045,24853000
2022-03-11,186.14918518066406,192.05285278974358,185.2165020189651,191.14001813828725,34694500
2022-03-14,185.1768341064453,190.79275173053884,184.3731434907347,185.57371350137103,31010500
2022-03-15,190.53475952148438,190.78281289951474,184.46241767209364,189.31434114076848,31721700
2022-03-16,202.04446411132812,202.14367638925566,193.00539743531633,193.18398861957286,40640300
2022-03-17,206.22169494628906,206.42013466134534,199.54410088177565,200.1295033401846,29499700
2022-03-18,214.80430603027344,215.1118897928269,204.39598096658355,205.0905273884747,52128000
2022-03-21,209.84326171875,213.03819075246523,206.01331658056841,212.82981923288457,30142300
2022-03-22,214.9630889892578,217.7512221641548,208.54346523043534,209.72420193902565,31998800
2022-03-23,211.79794311523438,215.11193324044734,210.50806227692397,211.66895048940947,23717300
2022-03-24,217.8603515625,218.95177745927012,213.1175565355208,213.325928057074,31502300
2022-03-25,220.0928192138672,223.7441578485975,217.1856256093876,218.79300673228764,40039000
2022-03-28,221.84906005859375,222.29555320064782,217.8305915001476,220.40043651859787,26224100
2022-03-29,228.0702362060547,229.09221508129363,223.53581243884693,224.3097530350269,31417900
2022-03-30,226.0758819580078,229.35017482946435,224.94475902387336,227.12762598483724,25588000
2022-03-31,220.6286163330078,226.7108905356395,220.5293889171824,226.67119351331812,24192300
2022-04-01,223.09922790527344,225.5102996200444,220.9659596397171,222.80156080543097,19544800
2022-04-04,232.06886291503906,232.52528788104456,224.1013880730897,224.22044887292608,28054800
2022-04-05,230.0347900390625,235.0157063910786,229.22118278585194,232.25735388242694,29727200
2022-04-06,221.56129455566406,227.20699222567552,219.68601150256504,225.14318617073423,28995100
2022-04-07,221.2140350341797,223.76403143713907,216.85821762186922,222.18640019306102,21037200
2022-04-08,220.598876953125,223.37707838161444,218.31678238186655,220.64849066684405,18375700
2022-04-11,214.77456665039062,218.8922471136339,213.54421631232353,216.7192968654244,20516600
2022-04-12,212.47264099121094,220.3012064741465,211.47051060517515,218.52515061375053,20128800
2022-04-13,213.31600952148438,214.92339072532232,209.68450407431595,210.17069419373846,19231800
2022-04-14,208.54345703125,213.3160173902609,208.3648658420038,213.21678996958275,18379500
2022-04-18,209.12887573242188,211.71855397049873,206.6781068000665,208.36486698096425,16580800
2022-04-19,215.6179656982422,216.729240243698,207.37267193048436,208.88084105644597,20089900
2022-04-20,198.8594512939453,212.4924718413418,197.37113086850815,211.9467513240192,43036500
2022-04-21,186.60562133789062,201.38959810560033,184.13500399279943,200.03027030150272,49954100
2022-04-22,182.67645263671875,191.21941262522995,181.84299681832218,188.88770453092923,36426800
2022-04-25,185.53402709960938,185.72253496662242,180.24552677813085,181.307187460691,29281100
2022-04-26,179.5410614013672,185.73248018162553,178.10235460110894,185.17684294621372,31747400
2022-04-27,173.58778381347656,179.7990512660107,167.68411532557215,173.0718284502036,71062900
2022-04-28,204.1280975341797,206.90629861285063,191.39799536375196,201.3399797700055,100890600
2022-04-29,198.90907287597656,210.82555343692744,198.3435038247346,202.86801081473362,49193400
2022-05-02,209.486083984375,210.2302442617145,199.4250376403443,199.60362883971555,49915300
2022-05-03,210.37905883789062,213.2267071664261,206.4697346374748,208.8113594552885,41556300
2022-05-04,221.67044067382812,222.5535101589403,205.348530227441,209.0097856387637,41375900
2022-05-05,206.65826416015625,218.45568421552025,204.55477600232203,217.03682591961714,41129200
2022-05-06,202.18338012695312,207.74969932081515,199.454792583687,205.7255749921496,34747200
2022-05-09,194.68228149414062,200.99276203417244,194.0571819388603,198.2840073879454,36303200
2022-05-10,196.11102294921875,201.37969017738874,192.67797217965332,197.95654095400684,34452500
2022-05-11,187.27040100097656,199.10750202518517,186.8040593960686,194.80129861899218,31153400
2022-05-12,189.75094604492188,196.50791865624595,183.3412391310792,185.6034850677345,38262200
2022-05-13,197.07347106933594,198.33358664883283,189.7906264841729,191.08050726208492,24549800
2022-05-16,198.48239135742188,203.7708913817843,194.40439307206805,195.5156825403244,27112600
2022-05-17,201.0423126220703,203.8602107221061,196.81548818198343,200.54620582741316,24872700
2022-05-18,190.74314880371094,199.43493452984333,190.1378978992899,198.44272092521723,23960000
2022-05-19,189.800537109375,193.76939159776364,188.12370880561264,189.71124151698106,24446900
2022-05-20,192.03298950195312,196.36897268767467,186.40714090928822,193.45186264555744,31465600
2022-05-23,194.7020721435547,195.45616417554956,189.75093592706153,193.67017665237506,25059200
2022-05-24,179.8684844970703,182.24979113801103,174.73874187922655,179.14417279094744,50406300
2022-05-25,182.39865112304688,184.00603251486388,177.9237726678139,178.9953501690386,28030200
2022-05-26,190.1378936767578,191.32854694787179,180.84084211269274,181.4560248290842,23056500
2022-05-27,193.61065673828125,193.80909644271358,188.3221561022746,189.87000699281722,22562700
2022-05-31,192.1322479248047,196.06142058608745,190.5149348528655,193.37251497016206,26131100
2022-06-01,187.1711883544922,197.97639474515785,183.55953115785042,194.979905186522,36623500
2022-06-02,197.31158447265625,199.37539044535956,186.2682429666932,186.98263792416654,31951600
2022-06-03,189.29454040527344,195.0791484576515,188.3023266427382,194.45404894246056,19465000
2022-06-06,192.73748779296875,195.38669623309409,186.93303229765272,192.47951771272406,30574200
2022-06-07,194.12657165527344,194.9997244090153,189.99897486480518,190.43553610169909,18828700
2022-06-08,195.10890197753906,200.45693323180112,192.89626965875735,193.15423977117806,22267200
2022-06-09,182.5673065185547,197.8970039563833,182.24979089220236,192.76726134545828,23501600
2022-06-10,174.20294189453125,181.67430878576448,173.65722140885484,181.61476325461828,27450800
2022-06-13,162.9810028076172,171.23622734441977,162.75279791555977,169.2617168018966,31749300
2022-06-14,162.4551239013672,165.4516131279456,160.10358258056343,164.73721814492058,27244300
2022-06-15,168.03143310546875,170.81955179325175,162.70323406947327,165.89816409731975,30008300
2022-06-16,159.61740112304688,163.79462714887313,158.36721740504552,162.4452160123095,26944100
2022-06-17,162.46507263183594,164.6082426639391,158.65496061258537,160.42109974328864,31374200
2022-06-21,155.82716369628906,166.45376388238589,154.75557108979552,164.63801100527013,50724900
2022-06-22,154.63648986816406,159.5380121523933,154.22967867369047,157.1467889716582,47267800
2022-06-23,157.51390075683594,158.50611430491048,153.04893979050044,155.05321539680466,40499200
2022-06-24,168.83509826660156,168.92439387205752,160.0440836832847,160.4707283360058,68736000
2022-06-27,168.17027282714844,170.41266990358127,166.70178593534752,169.98602536256894,29174600
2022-06-28,159.42886352539062,169.9661815615334,159.35941645073356,168.57707352864495,27744500
2022-06-29,162.66351318359375,165.0349032740984,159.07170450541813,162.2963989666472,28595200
2022-06-30,159.99444580078125,163.9434517587167,157.25594166723448,160.8874320004222,35250600
2022-07-01,158.78395080566406,159.36935323149515,153.7931173068404,159.0617694192781,31423900
2022-07-05,166.88043212890625,166.9399625311862,155.7974064183734,156.90868096754664,28618600
2022-07-06,168.44808959960938,170.25391029109068,164.17165185057723,166.8903071423644,23085900
2022-07-07,170.84925842285156,171.3751304080076,166.4735929101582,168.13058776866583,24083400
2022-07-08,169.54945373535156,171.0576074080328,166.84069988354267,168.6564524697086,19249200
2022-07-11,161.6117706298828,166.18587634519014,160.64932213963525,165.76914841229626,21885600
2022-07-12,161.99871826171875,164.61816155285183,160.83783016973706,163.5168038543085,16639700
2022-07-13,162.21701049804688,163.6953991051211,158.3672168002053,158.91293732025682,16555100
2022-07-14,156.8193817138672,161.32402534796637,156.0553729091042,159.96469739428068,23765200
2022-07-15,163.41758728027344,163.6954058947358,158.57559489965857,159.2899748082911,23342800
2022-07-18,165.92787170410156,170.35315090475228,164.35025575538538,165.45161342788072,23574300
2022-07-19,174.4113311767578,175.11580959847797,168.19014674600294,169.04345117373006,25933700
2022-07-20,181.66439819335938,182.17043685739438,175.32415341322346,176.108010695169,24784300
2022-07-21,181.74375915527344,182.41847226069277,177.47723774446465,179.2235433302716,27195800
2022-07-22,167.95199584960938,174.23270958756183,167.09869157067797,171.72241045744528,42583900
2022-07-25,165.35240173339844,169.24189263554436,163.52673221768362,167.68410990943246,26166300
2022-07-26,157.91079711914062,164.70746671110234,156.720143761273,164.6479363142058,28468400
2022-07-27,168.2595672607422,169.5395160150193,160.75843561805868,161.3239894406539,43846600
2022-07-28,159.46859741210938,160.2524396243278,153.64430746036663,159.80594645838158,73214300
2022-07-29,157.86117553710938,158.89307092618188,153.9617685690305,156.46215085405942,42065400
2022-08-01,158.68472290039062,163.90377642591454,154.02132174038147,156.02559756676067,40596700
2022-08-02,158.94271850585938,160.97675966339588,156.7796847197048,157.07735186421888,27374500
2022-08-03,167.4856414794922,168.21986977837946,160.3119421286126,161.42321640150777,31721900
2022-08-04,169.2418975830078,170.80958190125747,165.50124770571404,166.98956825137697,23938200
2022-08-05,165.80880737304688,170.27376835954388,164.50901004159635,165.68974659153304,25832700
2022-08-08,168.9243927001953,176.12785914996925,165.82869061268593,166.69191173939979,27299100
2022-08-09,167.21775817871094,168.20997178691073,165.30279318207488,167.63448607735745,18655100
2022-08-10,176.9513702392578,179.07470674304471,172.59555312980802,174.6196773573301,30262100
2022-08-11,176.1079864501953,181.67430500840524,174.9966969915663,178.31070171750684,24079100
2022-08-12,179.0945587158203,180.04709045423732,177.51694269092118,179.402142516149,21274000
2022-08-15,179.4814910888672,180.0272115165636,176.81243447520504,177.56652638983124,15878700
2022-08-16,178.07260131835938,179.5807704439576,175.66151405480576,178.04283611732615,21156700
2022-08-17,173.48855590820312,176.75293202621683,172.81384278005555,175.38367239848955,20118100
2022-08-18,173.300048828125,174.39147481635746,170.52184743447762,172.9825331762889,18844500
2022-08-19,166.65220642089844,170.9782584134384,165.74928839232285,168.87475524203418,26240800
2022-08-22,161.78042602539062,164.20142956470605,160.996568824722,164.20142956470605,19499700
2022-08-23,159.85549926757812,163.76482243187837,159.44868814561343,161.21482676197627,18111800
2022-08-24,161.98880004882812,164.1716822581917,158.52598399302542,159.34952316474363,20891500
2022-08-25,167.4658203125,167.565047734485,162.74288874160553,163.89384508074522,15550500
2022-08-26,160.52032470703125,169.58915695402584,160.41118059882976,167.1681532011775,24023600
2022-08-29,157.93060302734375,161.7803958145574,157.77184525179428,159.4090064246956,20052700
2022-08-30,155.93630981445312,160.40127149563065,154.6960426807927,159.10147396195126,19567900
2022-08-31,161.66134643554688,166.53311859967866,160.87750439263087,165.76912506695646,40953000
2022-09-01,164.0724334716797,166.05686057455924,159.10144902935826,162.30629456131507,30145700
2022-09-02,159.0717010498047,166.62243245907325,157.98025996910707,166.14617414203198,22634200
2022-09-06,157.3055419921875,160.43102400577848,156.46216949199575,158.85340797014467,19339800
2022-09-07,159.14112854003906,159.70669752312688,155.58900226198247,156.53160209381846,16831200
2022-09-08,160.79812622070312,160.96680070817172,156.51177153802922,157.47421989709738,22530800
2022-09-09,167.8329315185547,168.21989423340526,161.75067218718405,161.97887708569115,22086800
2022-09-12,167.64442443847656,170.05549633320575,165.9774976389288,166.0866417456848,23220400
2022-09-13,151.93768310546875,160.3714992434936,151.48125815876136,160.2821885074128,44444100
2022-09-14,150.2906036376953,152.34447803217273,147.88944840773684,152.1361216428672,43064200
2022-09-15,148.38555908203125,152.99934664457024,147.54217139684576,148.63361250238236,34606300
2022-09-16,145.1509246826172,147.42310236449293,143.16649743066273,146.89723035392328,40122800
2022-09-19,146.8674774169922,147.42311467152805,143.97021520406963,144.1091245177036,22169500
2022-09-20,144.9525146484375,147.68110267825193,144.0892934619812,144.64493078383728,23217400
2022-09-21,141.01341247558594,148.43518218270748,140.8943516710801,145.25016940235443,38338600
2022-09-22,141.70794677734375,143.45423717863846,139.77311823877739,140.44783132698993,34418500
2022-09-23,139.31674194335938,141.50952594174933,137.80857274275996,140.31887242126808,31710700
2022-09-26,135.3081512451172,141.1324548324313,135.12956008086076,139.0289519002258,30497000
2022-09-27,133.35350036621094,138.33441682444828,133.0756817723629,136.84609644027194,30826500
2022-09-28,140.50738525390625,140.9241131987942,133.2245401951875,133.57180591260422,32658500
2022-09-29,135.3478546142578,138.7511398392883,134.1472695516224,138.2748815722821,38985400
2022-09-30,134.62353515625,139.89220213583388,134.4449439738801,134.99066448664058,33166400
2022-10-03,137.53073120117188,138.53286151227974,135.04028045219258,136.0721759608596,27723100
2022-10-04,139.18772888183594,141.28130027797047,138.25504563332407,139.3961004088353,34670700
2022-10-05,137.89784240722656,139.11827604059891,133.73054829955544,137.1636140300522,27979300
2022-10-06,137.98715209960938,140.3486101635324,135.5363833056393,136.64765768866192,36231100
2022-10-07,132.410888671875,137.21319838280945,131.40875848632146,135.69511293757594,33214800
2022-10-10,132.7482452392578,135.05018796059127,130.84319702503913,132.51012367496634,24024000
2022-10-11,127.53913879394531,131.6270694195871,126.00121214365586,130.59515872186037,38481400
2022-10-12,126.50723266601562,128.6603343385144,125.2669656790939,127.32085507662566,34605200
2022-10-13,129.27548217773438,130.11886965603964,121.57591134910837,122.56812478712605,34325700
2022-10-14,125.77301025390625,130.76383636476277,125.53487351641806,129.97999420633082,23559400
2022-10-17,132.99632263183594,133.7404829345073,129.16637700182142,129.2854529454353,29612200
2022-10-18,131.76596069335938,136.76671025641883,130.37685265808165,136.02255010394123,25445000
2022-10-19,132.19265747070312,135.9333082207917,131.1905268531919,131.85530836856861,30691000
2022-10-20,130.50584411621094,135.70504845290708,130.28755592887023,131.89493699930915,26356300
2022-10-21,128.99769592285156,129.10684003395843,124.46328724863885,125.32650831104277,46348600
2022-10-24,128.7099609375,132.440678957435,123.60005892557997,126.25919191467688,63563400
2022-10-25,136.43927001953125,137.27274084810597,129.5731545630256,129.86090495026457,38433200
2022-10-26,128.8091583251953,134.49453719771353,127.52919448658061,130.65466082184525,82791500
2022-10-27,97.17740631103516,101.70189808643511,95.62954788524887,97.21709576502857,232316600
2022-10-28,98.4275894165039,100.06474342579838,96.75075352345948,98.80463544203202,95928300
2022-10-31,92.43461608886719,98.54664749730443,91.87897136447218,97.45521412829655,121361400
2022-11-01,94.458740234375,96.73091049225727,92.82159370231095,93.59551916910262,110189600
2022-11-02,89.83502197265625,94.45873350080176,89.77549157791279,93.47644413758876,71821100
2022-11-03,88.21772003173828,89.75564666078411,87.7216132023707,89.37860819566096,60664000
2022-11-04,90.08309173583984,90.678418501349,87.40410993606282,89.64651524180421,55638100
2022-11-07,95.96690368652344,96.12565393122965,92.37508761392576,94.04200681828185,81987300
2022-11-08,95.71884155273438,97.03848737963055,94.05192250033619,95.17312107695368,52088300
2022-11-09,100.67992401123047,104.0832172597688,99.95560468906787,100.92797743293154,107677300
2022-11-10,110.99894714355469,111.87209245704757,103.79547370477209,106.28593216199393,80671000
2022-11-11,112.13998413085938,114.00535064993957,107.96276554524319,108.37950103418012,59961700
2022-11-14,113.33064270019531,115.3646761117339,109.93727388231957,110.12578932554203,53395000
2022-11-15,116.16836547851562,117.8154360525285,113.5191570888149,115.16622766282778,50670500
2022-11-16,112.34835815429688,115.1761656241988,111.78279666031649,113.60846619527436,33287800
2022-11-17,110.58221435546875,111.45536726035598,108.94506779878482,109.55031876422171,35093800
2022-11-18,111.17755126953125,113.42987310168331,109.75868533544744,112.9139252938301,33357700
2022-11-21,109.00457763671875,111.49503568520781,108.33979639679968,110.65164813935317,24351100
2022-11-22,110.5722885131836,110.75088726803217,107.47657928580465,109.00458917284487,29029000
2022-11-23,111.36605072021484,111.79270286479202,109.86781365645757,110.85010298653472,21343100
2022-11-25,110.54251861572266,111.85224023892982,110.15554835501273,110.43337451628965,12007600
2022-11-28,107.9330062866211,111.16762510453496,107.53611928816707,109.91743370890127,23309400
2022-11-29,108.6076889038086,110.07616821598536,107.69485429974674,108.68706780068048,23899200
2022-11-30,117.18042755126953,117.2399655163382,108.52832353355872,108.65731614954981,43348600
2022-12-01,119.5022201538086,120.25629711354443,117.4781033024334,118.27186971846952,36551400
2022-12-02,122.5284652709961,123.07418582320302,116.69425155553571,116.91253977641848,39950500
2022-12-05,121.47671508789062,123.69927150066809,120.40512255012695,120.80200951633452,35474900
2022-12-06,113.23143005371094,119.6113644410036,112.85438400330203,118.97634827925043,43689200
2022-12-07,113.04290008544922,114.97771365164438,112.00107273750456,112.87422558377872,29461100
2022-12-08,114.43199920654297,116.42634314272308,113.69775567353206,115.48374322681642,30619400
2022-12-09,114.99755859375,116.62478830403349,112.9833661822399,114.40223194340052,26033400
2022-12-12,113.81682586669922,114.81896376384701,112.25905075290997,114.28316748923302,24747100
2022-12-13,119.2144775390625,122.33995220727563,117.71623273284158,121.17905642537491,44701100
2022-12-14,120.64324188232422,123.17338946222026,118.46037510083681,118.46037510083681,36922000
2022-12-15,115.24560546875,117.70629083616666,113.12226907509665,117.40863131284408,34531000
2022-12-16,118.50008392333984,122.3498704005859,117.89483295343913,119.29385792091155,67064000
2022-12-19,113.588623046875,116.88277209293447,113.43978948398286,115.9203236322201,29769900
2022-12-20,116.17827606201172,116.41641275441326,111.58433024343215,112.37810407812732,28742500
2022-12-21,118.82750701904297,119.40298517401476,114.71974317671537,115.79132814906961,20392800
2022-12-22,116.20806121826172,117.69638163953562,113.48939046500924,116.28743255420459,23618100
2022-12-23,117.12089538574219,117.25980468548725,114.64036136173881,115.12654391084652,17796600
2022-12-27,115.96992492675781,117.67653356062343,115.14639337715077,117.01175225347482,21392300
2022-12-28,114.71974182128906,117.23004107638656,114.61059771715533,115.34483367860929,19612500
2022-12-29,119.32361602783203,120.0876172098368,114.86857127552733,115.49367072170247,22366200
2022-12-30,119.40298461914062,119.48236352635037,116.823230694738,117.23996617259452,19583800
2023-01-03,123.76873016357422,125.38604327854202,121.32788546177093,121.86368174801889,35528500
2023-01-04,126.37825775146484,128.04517701826012,124.87008873532221,126.38817443776281,32397100
2023-01-05,125.95160675048828,127.51930617905816,123.5702924084817,125.14790852344242,25447100
2023-01-06,129.0076141357422,129.3151979236821,125.05860074966127,127.96578684693003,27584500
2023-01-09,128.4619140625,131.91481363671815,128.27339102960076,130.1387577046288,26649100
2023-01-10,131.9544677734375,132.40096078307965,126.15993748193009,126.2789982471746,28684400
2023-01-11,131.85528564453125,132.8078175134379,129.325137534604,129.94032035951514,25423000
2023-01-12,135.64553833007812,136.6079716671771,130.7340685210791,132.40099536982513,30757700
2023-01-13,135.91343688964844,136.32024816569393,133.79010004441014,133.91909267827347,22423800
2023-01-17,134.30604553222656,135.68522195416884,133.20468773197197,135.11965288431784,21147600
2023-01-18,131.98426818847656,136.18132782317699,131.76597996728842,134.75253769902895,20215500
2023-01-19,135.08987426757812,136.37975496300405,131.11110322074273,131.45838403334974,28625200
2023-01-20,138.2847900390625,138.85035899875172,133.56185925032688,134.83189131351588,28688600
2023-01-23,142.15444946289062,142.6406244467156,137.5803440727501,138.20542835766489,27470100
2023-01-24,142.02545166015625,143.87096953007216,140.25931269367496,140.58674499285107,21970200
2023-01-25,140.39822387695312,142.05521876598272,139.21748727495543,140.12040528118638,26622000
2023-01-26,146.15306091308594,146.36141728300726,142.18420665958723,143.2756324953129,25482100
2023-01-27,150.55850219726562,151.99720893784095,146.24236683556117,147.08575448002523,35771900
2023-01-30,145.91493225097656,149.9433171179442,145.80578814738973,148.24664030943237,28040100
2023-01-31,147.81005859375,148.71297658740454,146.37135192714462,146.79799650042315,29842100
2023-02-01,151.92774963378906,152.38417457555312,145.91493732172768,146.87738577590028,55661000
2023-02-02,187.30014038085938,195.62481076232703,178.75718182548152,181.95211040001152,150475700
2023-02-03,185.07760620117188,195.23787916833177,181.46594921292,182.04143493203435,76809700
2023-02-06,184.6112518310547,189.21512212589636,184.0754631723348,185.07759341363374,42483800
2023-02-07,190.12796020507812,192.27114515851267,182.96417698960028,184.13499687970858,47080700
2023-02-08,182.00173950195312,189.34412947288163,181.49571599932648,188.52059034038672,36139100
2023-02-09,176.53465270996094,185.19667372941453,175.88971988644266,184.6807335265915,37118800
2023-02-10,172.7939910888672,177.4970889680082,172.00023232679908,174.97687310448828,33433600
2023-02-13,178.0328826904297,179.59066534207818,174.45100605417406,176.83231268780145,31463200
2023-02-14,178.08248901367188,180.09668136890622,174.51052921137415,175.78056138196592,24034600
2023-02-15,175.78057861328125,176.80255748917412,173.96482576796248,175.04633504206592,25308900
2023-02-16,171.0973358154297,174.48078822465834,170.45238781526533,171.40491964536324,25827500
2023-02-17,171.53390502929688,171.83155701990117,168.37865766907873,168.8946130194248,24171300
2023-02-21,170.74012756347656,176.78270508862917,170.541687860479,172.95275977485835,34592600
2023-02-22,169.78758239746094,171.41481205762443,168.36872424999137,169.73798383060884,22433200
2023-02-23,170.70042419433594,172.33758574816875,168.06114747660433,170.66074231120285,20017800
2023-02-24,169.06329345703125,169.39072579815928,166.35455426767354,167.3269194643697,19791300
2023-02-27,168.2198944091797,171.77202106868893,167.74363609963024,170.54168584068796,19277000
2023-02-28,173.57785034179688,176.16752845436773,170.53174730970196,170.5615125066298,46051100
2023-03-01,172.06968688964844,176.46520116867393,171.70257268922543,173.23057502664264,30998400
2023-03-02,173.17105102539062,173.64730934892816,170.0951825850901,171.03779768581322,17352000
2023-03-03,183.80755615234375,185.16688384157925,175.6714082467401,177.52684270021945,45877700
2023-03-06,183.46031188964844,188.18325891520774,183.20234177126963,186.5361804963786,33209400
2023-03-07,183.07334899902344,188.8778053478401,182.57724213638883,187.52839407587481,36701500
2023-03-08,183.52975463867188,183.81748992709475,179.92801435060838,181.44609997913568,19432400
2023-03-09,180.2753143310547,187.4589320189714,178.89613785727124,184.89903392862337,26582800
2023-03-10,178.1122589111328,183.33131216676873,177.40779572946437,179.60057931970218,25665000
2023-03-13,179.49147033691406,182.34905092527669,173.45882375700802,176.5743744829385,24728000
2023-03-14,192.50929260253906,192.8069597193349,185.10737226611835,186.1194344072328,41642600
2023-03-15,196.21026611328125,196.24003131413542,189.35406557024092,191.44763715687185,42123600
2023-03-16,203.3343505859375,204.15788979119992,194.5631849255218,196.71628688338527,50447100
2023-03-17,194.0869140625,200.32793130379721,193.90830773144071,198.99836863693588,50141100
2023-03-20,196.26979064941406,197.807724920832,192.1322613145537,196.93457201525698,25186300
2023-03-21,200.58592224121094,201.9650986580919,196.4086959647701,201.61781781226705,31827000
2023-03-22,198.25421142578125,205.75534436543967,198.1153021172683,200.9232686264753,28477800
2023-03-23,202.6894073486328,206.2613826175449,200.5759873861949,201.26061724106796,27389700
2023-03-24,204.40594482421875,205.96372764565962,201.96510752970553,203.58240561249892,27716400
2023-03-27,201.2606201171875,204.25710968337523,199.79214810341801,203.21528228672267,18527200
2023-03-28,199.11741638183594,199.46469719503838,196.3590638071846,198.5915443892571,19127300
2023-03-29,203.75106811523438,204.1181823011788,200.962935191242,201.9749972989551,18851100
2023-03-30,206.22169494628906,206.46974837510436,201.24079299646337,201.7964302546129,22608300
2023-03-31,210.28976440429688,210.51796930568898,205.1600216261787,205.62636325509658,25440300
2023-04-03,211.41098022460938,211.82770816161158,206.57888921274505,207.21390537484075,17924600
2023-04-04,213.04811096191406,214.5562799124581,210.885077384689,211.72846502268536,21026400
2023-04-05,209.8333282470703,213.51444737094567,208.30532596205177,212.48253674679614,19396600
2023-04-06,214.41738891601562,215.25084479932204,207.0253846600838,207.6207189424339,26104400
2023-04-10,213.07786560058594,213.98078358899562,209.0197157053964,213.0381837191073,16106100
2023-04-11,212.1848907470703,214.33799250651626,211.74831432764745,213.80218866814147,16710100
2023-04-12,212.33370971679688,215.15159269813535,210.92476822612764,213.16716550452043,18972200
2023-04-13,218.63427734375,219.42803612820578,214.0105582384014,214.05024012163284,23310400
2023-04-14,219.76539611816406,220.38056370650133,215.85607210458502,216.18350440998398,21591200
2023-04-17,217.15585327148438,219.25934110535243,215.4393281078086,218.07860458502867,15481900
2023-04-18,216.19342041015625,218.7235681147785,214.52650883156815,218.19769611867787,12281000
2023-04-19,214.02047729492188,215.63779035912322,211.27204129636542,211.80784513578433,15898100
2023-04-20,211.41098022460938,215.06231937166476,211.11331308675648,211.81777633502944,16475400
2023-04-21,211.2323455810547,211.74830087486373,207.94812109811113,208.57322048984176,17717200
2023-04-24,211.13311767578125,212.2543238481798,209.06932678531544,212.01618714236722,15750900
2023-04-25,205.93394470214844,209.61504884053275,205.51721678874523,209.1784875550475,19198200
2023-04-26,207.76953125,212.44286418050763,207.25359105527792,210.84539960612796,41992700
2023-04-27,236.70248413085938,239.8081176766573,234.9264283723866,238.02213009217323,71196500
2023-04-28,238.4488067626953,238.55793573673895,233.9143828273357,237.1489940811513,39554000
2023-05-01,241.28648376464844,242.10010614264476,234.61882263900713,236.7619924001167,29143900
2023-05-02,237.37718200683594,243.01294786638383,237.12912861217322,241.28649078913926,24350100
2023-05-03,235.18438720703125,239.8676365865375,230.93771423171293,237.60539080118016,34463900
2023-05-04,231.70172119140625,236.3452735137011,231.11630366840006,234.22193704205742,17889400
2023-05-05,230.9674835205078,232.85268332838044,228.0603049028967,230.43169483131584,27000500
2023-05-08,231.4536895751953,233.7853826412468,228.4770485325923,229.61808820959843,16400500
2023-05-09,231.55288696289062,234.043352831237,229.2807244414687,229.6577704607354,16865600
2023-05-10,231.26515197753906,234.90657414001882,228.92352723267723,234.33108842458907,19119000
2023-05-11,233.9540557861328,236.35522620301435,230.49123974968126,231.2354000059932,20449000
2023-05-12,231.98947143554688,235.11495352176897,229.64784661240037,234.89666530723997,16161400
2023-05-15,237.0001678466797,238.38926098744537,233.49765465462505,235.07527082306171,20653200
2023-05-16,236.96046447753906,237.77407177480512,233.68615649688385,233.9540432740443,18163800
2023-05-17,240.6018829345703,241.94136221960335,236.28574768951486,236.59333148518962,21193100
2023-05-18,244.9279327392578,245.16605431320838,239.31200014059405,239.42114424198073,22943300
2023-05-19,243.7273406982422,246.7535951143533,241.51470867661695,245.54309334790887,21733600
2023-05-22,246.386474609375,251.59559571740687,243.21137915535476,243.49912956161424,27738500
2023-05-23,244.81878662109375,249.65086195908967,244.72947589162,244.88823369959792,17748100
2023-05-24,247.2695770263672,247.64660792831876,243.04273707413475,243.3701694042358,17724300
2023-05-25,250.72244262695312,253.62962104103107,247.2298467160668,251.42690576416305,22371400
2023-05-26,259.9996643066406,260.2675510820646,250.7423094564224,250.9605825230714,25727200
2023-05-30,260.4759216308594,266.5581962700264,259.25551819647967,263.18467584953015,23816500
2023-05-31,262.6587829589844,262.93660155320083,256.43761464566063,257.9755335993669,25473700
2023-06-01,270.48736572265625,271.866557317883,263.8197186411394,263.8296201878953,25609500
2023-06-02,270.48736572265625,273.20605188620755,269.0089769801132,270.5369945762739,19416900
2023-06-05,269.2768859863281,273.4243319144258,267.4611179895091,268.1953464254039,20742900
2023-06-06,269.0089416503906,274.4165177871543,267.5900834945639,268.036591718684,19419000
2023-06-07,261.5475158691406,272.11458484922684,260.75372680643784,269.5546870369073,26163600
2023-06-08,262.5198669433594,265.5659700319198,256.86426746253426,258.5907094762658,20899400
2023-06-09,262.88702392578125,265.86366493518454,259.6623294989277,260.43625495017426,16949800
2023-06-12,268.939453125,269.63401467681086,263.2639907769064,265.08969023653174,15442500
2023-06-13,269.2074279785156,273.57316219648015,266.9947805297934,272.73970632322903,16164000
2023-06-14,271.2216491699219,272.84886406164475,266.2308149508549,269.7730254955901,19175100
2023-06-15,279.63555908203125,281.7787441952247,269.3066416531064,270.1797642281489,25973500
2023-06-16,278.8120422363281,285.6087119553762,277.94882118522963,282.53284351172397,43127700
2023-06-20,282.1160888671875,282.5824304857627,274.0692508402336,276.55971674793904,20701600
2023-06-21,279.447021484375,281.78863078326714,276.19253217277145,281.3222892323925,20556200
2023-06-22,282.6618347167969,283.0388807556065,275.6270434409826,276.90697727173125,17563100
2023-06-23,286.4819030761719,287.41458647610796,276.77805326574025,279.3181181864284,51092000
2023-06-26,276.3017272949219,287.5335927129634,275.4385062924321,286.45208350341085,24232700
2023-06-27,284.81488037109375,287.09698964762225,278.46471986414537,279.8141460043459,26108300
2023-06-28,283.0686340332031,287.29544349247846,281.84820037160534,282.60229241746646,16722100
2023-06-29,279.3379211425781,284.33868665809604,278.50446526998496,282.28479703637055,15395700
2023-06-30,284.7455139160156,286.79937337324867,282.2054491291331,282.54279817177024,19694900
2023-07-03,283.7929382324219,287.1466252255622,282.6320652147703,284.4676665294726,8629300
2023-07-05,292.0779113769531,295.79871236153565,284.13027078429906,285.41023480138307,33865500
2023-07-06,289.7164611816406,295.79873585225204,289.0417631500449,293.5861187368782,47600500
2023-07-07,288.267822265625,293.89368682314864,286.4123876380687,289.90496868523604,25586000
2023-07-10,291.80999755859375,295.80861676818955,284.81487418799236,293.24868897130455,37058300
2023-07-11,295.9674072265625,297.84267521035605,289.6271477024056,291.6115749292531,27585900
2023-07-12,306.9313659667969,307.04052521355806,297.7633215569858,299.4004680187438,36677100
2023-07-13,310.9696960449219,313.77764746289074,307.87399417862326,311.17805244131847,30281000
2023-07-14,306.46502685546875,312.4282406131699,304.9667745464392,309.36230405201036,23054100
2023-07-17,308.2013854980469,309.2828946951575,302.3373994520956,305.1453809142804,25323100
2023-07-18,309.6202392578125,311.75352270448207,305.2247403126379,308.45936631199953,20731900
2023-07-19,313.5494689941406,316.19866268368173,308.10219505234863,310.5926611922204,21763700
2023-07-20,300.16448974609375,313.0831320210186,299.86683773605597,311.05900751288084,23836900
2023-07-21,291.9687805175781,303.081554551309,288.9326093562947,302.19850020228625,42139300
2023-07-24,289.3393859863281,295.2033718464492,286.0551614764398,293.4769299160423,24915700
2023-07-25,292.1771545410156,295.97731949491924,289.5874611705835,292.89154957975995,19585600
2023-07-26,296.2452392578125,299.42030479674065,289.62716083305537,298.844834198046,47256900
2023-07-27,309.28289794921875,322.81670621390026,307.4274633309865,322.58848618129997,64229200
2023-07-28,322.9457092285156,323.66010426666475,311.80313905459457,314.4126657950555,39220300
2023-07-31,316.1192321777344,323.12425717661716,315.11708683722975,321.1695953393681,25799600
2023-08-01,320.1972351074219,321.6161235359721,312.2099279207589,315.0675078686695,22817900
2023-08-02,311.8626403808594,315.9108886463333,308.2311351321081,315.5239108250941,20461100
2023-08-03,310.75140380859375,313.4899232457008,307.5167775331678,307.5167775331678,15180200
2023-08-04,308.310546875,315.9307401558167,307.7846748712968,312.50759107890946,17612800
2023-08-07,314.0951232910156,314.60116189806973,308.04261449667547,310.79106544719536,16236500
2023-08-08,310.2056579589844,315.41477908225454,307.69532861558554,311.95193321184496,15183500
2023-08-09,302.8335266113281,311.1879790598838,300.4919168777885,310.4438188052483,19955800
2023-08-10,303.3593444824219,309.907959609961,301.50391009027555,305.5422262849192,14358900
2023-08-11,299.2913513183594,302.34735615356055,298.021288729232,300.21410278081095,14046300
2023-08-14,303.8058776855469,303.82571105631087,295.9276994586192,298.63645342569663,15641900
2023-08-15,299.5989074707031,304.8377940471984,297.6938440429067,303.75628486098515,11623600
2023-08-16,291.9985656738281,298.735674605063,291.988633847669,297.8625520218376,18547700
2023-08-17,282.8701477050781,293.7447993644436,282.7312535583834,290.76815881578875,23950100
2023-08-18,281.0445251464844,283.4655289505489,272.2435946407065,276.85738220141786,35347900
2023-08-21,287.6427917480469,288.2381261196051,279.6554822928627,281.2430305236967,20181500
2023-08-22,285.360595703125,290.6193149024441,284.51720821041675,290.272034137217,12980200
2023-08-23,291.9489440917969,295.08434296040133,285.4301232140553,286.25364724690445,18287000
2023-08-24,284.51727294921875,297.12830035290386,284.4081439787186,296.1757836977918,18360900
2023-08-25,283.2770080566406,286.1445201506835,273.8807432156826,283.90210752516674,23701400
2023-08-28,287.9999084472656,289.1806449684755,283.5746143089688,285.75749618346293,14239300
2023-08-29,295.6697082519531,296.8206796120224,285.93609567718016,286.3329750441115,20844500
2023-08-30,292.8022155761719,295.9673791248622,291.14520567590415,294.8561048281346,17717000
2023-08-31,293.5860900878906,298.7555143501628,293.3578700641985,293.49676421952233,17229900
2023-09-01,294.072265625,299.3905158783328,292.17713405399326,297.038974539007,12842300
2023-09-05,297.8128967285156,299.04326214464817,293.20904151317234,294.7072634122402,14956000
2023-09-06,296.8405456542969,300.93836224382807,293.3578663505046,299.36074630859395,15418100
2023-09-07,296.3444519042969,304.6591765120229,289.9446620146728,295.67965546312854,33748700
2023-09-08,295.570556640625,302.87323501269304,294.46918367681815,296.8901875518962,17548000
2023-09-11,305.1652526855469,306.63373990822015,298.93415166603296,299.0631442958572,19489300
2023-09-12,299.3111267089844,306.2566211780148,297.8922686774997,303.94474677654966,13480400
2023-09-13,302.6846923828125,304.78818046723666,298.97382303689284,300.00570342701496,13210900
2023-09-14,309.2928466796875,310.4338863451406,302.65493479949475,304.3516116982113,19343100
2023-09-15,297.9716491699219,309.5706280070703,296.4237984522829,309.18365018768327,28131100
2023-09-18,300.1942443847656,301.23608694316124,295.48122928524634,295.86820716463995,14234200
2023-09-19,302.69464111328125,303.7860822406688,297.47558735502014,300.12481126059,15924400
2023-09-20,297.3366394042969,305.66129510671567,297.0984875686937,302.67472271647927,19379500
2023-09-21,293.4273376464844,297.92206402517564,290.98647039875095,293.39757244980257,21319600
2023-09-22,296.7512512207031,303.00221551221176,295.947560570074,296.9695394393899,25369600
2023-09-25,298.48760986328125,298.6067009327977,291.41315219064484,293.3380490350795,18987000
2023-09-26,296.6321716308594,297.9617342313641,293.7051596565991,295.34230605304384,19417200
2023-09-27,295.4216613769531,298.95393929645525,284.55694085285074,298.11058197811235,36429800
2023-09-28,301.59326171875,303.9448032957464,294.3898109917405,296.6123599455331,22167100
2023-09-29,297.8724060058594,308.2212158114376,297.0290184758619,304.98659011566156,25373700
2023-10-02,304.4309997558594,304.78818213594394,299.28140848326984,300.3827511018216,16265600
2023-10-03,298.5967712402344,304.38136336068993,297.30690563751256,301.89092774805414,17362300
2023-10-04,303.20062255859375,304.51035179503504,296.1757635012426,296.4039835330329,16880500
2023-10-05,302.4168395996094,303.82576617835457,297.1680203445175,302.2580817648284,19130000
2023-10-06,312.973876953125,313.8470296218841,298.56694875845375,299.09282066850847,21803900
2023-10-09,315.8811340332031,317.8357962026818,309.3920783387563,310.0667763769625,22503700
2023-10-10,319.3340148925781,322.1320644548327,315.68267618606524,316.6351927442957,19038000
2023-10-11,325.26751708984375,326.2795642087612,320.435440997427,320.49497139971857,22036300
2023-10-12,321.6359558105469,327.9662832580327,320.17740064543665,325.4460523014571,20530500
2023-10-13,312.2397155761719,322.5190344437851,309.93777264367094,321.0108805983314,21341000
2023-10-16,318.6493835449219,319.3141799633307,313.0632162730603,316.15894806212225,16536100
2023-10-17,321.4772033691406,321.87408274940765,314.8293601998335,315.70251300439446,16387800
2023-10-18,314.5019836425781,323.4021419109411,313.10295866554907,318.8875816026241,16851000
2023-10-19,310.37432861328125,319.38364490768606,309.3225846372319,317.3892859153871,18709200
2023-10-20,306.2467041015625,312.8449181089046,304.08368584423033,311.69397704496873,22312300
2023-10-23,311.5650329589844,314.8889246228949,304.8675904983353,307.090139491986,17796800
2023-10-24,310.11639404296875,315.8712519348251,308.2113606083932,314.313469087205,19525500
2023-10-25,297.19769287109375,308.4593215619921,296.51306316957107,307.5861688829515,42192500
2023-10-26,286.10479736328125,292.703011741462,277.22447353914265,292.703011741462,66684100
2023-10-27,294.4195861816406,296.9794842399318,290.68885292835586,292.1871053257045,29596300
2023-10-30,300.3033752441406,306.9908852950392,296.7214683615975,296.7611653844392,28435100
2023-10-31,298.9242248535156,301.31546361894567,294.548558592787,300.94834937710914,19434200
2023-11-01,309.42181396484375,310.3048683139882,299.4996780690973,299.4996780690973,20434600
2023-11-02,308.4494323730469,316.3375424870294,305.92920138835984,314.82935845841877,21631800
2023-11-03,312.1504211425781,313.093005944509,308.59827930973705,310.1163649869128,16764300
2023-11-06,313.3410339355469,315.8513330615882,312.0015698372686,313.5196553912785,12887700
2023-11-07,316.33758544921875,318.5006040914344,312.66638257356414,314.59127961258827,14055600
2023-11-08,317.2900085449219,318.82792724513115,312.4281688075385,315.662794269857,13609700
2023-11-09,318.0540466308594,321.6557867220615,316.3176728894775,316.93287073587214,16103100
2023-11-10,326.21002197265625,326.5374693849102,316.9725166965042,317.4487900779858,19096200
2023-11-13,326.6268005371094,329.7423355253946,323.1639847295043,323.66009153425944,16908900
2023-11-14,333.69134521484375,335.46741599370006,330.7345378585308,331.9351380866725,17179400
2023-11-15,330.1193542480469,335.7650516417798,327.450297436741,335.2987100726681,14531200
2023-11-16,331.5878601074219,331.97480765966105,323.838674437655,326.8053833646593,18932600
2023-11-17,332.4312744140625,332.88768422104437,326.78557624437,327.6884943120668,14494400
2023-11-20,337.3228759765625,339.20807585654825,331.58788228778786,332.28244395513093,16960500
2023-11-21,334.356201171875,337.25344837199526,333.2845933625456,335.6956655135957,12027900
2023-11-22,338.8310241699219,340.2499126792458,335.9436788615161,336.5687782957013,10702700
2023-11-24,335.5964050292969,339.1981148354986,334.14775142266285,337.4816047470225,5467500
2023-11-27,332.0939636230469,337.25345710089465,331.59785673402524,333.5624206353755,15684500
2023-11-28,336.3504638671875,336.73744168864545,330.8039937193066,330.8039937193066,12637200
2023-11-29,329.6133728027344,337.25339941898335,328.20441615570996,337.04504303961954,16024500
2023-11-30,324.6026611328125,330.9032233148891,319.88964670778785,329.3057740125749,23146400
2023-12-01,322.2908630371094,324.314957194441,318.26247781580844,322.9457277162317,15276400
2023-12-04,317.5281982421875,318.3616540663768,311.2177340247724,314.81947438356156,19037100
2023-12-05,315.81170654296875,319.3737500866392,312.9342928735929,316.4963364172633,16952100
2023-12-06,314.9782409667969,319.74085446043057,314.5714297293888,319.42333881953283,11294300
2023-12-07,324.04705810546875,325.684204601207,315.2957262890319,315.2957262890319,15905100
2023-12-08,330.1590576171875,330.57580062992184,320.4849755382466,320.5742711238423,14087400
2023-12-11,322.74725341796875,327.3213740695982,317.50836658058734,326.8351687929006,25802500
2023-12-12,331.61761474609375,331.86566813423246,322.032828194819,322.0725252153085,18485500
2023-12-13,332.1335754394531,335.73531570283495,330.04995107415203,331.32988483456126,16353300
2023-12-14,330.5758361816406,332.0939218599385,326.08110954354635,331.2505341986713,19607300
2023-12-15,332.3121643066406,336.0230331691818,328.64096218319736,329.4049556902048,31776900
2023-12-18,341.9366760253906,344.85378668804714,334.3958459469585,334.85228604462384,18993900
2023-12-19,347.6319580078125,350.8467508068738,342.4327681993937,342.8891779975481,17729400
2023-12-20,346.5603942871094,352.196160744239,345.0820055877461,345.9352948214848,16369900
2023-12-21,351.3328857421875,353.63482840250197,346.4908788635791,350.2315432565786,15289600
2023-12-22,350.63836669921875,354.4186979641028,348.4852499373512,352.81128655167174,11772800
2023-12-26,352.067138671875,354.2004221377004,350.6979093378439,352.2258964816082,9898600
2023-12-27,355.0437927246094,356.2046960041271,352.5434252578998,353.29751731228595,13207900
2023-12-28,355.5299987792969,359.08211028758853,355.0239601332717,356.8992584473952,11798800
2023-12-29,351.2039489746094,357.1969281361714,349.08062742515625,356.19478262042475,14987100
2024-01-02,343.5936584472656,350.41016108257946,337.3625582064885,348.58449167928967,19042200
2024-01-03,341.7878112792969,345.24072541994775,340.5078472895794,342.29384989196654,15451100
2024-01-04,344.41717529296875,345.43915407584143,340.72613954007755,341.8175805411929,12099900
2024-01-05,349.2095947265625,350.7475137214206,343.56389682163444,344.28819338310336,13920700
2024-01-08,355.8673400878906,356.18485571303864,349.3087923232341,351.93818263654276,13890200
2024-01-09,354.64691162109375,357.8319391849978,352.5930221333329,353.62493279017207,13463900
2024-01-10,367.5853271484375,370.0360956419121,356.28400113829946,357.36554047197785,22117200
2024-01-11,366.7915954589844,369.8773650575961,360.1040555578914,369.2324323076566,17205400
2024-01-12,371.5740966796875,374.124093141166,366.6626570609986,367.277824706656,19310000
2024-01-16,364.5988464355469,372.6853822277794,364.3706566582682,370.74065180769946,15306900
2024-01-17,365.50177001953125,365.6704596782648,355.8177542418374,363.4478803135723,12724800
2024-01-18,373.2013244628906,373.91571950102383,368.06166503074314,368.59743859937487,16354300
2024-01-19,380.46435546875,381.3672432896038,375.02701349065325,376.0489923907014,21670800
2024-01-22,378.8072509765625,387.3105275382375,378.19208348033004,384.9292213063903,17680500
2024-01-23,382.20068359375,385.3559155148058,379.10495178521484,381.6251827598736,15506100
2024-01-24,387.6578063964844,393.0653515222185,384.7902949962715,386.96324487063345,15698500
2024-01-25,390.11859130859375,392.41060262725716,382.65715487917475,387.13204853940346,15091100
2024-01-26,391.0711364746094,393.70049681924047,388.5409732796185,391.2794928807982,13163700
2024-01-29,397.8974609375,399.7925924230997,390.03914669643075,391.9144145321582,18742400
2024-01-30,396.9449768066406,403.1959104756482,396.4588018243719,400.4474896600289,18614700
2024-01-31,387.1022644042969,394.90104949050806,384.0859263016593,385.9711262608232,20180800
2024-02-01,391.70611572265625,397.3815791884309,389.9895751539661,390.8726598643205,29727100
2024-02-02,471.29150390625,482.1760877489695,449.48266948042186,456.0213531341314,84707600
2024-02-05,455.83282470703125,468.2255620956706,455.64430171258823,466.2213016515371,40832400
2024-02-06,451.1794128417969,463.4828566103552,449.47280407428997,460.3871547251005,21655200
2024-02-07,465.9335632324219,467.84852814106995,452.62797572422755,454.4338116753669,23066000
2024-02-08,466.34039306640625,466.9257954581502,461.40909025193133,464.6734814817839,18815100
2024-02-09,464.46514892578125,469.9024910003543,463.8301478919399,469.26748996651287,18413100
2024-02-12,465.2489929199219,475.4191832366272,462.9470498932434,464.5445296788117,19382000
2024-02-13,456.5373229980469,464.2468421541009,451.54648973334866,453.3126287541774,20916600
2024-02-14,469.5948486328125,470.4183725927847,462.4608304684062,464.2864998480657,16858400
2024-02-15,480.2611389160156,484.8153956241021,468.5430989342173,471.5792700729416,24212300
2024-02-16,469.634521484375,475.23059012184814,465.556508076683,474.3872025542275,23324600
2024-02-20,468.0767822265625,472.4722813616275,462.9271910394476,466.0625897590752,18015500
2024-02-21,464.8784484863281,465.84191805812145,458.68047616341727,463.3587521836112,12921800
2024-02-22,482.8565368652344,486.6905301190663,472.8543382477021,477.0061839829521,21625800
2024-02-23,480.7707214355469,491.0311497339842,479.1020412033738,484.76364134369345,18374300
2024-02-26,478.4961242675781,482.86652048024735,477.3638163849019,480.2144859744723,12101400
2024-02-27,483.7703857421875,483.9889055616532,476.68842180532044,476.74801536407614,10809600
2024-02-28,480.7607727050781,487.7434340041243,479.4993353400965,481.73418465032995,12715500
2024-02-29,486.8296813964844,488.389116970363,479.36029842457447,485.1510587006431,17732000
2024-03-01,498.91766357421875,500.8545450353312,488.5380486516633,488.7962772842843,16273600
2024-03-04,494.8353576660156,501.023417843007,493.0772871660998,499.61296631053943,12324100
2024-03-05,486.91900634765625,492.24289916092766,484.6047092081151,491.66681804477713,15325300
2024-03-06,492.7495422363281,499.58322016092893,490.96167477767403,494.2791810340301,11757900
2024-03-07,508.7411193847656,516.3495133273082,498.0039120353607,499.8911121312514,18586400
2024-03-08,502.5431823730469,520.0445327158662,495.98761761186836,510.72768838193537,18597100
2024-03-11,480.33367919921875,493.9712373423791,472.7947911045604,493.6633271933071,20428300
2024-03-12,496.3848876953125,498.9276472763487,481.46603715056744,489.9385984033987,15448200
2024-03-13,492.2330322265625,497.6066070345607,487.72359432803495,492.05425155124124,12090700
2024-03-14,488.5182189941406,497.97413488615047,484.8729481404794,496.8914781058929,12620000
2024-03-15,480.84027099609375,488.5182008794358,478.05910688483056,485.71721266457956,29153600
2024-03-18,493.6335144042969,494.0705540169501,483.5319824334074,488.5976468076453,11755300
2024-03-19,492.89849853515625,493.28588697301825,478.039241983051,484.88286188860536,10903100
2024-03-20,502.1159973144531,504.7779741854075,491.835714780714,496.13654476437773,11711100
2024-03-21,504.3409729003906,511.5719209963109,502.6027566454652,511.24418672335725,9712500
2024-03-22,506.148681640625,506.5360700886192,500.9439753750218,503.5860676514322,8120600
2024-03-25,499.6328430175781,503.80457393392254,496.871563696633,502.38421028695126,8380600
2024-03-26,492.5509033203125,506.5658780636044,491.87545911237584,501.72867541124447,11205400
2024-03-27,490.5345458984375,496.5239715871602,484.78355507786483,495.9379177172375,9989700
2024-03-28,482.310302734375,489.57110826984064,481.88320544172586,489.5214267607809,15212800
2024-04-01,488.04144287109375,494.0804891364972,478.5358763202007,483.919393448101,9247000
2024-04-02,494.02093505859375,494.1798613298688,481.38658445705084,481.8335664895174,11081000
2024-04-03,503.3277893066406,503.82442249033096,495.3916007311355,495.57038140236386,12099200
2024-04-04,507.47967529296875,526.4311846012982,507.1419380470807,512.9426101041053,26476300
2024-04-05,523.7890625,527.1264226237954,510.94607625503056,513.3795907460255,19263300
2024-04-08,515.753662109375,527.9112351234567,515.3961006970031,525.7161548218018,13260600
2024-04-09,513.41943359375,522.3290042268167,503.3278128790067,518.7134999304255,10863800
2024-04-10,516.3296508789062,519.0412485473654,502.3940952347152,505.86061532238585,11418500
2024-04-11,519.6372680664062,520.3325667313413,513.8067986443587,517.6010838952341,10369500
2024-04-12,508.4530334472656,516.6872198942802,505.90033167824595,514.26364759941,11984500
2024-04-15,496.8616943359375,515.0384888193967,493.9315461414956,513.2406183198545,13512900
2024-04-16,496.3948059082031,501.37104976093684,493.76262580382166,494.7558921640913,9847900
2024-04-17,490.84246826171875,499.77192346212956,483.85980671013607,499.71232990333476,12193700
2024-04-18,498.42108154296875,508.76101901000555,495.67968681337135,496.45443341487936,14808700
2024-04-19,477.83062744140625,499.4142847960301,472.52658902325265,499.4142847960301,25215400
2024-04-22,478.48626708984375,488.6970451800913,470.2123404271616,486.4224564783826,17271100
2024-04-23,492.7594909667969,495.4015833562038,485.67749634188175,487.94214263107534,15079200
2024-04-24,490.1769714355469,506.56586713703933,481.317021755362,504.6389278841395,37772700
2024-04-25,438.4078674316406,442.76829055814767,411.70886546766474,418.56239661086227,82890700
2024-04-26,440.3050537109375,443.4338366860677,429.05132886461274,438.48735929530994,32691400
2024-04-29,429.7068786621094,436.7988148712777,425.6742197513567,436.60014947867506,21502600
2024-04-30,427.2734375,436.65978716345234,426.826455477513,428.1474865043682,18429500
2024-05-01,436.232666015625,446.93013406880516,424.23399111108887,425.71397863682915,20344900
2024-05-02,438.7059020996094,440.9705483091824,429.3692038781096,435.8850291236209,15221300
2024-05-03,448.9166564941406,451.11179697891964,440.86128084790545,442.92726154360383,16489100
2024-05-06,462.5442810058594,463.02105978106573,450.28737750238747,452.5122844958483,15094600
2024-05-07,465.0870056152344,468.3548602507181,458.2036773866879,463.15015450497714,13406800
2024-05-08,469.417724609375,472.377639194553,459.8823607432109,460.378993962156,11683900
2024-05-09,472.2187194824219,472.8742486238149,464.48116583313845,466.8352023225762,9437700
2024-05-10,472.99346923828125,474.2847034264408,466.437904971436,473.87746056720033,10750000
2024-05-13,464.8586120605469,470.1626509363038,459.73335385977305,469.5666850409423,14668800
2024-05-14,468.6727294921875,469.35808569307136,456.9819652481851,460.24982000044906,10478600
2024-05-15,478.2974853515625,479.25101255755794,468.02711495824536,471.7816605384409,13100500
2024-05-16,470.04345703125,474.4734165714435,469.5666782594295,471.801527600696,16608200
2024-05-17,468.73236083984375,469.61635219313234,465.265870726958,467.6596161293241,10807300
2024-05-20,465.6830139160156,470.01367116907085,463.89514652631107,466.78555537893186,11745100
2024-05-21,461.5013427734375,467.53047671083374,459.1572184570371,463.97456625143184,11742200
2024-05-22,464.6301574707031,470.5301623382244,462.51449517924743,464.71954780965524,10078600
2024-05-23,462.6435852050781,471.165796891298,458.43214570916444,469.6957821377868,11747900
2024-05-24,474.9998474121094,476.61887645447604,463.16009887613995,464.4712177669983,12024300
2024-05-28,476.68841552734375,477.6220580395815,471.6426053305284,473.37087913585106,10175800
2024-05-29,471.165771484375,476.6188238980227,470.5102424233148,471.46376955148327,9226200
2024-05-30,463.90509033203125,468.55360042520306,461.5808504414888,468.4940068622727,10719600
2024-05-31,463.6865234375,465.9611118987805,451.3998233629331,462.66346029491183,16919800
2024-06-03,474.2747802734375,476.3705882132415,465.0870657511374,467.68941896049296,11279400
2024-06-04,473.7781066894531,475.6653370045295,470.04344582485936,473.78804905282203,7088700
2024-06-05,491.7264709472656,493.3057609159678,480.651556438236,481.18792879186043,15690500
2024-06-06,490.4352111816406,499.4342020437463,487.58454155763394,489.6604646276873,10667300
2024-06-07,489.6405944824219,495.5505416682554,486.8694030600324,492.57074247783544,9380700
2024-06-10,499.2156982421875,499.2752918011658,490.087577609636,490.53452930197295,11220900
2024-06-11,504.05291748046875,504.18204696656784,494.91485418085466,496.7921422872139,9673700
2024-06-12,505.4136657714844,510.5488663402382,501.0730965012288,510.5289816127229,11983200
2024-06-13,500.7055969238281,505.9301575612256,497.98402638310364,502.3047412736244,9954600
2024-06-14,501.2623596191406,504.2351649770315,497.87195484771325,499.76102858798566,10243300
2024-06-17,503.71820068359375,507.8145165497157,493.15924290347647,498.786716272725,11266600
2024-06-18,496.6191711425781,503.0917646222148,492.1748612572284,501.66003859591564,13060400
2024-06-20,498.81658935546875,500.77526837884443,493.91490050771154,499.114853027177,11801200
2024-06-21,491.9363098144531,500.55649337523585,489.5600618320149,500.55649337523585,22359200
2024-06-24,496.04254150390625,504.88143086237153,491.4490995948573,496.33088323813683,13525300
2024-06-25,507.66534423828125,507.77469745154934,492.65212507473245,494.1932043482864,12063200
2024-06-26,510.1709289550781,510.8569657298351,501.7794339307379,503.7381129188355,8882300
2024-06-27,516.5738525390625,519.8747782877508,510.9464098062174,511.294373925033,10121200
2024-06-28,501.3219909667969,518.8804935548256,500.94417016641717,514.1776987031992,15855100
2024-07-01,501.7793884277344,503.6684622749848,490.3355617817053,502.0478560452752,10328200
2024-07-02,506.5716857910156,507.5659383637164,496.57945957224564,497.88192801510917,7739500
2024-07-03,507.02899169921875,508.34141226916296,503.11163445819557,503.459628898402,6005600
2024-07-05,536.806884765625,537.7613890905714,508.659626943001,508.659626943001,21354100
2024-07-08,526.2778930664062,539.6903534680489,523.6232551138687,539.2329753391592,14917500
2024-07-09,526.9537963867188,534.3907852639005,525.1542018868099,530.6822430592663,8753200
2024-07-10,531.616943359375,535.7828643236683,525.3233071938398,527.739333812602,10983300
2024-07-11,509.7533264160156,532.3825255793723,505.44819561353233,527.8387838594573,16458300
2024-07-12,496.0028076171875,505.1698181338821,491.3894911645417,494.89920175558495,19750500
2024-07-15,493.3083801269531,503.76790669294775,490.5344068407608,495.764185294849,12539200
2024-07-16,486.9750061035156,501.0536270420419,482.9979955675087,498.61769595186473,14075800
2024-07-17,459.3347473144531,476.41602998115064,456.4812472174527,476.41602998115064,28076600
2024-07-18,473.1150817871094,476.4855821522594,461.87008787870946,472.2699610515285,19267200
2024-07-19,474.0496826171875,483.91265093835443,472.975872869739,473.3238673312673,15149400
2024-07-22,484.59869384765625,489.23191443908513,481.11880987205853,483.78339946267863,12023100
2024-07-23,485.88128662109375,492.3737546328562,484.9168604229217,487.024670998181,9455500
2024-07-24,458.61883544921875,473.56244917033604,457.93279880328066,469.5953914420506,17649700
2024-07-25,450.8040771484375,460.88578278239254,440.10590941212183,460.5974713733936,18240500
2024-07-26,463.0234375,467.0700224305545,456.7795325266989,461.5320586336811,14222400
2024-07-29,463.0333251953125,471.23590835425637,462.34728854009927,467.1793714880281,11339600
2024-07-30,460.5278625488281,470.0130408141906,454.07517290776104,464.315962513696,11390400
2024-07-31,472.1009216308594,473.7613367281888,464.06737443417023,468.3128218694942,24285800
2024-08-01,494.8792724609375,524.1401187856688,489.27170365366396,518.0055973214868,43083100
2024-08-02,485.33447265625,498.2696781877349,473.4133634987111,486.18951531730556,24044700
2024-08-05,472.99578857421875,480.7012460328518,448.2090488117456,448.7559059334732,21396200
2024-08-06,491.250244140625,499.6715645445627,475.8989821739981,476.24697663872547,20955000
2024-08-07,486.1099548339844,507.2179163887547,484.06176673048657,500.2382746300819,20105300
2024-08-08,506.700927734375,507.02901772261134,491.87661869501426,494.6406395475425,16156800
2024-08-09,514.7942504882812,515.3609818210642,502.7936128702813,504.79204020570734,13696600
2024-08-12,512.984619140625,515.0427292166193,506.1739830538234,513.8893622667638,9767400
2024-08-13,525.502197265625,528.4452065274616,515.1719598564413,517.0212549519154,13743800
2024-08-14,523.7324829101562,530.9308616621455,520.1233412991648,525.0249990881922,11444200
2024-08-15,534.2417602539062,536.667738996692,523.6728503857054,528.7335620768248,13482100
2024-08-16,524.3887329101562,530.5928599406125,521.6445857964466,528.8430261939557,14776700
2024-08-19,526.2379760742188,528.6042411215221,519.7554305554554,523.8417936399916,9879700
2024-08-20,523.70263671875,528.0376240435813,522.8575463080886,525.3133210272216,7944400
2024-08-21,532.084228515625,536.2999107822917,523.901548516815,524.1203156585808,13423300
2024-08-22,528.8727416992188,541.1020356974973,525.551972227874,533.9136093150988,15708300
2024-08-23,524.9652709960938,536.767042214686,522.0421664915824,533.8339854766065,11323900
2024-08-26,518.1248779296875,524.9653402482775,511.99035675969463,524.5676149591942,9584000
2024-08-27,516.116455078125,520.9982688988101,512.3482599012927,515.9971496313474,6282700
2024-08-28,513.809814453125,518.095040120393,509.5046843177006,514.6946530207725,9106100
2024-08-29,515.2415161132812,524.169945083232,512.7161365376401,516.0667627034325,8317400
2024-08-30,518.313720703125,520.5308841553244,512.2388530507853,518.3534689531028,9157500
2024-09-03,508.81866455078125,522.4697318344816,505.69669716450665,516.6533790353354,12459100
2024-09-04,509.7930908203125,513.6209999091698,501.1729373910715,503.1614426784679,8335200
2024-09-05,513.8893432617188,518.6319472042396,508.2121698645864,508.7789010834829,8640900
2024-09-06,497.3946838378906,521.5649898617991,495.38630472485954,518.8804959933531,14744500
2024-09-09,501.88873291015625,508.3911224777812,499.1942867622704,503.25085399381305,11047800
2024-09-10,501.88873291015625,511.22474819910406,497.1560812540827,505.23935901338297,9899000
2024-09-11,508.8883056640625,510.1709000409841,492.7516050439692,504.0960310908237,10782500
2024-09-12,522.5791625976562,523.6828291466688,512.25881535378,514.0783146741212,11970500
2024-09-13,521.6047973632812,524.5478069237411,514.1379505818885,517.3494277649944,10321400
2024-09-16,530.7208251953125,531.5368365725262,514.9170282546622,522.0227173210484,9527600
2024-09-17,533.7462158203125,539.4984461028365,528.0238099822781,535.02004153394,11690800
2024-09-18,535.368408203125,541.5884146634684,531.3378561652726,534.4926264341286,10323500
2024-09-19,556.4169311523438,559.3727101138928,543.8973445888765,547.360625106574,15647000
2024-09-20,558.6560668945312,561.790974396656,553.630313904446,557.3125698177632,22066800
2024-09-23,561.701416015625,571.2254976602934,559.7110138514457,566.7670162500528,12830700
2024-09-24,560.6266479492188,565.0254197663409,551.5304953936857,563.9605473092387,12993000
2024-09-25,565.5827026367188,574.1115828691105,561.0147031201811,561.3431364723867,16543400
2024-09-26,565.1150512695312,574.6291718932196,559.6513458984354,572.967142227921,14400800
2024-09-27,564.63720703125,568.1005477071013,561.8009085673148,567.3640479667661,9398400
2024-09-30,569.69287109375,571.9221116471715,562.0895207658488,564.9756280044119,12792300
2024-10-01,573.7034912109375,580.2419690688359,567.3640657014531,575.206254439428,15259300
2024-10-02,570.06103515625,573.2357285129472,566.6077171286033,572.1011848887936,6524700
2024-10-03,579.9732666015625,580.5604011358083,566.0006066407063,567.4138356986169,11581000
2024-10-04,593.080078125,593.9856842958213,578.6397020969828,580.9286522167133,14169500
2024-10-07,581.9736938476562,600.0564797527886,581.2371940539072,595.3491375246505,12014200
2024-10-08,590.044677734375,590.7114453313045,583.1578437538082,586.8600226975324,7857400
2024-10-09,587.6761474609375,591.53753216899,578.8188343358976,591.1394274753203,9529700
2024-10-10,581.0282592773438,587.397509697218,579.7245483018079,584.7503015704497,7740400
2024-10-11,587.118896484375,588.3728595792917,579.9136502956993,582.0234717517561,8587100
2024-10-14,587.5865478515625,597.2200860857456,587.1287942740497,591.36829944158,8252000
2024-10-15,583.4564819335938,587.7756200523332,577.3558952346164,587.3277674752023,9564200
2024-10-16,574.02197265625,579.2866249105597,571.275268873164,578.6098955081545,11268400
2024-10-17,574.1613159179688,582.162710233978,572.4396375946716,580.5306267288739,8701200
2024-10-18,573.7034912109375,581.1674987096003,572.4893751474343,578.3112766994918,7694300
2024-10-21,572.3998413085938,574.4698766165733,566.37888676671,573.2657221535495,8171900
2024-10-22,579.2169189453125,580.7296438381057,569.3743668983145,571.5339359680816,8544500
2024-10-23,560.9849853515625,582.192721193023,559.8006934548298,577.1868298357097,14248400
2024-10-24,565.0553588867188,566.15005589508,558.8253897398115,564.4084538185217,7184700
2024-10-25,570.4989624023438,578.5003564229931,568.9762757450173,571.1756917804064,11337900
2024-10-28,575.3854370117188,580.948637846338,571.3648464645419,579.2070359341649,10925100
2024-10-29,590.4329223632812,590.8210046180449,572.6387223000493,577.3659274017436,13019100
2024-10-30,588.9599609375,598.3148749725009,586.5515914382872,598.0958991586175,26864900
2024-10-31,564.856201171875,587.0690948039123,560.3081253081026,582.1925856019707,26838400
2024-11-01,564.4381713867188,570.9169396034644,559.8602710921074,564.886023984338,15303200
2024-11-04,557.9893188476562,565.9608889972419,555.2127297782872,561.392889439504,12064600
2024-11-05,569.6829223632812,570.7278713037589,563.950554670974,564.5775361837109,9775400
2024-11-06,569.3046875,570.25014054464,552.5056907167225,560.0493308752114,18305400
2024-11-07,588.8604736328125,591.9455725919563,572.4496180315167,574.1215485070126,14653700
2024-11-08,586.5118408203125,590.2537459189086,581.7149642470737,588.70123463837,9415700
2024-11-11,580.3713989257812,584.1830360838699,573.7433864354757,583.5460928122134,10209100
2024-11-12,582.0135498046875,596.78230100658,577.5948542236526,585.7156689643949,16287700
2024-11-13,577.2166137695312,582.8295623160514,572.409775650482,579.8140739533536,10757600
2024-11-14,574.3902587890625,577.9730193106801,570.2602105353902,574.2310533344881,11053700
2024-11-15,551.4210205078125,569.8222783942981,548.8533847643662,568.47872051752,17712900
2024-11-18,551.739501953125,557.2131078822542,547.4501877365338,554.3667866349945,14327300
2024-11-19,558.3974609375,558.7357953255338,547.9577494586872,549.2117126735113,9522400
2024-11-20,562.80615234375,563.6321255323566,551.5404684658788,560.2285547368579,9797300
2024-11-21,560.3876953125,567.2645067288902,546.4150359559326,566.7868297396884,11154700
2024-11-22,556.456787109375,561.1242829453168,551.9286340129557,560.8455974662718,9164000
2024-11-25,562.3980712890625,569.842216719163,553.7199469729902,559.4025063006017,13599800
2024-11-26,570.78759765625,574.7286157457173,562.4876547795837,563.2838034841143,10356600
2024-11-27,566.4684448242188,572.2206752566353,561.3928830685265,572.131141178584,7200200
2024-11-29,571.5637817382812,575.6839279960051,564.1794081512957,566.2693057208555,7130500
2024-12-02,589.9850463867188,591.6470151067747,572.8078668096863,574.7285975175146,12522400
2024-12-03,610.7052001953125,611.2525486705784,588.412670496105,592.144674748723,14907200
2024-12-04,610.8345336914062,614.8153379179051,602.1961350667218,610.0184615359037,14697000
2024-12-05,606.0077514648438,616.9251382698544,604.136768682784,614.1186640967649,8081200
2024-12-06,620.776611328125,626.7676806622193,605.609756240286,607.1721685184903,16935500
2024-12-09,610.6255493164062,623.3939965020669,603.2610368421125,620.9258564568023,11426000
2024-12-10,616.347900390625,622.5878301971734,609.7994606988705,614.5963368840676,10938900
2024-12-11,629.643798828125,635.3363804725623,618.547343463704,620.37847939692,10837200
2024-12-12,627.7628784179688,633.6047040008497,624.2001022233808,628.4694930643976,7474700
2024-12-13,617.3729858398438,628.051535081657,613.9296288656519,624.2100126233092,8453300
2024-12-16,621.745361328125,628.6277811747395,616.1080069405396,627.462413035997,10885600
2024-12-17,616.964599609375,629.842921517428,614.0761642573996,623.6676857660912,12897800
2024-12-18,594.8035278320312,624.8529462687603,593.9370093659079,618.5183765194273,17075500
2024-12-19,593.1900024414062,609.0762755305054,592.6222729689903,607.9507863504745,14958100
2024-12-20,582.9111938476562,600.6998062071282,577.68217416769,588.219910849056,48989400
2024-12-23,597.4528198242188,598.6879155279142,583.9071932608068,587.2437814772281,10205800
2024-12-24,605.3213500976562,605.5603812991077,596.8852265249648,600.311421467438,4726100
2024-12-26,600.9389038085938,603.8771273499036,596.5465535400348,603.0603968908488,6081400
2024-12-27,597.4130859375,599.4449119716119,587.4430773536361,597.0146600682612,8084200
2024-12-30,588.877197265625,594.554430315314,583.2398432689357,586.3971578659622,7025900
2024-12-31,583.1702880859375,591.5964426773724,581.5168874699713,589.9032845791338,6019500
2025-01-02,596.8453979492188,602.4927233305804,585.4710498488531,587.3634208812482,12682300
2025-01-03,602.2138061523438,607.0643399858958,594.0266229827574,602.3432915147383,11436800
2025-01-06,627.681640625,628.4684617844035,603.1998488847688,609.385054699766,14560800
2025-01-07,615.4208374023438,629.5740132949604,605.7994061067093,629.175648227163,12071500
2025-01-08,608.2793579101562,613.9765307551536,600.3810557676817,610.9487013550364,10085800
2025-01-10,613.3988647460938,627.3927055003096,594.9529163376031,607.592206559942,19256600
2025-01-13,605.8989868164062,606.5363830240626,596.058464764125,604.6738608485571,10785000
2025-01-14,591.875244140625,603.0703168610439,586.1980104567526,602.6520122964943,13598000
2025-01-15,614.6538696289062,619.972556750708,604.0763139738187,607.7715100133968,15524300
2025-01-16,608.857177734375,613.7874092447745,607.2735655613326,609.0563906745308,8355300
2025-01-17,610.3212280273438,622.4724249589239,601.2575575659065,621.5561185444549,17280600
2025-01-21,613.99658203125,619.0164197693068,606.5763408669152,615.3611025019545,11674000
2025-01-22,621.0084228515625,631.1676746458771,616.9546797410454,620.8092099161343,12274000
2025-01-23,633.9066772460938,634.0560413523201,618.6678301446317,624.8529752907019,9910200
2025-01-24,644.9025268554688,649.3945139716581,631.6656574969397,633.8568781379164,19065300
2025-01-27,657.2429809570312,661.2170263231972,622.601940216737,624.1059156551349,28399200
2025-01-28,671.6353149414062,679.8523469699959,656.8346510497705,663.3385855806857,20950100
2025-01-29,673.78662109375,678.3283961259809,663.0098523603809,672.3025851139503,21377800
2025-01-30,684.2546997070312,707.9496113098508,673.3982325567493,694.0354655916807,29322900
2025-01-31,686.4259033203125,702.4814799874082,682.8403138955325,688.2386375622425,19303900
2025-02-03,694.6728515625,701.1866947109021,672.5515846641146,673.2089204422564,21415700
2025-02-04,701.3759155273438,704.8818683424153,688.846170752285,699.6926666804768,13826300
2025-02-05,702.05322265625,715.270213081664,696.2166547369433,700.7384902909668,17778200
2025-02-06,709.1447143554688,716.0271344480996,700.6886520762018,703.0591459116995,13080700
2025-02-07,711.6646728515625,722.1127432544886,708.9057228017197,713.9355299622597,16427100
2025-02-10,714.533203125,718.3180056858356,708.4874523182466,715.6885408700438,12904300
2025-02-11,716.9235229492188,720.7680830266086,707.2025161364162,710.4694377796111,12998000
2025-02-12,722.4812622070312,724.1943596127884,709.7523040950127,712.4415265910553,12016500
2025-02-13,725.6484985351562,726.086742622161,715.170519503926,718.6366539343255,12569100
2025-02-14,733.72607421875,737.9491204423847,722.7202448085826,723.2381862179419,16901200
2025-02-18,713.50732421875,734.054889977904,703.6170125754637,733.0588860566314,21938700
2025-02-19,700.9576416015625,704.1747145500551,692.6111245629734,701.2862790989086,17535500
2025-02-20,692.0632934570312,702.8101523617008,690.8680767624129,694.4935451126314,12587400
2025-02-21,680.8184204101562,701.0572259638877,679.6331733954379,693.79637977263,15660400
2025-02-24,665.4600219726562,684.5235492434307,659.8027276987779,683.5375152106747,15677000
2025-02-25,654.8724975585938,665.3305374435599,639.2949835590877,663.3086205526677,20579700
2025-02-26,671.0077514648438,680.2805441243983,655.3704801302349,657.0139106659047,14488700
2025-02-27,655.6094970703125,685.8980050768483,654.9421915809927,679.7227696836991,12500000
2025-02-28,665.52978515625,666.9540633677159,640.0320501051021,655.4103519906419,17534200
2025-03-03,652.4322509765625,678.5275616526835,648.2391140524159,670.9878058928375,10843800
2025-03-04,637.4424438476562,647.1534810781478,621.1578057314852,642.9304346142569,21495200
2025-03-05,653.8465576171875,656.8644781827222,635.111729367083,638.4384086658453,13770000
2025-03-06,625.4207153320312,647.9602882252848,621.6159731774069,645.4105206986194,13446500
2025-03-07,623.1597290039062,632.2532488274342,598.2098452417057,622.8709097782997,21375700
2025-03-10,595.6002807617188,607.6718415110856,584.5247237757733,605.6400157185544,21999900
2025-03-11,603.2894287109375,612.4725537318918,590.9588979251555,592.6719951255427,17401500
2025-03-12,617.0840454101562,630.7990357116678,606.9148258229645,627.3827503406967,15747000
2025-03-13,588.2797241210938,618.0203842680918,584.1662233882897,617.771383307468,16480300
2025-03-14,605.7103271484375,606.9664182577417,592.9302511563588,600.9252674163599,12364500
2025-03-17,603.0187377929688,611.1931864721827,596.1401729971761,605.5707735579393,15473900
2025-03-18,580.5487670898438,598.3831413748485,572.8727029614505,598.1837512328132,20297700
2025-03-19,582.2435913085938,590.4779127315381,572.9825047893515,582.4629387558325,20537500
2025-03-20,584.1774291992188,608.3021747925519,577.707624061599,580.9475159470894,24336500
2025-03-21,594.3956298828125,595.6815960079244,579.1432258888485,581.6055148479699,25015900
2025-03-24,616.92529296875,620.6038191496141,610.2960116120224,613.0573552722462,15741300
2025-03-25,624.3621215820312,631.9085855563646,619.2480714393791,624.8107342138192,15312500
2025-03-26,609.0797729492188,624.8007461767364,604.7233689444203,622.9465455616044,12609800
2025-03-27,600.7059936523438,612.3396829236992,598.233665075804,600.1277804152494,10436500
2025-03-28,574.9463500976562,599.8785796536636,572.1351128923961,598.4430555668358,17602800
2025-03-31,574.5675048828125,576.9002542510486,551.5792239532071,561.7475141060938,21124700
2025-04-01,584.1774291992188,588.0752415879734,568.227192224496,569.0646064376122,12836600
2025-04-02,582.1138916015625,590.8167206530089,571.5767584264657,573.121925548239,13470800
2025-04-03,529.9666137695312,550.8414911032017,528.6507117752637,544.5211822460076,34777500
2025-04-04,503.1602783203125,516.3889970810194,492.6630283031205,505.0443845169023,38589800
2025-04-07,514.6444702148438,537.6925624927222,480.4012921169833,483.5913523338717,36606100
2025-04-08,508.86248779296875,545.7274587202911,501.29606629091035,541.5604660254379,28034200
2025-04-09,583.9482421875,586.06164400195,500.54839536763654,507.68613102008703,39216600
2025-04-10,544.5910034179688,579.4921312343394,533.6351923102783,573.7002029040485,28173500
2025-04-11,541.8794555664062,545.6975609575977,526.9460641882466,533.844525327306,17642300
2025-04-14,529.8270874023438,556.0353649218339,526.6370880203747,554.4403043855114,14130900
2025-04-15,519.8980712890625,536.2669873917704,515.8905541802854,530.4551018896253,15558700
2025-04-16,500.7477722167969,511.77337227474317,494.0885548667942,506.92850187672303,18735100
2025-04-17,499.92041015625,505.72228685828065,496.4612006254759,503.67867451915555,14593500
2025-04-21,483.1526794433594,491.9651828161341,478.3077785405203,489.8019182716785,16166000
2025-04-22,498.7240905761719,505.30357016721007,484.84736943102456,490.3402426542842,17399400
2025-04-23,518.6519775390625,533.6751170758674,514.9136400551463,526.8862986388891,18173900
2025-04-24,531.4918212890625,532.2394886391763,515.8904715785569,517.1166265622397,13910000
2025-04-25,545.5679321289062,548.1498427880772,534.5821864218168,545.0993622560148,17098900
2025-04-28,548.0302124023438,556.7529985261549,538.9087068486405,553.9118868125302,15179000
2025-04-29,552.7156372070312,554.8390175563454,542.4277261633298,544.3018840382675,11835000
2025-04-30,547.2926025390625,547.392267199569,527.8532478040685,536.7255930212515,29244000
2025-05-01,570.430419921875,591.1059077397648,568.7257162038675,590.238618351305,31159000
2025-05-02,595.1632080078125,602.4604491374204,576.5313339553563,581.6453838419038,24739300
2025-05-05,597.40625,601.3339987723356,586.2211133050413,589.3812373579714,13887700
2025-05-06,585.4834594726562,594.1763718529379,584.7557492481277,590.6872568767368,10600700
2025-05-07,594.953857421875,601.2043765510581,584.8453792561588,588.5239054125428,13139100
2025-05-08,596.150146484375,609.3987915210697,594.7644549027136,604.4043633227255,14622800
2025-05-09,590.6473999023438,605.0823489402519,589.8698572714408,601.8424561465808,10427300
2025-05-12,637.4412841796875,638.3983203620691,619.0985470240091,628.9577416253547,21965100
2025-05-13,653.98974609375,658.8644917290795,640.8307865245315,643.5323193603671,18570800
2025-05-14,657.3093872070312,660.6090907304957,652.275104788711,659.1536702462474,12348200
2025-05-15,641.8775024414062,655.2657270968772,636.5939979037247,652.2451822041022,14341800
2025-05-16,638.3485107421875,638.448175394899,624.2026405076157,635.9759078924747,18519000
2025-05-19,638.438232421875,641.0002469311114,625.8475073073743,626.2961199602966,9592400
2025-05-20,635.1185913085938,637.3615937967512,630.2936778074568,634.0320152877193,6743500
2025-05-21,633.5235595703125,644.5989922480402,628.2101191307713,629.8250759728282,11464600
2025-05-22,634.5902099609375,641.2494271811771,628.7484497588706,632.078027946325,8228400
2025-05-23,625.1097412109375,630.4829920563529,620.7134837844421,622.0592607315479,8454100
2025-05-27,640.3223876953125,641.080033825353,630.7821431595195,633.4338437693247,9508400
2025-05-28,641.5784301757812,648.8557144048555,640.5516043549418,640.6014366817531,9042900
2025-05-29,643.0438842773438,651.288184072806,637.5111569296643,649.6233948044612,8858800
2025-05-30,645.476318359375,647.3903301879006,630.812104900707,640.5018468251236,16241000
2025-06-02,668.8134155273438,671.166060938188,642.2562556848161,642.3858562311643,15766300
2025-06-03,664.7760620117188,673.4789529536675,662.9617757833167,669.3617924489035,11585000
2025-06-04,685.8104858398438,686.8572081679845,666.4907528237472,667.238420321753,14031900
2025-06-05,682.49072265625,692.2203773049333,680.1280985848566,689.5088052796527,13083100
2025-06-06,695.5401000976562,700.6242144400436,689.7182360915449,694.0048506531133,11728000
2025-06-09,691.9013671875,702.9967560909232,691.7817452730692,696.2877068677252,12773200
2025-06-10,700.2155151367188,701.0428899746662,689.4092014623567,699.1687320280228,10850100
2025-06-11,691.9811401367188,706.6653082639799,689.8378026054309,701.5213833723484,9582500
2025-06-12,691.20361328125,693.2173504861605,684.8634076906623,691.1438023170118,7322700
2025-06-13,680.7462768554688,692.4099021517203,678.8920760381308,685.810495147385,9274400
2025-06-16,700.4749145507812,705.4931583928874,691.8851025594383,697.6914734952734,13720300
2025-06-17,695.5963134765625,704.3158251974513,694.4290719322615,700.3551564610796,10066100
2025-06-18,694.1398315429688,699.9462025997926,693.2718748228809,696.5441581244662,10068300
2025-06-20,680.751220703125,700.1756339033776,677.079850298128,699.1081336202601,22538600
2025-06-23,696.8933715820312,697.4121118139869,677.1596869463602,682.0881149489193,11080100
2025-06-24,710.5313110351562,711.5189816994163,700.4649253469852,703.2384409706419,13823200
2025-06-25,707.01953125,714.9010456370576,703.7272754411318,711.6486741856498,9320400
2025-06-26,724.3887939453125,726.5137473228667,709.3839937767193,712.6862359929024,13964800
2025-06-27,731.9110717773438,733.7068421056694,724.1592578043636,724.8177454897765,18775700
2025-06-30,736.3607177734375,746.1477309842478,732.5296879143714,742.8055433362375,15402100
2025-07-01,717.5348510742188,736.0214648412638,713.6938959127618,735.1535081071979,13431200
2025-07-02,711.8980712890625,718.6122830220947,711.1298559583659,713.6539572494278,9336700
2025-07-03,717.3253784179688,727.3219211703462,712.7461059372963,724.9075473573512,8601700
2025-07-07,716.6668701171875,725.29662738586,711.8382444141125,715.9186273791692,9457100
2025-07-08,718.9813842773438,721.2161260005597,713.1351294314046,719.8792998482032,7770700
2025-07-09,731.0631103515625,735.8019810021477,721.0266226856489,721.0266226856489,11418000
2025-07-10,725.5360107421875,734.0759515650559,717.9138972384281,729.8359096434607,9913600
2025-07-11,715.8289184570312,723.4609583411119,708.037219345619,720.807217385224,10873900
2025-07-14,719.2308349609375,726.2942632522581,714.8710789388857,715.9186065632238,8939400
2025-07-15,708.7255859375,722.7725529543028,708.1569141283312,722.2039420372861,11529500
2025-07-16,701.2630004882812,712.2970836136572,697.6315755690009,711.6985138171127,13067600
2025-07-17,699.7665405273438,704.2460714207873,695.4766277838654,702.7395996705828,11803300
2025-07-18,702.6298828125,703.0588680042227,690.0294703606638,700.5447529444856,12779800
2025-07-21,711.2994384765625,715.3200251684316,704.1063709182977,705.1439122135475,9404400
2025-07-22,703.1585693359375,714.9209224678821,699.7665114607927,714.5119099243975,8921100
2025-07-23,711.9080810546875,712.9556086996904,703.2783238666914,704.7149523459423,8771600
2025-07-24,713.125244140625,721.9245865914077,712.3271306824367,715.3699724936158,10920800
2025-07-25,711.0101318359375,718.9614892126135,710.2319910963464,715.2401874661052,8271700
2025-07-28,715.9486083984375,723.0419351595109,711.0101939967738,713.5243091595448,8715700
2025-07-29,698.35986328125,722.7724995594365,698.270047363426,718.3130022321428,13267000
2025-07-30,693.5811157226562,706.8399547738821,689.5805015781577,706.4309422136296,27077300
2025-07-31,771.6278076171875,782.9113054874113,763.7163951695271,773.3836936232736,38831100
2025-08-01,748.2527465820312,764.2052724882252,743.5637464392476,758.9476005405788,19028700
2025-08-04,774.5509643554688,775.029820232538,756.6330226185955,758.2193240496142,15801700
2025-08-05,761.6712036132812,781.2950989411861,761.212259491104,774.6307577641016,11640300
2025-08-06,770.1812133789062,771.827371776558,758.6782598971715,768.1958857027562,9733900
2025-08-07,760.0449829101562,773.1841074016191,757.7702959207965,771.6776357205837,9019700
2025-08-08,767.49755859375,768.0961893607639,756.8027042152274,760.9629170758883,7320800
2025-08-11,764.0755615234375,771.6478049440495,762.8783609453131,768.2757194135389,7612000
2025-08-12,788.1489868164062,791.8103707559926,770.6201469797736,771.1888187456735,14563100
2025-08-13,778.2523193359375,793.5962894533881,776.4066172801486,789.2963900548351,8811800
2025-08-14,780.2974243164062,785.9641084064921,770.6999694623344,776.0573823379099,8116200
2025-08-15,783.3901977539062,794.3843975355859,778.9905571139482,782.3127720209482,13375400
2025-08-18,765.572021484375,773.9922487170201,754.7873521125813,773.2739649293972,16513700
2025-08-19,749.71923828125,765.3724785334582,747.604210382002,765.3226078635242,12286700
2025-08-20,745.9680786132812,748.4423094323544,729.2872824481717,745.8184665954027,11898200
2025-08-21,737.3682250976562,743.7532539146816,731.392269728463,742.965126847803,8876300
2025-08-22,753.021484375,755.1265868650723,732.6693186706706,737.4979443181139,10612700
2025-08-25,751.5349731445312,757.1019160115399,748.3724176422635,753.0514312038815,6861200
2025-08-26,752.3331298828125,753.1013452690629,746.187589469264,749.0408739151204,7601800
2025-08-27,745.62890625,752.3830637406979,741.0995653139147,750.5373617239242,8315400
2025-08-28,749.35009765625,751.2855545763716,739.0642569298059,742.2567713506037,7468000
2025-08-29,736.96923828125,745.3894657992533,733.6270507950396,743.5338383928589,9070500
2025-09-02,733.3875732421875,734.2755025264773,720.0389186102121,724.3388175548104,9350900
2025-09-03,735.3230590820312,738.5155735710689,732.2702311831985,734.2755314397929,7699300
2025-09-04,746.8959350585938,759.3765729399474,744.0725487076684,746.8161054490425,11439100
2025-09-05,750.68701171875,756.1741251448537,743.2844139282448,750.8565963566639,9663400
2025-09-08,750.5372924804688,764.71401930554,750.2579802053917,754.2286352813065,13087800
2025-09-09,763.9059448242188,764.5045146420852,751.6646744655906,755.715159278882,10999000
2025-09-10,750.2180786132812,763.9059640843684,749.2403942554,763.3372922969834,12478300
2025-09-11,749.140625,755.326049350588,746.6165236987539,752.8818385469593,7923300
2025-09-12,753.8196411132812,755.7949823874058,742.0173423532742,746.9756681630587,8248600
2025-09-15,762.9082641601562,772.2563046936084,750.2280226983954,755.6951631721865,10533800
2025-09-16,777.1747436523438,779.5291993784334,763.3072880544486,765.2028605665566,11782500
2025-09-17,773.9024658203125,781.4547366857648,764.5145401578408,778.16248073438,9400900
2025-09-18,778.421875,786.9319184464317,771.5480036492609,778.9207035004806,10955000
2025-09-19,776.5562133789062,788.9470955167301,767.3877436699294,784.5773532506886,23696800
2025-09-22,763.8824462890625,784.4181095052566,763.1935958899483,780.5445827585347,11706900
2025-09-23,754.1387329101562,769.3133047218867,749.815945650324,767.9655831903335,10872600
2025-09-24,759.3899536132812,759.8392144671293,751.2735837511626,756.2352564498105,8828200
2025-09-25,747.6595458984375,755.5064686568031,743.3068402529434,752.1920046258563,10591100
2025-09-26,742.5081787109375,750.6745134518627,736.1188402620083,748.7477432379202,9696300
2025-09-29,742.1587524414062,749.5264347617783,737.9158487633198,747.4698158948381,9246800
2025-09-30,733.1538696289062,741.7294934738761,725.087343094007,741.0107248479524,16226800
2025-10-01,716.1422729492188,720.6446913474787,709.0141800953496,720.28530706911,20419600
2025-10-02,725.8360595703125,726.5548890984803,716.9409630753169,721.3735522103992,11415300
2025-10-03,709.3735961914062,729.7794705550638,708.9942257916973,728.4117628788885,16154300
2025-10-06,714.465087890625,715.6830826309072,689.3571155710283,704.0125981338592,21654700
2025-10-07,711.889404296875,717.3003375901077,704.5716259627259,716.5216106896504,12062900
2025-10-08,716.6414794921875,718.4484549738279,706.6281969142439,712.2587946669486,10790600
2025-10-09,732.2852783203125,732.2852783203125,711.2504512938121,717.0807271377935,12717200
2025-10-10,704.1223754882812,734.0423674154782,703.333716456913,729.6995938834806,16980100
2025-10-13,714.5050048828125,718.7379155876384,706.4584651360833,711.8194939498104,9251800
2025-10-14,707.466796875,714.3552394376962,698.1623510959027,706.598254382022,8829800
2025-10-15,716.3519287109375,722.6913629779451,708.3253746524584,715.8627565899488,10246800
2025-10-16,710.881103515625,724.2786798244232,702.7047754671785,716.3519343648386,9017000
2025-10-17,715.7229614257812,717.3402516818879,704.9410060739878,705.8994251244851,12232400
2025-10-20,730.947509765625,732.5448748734839,718.9775387090459,719.9858621042338,8900200
2025-10-21,732.0457153320312,737.2669635645257,727.5332426508437,734.7911237948646,7647300
2025-10-22,732.1854248046875,739.3634223567747,722.8211423130082,732.6047674176828,8734500
2025-10-23,732.7744750976562,741.170406509876,731.8759534115667,733.4733185275871,9856000
2025-10-24,737.127197265625,739.9724753796752,729.9292742962166,735.5598112729552,9151300
2025-10-27,749.5663452148438,754.4881061640369,746.7610395763271,748.4781384032651,11321100
2025-10-28,750.1853637695312,757.1337649704751,744.2752651341964,751.3733793283152,12193800
2025-10-29,750.4149169921875,757.8924011644837,741.2702382858599,753.4897913670577,26818600
2025-10-30,665.3572387695312,679.8230975870755,649.08446528138,668.0328178882455,88440100
2025-10-31,647.2674560546875,673.7631824593219,644.4921293755289,673.383812052831,56953200
2025-11-03,636.645263671875,658.2291607688485,635.1177890022415,654.90470367213,33003600
2025-11-04,626.2725830078125,640.6684891460408,624.9647727272926,626.9913515895119,27356600
2025-11-05,634.88818359375,641.1576663615418,625.4938610947797,631.2542465797685,20219900
2025-11-06,617.9065551757812,634.938067569805,616.9681222612256,634.7882936522686,23628800
2025-11-07,620.6719360351562,621.0912176885568,600.1961723842201,615.4606203242017,29946800
2025-11-10,630.7052001953125,633.9397808237388,617.077966360211,630.0363359130761,19245000
2025-11-11,626.0330200195312,628.5088598168925,618.3558571038752,626.9514668906089,13302200
2025-11-12,607.9931640625,627.939784558569,606.7552442025384,627.0812350986922,24493300
2025-11-13,608.8717041015625,616.6187572691151,601.993193452889,612.0463872625083,20973800
2025-11-14,608.4424438476562,612.6553687237855,594.2062431482154,600.7852061056304,20724100
2025-11-17,601.0048217773438,610.6686515784111,594.4058732487083,608.0230519623859,16501300
2025-11-18,596.6920776367188,602.6520806612418,582.8053290854997,590.612218909938,25500600
2025-11-19,589.3343505859375,594.3359951431619,580.2794874440681,592.7286370493186,24744700
2025-11-20,588.1663208007812,605.706930555967,582.375956312388,602.4923362369276,20603000
2025-11-21,593.2578125,597.1213460929463,580.88848479756,587.517412968027,21052600
2025-11-24,612.0264282226562,615.6703584886146,596.6321908004635,597.7203367937327,23554900
2025-11-25,635.1576538085938,635.9862849922763,617.2675924687619,622.9580871825591,25213000
2025-11-26,632.5520629882812,637.2941320349476,630.5753884422047,636.6252677780955,15209500
2025-11-28,646.8681640625,646.9679727244463,634.4389389877349,635.0179876534709,11033200
2025-12-01,639.7999267578125,644.242508725797,636.6951341862962,638.4821234657416,13029900
2025-12-02,646.01953125,646.7882651016448,637.0046400682228,641.2675300698932,11640900
2025-12-03,638.5320434570312,647.7665988470103,636.4854785031988,643.3340098224904,11134300
2025-12-04,660.425537109375,674.9711573797597,658.9479666864565,674.87134871331,29874600
2025-12-05,672.2955932617188,673.5634922785046,661.2840414153883,662.8913386215002,21207900
2025-12-08,665.6866455078125,675.5801331063639,663.9595535520253,668.2224435191038,13161000
2025-12-09,655.8631591796875,663.3705623262879,652.2492080192432,662.6617867420982,12997100
2025-12-10,649.0444946289062,653.4171862971667,642.3257510862366,648.8648024836247,16910900
2025-12-11,651.6201782226562,654.1858943512054,639.730030479328,642.2158631242634,13056700
2025-12-12,643.1543579101562,709.8128965395189,637.543746077992,648.7150654102267,14016900
2025-12-15,646.9561157226562,652.4414097008485,638.1536544261938,645.1476664750544,15549100
2025-12-16,656.587890625,661.973233609148,642.6498114209788,642.9495426008936,14309100
2025-12-17,648.9443969726562,660.664343241777,648.644665798819,655.0491556477624,15598500
2025-12-18,663.881591796875,669.9863502083882,655.8984367998282,656.4679564970005,20260300
2025-12-19,658.2064819335938,670.4260003995075,657.6169598101359,665.8499012351181,49977100
2025-12-22,660.9341430664062,673.0038267300547,656.0883162216827,661.0840391473547,15659400
2025-12-23,664.3711547851562,665.4302455294139,657.6868755551602,659.4853234816244,8486800
2025-12-24,666.9789428710938,667.6084088263418,661.633543835896,661.9632786179176,5627500
2025-12-26,662.7225952148438,668.3777877623371,660.7543096382171,667.4885344385556,7133800
2025-12-29,658.1265258789062,659.6851889371151,653.8302165118,657.4471149030659,8506500
2025-12-30,665.3803100585938,671.6449047754843,657.2772625792347,658.1265110341435,9187500
2025-12-31,659.5253295898438,664.4311023248911,658.8758612620638,664.1813161961976,7940400
2026-01-02,649.8535766601562,663.8216588672108,642.9495146869224,662.1630447721155,13726500
2026-01-05,658.2264404296875,663.9715218041853,647.1959061445123,650.4531272549772,12213700
2026-01-06,660.0548706054688,664.9507033148827,651.3423593634897,659.0057810200069,11074400
2026-01-07,648.1350708007812,658.5861445899717,644.2583851266311,655.0791375151089,12846300
2026-01-08,645.50732421875,646.5464125947736,635.1761427603,645.3274855180696,11921700
2026-01-09,652.5013427734375,654.3897406244424,642.3000548798136,644.8878661181845,11634900
2026-01-12,641.4207763671875,653.4105105723186,640.6814191818085,651.9718010113269,14797200
2026-01-13,630.5501708984375,641.720599826752,623.5660991574318,641.720599826752,18030400
2026-01-14,614.9934692382812,627.9124008742662,614.2940558608916,625.9640568168747,15527900
2026-01-15,620.2689208984375,623.6360331340583,613.7045339245012,617.9508982377323,13076100
2026-01-16,619.7194213867188,628.5418850412981,619.5495838845379,623.6460522405506,17012500
2026-01-20,603.6032104492188,610.8770121629093,599.4867397151437,607.3600037753715,15169600
2026-01-21,612.4356689453125,617.7411240978843,599.5666821865381,606.2209580964126,14494700
2026-01-22,647.0759887695312,660.0049216653568,626.0140046136898,628.811597152667,21394700
2026-01-23,658.1964721679688,665.9198400091174,643.8987161260534,644.2184496993522,22797700
2026-01-26,671.7847900390625,674.7023359243682,660.7242529636108,664.5609947255355,16327400
2026-01-27,672.394287109375,676.2410302656567,664.0913982323968,674.0129574053085,13297400
2026-01-28,668.1578979492188,677.1002536346601,665.5301429727417,673.9229813666298,25709600
2026-01-29,737.6784057617188,743.363540655783,711.9404325537852,736.7991536844581,59852900
2026-01-30,715.8870849609375,731.5436633097714,712.9796010924755,726.8776752394725,23744600
2026-02-02,705.8056640625,720.6829408229889,702.9181827036907,713.9886602426056,14365200
2026-02-03,691.1082763671875,716.3866205151361,685.8227628297016,706.7648539132639,13760700
2026-02-04,668.417724609375,688.2407799622291,666.8890651090074,687.1416843315144,16882800
2026-02-05,669.63671875,680.9170392363125,652.9409906690098,663.0123852284637,17131800
2026-02-06,660.8941650390625,671.4151252649915,645.9469408650316,664.920685797671,18159300
2026-02-09,676.640625,682.7254419812133,658.2164585284562,662.6126578425271,14837500
2026-02-10,670.1461791992188,680.0677378888336,669.216982119095,677.0202983345941,10455800
2026-02-11,668.1179809570312,678.6889475196376,656.5378686274887,673.4234361526849,14323800
2026-02-12,649.254150390625,675.421749916193,644.7280570616384,669.3968787035581,14960100
2026-02-13,639.2227172851562,650.872715705495,634.0271535178357,644.5481137374378,12336400
2026-02-17,638.7431030273438,642.0502690775812,628.2620863630333,638.952945338547,12674700
2026-02-18,642.6697387695312,644.4482453696517,627.6126838179015,633.2578140286595,14649200
2026-02-19,644.2284545898438,646.6363661317032,636.1752909436037,638.0237449576674,10035700
2026-02-20,655.09912109375,662.7825455010891,638.2336163631846,639.1428111159805,14183500
2026-02-23,636.7048950195312,657.1374142434245,635.455964272141,651.9817939677475,8605900
2026-02-24,638.7531127929688,640.5615620292823,628.4419334902003,632.5384628258726,10135600
2026-02-25,653.1307983398438,653.3206382422114,641.5906910720822,641.9803720795121,11330700
2026-02-26,656.447998046875,660.4345752110744,646.9461232211356,649.9935020296807,10637700
2026-02-27,647.62548828125,648.8844201349368,637.5740968396581,642.8995542116262,15703000
2026-03-02,653.0009155273438,659.3754626922687,633.9572226725116,636.6149203669017,9816100
2026-03-03,654.5196533203125,658.4762268569145,638.293554979916,647.7354225434952,12263800
2026-03-04,667.1587524414062,672.1944798634893,657.1073609851721,657.397151925757,10810100
2026-03-05,660.0049438476562,670.1262833419206,649.7537106790966,661.363765843265,13341400
2026-03-06,644.308349609375,648.9143914185428,635.5658346648192,647.3457881163396,13159400
2026-03-09,646.836181640625,647.195859029807,626.2438278402449,634.2369839533108,13489700
2026-03-10,653.510498046875,659.7351492208539,648.444827744844,653.0009245574777,9859300
2026-03-11,654.2998046875,658.5561703533895,647.8053649208291,654.1999146227295,8977200
2026-03-12,637.6340942382812,652.9409968457168,636.355220859953,648.1950599902964,11617500
2026-03-13,613.1849975585938,628.6317326131165,609.0285222575777,623.3562813254467,18957600
2026-03-16,627.4500122070312,634.75,623.0999755859375,632.0,15134900
2026-03-17,622.6599731445312,636.5499877929688,621.7000122070312,627.989990234375,10348800
2026-03-18,615.6799926757812,622.6500244140625,614.6099853515625,616.3400268554688,11726300
2026-03-19,606.7000122070312,613.0,602.260009765625,612.1500244140625,13247700
2026-03-20,593.6599731445312,603.9600219726562,587.25,603.530029296875,21214900
2026-03-23,604.0599975585938,608.6400146484375,599.010009765625,605.7899780273438,13638000
2026-03-24,592.9199829101562,601.0,591.0,599.0999755859375,10739700
2026-03-25,594.8900146484375,603.6699829101562,593.4000244140625,598.739990234375,12585000
2026-03-26,547.5399780273438,583.0,543.3499755859375,582.489990234375,35780100
2026-03-27,525.719970703125,543.5999755859375,520.260009765625,540.0999755859375,30133000
2026-03-30,536.3800048828125,539.5499877929688,528.5399780273438,536.3800048828125,22795200
2026-03-31,572.1300048828125,573.6900024414062,546.77001953125,549.97998046875,32898300
2026-04-01,579.22998046875,592.5499877929688,573.8200073242188,580.1300048828125,23608100
2026-04-02,574.4600219726562,578.5,559.7000122070312,566.0399780273438,13518500
2026-04-06,573.02001953125,582.7899780273438,572.0,577.6900024414062,9515700
2026-04-07,575.0499877929688,575.22998046875,564.760009765625,572.47998046875,9580800
2026-04-08,612.4199829101562,629.9500122070312,591.8300170898438,606.0,32036600
2026-04-09,628.3900146484375,637.5,623.0,626.969970703125,19012900
2026-04-10,629.8599853515625,638.5800170898438,624.3300170898438,634.469970703125,13294800
2026-04-13,634.530029296875,635.0,624.4000244140625,629.5,9538900
2026-04-14,662.489990234375,666.260009765625,639.3699951171875,643.219970703125,17818000
2026-04-15,671.5800170898438,678.5,664.219970703125,667.0,14952600
2026-04-16,676.8699951171875,677.5800170898438,667.75,675.989990234375,9544800
2026-04-17,688.5499877929688,691.52001953125,675.1300048828125,678.5999755859375,16283500
2026-04-20,670.9099731445312,683.3800048828125,668.0,681.3599853515625,12534000
2026-04-21,668.8400268554688,676.2000122070312,667.3300170898438,671.0,8660100
2026-04-22,674.719970703125,678.3800048828125,669.75,674.3599853515625,9215600
2026-04-23,659.1500244140625,669.5599975585938,653.0499877929688,663.7000122070312,11667000
2026-04-24,675.030029296875,680.6699829101562,653.8400268554688,660.3200073242188,13348300
2026-04-27,678.6199951171875,682.5,670.8400268554688,671.0,12805200
2026-04-28,671.3400268554688,678.1799926757812,665.6300048828125,674.239990234375,10606800
2026-04-29,669.1199951171875,674.25,663.8099975585938,668.9099731445312,18947500
2026-04-30,611.9099731445312,620.8499755859375,600.0,619.3200073242188,52765000
2026-05-01,608.75,618.8800048828125,606.1099853515625,614.6900024414062,21404000
2026-05-04,610.4099731445312,614.0,602.75,607.9400024414062,16171300
