Price,Close,High,Low,Open,Volume
Ticker,MS,MS,MS,MS,MS
Date,,,,,
2021-06-14,77.22508239746094,78.22103922931623,76.51854625404415,78.1359158794517,10163100
2021-06-15,77.20806121826172,77.6336845028045,76.52706785969083,77.54004686064542,7459000
2021-06-16,77.54855346679688,78.00822734793077,76.14399546797029,77.0378068748132,11370300
2021-06-17,74.83309173583984,78.10187556302691,74.10952693012224,78.09336127856656,11131600
2021-06-18,71.58131408691406,73.9733211353983,71.42809595372887,73.53918360788765,22453900
2021-06-21,73.15611267089844,73.59024362905225,71.6919679243163,71.98990284495936,10672700
2021-06-22,72.95182037353516,73.39447217783979,72.33892836637484,73.08802292701203,9664100
2021-06-23,73.09654998779297,73.47960837104019,72.8411734026306,73.24126035528668,7139000
2021-06-24,74.12654876708984,74.39043311092989,73.0709984027385,73.59877358491417,7953500
2021-06-25,75.25020599365234,75.43748129784923,73.82011134600839,74.50961906191823,11139000
2021-06-28,74.6543197631836,75.0799430377616,73.5732395033336,74.96076904043942,6174600
2021-06-29,77.156982421875,77.99971464039798,76.4249099105939,77.5400407499776,15413700
2021-06-30,78.0508041381836,78.23807943243646,76.72285500370698,76.75690564761626,9780300
2021-07-01,78.33169555664062,78.51046302649071,77.50599195461814,78.24657221044701,6792200
2021-07-02,78.34022521972656,78.38279014842742,77.74435518489233,78.22956549739915,4818000
2021-07-06,76.79095458984375,78.22104912986113,76.3227728590827,78.10187512606768,6701200
2021-07-07,76.6377182006836,77.00375444039359,75.39489914119027,76.30573259891116,6771600
2021-07-08,74.60325622558594,75.4545028794557,74.01589395617691,74.99482890702645,8778800
2021-07-09,76.89310455322266,77.1399668389102,75.4289594074874,76.06739433769782,7306500
2021-07-12,78.95313262939453,79.6085897408146,76.40790677602739,76.81650156134205,11951100
2021-07-13,79.34468078613281,79.61707939021902,78.0933474661291,78.71476023190125,12280100
2021-07-14,78.70626068115234,79.87247087338766,77.83799199763506,79.26808656039594,12572000
2021-07-15,78.8509521484375,80.06823476723306,77.71879936572829,77.76987207178436,12465900
2021-07-16,77.6762466430664,79.52345007304996,77.54855836338415,79.29361636521844,12595400
2021-07-19,76.05887603759766,76.34830323448254,74.55217253943314,76.19507859954246,14043000
2021-07-20,78.58707427978516,79.67666872821623,75.7609362437314,75.88011023062259,11522300
2021-07-21,81.44727325439453,81.76223682786468,79.31915679864059,79.37022951533996,14116900
2021-07-22,81.35363006591797,81.91545588930244,80.73221724561354,81.22594178837645,9235300
2021-07-23,80.48535919189453,82.71562086594663,80.17890993226219,81.95801200032652,13222800
2021-07-26,82.17933654785156,82.28148846420238,80.31510466504459,80.33213323168404,11420600
2021-07-27,82.12826538085938,82.61347562728054,81.31106302368072,81.61751228399886,8972900
2021-07-28,81.77925872802734,82.47728066425044,81.33661336375008,82.15380930168227,10054000
2021-07-29,82.5595932006836,83.04836494482409,81.91647214038476,82.45669801802185,9016200
2021-07-30,82.30233001708984,83.35704465291943,81.91645354321511,82.26802944993447,8320800
2021-08-02,82.51670837402344,84.37747008900392,82.30233472366629,82.93687889691735,9409600
2021-08-03,82.83396911621094,83.20269202057447,81.31620669816247,82.96259460232174,7044800
2021-08-04,82.56815338134766,83.64002159970221,81.94217946327626,82.12225253890009,7137500
2021-08-05,83.8886947631836,83.9744429111476,83.03977043449619,83.03977043449619,5675000
2021-08-06,85.5179214477539,85.73229505291084,84.28312738855776,84.57467235133282,9317900
2021-08-09,86.3840103149414,86.59838398018547,84.86624764356608,85.38074313171882,8297700
2021-08-10,87.49874877929688,88.26191844129093,86.2553776980628,86.38400319504075,8490500
2021-08-11,89.07654571533203,89.11942306654089,87.33583254776255,87.70455552479686,8793200
2021-08-12,89.75395965576172,89.79683700331734,88.75926930568563,88.77641631940905,6302100
2021-08-13,89.12799835205078,89.83971395817154,88.05613001143892,89.60819327515205,8312200
2021-08-16,88.93933868408203,89.02508683345606,87.6273730263825,88.5020146174607,6540300
2021-08-17,88.21046447753906,89.0508054516244,87.12144276303385,88.15901035717175,6492900
2021-08-18,86.82990264892578,88.3733889613401,86.70985393158793,87.79029238762861,7839800
2021-08-19,85.5179214477539,86.39256287824234,84.64327347510222,85.36357219035439,10644700
2021-08-20,86.3154067993164,86.62409882659378,85.32928673260875,85.56938416613804,6496900
2021-08-23,87.60164642333984,88.21903700431022,87.22434672760997,87.45586737770334,5430700
2021-08-24,88.39911651611328,88.69924486440246,87.91892162631413,88.05612390463658,5339700
2021-08-25,89.25660705566406,90.0112064676699,88.35624167838131,88.55346176676326,5612100
2021-08-26,89.042236328125,90.59430600635915,88.89646381590994,89.72823462656531,6882800
2021-08-27,90.42279052734375,90.4399440805987,88.90502817246525,89.08510122866006,5900600
2021-08-30,89.25660705566406,90.7314987694961,89.07653398020751,90.57714948450985,6459700
2021-08-31,89.54815673828125,89.78825416719758,88.63921460247964,89.41095446909233,7215100
2021-09-01,89.44527435302734,90.1055489673047,88.81073007640286,89.6425010220385,5762400
2021-09-02,89.89115142822266,90.47424795914046,89.48812796009602,90.04550070235278,5708400
2021-09-03,89.393798828125,90.31989442926945,88.9821986024507,89.8139692881732,7195400
2021-09-07,89.33378601074219,90.35420665905701,89.23946108314176,89.24803786078667,6792100
2021-09-08,88.81072235107422,89.66821701760662,88.38197501780802,89.05081981095687,5601000
2021-09-09,89.042236328125,90.23415984365207,88.57919500016712,88.62206580496675,6145700
2021-09-10,88.85359954833984,89.85686673633639,88.5020235954274,89.54816813354282,5958600
2021-09-13,89.5224380493164,89.62533321490676,88.5105941539685,89.04223662195771,6112200
2021-09-14,87.38726806640625,90.37992205436609,87.17289444034854,89.47955020805813,8400600
2021-09-15,88.35623931884766,88.61348375884548,87.30151814258033,87.60164646915747,6691900
2021-09-16,87.86748504638672,89.32522345420469,87.25008780095047,88.75928034066514,5881600
2021-09-17,87.25008392333984,89.08512202007422,86.95853887159946,87.5759295474318,17485600
2021-09-20,84.57467651367188,85.1063254358049,83.06549096945012,84.67757820439027,15443800
2021-09-21,84.29170989990234,85.51792726652015,83.99158159853087,85.2606763059628,8985600
2021-09-22,86.43544006347656,87.31008149242021,85.2606703541127,85.2606703541127,9497700
2021-09-23,88.79356384277344,89.17085699853824,87.12144553417676,87.25864780330161,6087900
2021-09-24,88.24476623535156,89.29090407854059,88.15901154763607,88.65635995086367,5529300
2021-09-27,90.1226806640625,90.6886302372401,89.03366540650579,89.0508124198606,8195200
2021-09-28,87.49874877929688,90.85154922544528,87.22435077208738,89.41095805205428,14183500
2021-09-29,85.36357879638672,87.13001534608682,84.98627912862018,86.67554431473009,11543000
2021-09-30,83.44277954101562,86.07528713687651,82.53383755340028,85.9466682081862,12258400
2021-10-01,84.9348373413086,85.67228317374807,83.22841848555268,83.97444109525239,7912700
2021-10-04,83.30560302734375,86.18678545267824,83.15125373519496,84.93484410176671,9482100
2021-10-05,85.06346130371094,85.51793893499517,83.57999931628885,84.22312026326902,8850300
2021-10-06,84.97771453857422,85.28641312153289,83.36562702702925,84.22312163698896,6912700
2021-10-07,84.72046661376953,86.53835092550328,84.62614168716095,86.22965235517785,7959600
2021-10-08,85.78375244140625,86.34112518703041,84.3688851770261,84.90910436866332,5301100
2021-10-11,83.4256591796875,86.33256565557204,83.3570580343641,85.81807014997717,7003900
2021-10-12,83.84581756591797,84.65186455096205,82.91115162978332,83.42564706063864,7913300
2021-10-13,84.52323913574219,85.04631134454124,82.9025749288613,84.13736919778553,10170900
2021-10-14,86.61552429199219,87.10429591232034,83.87153787117255,86.79559735820108,14766800
2021-10-15,87.58448791503906,88.51058354736209,87.33581372438766,87.85888589400545,11678100
2021-10-18,86.95853424072266,89.12799462464606,86.22108832984907,87.25865605510961,8924300
2021-10-19,87.25008392333984,87.85032758407904,86.86421393317397,87.0785876037473,6189500
2021-10-20,86.3154067993164,87.39584525019822,85.6894328829027,86.67555294961035,7426900
2021-10-21,85.98954772949219,87.25006569587413,85.38072741731283,86.0581488598638,5931400
2021-10-22,87.2929458618164,87.67023900673794,86.2382247102653,86.3839972103978,6761500
2021-10-25,87.38726806640625,88.09898353287332,87.17289444034854,87.72169039968318,3836000
2021-10-26,88.72496032714844,89.16228437054234,87.1986211059995,87.56734401667198,7649500
2021-10-27,87.35296630859375,89.04222496344835,87.31866574383314,88.29620894193734,7542400
2021-10-28,88.50133514404297,88.61357836836052,87.03351075711387,87.974643744484,6663000
2021-10-29,88.74307250976562,89.2006880055804,88.00916049266107,88.16457769760086,8056900
2021-11-01,89.79647827148438,90.08141098544449,88.66539012431167,89.70150070016435,5432400
2021-11-02,90.36631774902344,90.95344207595392,89.25249557675002,89.73601282830617,7191700
2021-11-03,88.59630584716797,90.42677471585317,87.9660008057915,90.1332059087616,9009000
2021-11-04,86.16144561767578,88.33728038795593,84.76269045914773,88.26821118269652,14823800
2021-11-05,86.23049926757812,88.0523316605059,86.10961995512658,87.49110251702174,8449600
2021-11-08,86.40321350097656,87.89694638658054,86.31687204463994,86.73994979189101,7332000
2021-11-09,86.09236907958984,86.61042434541592,84.85766729253216,85.87651216987648,8756900
2021-11-10,84.41731262207031,86.01465893438903,84.3741451950045,85.25483843881781,9191500
2021-11-11,85.3757095336914,85.74698362525513,84.15828017409908,84.65043358966689,6249600
2021-11-12,86.21324920654297,86.247787102903,84.65908339492243,85.66065603964276,7270300
2021-11-15,86.52408599853516,87.03351174917134,86.30822908108924,86.36866875447687,5652200
2021-11-16,86.93851470947266,87.6896923980102,85.91967002379093,86.34274764276037,6448500
2021-11-17,84.3396224975586,86.88673171343063,84.05468976037902,86.78312459986054,9670700
2021-11-18,84.3396224975586,84.8404121712504,83.31214137178246,84.55547943407083,6850200
2021-11-19,83.67477416992188,84.51229343142153,81.9824502306288,83.07900700162554,9923400
2021-11-22,85.7556381225586,86.80038483958936,84.46049658430765,84.86630865361516,10430400
2021-11-23,87.94874572753906,88.18186830721754,86.49818693334367,86.61043016245841,8559200
2021-11-24,87.309814453125,88.26821976068346,86.43775060110416,87.93147688545437,7146400
2021-11-26,84.55548858642578,84.75407988798233,82.77682934501932,84.65910229864203,11738200
2021-11-29,83.9510726928711,85.99739199242266,82.85451589644451,85.513874619943,13793400
2021-11-30,81.87020111083984,83.32075967753136,81.05857709512271,83.26032001172877,20586200
2021-12-01,82.25010681152344,85.14258766535394,82.25010681152344,83.73520318929243,11708200
2021-12-02,85.35845947265625,86.12690956736564,82.28465909381869,82.88905582423159,10685800
2021-12-03,84.79722595214844,87.09394658825619,83.62296385942763,86.37730008113114,9811800
2021-12-06,85.71244812011719,86.9557858729698,85.30664271391102,86.34275311633533,9624500
2021-12-07,88.50133514404297,89.02802654360194,86.63632823660198,86.66223659984166,10674400
2021-12-08,87.42205047607422,89.07120046677458,87.40478482136308,88.63948663726312,9089700
2021-12-09,86.84355163574219,87.91420004049526,86.55861894004364,87.00759840415624,7749600
2021-12-10,84.98719024658203,87.43069226088988,84.94401622586197,87.1543956556013,10429000
2021-12-13,83.8992691040039,84.78859859242044,83.57980506686242,84.74543115932518,10057100
2021-12-14,85.32391357421875,85.85924104769084,83.38120151051848,83.53661873911169,11105900
2021-12-15,85.85061645507812,86.19598885248612,83.8647301105551,85.58295597611645,7055000
2021-12-16,86.6017837524414,87.56881836850629,86.04919066113884,87.45657516126425,7889900
2021-12-17,83.86470794677734,85.92829907694994,83.58841141935675,85.88513165582634,20851400
2021-12-20,82.34508514404297,82.794064557011,81.3435060565639,82.55230590484135,11931400
2021-12-21,84.41731262207031,85.05625378196969,82.94948835323821,83.0444659151846,8235100
2021-12-22,84.87492370605469,85.20302377615721,84.1496411992111,84.34823241758163,4798400
2021-12-23,85.77289581298828,86.31685942449629,85.28074233765193,85.48796970747874,4482200
2021-12-27,86.68814086914062,86.80038409668673,85.57431836528608,86.10100977999475,4196000
2021-12-28,86.31686401367188,87.20619344731406,85.98012775408756,86.86082106667033,4269700
2021-12-29,85.24620819091797,86.78310823508134,85.21167029709714,86.38593233728639,6923100
2021-12-30,85.30665588378906,86.316864670226,85.23758008964886,85.35845943567907,3564900
2021-12-31,84.7540512084961,85.66064618074155,84.16692021281024,85.2462046469806,5124800
2022-01-03,86.50679779052734,87.55154420809944,85.7383478917559,85.76424966110774,8481900
2022-01-04,90.0209732055664,90.38361125600123,88.05235911757106,88.06962477297868,8967000
2022-01-05,87.79331970214844,90.68580087993668,87.6983421379958,89.53744057694911,10288800
2022-01-06,89.29566955566406,89.97777806417866,86.87807653284963,89.9000727519394,10059200
2022-01-07,89.83965301513672,90.25409461384966,88.87261163908911,89.37340127601182,6128400
2022-01-10,89.9087142944336,90.74624012673728,88.78626235842823,90.41814000773815,8904900
2022-01-11,91.45426177978516,91.60104291001149,89.4338440933361,89.93463374785843,7320200
2022-01-12,88.97621154785156,91.92913218406451,88.3718083111725,91.56649419451473,10855200
2022-01-13,88.54450225830078,90.09866797256151,88.1904937833597,89.30431616833293,6267700
2022-01-14,85.3757095336914,86.74856269549367,84.08920439254557,86.12689383637031,16724900
2022-01-18,81.17082214355469,83.26895125852246,80.24695497039608,82.82860138348674,21803100
2022-01-19,82.65592956542969,84.83176428526968,81.99108660420774,84.62454349943494,19716100
2022-01-20,86.19597625732422,88.03507461769978,83.40710229600253,83.40710229600253,22637600
2022-01-21,85.35845947265625,85.96285620306915,83.19125418943804,84.73679049998566,22568300
2022-01-24,84.6849594116211,84.89218013932059,80.88587760418022,82.90629452096363,19527300
2022-01-25,85.51388549804688,86.19599421381089,82.03427270539359,83.38985401490586,16060700
2022-01-26,86.48953247070312,87.85374952340085,85.39298242671771,86.47226681889708,13344400
2022-01-27,87.3357162475586,88.26821977737518,86.04921077374156,87.47386125895875,17843100
2022-01-28,88.50944519042969,88.61377427618056,85.3359717099278,86.16194126101679,14044800
2022-01-31,89.15284729003906,89.32673355126309,87.18790069819632,87.78781957608986,8467000
2022-02-01,90.3787612915039,90.50917930496014,88.89201185810859,89.51801301602993,7885700
2022-02-02,90.35267639160156,90.68306956720735,88.94418046051756,90.24834729053491,9596300
2022-02-03,88.93547821044922,90.5091706241018,88.79636390721569,90.13530922583054,5986500
2022-02-04,90.51786804199219,91.30905909304505,88.74420045391528,88.81375760638932,7881800
2022-02-07,91.44817352294922,92.31761803005719,90.10922818600272,90.46570361791788,9129000
2022-02-08,92.46540832519531,93.30877043365906,91.5698816766894,92.13502184937138,9249000
2022-02-09,94.53470611572266,94.83901037278565,92.90014616349518,92.9697033174911,11054300
2022-02-10,93.5261459350586,95.4041492658741,93.1609808318451,94.06520392075605,8116200
2022-02-11,90.91781616210938,94.2390940717098,90.26573275080038,93.03056668008395,9755900
2022-02-14,89.17892456054688,90.85695275718524,88.3355623109408,90.44831276957527,11110300
2022-02-15,89.9266586303711,90.7265461004978,88.78768828413989,90.00490546331699,6714100
2022-02-16,87.9443130493164,89.58756263388248,87.5269767680501,89.11806180495859,10190700
2022-02-17,83.59710693359375,87.12705019588834,83.37104946047378,86.96185358476185,15620300
2022-02-18,82.96239471435547,83.50145270610739,80.9539799907884,82.82328704014111,16321800
2022-02-22,82.37987518310547,84.13615034222,81.64084860575532,82.3190143269316,9143700
2022-02-23,81.33653259277344,83.22322549535974,80.92789263169067,83.20583289134119,8722200
2022-02-24,79.82369995117188,80.14539681436396,76.97192296216033,78.11958947318534,18518000
2022-02-25,82.20598602294922,82.33639740063232,79.66720285957,80.04976058966871,9717400
2022-02-28,78.89340209960938,80.18018304182003,78.18045778433125,79.63242869186881,17955100
2022-03-01,76.1894302368164,78.25001638974742,75.19826389321317,78.25001638974742,18341800
2022-03-02,76.84148406982422,77.6239852585869,75.65903930310141,76.56326216196788,18007500
2022-03-03,76.31982421875,78.46735283125462,75.70251952433244,77.97176981554847,12197100
2022-03-04,75.0852279663086,75.55472879490777,73.69411808527498,74.94611366153765,11950700
2022-03-07,72.55514526367188,74.84178868242454,72.52906298842665,73.92886924882842,12680900
2022-03-08,72.43341827392578,74.55486495028026,71.26836584237702,72.71164024514154,11641200
2022-03-09,75.98945617675781,77.3718698487252,74.85917559087073,74.9808972990942,12994600
2022-03-10,74.6505126953125,76.33723731506139,73.91148612377387,74.5722592332267,11351600
2022-03-11,74.05928039550781,76.30244872542613,73.97233727496867,75.74600479397374,8568100
2022-03-14,73.6593246459961,75.38951700411917,73.44196356365231,74.64179435018984,8280700
2022-03-15,75.05914306640625,75.38083327659756,73.53761523621732,74.29402768360546,8672400
2022-03-16,79.78022766113281,80.29319672238313,76.51111454592757,76.51981084809613,17635900
2022-03-17,81.60606384277344,81.89298212871165,78.18045028339507,78.42389368964496,15156800
2022-03-18,82.44071960449219,82.5102767500633,80.3540516707004,81.27566726618134,16325400
2022-03-21,80.51927185058594,82.51899725562998,80.17149265405614,82.35380064477762,8568700
2022-03-22,81.91905975341797,82.24944626695626,80.74531103514424,80.99745072968726,7565100
2022-03-23,80.31928253173828,81.7277850449823,79.89325657341215,81.21481596114769,7465400
2022-03-24,80.1019287109375,80.94529103533398,79.85848528396447,80.46710048473292,6488300
2022-03-25,80.31928253173828,81.70170277066329,79.9801996989206,80.40623229058201,6592800
2022-03-28,79.35420227050781,80.2497357415439,78.37173230325752,80.23234313563259,8680800
2022-03-29,79.84980010986328,81.19744208272644,79.16294461660132,81.19744208272644,7431600
2022-03-30,78.48474884033203,79.93672613643032,78.0413369397286,79.86716898731552,7289800
2022-03-31,75.98945617675781,78.41520730492917,75.98945617675781,78.00656729874945,8422700
2022-04-01,75.63296508789062,76.97191023491551,74.69397019473973,76.63282745590715,8192300
2022-04-04,75.88511657714844,76.13725628372566,74.60703207254521,75.24172949025136,8098900
2022-04-05,74.146240234375,75.49388212326711,73.85063223122191,75.25043867753249,11587400
2022-04-06,72.27693176269531,73.73759904803562,71.9465451818853,73.65935221310811,10493200
2022-04-07,72.27693176269531,72.69426811565096,70.77279622461847,72.05957059900382,11902900
2022-04-08,73.08551025390625,73.70281511799836,72.12912252972603,72.62470568164987,6937500
2022-04-11,73.05072021484375,74.61572288770063,72.18127575955322,72.66816916518356,8290400
2022-04-12,72.97246551513672,74.75482910927931,72.63338274486905,72.82466156570395,8057300
2022-04-13,73.14636993408203,73.25070567140715,71.97262108085125,72.10303909417372,8760300
2022-04-14,73.69412231445312,76.42417768557196,73.54631169881762,74.78092800783915,16348400
2022-04-18,75.18955993652344,75.79816840613701,73.31155671599903,73.3724175629604,7897500
2022-04-19,77.30232238769531,77.47620865395088,75.5721228617739,75.65037632492401,12637700
2022-04-20,78.7803726196289,79.62373490959402,77.9109280540295,77.9109280540295,11828400
2022-04-21,77.30232238769531,80.7974867527847,77.12842948810389,79.58026298898818,9563900
2022-04-22,73.67672729492188,76.6937008622542,73.58108786637037,76.61545403889495,11455400
2022-04-25,73.9462661743164,74.1723169952041,72.06826264692516,73.05942896415857,11577600
2022-04-26,71.61614990234375,74.09406554078382,71.53789644358486,73.28548184473122,10062000
2022-04-27,71.47703552246094,72.74642376702695,71.12925637646062,71.62483950367704,9522900
2022-04-28,73.13440704345703,73.52901447006296,71.56473494310681,72.52056509170022,6974600
2022-04-29,70.6702651977539,73.43253661260601,70.42473115026502,72.83623677286113,8097300
2022-05-02,71.87164306640625,72.02948735422895,70.17920413764682,70.67027228185003,8737100
2022-05-03,73.4413070678711,74.3708307238935,72.12594037411817,72.33639717183436,9430500
2022-05-04,76.48419952392578,76.75603986778702,73.60793172338799,73.72192777622939,10495000
2022-05-05,74.48484802246094,75.55468087976483,73.14317480283638,75.19514403513222,8556500
2022-05-06,73.86223602294922,74.16038263051608,72.1785613727008,73.78331053310391,7333600
2022-05-09,71.16134643554688,72.99408766355818,70.78427434548355,72.3802524891768,11161000
2022-05-10,70.38089752197266,72.48548582186768,69.03045341862585,71.91549218164377,9261000
2022-05-11,69.17951965332031,71.95932637567043,69.06552361304546,70.21427507142648,8060000
2022-05-12,68.91645050048828,69.73197821372963,67.30293704521176,68.44292432274973,10315600
2022-05-13,70.62641143798828,71.46824517959911,69.6881169529356,69.8021129723215,7948000
2022-05-16,70.0652084350586,70.96842592918989,69.14444896980338,70.49489306337021,5703600
2022-05-17,72.72225189208984,73.01163421687578,71.31919519808508,71.59103555090105,6507100
2022-05-18,70.75796508789062,72.09963811967195,70.43350554354886,71.8190268103471,5949400
2022-05-19,70.11781311035156,71.18764575876482,69.71443479362708,69.91612729713981,7852800
2022-05-20,69.60044860839844,71.21396210371594,68.02200567576007,70.69658767542454,8705000
2022-05-23,72.17855834960938,73.08177581038724,70.24058541068857,70.84565627638699,7787700
2022-05-24,71.87164306640625,72.09964185777275,70.19674610868361,71.73134074962034,6225700
2022-05-25,72.1083984375,72.62577274459585,71.02979490447763,71.27532892752653,6747800
2022-05-26,74.53746032714844,75.0197642171509,72.99409456944285,73.09055534744334,8573400
2022-05-27,75.80896759033203,75.8352805451532,74.46729457740635,75.03728817310909,6300000
2022-05-31,75.53713989257812,76.13343985244592,74.47607800772413,74.94083993271033,10780700
2022-06-01,74.53746032714844,76.09836136708036,73.40624394993544,75.80021473711685,6543900
2022-06-02,74.71282958984375,74.87067386928531,73.3711565597412,74.69529431003973,7468700
2022-06-03,73.7657699584961,74.52867839387504,73.37992690316798,73.80961150277348,5276900
2022-06-06,74.42345428466797,75.65989557000235,74.30945154942982,74.71282988955387,4022400
2022-06-07,74.82683563232422,74.88821914980375,73.55531035553167,73.79208013031102,4514300
2022-06-08,72.95899963378906,74.65143829633048,72.55562133731554,74.09898672100165,6787200
2022-06-09,71.17010498046875,72.67838638677327,71.16133399656744,72.5205421280518,6951700
2022-06-10,67.87294006347656,69.89860314810569,67.47832594042626,69.74952982376126,9671600
2022-06-13,65.92618560791016,66.87325132860678,65.01419713875433,65.78587660174696,10446400
2022-06-14,65.73326110839844,67.32046819988375,65.1281902546051,66.13663944749355,7400300
2022-06-15,66.66277313232422,67.69752840874636,65.18079805046636,66.46985832680498,9273300
2022-06-16,64.84757232666016,65.20710908433496,63.56728294012423,64.97033934384163,11068400
2022-06-17,63.926822662353516,65.43511087515812,63.71636586461131,64.72480831103908,17285900
2022-06-21,65.44387817382812,65.98756550744778,65.03173554400013,65.82972122931957,8063800
2022-06-22,65.24219512939453,65.6894217181841,64.09343689898614,64.5757407388868,6322600
2022-06-23,64.86511993408203,65.35618804549921,63.339296380534925,65.25096298751052,7958000
2022-06-24,68.2412338256836,68.88138198771645,65.78587962731625,66.29448976259692,10795400
2022-06-27,67.90801239013672,68.74984642510096,67.44325047721605,68.74984642510096,5937600
2022-06-28,68.53938293457031,71.22272907864145,68.44292216688004,70.4861201881249,10259100
2022-06-29,68.5656967163086,69.53029780864784,67.96939676444941,68.6446155219962,8534900
2022-06-30,66.69786071777344,67.3730860578364,65.35618771283687,67.1450872828527,10182400
2022-07-01,67.3029556274414,67.5660317457548,65.48774914392907,66.43481514149296,6017500
2022-07-05,66.74169921875,66.75923449566788,64.54065065389256,65.82093995850559,8706900
2022-07-06,66.16294860839844,66.79432575472283,65.49650090087971,66.43479563491688,6895900
2022-07-07,67.5134048461914,67.7063264190205,66.75926052893381,66.89956956019236,6258300
2022-07-08,67.28539276123047,67.9781466542404,66.99601048776503,67.86415061786047,5890500
2022-07-11,66.48741912841797,66.96095206622998,66.01388619060596,66.52249638569694,4918900
2022-07-12,66.5926284790039,67.75015081826972,65.82094245929305,65.94370947328332,6558400
2022-07-13,65.75080871582031,66.20679962380106,64.90020372967548,65.97880082465973,7780100
2022-07-14,65.49650573730469,65.82972961567013,63.18146049003432,64.900205798444,13296200
2022-07-15,68.44291687011719,69.07428726845366,66.34709978940722,66.5926338371438,11663900
2022-07-18,69.15321350097656,70.50365746850022,68.76737045588376,69.7144360991291,11596800
2022-07-19,71.59979248046875,71.89793904240571,70.00381454992788,70.03012081241636,9952000
2022-07-20,71.74010467529297,72.14348303313942,70.97719619666451,71.44195807222016,7653400
2022-07-21,72.80116271972656,72.87131721931694,71.22272662075117,71.46826067901614,9053400
2022-07-22,72.2837905883789,73.24839157171668,71.60857190713293,72.8713194875581,6564000
2022-07-25,72.3890151977539,72.94146679153062,72.01194315080447,72.68716176542046,6208200
2022-07-26,70.84565734863281,72.40655822955871,70.70534834390611,71.7313395426408,7121600
2022-07-27,72.35395050048828,72.66086810582287,70.99473536076106,71.37180747311555,7751300
2022-07-28,73.42948913574219,73.53571868005311,71.61478000816173,72.37607485804514,6324800
2022-07-29,74.62454986572266,74.91666929473465,73.44719773796406,73.44719773796406,8597700
2022-08-01,74.43864440917969,74.83700012562664,73.48260554793013,74.05800374697277,5439200
2022-08-02,73.94291687011719,74.88125414418705,73.43833838734069,73.76587439514692,7684700
2022-08-03,75.28846740722656,75.76648346206892,74.46520702918369,74.96093138456854,7043600
2022-08-04,75.56288146972656,75.81959778473849,75.0671571393518,75.42124208748379,5722600
2022-08-05,76.24449920654297,76.75793181490042,74.98748013400206,75.23534228872987,6219300
2022-08-08,76.156005859375,77.20942715643788,76.08518614531,76.80222393117366,5719700
2022-08-09,76.44810485839844,76.87300948381701,76.01434608344361,76.52777194301295,4920100
2022-08-10,78.68773651123047,79.36936429523273,77.45727294418758,77.48382864288462,7271700
2022-08-11,79.84736633300781,80.41391031800909,79.49328140768479,79.65262232557497,8808100
2022-08-12,81.13980865478516,81.21947574342063,79.72344182193707,80.21917291492893,6259000
2022-08-15,81.45848846435547,81.69750325153154,80.07753815173984,80.24573324243872,7348900
2022-08-16,81.28144836425781,81.67979734960073,80.85653692665227,80.98047477599661,5953800
2022-08-17,80.86539459228516,81.29030604835981,79.98016858305655,80.01557843387431,5499000
2022-08-18,81.2017822265625,81.44079026984002,80.54671013778746,80.70605108455189,4664800
2022-08-19,79.67919158935547,80.48474371151295,79.36936385006413,80.24573567084197,6264100
2022-08-22,78.30708312988281,78.66117484436687,77.64316369787683,78.2805274332006,6452800
2022-08-23,78.16545104980469,79.0064129681385,77.86447072655385,78.30708368435855,7487700
2022-08-24,78.43101501464844,78.82051657991647,77.73168572870709,77.89102666415877,5262400
2022-08-25,79.59066772460938,79.758856061127,78.60806638822619,78.84707442103439,4943300
2022-08-26,76.8464584350586,80.10409002641784,76.76679134562742,79.97130479029491,7911500
2022-08-29,75.55403900146484,76.51008471820731,75.29732264676149,76.25336836350395,7505300
2022-08-30,74.73960876464844,76.33301778250089,74.54485802316243,76.25334395474009,8849400
2022-08-31,75.43895721435547,76.0763209846544,74.41209186137651,74.89896883972655,9223100
2022-09-01,76.27993774414062,76.31534760152685,73.81901006258502,74.95209848398561,7830800
2022-09-02,76.48353576660156,78.81167795925658,75.88158175336426,77.33335200521792,9974400
2022-09-06,75.35929107666016,76.87302680913045,73.61540143427422,76.7933597065609,10689300
2022-09-07,76.89071655273438,77.24480823740967,74.68650611507984,74.68650611507984,7592700
2022-09-08,78.28938293457031,78.33364017855861,76.12942951730192,76.59859817675236,8446700
2022-09-09,79.19232177734375,79.51100369626576,78.60807609514593,78.97986941597534,5976200
2022-09-12,79.80311584472656,80.59096635156722,79.53754537453275,79.67033060962966,8030800
2022-09-13,77.05891418457031,78.50182991195447,76.83760771850748,77.90873020380307,7890700
2022-09-14,77.17399597167969,77.99725634738579,76.24450605423358,77.4926778431619,8341100
2022-09-15,78.13006591796875,79.19233465123719,77.23598556932821,77.31565268514039,8883100
2022-09-16,77.39530181884766,77.63430984363619,75.75763523107192,77.36874612206424,20988900
2022-09-19,78.53723907470703,78.80280277943301,76.20024335368447,76.2356531983954,6011500
2022-09-20,77.18284606933594,78.29822580722139,76.4569611232373,77.9883981022532,8092300
2022-09-21,76.44810485839844,78.91788578750713,76.43925070886219,77.81135347627944,9707800
2022-09-22,75.04060363769531,77.2359670480704,74.59799064601583,76.93499345552273,8376300
2022-09-23,72.15478515625,74.08457842748095,71.01284261580356,73.72163246529911,9990500
2022-09-26,70.60563659667969,72.2875675605256,69.94171701256202,71.63249537483725,8496000
2022-09-27,70.35775756835938,71.57051273008277,69.3574479780472,71.4377274942131,6855400
2022-09-28,72.1193618774414,72.49115516920746,70.54366070913342,70.60562625776109,6693500
2022-09-29,70.69415283203125,71.72986568873633,69.95941359027071,71.5262674795065,5892700
2022-09-30,69.94171142578125,71.84494876564024,69.80892616881644,70.61447835458915,8090900
2022-10-03,71.15446472167969,71.68560573417305,69.33090129025058,70.86234526929456,8169200
2022-10-04,74.33242797851562,75.01404902391725,72.41148918773627,72.7655741832113,7875000
2022-10-05,73.57111358642578,73.9960181698987,72.03967004722303,72.61506814300684,5956500
2022-10-06,71.97772216796875,73.64195133034193,71.81838122165085,72.98687924340267,6434800
2022-10-07,69.8708724975586,71.5173930219318,69.38399560722469,71.43771918817859,7180900
2022-10-10,69.41056823730469,70.57021204147165,68.88828142798374,70.32234986229744,5418000
2022-10-11,68.16239166259766,69.41056337509632,67.75518857480205,68.97679783818887,6271100
2022-10-12,67.80831909179688,68.87059448256595,67.56931101227391,68.15355673651852,6411600
2022-10-13,70.21612548828125,70.51710583781806,66.09982327045462,66.37424792080196,11811500
2022-10-14,66.65751647949219,69.98596117596774,66.24145920399825,68.3660028265545,13658500
2022-10-17,68.28631591796875,69.26006292221356,67.56928519957937,67.9941897905743,11412400
2022-10-18,70.32234954833984,71.34035395772642,69.38400547656383,70.64103142120901,9767800
2022-10-19,68.72895050048828,70.45513860952256,68.48994243682924,70.06564373712492,7429600
2022-10-20,67.80831909179688,69.52565991694301,67.40111588914414,68.72010091009965,7638100
2022-10-21,70.12760162353516,70.40201950990664,67.47192374384807,67.81716132790834,8149000
2022-10-24,70.3134994506836,71.79182520774805,69.55220457203303,70.40202069741868,8143300
2022-10-25,71.26952362060547,71.41115622189989,69.58759342516612,69.58759342516612,8173600
2022-10-26,71.6236343383789,72.63279137378258,71.33150815609416,71.34920970332143,7733400
2022-10-27,71.42887878417969,73.01343392794261,71.34920494262819,72.58852253172216,6466400
2022-10-28,73.4891128540039,73.56061934273679,71.06688680685919,71.74617799211917,7816100
2022-10-31,73.44441986083984,74.50805672209873,73.01539456535053,73.08689423510934,9087400
2022-11-01,74.82981872558594,75.05327135827379,74.17733403767481,74.40972668505547,8195600
2022-11-02,75.41079711914062,77.5112505077049,74.56167302130693,74.58848624621785,10907500
2022-11-03,74.74044036865234,75.64318411095536,73.78406335646964,74.23990182543058,6447200
2022-11-04,75.83982849121094,76.64425939977839,75.08009084059924,76.107974400478,6929700
2022-11-07,76.4833755493164,76.9839073213554,76.07222347667954,76.43868228999838,4599600
2022-11-08,76.22418212890625,77.07330646035096,75.53595082965829,76.51914132254184,4850300
2022-11-09,74.5885009765625,76.27780267189904,74.35611510195233,75.86665056385658,5200800
2022-11-10,79.37039184570312,79.53127804236036,77.33249774830006,77.48445074792339,10013900
2022-11-11,81.14012908935547,81.95350004780695,79.54914723571855,79.54914723571855,9119100
2022-11-14,80.27313232421875,81.65854155992797,80.25525911167509,80.68428440506366,4873400
2022-11-15,80.88986206054688,82.10544506357004,79.87091848731185,81.39933384716439,7336100
2022-11-16,80.28207397460938,80.86305227300082,79.60277595714086,80.86305227300082,4368600
2022-11-17,79.50445556640625,79.65640856139069,78.21737285167544,79.27206970440027,4967300
2022-11-18,79.72791290283203,80.77367662006594,79.18268782215178,80.68429009334362,5450700
2022-11-21,79.62065124511719,80.1569362504341,79.16480592194259,79.60277121404079,4667100
2022-11-22,80.14801025390625,80.61279567391652,79.81730463271991,80.07650375556082,3804100
2022-11-23,80.38040161132812,80.84518020428244,80.14800890523352,80.1927021707561,4961400
2022-11-25,81.2563247680664,81.40827093316764,79.96923532430607,80.13012150477611,2450100
2022-11-28,80.34465026855469,81.42616049135286,80.17482403862243,80.62172942750936,6147700
2022-11-29,81.40828704833984,81.75687270515691,80.08544410047469,80.12119734979375,5307100
2022-11-30,83.18697357177734,83.34785979374648,79.66535672380579,81.5870513697607,10520600
2022-12-01,83.12439727783203,83.56236262292093,82.26633980165934,83.178023739082,7310400
2022-12-02,82.3199691772461,82.82050783715982,81.79262410499301,82.1054565054173,5197800
2022-12-05,80.27313232421875,81.98031393958644,79.6295875649018,81.76580129289215,8272500
2022-12-06,78.21736145019531,80.22843514425111,77.23417123028133,80.10330221549296,10424700
2022-12-07,78.01179504394531,78.68215305381318,77.50232322921511,77.60064294953447,7066700
2022-12-08,79.27205657958984,79.36143626704263,77.76151463047546,78.36930605208069,6141400
2022-12-09,79.96924591064453,80.22845183678407,78.98605548616548,79.263134626175,6488300
2022-12-12,81.44403839111328,81.63173783121817,78.90561230276286,79.55809715390023,7496200
2022-12-13,82.86520385742188,85.05504455187062,82.29316545362984,83.71432826437633,10330500
2022-12-14,80.88986206054688,82.83836950781338,80.32676381825402,82.68642333724397,7704600
2022-12-15,78.4676513671875,79.71898785768259,77.69003351213152,79.68323460718442,8795200
2022-12-16,77.63639831542969,77.6453383318577,76.7157743811447,77.34143914641571,17262000
2022-12-19,76.46550750732422,77.79728353039503,75.93815565249729,77.52913759482414,5129600
2022-12-20,76.11691284179688,77.26992249779296,76.09903281129084,76.79620397788702,5206800
2022-12-21,77.64533996582031,78.49445742501895,77.18055457106564,77.23418785152789,5422400
2022-12-22,77.19844055175781,77.38613999974964,75.76833782932171,77.38613999974964,5635200
2022-12-23,76.96605682373047,77.3861490360572,76.28675863317582,77.1626963119886,3316100
2022-12-27,76.02752685546875,77.18948335401701,75.92027394862245,77.18948335401701,7064700
2022-12-28,75.49124908447266,76.16160709331808,75.13372344924156,75.93815442370294,3714900
2022-12-29,76.18840789794922,76.50124022054753,75.58061646294401,75.93814203987057,3461700
2022-12-30,75.9917984008789,76.15268463286078,75.24100053112073,75.705779190604,4455600
2023-01-03,76.61746978759766,77.40402090771869,75.95605164524052,76.54596328052233,5108900
2023-01-04,77.44869995117188,78.07436472504905,76.13479710679523,76.46550952683579,7726800
2023-01-05,76.79620361328125,77.0196562589106,75.82195335156936,76.77833040209367,5339900
2023-01-06,78.26205444335938,78.61958004944236,76.60850618686348,77.26099092940748,5710900
2023-01-09,78.33357238769531,79.46871584162432,78.12799973710753,78.87879748240425,5039700
2023-01-10,79.4776382446289,79.48657826016387,77.61851052891934,78.25312206645873,4536600
2023-01-11,79.9334945678711,80.27314019336858,79.41508270324223,79.87986810574905,6122600
2023-01-12,80.91667175292969,82.06074821890886,79.86197498224884,80.46082644190456,7895600
2023-01-13,81.92668151855469,82.21270063306991,78.89665736081392,79.57595531500017,8414600
2023-01-17,86.77113342285156,88.57662780813452,84.9120057652696,85.71643665741887,27914300
2023-01-18,86.32423400878906,87.54875023207376,86.10971454344953,86.52087344239993,14134800
2023-01-19,84.15226745605469,84.89413187394034,83.07075747275282,84.5634195044744,13457100
2023-01-20,86.02033233642578,86.05608557960741,83.91093872334639,84.13439137880621,10785000
2023-01-23,86.81582641601562,86.89627292092177,85.34997748818525,85.68962990120257,8735300
2023-01-24,85.36785888671875,86.52980866462154,83.0528857085183,86.05609010123366,4801600
2023-01-25,85.48405456542969,85.74326048601908,84.41148445609751,84.8047565259276,5891000
2023-01-26,86.25273132324219,86.28848456904181,85.18909442321508,86.0024654218792,6085100
2023-01-27,86.57450866699219,87.08398051511097,85.54662495398489,86.17229656240595,7990800
2023-01-30,86.46188354492188,87.04754795478802,85.52482186398353,85.62393461984877,5870100
2023-01-31,87.6962661743164,87.73230779426204,86.281665244072,86.7592046784384,7182100
2023-02-01,88.47116088867188,89.25504393247753,87.33587370114954,87.35389107748087,9815200
2023-02-02,89.39019012451172,90.34526909002543,88.26391516546752,89.09285188550722,11118900
2023-02-03,89.58843994140625,90.26420510031028,88.36305190332118,88.51622368952215,6948600
2023-02-06,89.11088562011719,89.38118751451886,88.3630373178879,88.70542246715837,4737700
2023-02-07,89.39920806884766,89.9398187095352,88.34501628837137,88.99374493265407,5060700
2023-02-08,89.16495513916016,90.04795792983946,88.35403561185026,88.58830278068164,4705200
2023-02-09,88.34500885009766,89.92179376264947,88.05668274105766,89.3992005418155,4983800
2023-02-10,88.6964111328125,88.84057075842549,87.90350913211132,87.93053863227394,5224900
2023-02-13,89.58843994140625,89.8857782611413,88.44414729699378,88.71444923601219,4910300
2023-02-14,90.60655212402344,90.99399092682923,89.17393389049423,89.24601712688502,7679500
2023-02-15,90.849853515625,90.96698364768872,89.65149519634927,89.660507321658,6464200
2023-02-16,89.7145767211914,90.31825857631976,89.02979947736199,89.90379012917619,6051800
2023-02-17,89.6604995727539,90.1200148102239,88.57026622869398,89.110876838459,8133000
2023-02-21,87.95757293701172,89.20097803489405,87.56112194598971,88.71442642070438,6556000
2023-02-22,87.6422119140625,88.36303065996356,87.05655441653454,87.7323194129779,5072400
2023-02-23,88.24589538574219,88.67838110865563,87.12862570736979,88.19182951470054,5916100
2023-02-24,88.02965545654297,88.2819468429571,87.04754690924959,87.53409855740648,5414200
2023-02-27,87.12862396240234,88.73244520260931,87.02050597095763,88.6693740828544,5645000
2023-02-28,86.94842529296875,87.66023187934292,86.73218242946163,87.5070601374519,6745300
2023-03-01,86.66912078857422,87.18270194198216,85.83117186730468,86.4618831524592,5429600
2023-03-02,86.56999969482422,86.83129630900252,85.12836912887211,86.00235271862289,4632400
2023-03-03,88.5972900390625,88.6964027798162,86.903368196535,86.99347568757393,6504000
2023-03-06,88.64234161376953,89.38117770953157,88.39005712364154,88.69640748610895,5215200
2023-03-07,86.55198669433594,88.53423499509135,86.47089818676132,88.29996784947966,5461400
2023-03-08,86.40780639648438,86.94841694043782,85.92125484465546,86.17353930688468,4121300
2023-03-09,83.07403564453125,86.45286041653067,82.68659679570585,85.92126195203633,9162400
2023-03-10,81.1368408203125,83.80385877040729,80.39800481301756,82.68658919899663,16206500
2023-03-13,79.28075408935547,81.25399024377647,78.07339049435433,79.77631787789332,15175400
2023-03-14,81.06476593017578,83.26325680600051,80.29890034819582,83.26325680600051,11089300
2023-03-15,76.93810272216797,78.40676295189888,75.39735923749336,78.32567444576537,14814000
2023-03-16,78.39775085449219,79.54204321128668,75.03694328428371,76.18124251531515,15342400
2023-03-17,75.84785461425781,77.93822048406324,75.41536204239907,77.9292083603772,19935800
2023-03-20,77.1633529663086,77.76703472209522,76.01906058035132,76.22629133270213,8649800
2023-03-21,79.97453308105469,80.3529598121035,79.28975599089252,79.49699360507833,8905600
2023-03-22,78.8843002319336,81.16387963040026,78.80320486094669,79.96552143402286,7299300
2023-03-23,77.34354400634766,80.01056892829556,76.8029334475557,79.24469652291772,9373000
2023-03-24,75.640625,76.1452008661408,73.63135428278508,76.1452008661408,10978700
2023-03-27,76.26234436035156,77.77605847569548,76.01005982016727,77.541791313708,6626900
2023-03-28,76.47858428955078,76.73988094576988,75.62261793667687,76.19025812997072,5209900
2023-03-29,77.70396423339844,77.8030769850698,76.9020569693209,77.42465022827218,4873500
2023-03-30,77.58684539794922,78.93837561827223,77.00118092762827,78.62301994171116,4113700
2023-03-31,79.10956573486328,79.17263686546282,77.64089860567209,78.20854565530556,6142400
2023-04-03,78.53290557861328,79.57808519175232,78.09140083434049,79.2447053209368,7728400
2023-04-04,76.42450714111328,78.56893201430472,75.91993820018264,78.38873078518272,6222800
2023-04-05,75.52349090576172,76.16321423664334,74.96485606964245,75.53250302992528,6045400
2023-04-06,75.85687255859375,76.04608592510185,74.97386997398587,75.59557594553873,3877800
2023-04-10,75.68567657470703,76.01004430996615,75.17209547291957,75.64062282705119,6185800
2023-04-11,76.66780090332031,77.27148962540238,75.80282238829663,75.946988911253,5582100
2023-04-12,77.01016998291016,77.50572679069172,76.39747619161379,77.04621160289655,4641800
2023-04-13,77.2083969116211,77.28948540244245,76.08212204419395,76.93808819374408,5086000
2023-04-14,78.12744140625,78.74914739033862,77.48771804727971,77.8751569124856,7865900
2023-04-17,80.45206451416016,80.47008188678362,77.73098067420226,78.0823847456022,8876900
2023-04-18,80.95664978027344,81.57835581193852,79.9565169790024,80.30791424709899,10227600
2023-04-19,81.49725341796875,81.72250841014029,77.93822729135313,78.51487952137333,13886200
2023-04-20,81.47923278808594,82.7316499445855,80.83950946078474,80.95663957730922,6776000
2023-04-21,82.10093688964844,82.29915549601071,80.34394393599004,81.52428469567216,6531000
2023-04-24,81.2719955444336,82.42530683782208,80.68633808494056,82.20005185363658,5004400
2023-04-25,79.34381103515625,80.93862012463089,79.19063930034959,80.76742414206088,5806700
2023-04-26,79.68621063232422,80.90258625186812,79.20867113440407,79.4249140086206,6429100
2023-04-27,81.32605743408203,81.9567686092325,80.09165770644611,80.56019190018895,6375800
2023-04-28,81.76683807373047,82.09401503509174,81.03069337755353,81.29424604786554,6374500
2023-05-01,79.91283416748047,82.26668321929324,79.82195322295976,81.9667767957521,7745400
2023-05-02,78.42236328125,79.58565599424745,77.54989374650191,79.58565599424745,6319100
2023-05-03,77.02278900146484,79.23123030859227,76.85920049968604,78.52234911214173,6546500
2023-05-04,75.07791900634766,76.75015112119428,74.16909539599,76.49568161969795,10359200
2023-05-05,77.14093780517578,77.26817254314814,75.9958251634246,76.15032349756629,8288000
2023-05-08,76.7319564819336,77.76801455654872,76.63198535773635,77.68622378244477,5825300
2023-05-09,76.67742919921875,77.16819464451842,76.06851227978258,76.34116206065083,4381400
2023-05-10,76.0866928100586,77.44992785008466,75.25057698294788,77.31360295932767,4884900
2023-05-11,75.09607696533203,75.2687556345529,74.17817030018597,75.23240186557102,6717800
2023-05-12,74.8779525756836,75.67771459894247,74.2235986776665,75.43233535407188,5208900
2023-05-15,75.38690185546875,75.77769621347619,74.75072821860667,75.13243240072391,5032100
2023-05-16,74.39628601074219,75.49596152124762,74.35084206605312,75.1778747097415,6862900
2023-05-17,76.25936889648438,76.26845213746252,74.97792467384816,75.01427843907598,8216700
2023-05-18,76.7864990234375,76.84103315085329,75.45052730901075,76.06852759412743,5367700
2023-05-19,74.74163818359375,76.72287357126335,74.73255494145904,76.1503172970083,11183600
2023-05-22,74.76888275146484,75.57774179084846,74.44171277355292,74.7507093380473,5520000
2023-05-23,75.10516357421875,75.950369595034,74.42354603916684,74.52351716567621,5521200
2023-05-24,73.81464385986328,74.7325575124495,73.37840554034747,74.5326152382453,6827800
2023-05-25,75.43234252929688,75.55048707565462,73.59652230414248,73.80554780414249,6962700
2023-05-26,76.25028991699219,76.92281733801943,75.27784908913029,75.40508381922267,7411600
2023-05-30,75.8140640258789,76.85921256611586,75.53233092505224,76.48659849087159,5876800
2023-05-31,74.30540466308594,75.68681320881214,73.73284147162342,75.4868709472711,9559200
2023-06-01,74.5871353149414,75.286926274147,74.04184266787867,75.05063718514222,6857500
2023-06-02,76.65925598144531,76.95916938154961,75.37781853319365,75.37781853319365,6218500
2023-06-05,76.1048812866211,77.00462158340169,75.63229609675292,76.70470815114149,6631900
2023-06-06,78.03157043457031,78.36783755751067,75.67771444153108,75.9776277997937,6903900
2023-06-07,78.61322784423828,79.07672974177048,77.95887385566876,78.20426006826864,7410800
2023-06-08,78.44054412841797,78.98584370635142,77.4135761996847,78.52234183861685,6795900
2023-06-09,78.34967041015625,79.03128801172981,77.84982166259933,78.83134573919791,6282600
2023-06-12,79.467529296875,79.64929122391031,78.16791141063071,78.34058316118232,7053500
2023-06-13,80.2309341430664,80.86711472694503,79.60384373526723,79.83104960084401,6089200
2023-06-14,79.95828247070312,81.33060075554077,79.64927892194157,80.5217485177481,5772500
2023-06-15,80.93071746826172,81.18518688232297,79.4311576396619,79.64018311531015,8603200
2023-06-16,80.0582504272461,81.47601965417077,79.9219324634986,81.44875606142128,13153100
2023-06-20,78.82225036621094,79.25848168116997,78.38601211748018,79.15851056028941,7382000
2023-06-21,78.46780395507812,79.32210011465754,78.43145712314745,78.66774619955602,6343100
2023-06-22,76.79557800292969,77.82254595817177,76.66834328046686,77.72257482855493,6214600
2023-06-23,75.95946502685547,76.26846166925164,75.06881500189293,75.66864180245858,10026600
2023-06-26,75.96854400634766,76.55928059788093,75.65954738128939,75.94128041399219,6377400
2023-06-27,76.7319564819336,77.13184097872258,75.77768918142242,76.25937138608731,6639900
2023-06-28,76.33206939697266,76.85009841671554,76.01398261884488,76.83192500101042,4781600
2023-06-29,77.46809387207031,78.21332867880078,76.91371112067397,77.55897481264304,9066500
2023-06-30,77.6135025024414,78.60411646013425,77.6135025024414,78.17696844763523,6191700
2023-07-03,78.53142547607422,79.66745461257266,78.01338953341022,78.46780118800959,5839300
2023-07-05,78.08609771728516,78.413274666043,77.56806870404719,78.11336130738637,6734300
2023-07-06,75.73225402832031,77.17727987638595,75.45051406515044,77.11366251704543,8546800
2023-07-07,75.75951385498047,76.37751400090367,75.34145595241063,75.4414270740873,8217700
2023-07-10,75.79588317871094,76.69561652471292,75.59594089431646,75.81405659830443,6141200
2023-07-11,77.2136459350586,77.64079410167209,75.9958257384589,76.25029521632909,11053100
2023-07-12,77.94978332519531,79.71290301595715,77.79528500464491,78.77681598303434,8602300
2023-07-13,78.34967041015625,78.740464779076,77.92252227043318,78.36785076244432,6026500
2023-07-14,77.95887756347656,79.44934752665213,77.75893528704056,79.44026428410355,7732700
2023-07-17,78.49507141113281,78.97674665376059,77.8679811113796,77.8679811113796,7911800
2023-07-18,83.5572280883789,84.12069417544512,79.15851909660091,79.55840362324595,21630800
2023-07-19,84.66598510742188,85.30215866759121,83.00283674241544,83.09371768904366,12004300
2023-07-20,85.24763488769531,85.55663150531441,84.39333870100623,84.62054454352804,9541800
2023-07-21,85.43849182128906,85.7929324010744,84.57510541035182,85.67478091863099,6298600
2023-07-24,86.03831481933594,86.70175899233506,85.15675495859674,85.43849494460756,7259800
2023-07-25,85.81109619140625,86.85624439593053,85.80201295052385,86.06556561154677,7760100
2023-07-26,85.01134490966797,86.47455119416409,84.78413905100426,85.79293361817295,7201100
2023-07-27,84.29336547851562,86.07465840751843,84.11160358252893,85.11130787799954,8427800
2023-07-28,83.99066925048828,84.93541411331064,83.55039619899004,84.8070025978534,5798400
2023-07-31,83.98150634765625,84.56853249703835,83.50455022549717,84.29336792583632,5242900
2023-08-01,83.41282653808594,83.86226689125698,83.12848072461145,83.65130109402774,4468500
2023-08-02,81.92691802978516,82.67904575047307,81.44078763686423,82.11036108442944,6407400
2023-08-03,81.76181030273438,82.11035487938072,81.18395842615936,81.4866387436586,5137700
2023-08-04,81.44078063964844,82.59649137874236,81.19312483946234,81.95442674684423,6191700
2023-08-07,81.706787109375,82.28463904478625,81.61506557964523,82.04615746916554,4663300
2023-08-08,81.14726257324219,81.19311983118268,79.12018702763498,80.5785779911372,6921200
2023-08-09,80.31258392333984,81.64257041920226,80.23003665699488,81.1472658274228,5200500
2023-08-10,80.38597106933594,81.56919764392724,80.09245798867092,80.63362688615244,4250100
2023-08-11,80.44100189208984,80.8996165140468,79.81728572631222,79.85397573581723,3922300
2023-08-14,80.10163116455078,80.16583693139926,79.3586707219857,79.76225382669247,3637500
2023-08-15,79.0284652709961,79.31280406222334,78.62488221410354,79.2577725537027,9308700
2023-08-16,78.87252807617188,79.60631415278924,78.50563503786319,78.64322080196678,5746300
2023-08-17,78.68909454345703,79.70721952351447,78.14792567217528,79.43204796213006,7611200
2023-08-18,77.86359405517578,79.15689071617426,77.6984925026633,77.92779982571373,6650000
2023-08-21,77.27655029296875,78.24881088225176,76.7353884926403,77.9828136082606,5385300
2023-08-22,76.1116714477539,77.7535053279214,75.98325293964731,77.6984738229489,6002300
2023-08-23,76.48775482177734,76.79044218631978,76.01996589456671,76.13003593564703,5878600
2023-08-24,76.53360748291016,77.73517550807158,76.22174591275851,76.2859516775098,5023000
2023-08-25,76.33183288574219,77.18485651992962,75.89155968833042,76.76293182960859,5461400
2023-08-28,77.39579772949219,77.84524507803106,76.8362873551099,76.86381010947423,6439700
2023-08-29,78.4689712524414,78.50565426714508,77.34077610793351,77.42333038577769,6212300
2023-08-30,78.20296478271484,78.88171244198874,77.99199898431569,78.53316785974616,5051800
2023-08-31,78.10206604003906,78.57902213433846,77.74434721983869,78.57902213433846,5581200
2023-09-01,78.65240478515625,79.29446243322062,78.23048018815632,78.88171208773689,4981800
2023-09-05,77.8177261352539,79.12936424139323,77.7902103774453,78.73495538436103,4919400
2023-09-06,77.19402313232422,77.73518507354714,76.45106262260383,77.30408617235362,5384000
2023-09-07,76.90050506591797,77.84525717122912,76.84547354444716,77.03809086749956,5504200
2023-09-08,77.89111328125,77.91862904157612,76.73540936012579,77.18484977389632,6127600
2023-09-11,76.59780883789062,78.57902017751665,76.45104881382042,78.31302288231673,7780900
2023-09-12,78.4689712524414,79.36785206867299,76.34099950650592,76.44188829379756,8942600
2023-09-13,80.02823638916016,80.53271517702072,79.01928581134149,79.01928581134149,10617400
2023-09-14,81.69760131835938,81.73429132465014,80.64278638068491,80.78954640584801,8109600
2023-09-15,81.09225463867188,81.38576776684862,80.66115570087057,80.89046305094318,17629500
2023-09-18,81.36740112304688,81.6792626885416,80.30341889478449,81.23898959546182,5501900
2023-09-19,81.1839599609375,82.06449916956173,80.66113958713238,81.43160877046473,5769000
2023-09-20,79.92736053466797,81.77099338460152,79.85398051126965,81.47748028891246,5268200
2023-09-21,77.85441589355469,79.3495040434297,77.8085586299897,79.19356975317814,6933900
2023-09-22,76.39602661132812,78.17545363150582,76.13920353581877,78.17545363150582,7420600
2023-09-25,76.15755462646484,76.38686197244259,75.48798109503653,75.79066147331947,4748800
2023-09-26,75.36872100830078,75.91905712378252,74.95597067116532,75.28617374003504,5557000
2023-09-27,74.89176940917969,75.77230864645774,74.37811627233964,75.58886559623875,5708200
2023-09-28,75.38707733154297,75.71728043466763,74.70832262072888,74.73584537757603,5665400
2023-09-29,74.91011810302734,76.21258207910985,74.32309188851397,76.13920905072403,6830500
2023-10-02,73.75440979003906,74.72667058785574,73.28662089765946,74.38729323488951,6722200
2023-10-03,71.56221771240234,73.23157454400241,71.38794892636776,72.99309999513333,7526800
2023-10-04,72.54365539550781,72.72710543760437,71.18616007351118,71.63560043031649,6848700
2023-10-05,72.59868621826172,72.95640501508502,71.56221283442248,71.98414438760658,5589300
2023-10-06,73.68102264404297,74.10294723244957,71.91077002425911,72.2042830856682,6306400
2023-10-09,73.29579162597656,73.45171891663844,72.39690389539545,73.01144580417134,5125000
2023-10-10,73.4975814819336,74.39646927736183,73.39668569883744,73.60765151746692,6245400
2023-10-11,72.369384765625,73.57095276976256,72.19510897953357,73.2957882104588,8928700
2023-10-12,71.3696060180664,72.34187378593083,70.89264988503967,72.34187378593083,11654600
2023-10-13,71.35124969482422,72.67206178569315,70.93849241747647,71.72730997197849,6442800
2023-10-16,72.21345520019531,72.62620552505923,71.4246375588927,72.26848671073633,7901500
2023-10-17,73.68102264404297,73.95618720279333,71.52553544326658,71.53470269669255,12324800
2023-10-18,68.68212127685547,70.6908555022084,67.32462595398503,70.1038293629287,34732300
2023-10-19,66.88436126708984,70.13135394489265,66.85684550677104,68.67296266476072,17486100
2023-10-20,67.07698059082031,67.87497265342381,66.36154280954356,67.06781333570986,11270600
2023-10-23,65.76532745361328,66.83849088074692,65.3434028830928,66.71007935919299,12847100
2023-10-24,65.63692474365234,66.13222939238364,65.19665861004943,65.8112005454015,9265500
2023-10-25,65.49017333984375,65.94878798928536,65.24251751031892,65.35258754543042,8461700
2023-10-26,66.10472106933594,66.6734058036023,65.49017906485919,65.55438484147759,10903200
2023-10-27,64.57295227050781,66.04969218974635,64.38033493294257,65.95797064774935,11099100
2023-10-30,65.53850555419922,65.81704008733324,64.45223362514592,65.03715472804187,9769600
2023-10-31,65.7520523071289,65.93773728112994,65.24140800348451,65.70562752191479,8949000
2023-11-01,65.87274169921875,66.76404933857243,65.64063195808912,66.07699940476117,9429000
2023-11-02,68.2031478881836,68.2681383537121,66.52267507706816,66.55052712180473,11638000
2023-11-03,70.80277252197266,71.19271527023481,69.20585602898056,69.25227373705253,14951100
2023-11-06,70.48709106445312,71.26698355081452,69.96716746249741,71.1927067266986,8140300
2023-11-07,70.10643768310547,70.71920379924387,69.56794131077638,70.43138994798403,7657700
2023-11-08,70.53351593017578,70.7377736550117,69.68863299261413,70.05072365630403,8075200
2023-11-09,68.88089752197266,70.62636044005986,68.6673534171431,70.2642697660068,9497200
2023-11-10,69.93932342529297,69.99502750803848,68.75092243719796,69.3172708898727,8924000
2023-11-13,69.6700668334961,70.11571360867516,69.21513368450103,69.40081866025434,4868400
2023-11-14,72.7060546875,73.30954144475791,71.18341531796064,71.19270169117526,12287700
2023-11-15,73.97803497314453,74.31227364835712,72.8824764451541,72.94746690514384,9841600
2023-11-16,73.95946502685547,74.53509275819414,73.38383021208833,74.25656526725143,6757600
2023-11-17,74.53508758544922,74.68364123705179,74.21942170093571,74.58151237243202,6080700
2023-11-20,73.99658203125,74.46080150969806,73.66234344009324,74.30296858704823,7644600
2023-11-21,72.8546142578125,73.66235170757506,72.62250449253767,73.41167627778651,7394800
2023-11-22,72.8731918334961,73.22600326777494,72.61322998724582,73.15172643072371,4265400
2023-11-24,73.021728515625,73.26312463815472,72.46466653422576,72.65963787354411,2398000
2023-11-27,72.37181854248047,72.74319556596957,72.03757992968302,72.66891874458625,5237800
2023-11-28,71.3783950805664,71.90760508143119,70.86775782832322,71.8240489629185,9197900
2023-11-29,72.92890930175781,73.83877584221757,71.80549152375985,71.93547954154091,7420700
2023-11-30,73.66236114501953,73.79234914698084,72.61322742159885,73.1331510957289,8480500
2023-12-01,75.1014404296875,75.1850036345151,73.10529488959747,73.42096787621628,9617100
2023-12-04,75.3985366821289,75.6492191999344,74.33083032563341,74.41439352604458,6713800
2023-12-05,74.43296813964844,75.05502069673639,73.89447170958921,74.90647410976457,6103200
2023-12-06,73.72735595703125,75.90918653265024,73.65307912535548,74.99931305319333,7321800
2023-12-07,74.60006713867188,74.80432483807095,73.92231068167708,74.05229156612614,5430400
2023-12-08,76.3919677734375,76.74477916371751,74.414395046716,74.53508957930075,10343400
2023-12-11,76.8933334350586,76.91189910215051,76.09487516495733,76.47553863291604,6378100
2023-12-12,77.61750793457031,77.67321909772586,76.66121678763422,77.00474180728519,7395300
2023-12-13,79.50222778320312,79.94788161297846,77.33897033026032,77.49680325778245,10144600
2023-12-14,84.52509307861328,85.41639372837629,80.9691697701158,80.98774251808072,19849500
2023-12-15,85.02645874023438,85.26784781826645,83.80091935013759,84.48796233521783,16905700
2023-12-18,84.26512908935547,85.11000493072467,84.12586181694164,85.10072564041074,9145500
2023-12-19,85.34211730957031,85.7506327656082,84.20942051486736,84.4136782428863,8114900
2023-12-20,84.6179428100586,85.70421490585294,84.42297144030796,84.91504305207316,10467000
2023-12-21,86.00130462646484,86.02916374738824,85.08215197196716,85.54637148603656,7748000
2023-12-22,85.79707336425781,86.95762241149582,85.62995401811837,86.25200660741493,5800800
2023-12-26,86.19628143310547,86.36340075209498,85.75992101231496,85.98274440982493,2726200
2023-12-27,86.95761108398438,86.98546312414126,85.78777581339656,86.05702400729375,4073200
2023-12-28,86.93904113769531,87.22685500649962,86.56766406229808,86.63265451923544,4089500
2023-12-29,86.57694244384766,87.05972763889059,86.40053675554933,86.79976583514225,4772100
2024-01-02,87.1804428100586,87.4125526114254,85.66708237175246,86.02918017863935,6132200
2024-01-03,85.33283996582031,86.53052015575088,84.73863243283215,86.53052015575088,7487900
2024-01-04,85.55565643310547,86.47480907227703,85.10072330026284,85.55565643310547,8735600
2024-01-05,86.56765747070312,87.20828269989798,85.472099077587,85.61136635568519,6027800
2024-01-08,86.81834411621094,87.11544435134789,85.67636088161767,86.53980954677014,6738400
2024-01-09,85.47209930419922,86.1962806521162,85.10072933952345,86.11272453509257,7594100
2024-01-10,84.9336166381836,85.3885498387493,84.75721093282138,84.98003434566989,6929200
2024-01-11,84.03302764892578,84.44153604943949,83.13244055937793,84.44153604943949,9400700
2024-01-12,83.28099060058594,85.32356102182162,83.03031514174086,84.74792618718244,8303100
2024-01-16,79.81790161132812,81.85118527905752,78.73162968614147,80.53279652146716,20369000
2024-01-17,78.36955261230469,79.04730922993426,77.89604665905661,78.77806102449627,17198500
2024-01-18,77.89603424072266,78.8987500700654,77.3203995053383,78.75948280208543,15016400
2024-01-19,79.23298645019531,79.4650962165717,77.24612741668774,77.90532538661324,14787400
2024-01-22,79.59508514404297,80.56065555017406,79.32583696185003,79.34440262667147,11626500
2024-01-23,80.53280639648438,80.6349352652313,79.09373002642653,79.53937683238742,8555700
2024-01-24,81.30342102050781,81.98118475788354,80.95989596410791,81.07131121890953,12480900
2024-01-25,81.72122192382812,82.09259905076415,81.08060364037877,81.83263718693779,8792400
2024-01-26,81.45197296142578,82.16686801843682,81.37769612647094,81.59123317268005,6384400
2024-01-29,81.34984588623047,81.65622544120544,79.58580997583579,81.14558812729449,7440300
2024-01-30,82.146728515625,82.56861593837509,81.34981892382696,81.54670735078126,6569300
2024-01-31,81.79047393798828,83.20615245006853,81.78110374689584,82.23111611513242,8414700
2024-02-01,81.3967056274414,82.66237515959737,80.29041516650732,81.74359579964533,8365000
2024-02-02,81.81859588623047,82.19361094820667,80.62793075373473,81.06857291509546,7728600
2024-02-05,80.5248031616211,81.17170397859762,79.77477302156666,81.17170397859762,7788700
2024-02-06,80.72168731689453,81.14358196789247,80.2716749392114,80.2716749392114,7335500
2024-02-07,80.62793731689453,80.99357506505966,79.94353423661587,80.87169819994394,4952200
2024-02-08,80.29978942871094,80.84356087146901,79.84039976636139,80.32791430457483,6218200
2024-02-09,80.5248031616211,80.65605736320799,79.990409011498,80.33729920301624,5664500
2024-02-12,81.44358825683594,82.16548635254554,80.29041818904096,80.49667683147725,7888000
2024-02-13,78.72474670410156,80.49668574254349,77.89971204302422,80.49668574254349,11339400
2024-02-14,78.75286865234375,79.6529005786038,78.4622353545523,79.25913795201839,5973700
2024-02-15,80.31854248046875,80.84356642633156,79.13725469611644,79.17474976463339,7993500
2024-02-16,81.0967025756836,81.36858833283038,79.75602847820409,80.17791597729729,9673900
2024-02-20,80.01852416992188,81.08731234033922,79.7841406737283,80.57167294040336,6626400
2024-02-21,80.12166595458984,80.14042064278257,79.24975892689017,79.69977845688454,6444000
2024-02-22,80.48729705810547,81.32170179345046,80.25291354474301,80.58104903288702,6782100
2024-02-23,81.1435775756836,81.79984857128905,80.59042874840124,80.69355806954172,5810100
2024-02-26,80.31854248046875,81.88422266888459,80.21541316000376,81.09669747931639,5608100
2024-02-27,80.14978790283203,81.04981977708718,79.80290486494826,80.59980741636836,8066700
2024-02-28,80.67481231689453,80.71230738648518,79.95290705296759,80.09353859879391,5624100
2024-02-29,80.66544342041016,81.22796250980515,80.01854253355584,81.08733094925184,7657100
2024-03-01,81.07795715332031,81.36859045347828,79.79353278149351,80.8341962693844,5523700
2024-03-04,84.41556549072266,85.54060347320825,82.08110774301568,82.39048853886813,19876000
2024-03-05,83.56241607666016,85.44686171784102,83.08427881097768,83.61867298948354,13883600
2024-03-06,80.30916595458984,82.45611252228285,79.15599598618395,81.3498221150511,25614600
2024-03-07,80.75919342041016,81.67798006094921,80.29042633199226,80.70294365870181,9145700
2024-03-08,81.60296630859375,82.80300877370556,81.02169261019765,81.20920371588218,9689300
2024-03-11,81.50921630859375,81.79984958843042,80.47792308436529,81.39670964245498,4737200
2024-03-12,81.61235046386719,82.27799885076678,81.19045580547647,81.79047708811324,5110900
2024-03-13,83.76866912841797,84.60307389248237,81.79984897897181,81.98735293498862,10345800
2024-03-14,83.53428649902344,83.81554958886959,82.74676129196223,83.4405345200139,9235300
2024-03-15,82.85926055908203,83.76866977368528,82.66237925790259,82.95301969063009,20363000
2024-03-18,82.46549224853516,83.1592654265,82.2217313984546,82.84050729031671,5960000
2024-03-19,82.89675903320312,83.52490513039739,82.37174225379505,82.50299644864707,8546400
2024-03-20,85.64373779296875,85.76562180261713,82.41862538344236,82.54987958397334,10811700
2024-03-21,87.56568145751953,88.46571328468337,86.21563014036519,86.21563014036519,13659900
2024-03-22,86.20624542236328,87.99693873305579,86.00936414759052,87.67817346474523,5909300
2024-03-25,85.44685363769531,86.76878009536169,85.30622209816228,86.03749752035337,3670400
2024-03-26,85.57810974121094,86.16876078985068,85.25935158712764,85.70936394028257,4211900
2024-03-27,87.65943145751953,87.69693367690891,86.1687557890807,86.28125529443187,6394500
2024-03-28,88.2782211303711,88.81261532267065,87.61256557330745,87.89382868623062,6707700
2024-04-01,87.68755340576172,88.54071277454295,87.35004059534461,88.27820440040003,3416000
2024-04-02,86.91878509521484,87.91256894708302,86.75940601572985,87.09691886217895,5245400
2024-04-03,87.190673828125,88.40947105459148,86.95629029632896,87.1437942606387,4821100
2024-04-04,86.51564025878906,88.82197314397041,86.12187767779113,88.3157039029086,5466100
2024-04-05,86.69377899169922,87.46255666421898,85.88749909700563,86.4875203461519,4654800
2024-04-08,87.38753509521484,87.56566882742867,86.4406238411326,87.19065383199666,4601900
2024-04-09,88.20320129394531,88.25945104559065,87.03128378255515,87.76255916521191,4951600
2024-04-10,85.92500305175781,87.08754335131782,85.48436087335214,86.506269625129,5994200
2024-04-11,81.41545104980469,86.06562609412765,79.69976922541842,85.9906216556799,24631800
2024-04-12,80.80607604980469,81.3873426836468,79.80291472872209,80.44043827922064,12789800
2024-04-15,81.55608367919922,83.56240594131636,80.14978262708999,82.31549111125379,9553900
2024-04-16,83.57178497314453,85.40935086002663,82.50299672417043,85.04371315131534,18291600
2024-04-17,84.45307159423828,85.72811851452633,84.06867918830822,84.49994400652075,9544600
2024-04-18,84.621826171875,85.41872869149684,84.13430445559578,84.99684122605505,6752000
2024-04-19,84.99684143066406,85.89687327117244,84.71557835114766,84.71557835114766,8143000
2024-04-22,86.33750915527344,86.87191044238762,85.04371471245399,85.41872977137504,7294400
2024-04-23,87.90319061279297,88.17507633351262,86.40313763021634,86.40313763021634,6393900
2024-04-24,87.98757934570312,88.19383800502645,87.21880162183675,87.29380607119396,5100900
2024-04-25,86.77816009521484,87.80007605537477,85.92500772382515,87.19067741705753,6770600
2024-04-26,87.03129577636719,87.48130815717994,86.62815581077945,86.72190779404728,4606100
2024-04-29,87.15430450439453,87.81664026354107,86.41627116736885,86.41627116736885,4416100
2024-04-30,85.95262145996094,86.88936266237906,85.67823039706184,86.67173394958718,5860000
2024-05-01,86.61495208740234,87.50438037678565,85.84853413867137,86.36893862501441,4713600
2024-05-02,87.66524505615234,87.92071533665896,86.67173428091134,87.56116269993022,4449200
2024-05-03,88.60198211669922,89.34001541811708,88.2613502515959,88.31811982280712,5043500
2024-05-06,89.69010925292969,89.8036556116979,88.65874967947579,89.47248053668673,5105100
2024-05-07,90.63630676269531,90.76877390441666,89.61441119605817,89.8131119086402,7418000
2024-05-08,90.49436950683594,90.88231412346983,89.9834217580319,90.29566880767614,4662600
2024-05-09,92.83147430419922,92.97340542955433,90.4470516112006,90.4470516112006,6766700
2024-05-10,92.9923324584961,93.66413213013404,92.37730235324752,93.42758264495515,6118400
2024-05-13,93.25727081298828,93.64521545076,93.12480367299737,93.43705073965496,5379000
2024-05-14,94.03314971923828,94.790110967184,93.4559683919361,93.67359709686868,6216600
2024-05-15,95.11182403564453,95.5470814877504,94.61034022825258,94.65765301793483,6938500
2024-05-16,94.22239685058594,95.0077429087737,94.09938649272658,94.7617294119727,4339300
2024-05-17,94.82794952392578,94.90364708433958,93.95744923591712,94.52516650118726,4690800
2024-05-20,94.93204498291016,95.46191354119306,94.03315257134574,94.6671107037687,5690200
2024-05-21,96.0674819946289,97.69494371320751,94.76173135058968,94.9131192770828,8337100
2024-05-22,95.31997680664062,97.0042079557009,94.78064427892001,95.83092455167868,5194300
2024-05-23,93.59790802001953,95.14967222206732,93.18158579290402,94.9793562867734,5594500
2024-05-24,93.64521026611328,94.53463863016724,93.49381513226695,94.09938122981768,3550500
2024-05-28,93.3613510131836,94.1088482681141,93.10588074021831,93.13426552400139,5541600
2024-05-29,92.03666687011719,92.44353225725949,91.27971287888955,92.13129243557312,4679600
2024-05-30,91.99883270263672,92.54762204424715,91.3932593544872,92.43408290683975,4548800
2024-05-31,92.57600402832031,92.68955038121081,91.21348388822163,92.09344827109997,7155500
2024-06-03,92.16915130615234,92.87879981124222,91.33649244007279,92.87879981124222,5671200
2024-06-04,91.38379669189453,92.30160982777213,90.52275312106761,91.07154964628144,5409600
2024-06-05,91.45950317382812,92.35838839637175,91.30810802704465,91.62981188558264,4499700
2024-06-06,91.63926696777344,92.20698427511992,91.08101366090926,91.289178358017,4741200
2024-06-07,91.91365814208984,92.42460584497283,90.76875961520852,90.94853951592198,4018400
2024-06-10,91.20402526855469,91.62035470146628,90.27675526478345,91.42165398637245,4566000
2024-06-11,90.29566955566406,91.27025227724752,89.63333388631143,91.27025227724752,5330000
2024-06-12,90.50382232666016,92.62330340810945,90.4565095484073,92.08397094304237,5435700
2024-06-13,90.0875015258789,90.4092125669055,89.51978422756287,90.3618997841637,3955900
2024-06-14,90.3619155883789,90.38083637343458,88.93315448290949,89.31163515428847,3406600
2024-06-17,91.81905364990234,91.96098479192935,89.58602582002524,89.8982728887011,4874100
2024-06-18,92.32054138183594,92.43408774410315,91.60142885864639,91.80012957842546,4558400
2024-06-20,92.1975326538086,92.75578599191795,91.88528559067068,92.38676936054318,3956800
2024-06-21,90.98639678955078,92.1218314226719,90.73091930480226,92.08398263904556,10785300
2024-06-24,91.87582397460938,92.40569976127266,91.00532355076528,91.5257353361709,8418200
2024-06-25,92.53816986083984,93.04911044240022,91.47842547256037,91.58250783296809,7439700
2024-06-26,91.67711639404297,92.4246136212123,90.91069838469346,92.14075135608871,6514200
2024-06-27,90.61737060546875,91.15670312506145,90.04965330362124,90.91069686624174,5437800
2024-06-28,91.96098327636719,92.0839864140073,90.98640051951723,91.53518985730345,9058800
2024-07-01,93.82499694824219,94.0331544439145,92.19753523662963,92.27322559009328,7420600
2024-07-02,94.28861999511719,94.43055112061356,93.31403733571464,93.64520514926159,5570900
2024-07-03,94.80903625488281,95.18751689683984,94.1467005456464,94.55356597243957,3112000
2024-07-05,94.23185729980469,94.7238843125538,93.58844957668629,94.71442031106147,3633200
2024-07-08,95.17805480957031,95.82146974816064,94.45894951620075,94.45894951620075,3884400
2024-07-09,97.0893783569336,97.36377664602834,94.60088019012788,95.1875183360592,7113600
2024-07-10,97.89363861083984,97.94095139569906,96.56896004287354,96.99475344985419,5619000
2024-07-11,99.01016235351562,99.62519252345722,98.34782661291278,98.6411456953343,7761000
2024-07-12,98.48974609375,100.12667180573315,98.3762069541585,99.3507897365473,7060600
2024-07-15,99.59680938720703,100.79847774189862,97.68548527165879,98.34782824215223,10093900
2024-07-16,100.5051498413086,103.23966140560796,97.27861128848362,98.5275923240151,16716400
2024-07-17,101.20532989501953,101.91497834370097,98.90606863253495,99.43593716416356,11412000
2024-07-18,99.17100524902344,101.8392831905558,98.7168342736957,100.79846688493578,9130700
2024-07-19,96.59735107421875,99.0858564528565,96.25672643308675,99.07639245148903,12555900
2024-07-22,96.92852783203125,97.67602513682506,96.46488560292093,96.9569126177078,8931200
2024-07-23,97.9314956665039,98.565446611225,96.68251456125304,96.9379848518852,7400600
2024-07-24,96.48380279541016,98.40458341276722,96.27563809854871,97.32591836440989,7967400
2024-07-25,97.98825073242188,98.58436002051599,96.3702532141551,96.5878819041882,5582300
2024-07-26,98.5843734741211,100.19290721174744,98.44244232811454,99.21832441151,6599600
2024-07-29,96.96637725830078,98.94392767525886,96.82444611006463,98.84930931607411,5183400
2024-07-30,98.17749786376953,98.51812969131463,97.25022072902631,97.98825394906827,6225500
2024-07-31,98.53553009033203,99.59525782516192,97.61901018418102,98.41142052353179,5444600
2024-08-01,97.15119171142578,99.28018874261465,96.60700786251836,99.05106061777252,5678100
2024-08-02,91.50885772705078,94.53528355965368,90.73554575492147,94.5161925842284,11120700
2024-08-05,87.90006256103516,89.1411872483145,86.8212439491261,88.45379556205837,9659500
2024-08-06,88.75930786132812,89.58990013227995,87.37497526998756,88.02417776154839,6068300
2024-08-07,87.9382553100586,91.01241976091703,87.84278585734329,90.32502804720305,7215700
2024-08-08,90.3441162109375,90.73555042388926,88.57790589721992,89.255748459399,6592300
2024-08-09,90.43004608154297,90.81193117393896,89.7617453488869,90.01952088189142,3542600
2024-08-12,90.54459381103516,90.90738787566042,89.30347653963916,90.60188130136358,4196300
2024-08-13,92.32991027832031,92.41583787942466,90.64962033037116,91.43248145091816,5941500
2024-08-14,94.93626403808594,96.034173546517,93.09367540104604,93.33235264789654,10161700
2024-08-15,96.08191680908203,96.62610066829751,95.61411142087796,96.23467375110485,5885100
2024-08-16,96.84568786621094,96.90296807808457,95.91006979711388,96.07236858665713,4159700
2024-08-19,97.14164733886719,97.41851384170852,96.71203117326809,96.92206104907851,4070500
2024-08-20,96.21558380126953,97.02708509525992,96.04373586857783,96.66429825240078,3396900
2024-08-21,96.12966918945312,96.64521301816495,95.43272828660577,96.52109616371307,3576000
2024-08-22,96.00553894042969,96.4065222738295,95.37543476026188,96.19648511915625,2777300
2024-08-23,97.27530670166016,97.93405829175494,96.25376828662232,96.3683359973764,3814800
2024-08-26,97.69537353515625,98.38276517928513,97.36122684255238,98.37321604982456,2679000
2024-08-27,97.45669555664062,98.19181827487053,97.4185063229356,97.819482351061,2537200
2024-08-28,97.57125854492188,98.04861305303568,96.82658667768061,97.27530108072388,2836800
2024-08-29,97.9531478881836,98.25865449537127,96.69293222305289,98.25865449537127,3325600
2024-08-30,98.91740417480469,99.10834306918227,97.47579148554267,98.24911076063127,4951400
2024-09-03,94.77396392822266,98.58325827163043,94.0006519306799,98.1918240659569,6634000
2024-09-04,95.61410522460938,96.73111297631901,95.16539084131114,95.2226710489317,4212500
2024-09-05,95.05082702636719,96.71202595376099,94.63076001356507,96.42561033625124,4462400
2024-09-06,92.21533966064453,96.23467099734697,91.78572352023964,95.1844852606209,9246800
2024-09-09,93.73332214355469,94.53527414084712,93.17958922131885,93.33234614490847,5281500
2024-09-10,92.24398803710938,93.97200903065075,90.59233822935994,93.9433689254973,7798600
2024-09-11,92.63542175292969,92.74044033544224,89.82857470005287,91.16516888160622,6764100
2024-09-12,92.2630844116211,93.26553185376343,91.34656457381917,92.9600252411628,4751200
2024-09-13,93.80015563964844,94.26796099216423,92.46356163432338,92.4826598925452,5354800
2024-09-16,95.55680847167969,95.65228518692885,94.28705119476417,94.65938707591356,4467200
2024-09-17,95.31814575195312,96.25376380323452,94.93626796826454,96.12010512217316,4748600
2024-09-18,94.80261993408203,96.43517167940668,94.74533243301357,95.58548113272636,5195900
2024-09-19,96.1678466796875,96.83614010718067,95.01264230896747,96.63565207893272,9091900
2024-09-20,97.82904815673828,97.88632837513423,95.65231245145878,96.30151496740642,14513400
2024-09-23,97.82904815673828,97.88632837513423,96.72158204206468,97.0843761821798,3962400
2024-09-24,97.9340591430664,98.22046749666306,97.33258776119418,98.11544891518862,4749700
2024-09-25,97.70491790771484,98.15363231389587,97.11300297517971,98.09635210335422,3825100
2024-09-26,99.86256408691406,100.04396113527345,98.30639097452901,98.40186042172007,5183000
2024-09-27,99.39476013183594,100.37810929141818,99.30883252942718,100.17762126426713,3113300
2024-09-30,99.51886749267578,99.67162443410066,98.44959803810909,99.04151297650083,3378600
2024-10-01,99.69071960449219,100.42584966929039,98.3923146831558,99.46159146656582,5437400
2024-10-02,99.78617858886719,100.62632714623157,99.20381281685516,100.08214332332574,3293600
2024-10-03,99.83392333984375,99.95803289200971,98.4877873902373,98.88876343617522,4587200
2024-10-04,102.99400329589844,103.1849494643519,101.79107521197356,102.73623507330069,5608900
2024-10-07,102.76488494873047,103.98691140761959,102.41163996639287,102.8126233163458,4439900
2024-10-08,102.62167358398438,103.30906526432203,102.52620413590459,102.77443052799363,3679400
2024-10-09,104.10148620605469,104.41654197251718,102.36391585081832,102.36391585081832,4445800
2024-10-10,103.18495178222656,104.09192243023655,102.7744266156443,103.5286476093118,4065500
2024-10-11,105.45716094970703,106.43096826114872,104.0632866086443,104.0632866086443,5826200
2024-10-14,107.19473266601562,107.3474896126835,105.54309006231894,106.02044459487786,7179300
2024-10-15,107.13744354248047,110.80352255138169,106.95604650436192,110.20205851256706,8925200
2024-10-16,114.09728240966797,115.94941304294396,111.22360608423615,111.58639290678767,21458500
2024-10-17,114.03044891357422,114.90877947335434,113.35260637610139,114.34549735785606,9357200
2024-10-18,115.57707214355469,115.63435963802827,113.71539245982915,114.11636850188513,6852900
2024-10-21,112.92298126220703,115.22383348732443,112.54109619898547,114.91832689351753,7469100
2024-10-22,112.961181640625,113.23804815667744,111.93964318394649,112.32152828484132,4429600
2024-10-23,112.92298126220703,113.36214653556372,111.89189377666435,112.55064532862525,5661600
2024-10-24,113.77266693115234,113.93496570896134,112.59837896953258,113.03754422446652,5611800
2024-10-25,111.58638000488281,114.56507456577954,111.06129445010042,114.56507456577954,7271700
2024-10-28,113.7344970703125,114.25959001013474,112.18787292729553,112.77024608460648,5994000
2024-10-29,113.89678955078125,114.65100327044195,113.43852601406856,113.50535535443792,4622200
2024-10-30,112.57928466796875,113.9158787382273,112.45517511890289,113.23803621544906,5673000
2024-10-31,111.8624038696289,113.45975440791659,111.33315945237936,112.7091875957881,5374600
2024-11-01,112.43975830078125,113.56559752240265,111.91052121764376,112.26655170195947,4372100
2024-11-04,111.75655364990234,113.01710826680957,111.56410514126186,112.5937200795125,4366300
2024-11-05,113.363525390625,113.45013236152757,111.70844172968097,111.70844172968097,4798400
2024-11-06,126.5272216796875,128.48060288607084,122.84177434174013,124.62194159352627,22798700
2024-11-07,123.59233093261719,126.5849517464525,123.24591771457936,125.8055256765877,7780000
2024-11-08,124.64119720458984,125.59383729622868,122.93800487293699,124.11195270923493,6979300
2024-11-11,128.4805908203125,128.9328528978285,125.62268564234142,125.62268564234142,6861300
2024-11-12,127.31625366210938,128.76927149825164,126.73890812517578,128.16304473573504,5683300
2024-11-13,127.749267578125,129.56793319834887,127.4702194353192,128.42285940129568,6134800
2024-11-14,127.43172454833984,129.81813317452122,126.99871170889656,128.07644984690396,7344200
2024-11-15,129.00021362304688,129.32737758707555,127.53757838937321,128.33625372477127,7281900
2024-11-18,128.73077392578125,130.39547485960173,128.3843607279402,129.60643154850177,6434100
2024-11-19,127.24889373779297,129.02906069663865,126.9505816807919,128.2303854817657,7244800
2024-11-20,126.71967315673828,128.60568934606903,126.10382903817775,128.13419264017733,5125600
2024-11-21,129.89512634277344,130.4532373736505,128.11494435320213,128.17267744555457,5547400
2024-11-22,129.60643005371094,130.54943803805992,128.90398637945265,129.59679808426395,6334100
2024-11-25,128.6153106689453,131.09793619592347,128.53832832513817,130.3281274407326,8012300
2024-11-26,126.32512664794922,126.81587254423856,123.67891929334765,125.81513149605641,8817300
2024-11-27,126.25778198242188,127.43172233543827,125.64193792120382,126.52721284152473,5507800
2024-11-29,126.64268493652344,127.72040842333014,126.45985369867988,127.28739557115826,4068200
2024-12-02,126.08455657958984,127.9802043906837,125.89210808099173,127.30662730415068,5512100
2024-12-03,125.516845703125,128.16305330219834,125.10306742526252,128.16305330219834,4791300
2024-12-04,125.08381652832031,126.24813949756418,124.7470206410531,125.27626502838184,6203700
2024-12-05,125.40138244628906,126.88325227582804,124.5353420385041,125.03571996192109,4991900
2024-12-06,125.05496215820312,125.64193968438893,124.30438797401993,125.59382388397091,5013200
2024-12-09,123.72705078125,125.83439670923465,123.48648644577928,125.59383237376393,7753900
2024-12-10,122.00460052490234,123.75590846810846,121.75441157831851,122.81289311033268,6551300
2024-12-11,122.77440643310547,123.12081965138333,121.51385170858589,122.92837112631369,8835400
2024-12-12,123.08233642578125,123.96761139176715,122.55309196707192,123.06308716831508,3610500
2024-12-13,122.59158325195312,123.94836224692334,121.92762335614007,123.1689361719711,6091500
2024-12-16,124.1600570678711,124.42948793468757,122.5819556981399,122.91874428166048,5659700
2024-12-17,122.91875457763672,123.84252077328748,122.37989279886739,123.26517516012701,7141400
2024-12-18,116.47162628173828,123.54421607828513,115.74993329553064,123.3229010070549,7858800
2024-12-19,115.9520034790039,120.22442819711779,115.75955495752368,120.0704635067812,8632400
2024-12-20,118.78104400634766,119.83952557291691,115.98087172660617,116.62558235861901,14884000
2024-12-23,119.75291442871094,119.96461220294255,118.15557117654215,118.45386858126469,5074100
2024-12-24,122.26441192626953,122.41837662034904,119.88763518686206,120.34952192765991,2902800
2024-12-26,123.19780731201172,123.33252275365942,121.71593011244606,121.75442128740839,3013500
2024-12-27,121.9757308959961,123.03421240123623,121.07120673299298,122.2547863790809,3088100
2024-12-30,121.00386047363281,121.39838950682217,119.33915204563036,119.84915460250849,2637900
2024-12-31,120.97499084472656,122.04309705194164,120.47461292960273,121.56196839432911,2970000
2025-01-02,120.0704574584961,122.4761005630226,119.52197112432167,121.73516571706209,5014300
2025-01-03,121.18668365478516,121.24441674206807,119.39688453461082,120.9076281638504,3988400
2025-01-06,123.78478240966797,125.04533716337681,122.81290045024805,122.81290045024805,6665200
2025-01-07,122.09120178222656,124.76628320362282,120.72479819830448,124.75665123372079,7268800
2025-01-08,123.03421020507812,123.16892563017092,121.01347148724615,122.12006877174272,5744500
2025-01-10,118.79066467285156,121.72555247138622,118.63670731731446,121.54272122908513,6873800
2025-01-13,119.3102798461914,119.60858459955782,117.82840273222585,117.82840273222585,5433000
2025-01-14,119.91649627685547,120.66705572679956,119.02159677697446,120.66705572679956,8999900
2025-01-15,125.62268829345703,126.4790966679773,123.61157414292569,124.81439571853734,11349500
2025-01-16,130.6841583251953,131.01132227519625,126.92172885154231,127.3547563721162,16235700
2025-01-17,132.66641235351562,132.86849285170692,129.45247642028232,131.02096055446714,12481500
2025-01-21,132.11793518066406,132.4258498931119,130.18378853809452,131.2903932843181,11213300
2025-01-22,130.8669891357422,133.15716614413952,130.69378987437472,132.07942801395686,7177500
2025-01-23,132.5990447998047,132.9839418057914,130.8381123658003,130.8381123658003,6911000
2025-01-24,132.6182861328125,133.79222633580872,131.31923312016897,131.31923312016897,6475500
2025-01-27,131.49246215820312,131.59831105494723,129.0579522159707,130.1549250172814,6460700
2025-01-28,133.31109619140625,133.59977626668243,130.5205563904532,130.93433459102073,5885100
2025-01-29,133.4747314453125,136.14017389222255,132.96472151112155,133.24378438169109,5719800
2025-01-30,134.65829467773438,135.18753915197445,133.64792153289093,134.53319652485533,4545700
2025-01-31,134.0916290283203,135.37994891254127,133.4523245074547,134.77938429755937,5502700
2025-02-03,132.86141967773438,133.67509059488583,129.71327442821715,131.55372266185682,5307000
2025-02-04,132.483642578125,133.5588558524506,132.0186751001714,133.4135479728727,5997300
2025-02-05,134.57595825195312,134.85687799492896,132.2318022761171,133.16172259755902,5871200
2025-02-06,136.65855407714844,136.96851759012137,135.61239950727997,135.62208078623652,4576600
2025-02-07,135.59304809570312,137.57880442430294,135.4380736998731,137.56912314349526,3529000
2025-02-10,133.00669860839844,135.91267852916076,131.35997960941543,135.854561295638,5517700
2025-02-11,133.47166442871094,133.8785146646762,131.19532213448824,132.52238169947788,5096800
2025-02-12,132.81300354003906,132.97767400399812,131.3503319268154,131.81528469449876,4688900
2025-02-13,132.55145263671875,133.7719738968746,132.07681861828573,133.6460433463935,4699800
2025-02-14,134.5953369140625,135.20559759288236,132.1736863226595,132.1736863226595,5044500
2025-02-18,136.30015563964844,136.36795415401428,134.53718733803532,135.0408946785789,3797000
2025-02-19,136.28079223632812,136.5132612014433,134.895600603336,135.62209568048132,3623100
2025-02-20,130.12979125976562,136.64888422314542,128.27964696446185,135.85457586494303,8860800
2025-02-21,127.56285858154297,131.35032334694833,126.80730484069241,130.94347307364632,6704100
2025-02-24,125.8967514038086,128.80273163512416,124.86027802662773,128.59930651547697,7784500
2025-02-25,125.53834533691406,127.17536836588597,122.41925147908967,126.9235220800239,7458500
2025-02-26,126.9428939819336,128.09560172889957,126.07109112714447,126.3229521827979,5493600
2025-02-27,125.18963623046875,128.70586233103097,124.77310470294633,127.66940371336467,5538700
2025-02-28,128.9383544921875,129.2289554963113,124.9474793626693,125.8289488750507,7424200
2025-03-03,125.08309173583984,129.79078072518453,123.7269660278702,129.1514614694582,5969400
2025-03-04,117.90531158447266,122.60331171214766,115.51271989353948,122.50644717771637,12996500
2025-03-05,119.87169647216797,120.4819497209762,117.63409383624717,118.17654116852115,7291900
2025-03-06,115.62895202636719,119.27110846807662,114.88307965448243,117.01413618386353,8611500
2025-03-07,115.55145263671875,115.74518168118964,111.83179438250538,115.00900539996883,8513500
2025-03-10,108.18965148925781,112.6357979059335,105.79705980330004,112.3645742539738,16765700
2025-03-11,108.5286865234375,109.95261815827426,106.88195979738322,108.20902689310871,13490400
2025-03-12,110.42725372314453,111.97710843769202,109.02269950471185,111.39591384352299,7925500
2025-03-13,108.1799545288086,111.25060510935857,107.74406046303211,110.42724554606428,7435500
2025-03-14,111.72525024414062,112.14177437476468,109.01300645032651,110.41756061227579,6879400
2025-03-17,114.26314544677734,115.56115383437928,111.24092324947338,111.36685379329238,8374900
2025-03-18,114.40843963623047,115.47396421819715,113.60445001726963,114.57311007183748,7234900
2025-03-19,116.09391021728516,117.45003582027832,112.58736542402409,113.55602551326349,8430800
2025-03-20,116.6944808959961,117.9924818544771,115.09619028763714,115.09619028763714,7026000
2025-03-21,116.37482452392578,117.09163093296327,114.59249347652661,115.60958215348046,10989900
2025-03-24,120.37539672851562,120.9081627810279,118.17654138239082,118.47682367183012,6184400
2025-03-25,121.2762451171875,122.0996121385436,120.25915641656161,120.98565151284737,4326300
2025-03-26,118.37026977539062,122.38052228652775,117.79876382263528,121.82838628543759,5084600
2025-03-27,115.27055358886719,116.08422453744932,113.85631070898145,115.20274767648534,8239400
2025-03-28,111.715576171875,115.68708128388577,111.0375096369573,114.98964479781746,7349400
2025-03-31,113.01356506347656,113.36228326900823,108.66428355429888,110.14633223266365,7616600
2025-04-01,112.11271667480469,113.21698858546725,109.98166743429904,112.35488169714806,6651000
2025-04-02,115.5320816040039,116.57823623794167,110.31100449444406,110.39818774241706,8415300
2025-04-03,104.5474853515625,107.89904842556889,103.53038928594263,106.65916467452492,15186100
2025-04-04,96.70133972167969,100.4500495852908,94.2603121269519,98.35774760867136,18876900
2025-04-07,97.75717163085938,101.06998726745033,91.3737053730474,93.25290086692092,20721400
2025-04-08,97.16629791259766,103.58851947858896,95.19023030693037,101.92242282732299,10710100
2025-04-09,108.19933319091797,110.33038990372664,94.82213920674603,95.12242148111528,16919500
2025-04-10,103.23979187011719,105.45802431372495,100.16914122676911,105.3611523946471,10956700
2025-04-11,104.73153686523438,105.77768419849447,99.66544108769514,99.66544108769514,10573200
2025-04-14,105.69050598144531,108.00560307038552,105.14805868069318,107.01757300254555,8224500
2025-04-15,106.97882080078125,108.63522863837031,106.610725243346,106.63978386308249,6003800
2025-04-16,104.47968292236328,106.8625859715066,103.30760504394057,106.1457795397213,6520100
2025-04-17,105.7583236694336,107.27911992719162,104.76060482005164,105.11900437354359,5233100
2025-04-21,102.96857452392578,104.93495340058239,101.49620699135504,104.75090561143847,7784500
2025-04-22,106.92070007324219,107.23067101222742,104.58623305563562,104.6346616268673,6571300
2025-04-23,108.79022216796875,112.9554638872522,108.42213396103071,109.70076509969367,9243800
2025-04-24,111.97711181640625,112.26771281740426,107.75375297290046,108.36401359693818,6640700
2025-04-25,112.37425994873047,113.43009590737003,111.36685256077828,112.08365896344597,5013200
2025-04-28,112.19991302490234,114.20503934838811,110.26259261997733,112.24834160085096,4171200
2025-04-29,112.5679931640625,112.81984686791253,110.65005023937083,111.76400348003877,4689800
2025-04-30,112.6998062133789,113.09038059534713,109.38970154921469,110.44425014565286,6502400
2025-05-01,114.00823211669922,115.0432479225596,111.96748483109145,112.81698357432343,7743600
2025-05-02,117.38668823242188,117.6698544835653,115.6681653580559,116.48837233543463,6894400
2025-05-05,116.78128814697266,118.02136119699229,115.59980609392774,115.94155586967025,6540300
2025-05-06,115.54122924804688,116.34190339033485,114.44762245265414,115.03348030927685,5739600
2025-05-07,116.29307556152344,117.17186604679169,115.41428507625517,115.54122603220796,4680600
2025-05-08,119.007568359375,120.35504972734799,117.16211187240863,117.16211187240863,6449300
2025-05-09,118.83180236816406,120.32574997489215,118.60722712144431,119.60318474300946,4240100
2025-05-12,124.06548309326172,126.15504757616345,123.46009984749344,124.41699930997295,9162100
2025-05-13,126.30152130126953,127.04360446991794,124.23148218707036,124.74899010322338,6086700
2025-05-14,127.95169830322266,128.46922119525735,126.08672369649581,126.31129898227783,6273400
2025-05-15,129.38705444335938,129.89480347287287,126.95574725617288,127.19008150119734,7209300
2025-05-16,129.06480407714844,129.84595283533838,128.68399610616717,129.16245325911217,6303800
2025-05-19,127.75639343261719,129.0159993926393,126.02811905833406,127.22912656739963,7703500
2025-05-20,126.08670806884766,127.31700740706847,125.10050190723081,126.80925843768031,5220100
2025-05-21,122.34696197509766,125.6082420628569,122.1223792833217,125.07120135399272,6371600
2025-05-22,123.28433990478516,124.07524765582394,121.67322517709502,121.67322517709502,5689200
2025-05-23,123.09881591796875,123.5870320527191,120.9604268638944,121.17524315511847,3361400
2025-05-27,126.1648178100586,126.47726838306262,123.8311378746488,124.53417028787504,5472400
2025-05-28,124.50487518310547,126.36985686038065,124.27052608523843,126.16481443652367,4050900
2025-05-29,125.13955688476562,125.37389108208305,123.93854197640735,125.08097333543627,4337500
2025-05-30,125.01262664794922,125.3055593188875,123.37222007978684,124.60252686830545,6436100
2025-06-02,125.37389373779297,125.44225114624071,123.38197852253509,124.47558531389691,3607900
2025-06-03,125.64729309082031,126.13550920926305,124.13382759339987,125.1004934220322,4145600
2025-06-04,125.13955688476562,126.36985611820194,125.13955688476562,125.80352364272936,3123200
2025-06-05,127.54159545898438,127.96146913901258,124.33889837543504,125.34462255659483,6193300
2025-06-06,128.7133026123047,130.42205900022932,127.73687039063346,128.96716962623682,5004400
2025-06-09,128.84024047851562,129.76784819428838,128.02004091293813,129.11364033370813,4838600
2025-06-10,128.7133026123047,129.33821863820734,128.05907991251246,128.49848633160315,3816900
2025-06-11,128.70352172851562,130.3048698886697,128.3227137788196,128.91833799749003,5810200
2025-06-12,128.81092834472656,128.88904470517585,126.74089693992404,127.58062919078829,4258700
2025-06-13,126.43821716308594,127.98098190289832,125.77423548684482,127.12171675688289,4367500
2025-06-16,127.81498718261719,129.67021756574596,127.21936286001309,127.21936286001309,6240500
2025-06-17,127.02406311035156,128.0786116890975,126.60420441004412,126.77995505691518,4767700
2025-06-18,129.3968048095703,129.8264373796789,126.8678339808263,126.95572420592933,6170400
2025-06-20,129.5823516845703,130.22678575178566,128.80120277674814,130.2072678309928,8904400
2025-06-23,130.8419189453125,130.9395681280754,127.81497306974411,128.94763803343054,5232400
2025-06-24,132.6971435546875,133.4587595564342,131.82811940401888,132.48232725684363,5599900
2025-06-25,134.47425842285156,134.6402501270306,132.21870217904436,132.91196077301714,5736400
2025-06-26,136.45639038085938,136.89578186021203,134.59140143384207,134.757393108301,6013200
2025-06-27,137.374267578125,138.55574235979168,135.8217437414679,136.94463496690983,7249300
2025-06-30,137.54025268554688,138.506926014383,136.2611287721171,138.1749277130859,8034400
2025-07-01,137.7453155517578,138.2725824528167,136.1830178685446,137.23756656983727,6166700
2025-07-02,139.49310302734375,139.51263584287963,137.6574057454618,138.28232175005544,5494500
2025-07-03,140.74295043945312,141.15305021555162,139.3075937735212,139.98133444110243,3974700
2025-07-07,140.35238647460938,141.73891857551797,139.14160503898825,140.7136616638168,5991600
2025-07-08,137.8038787841797,140.66481792938242,137.69647064805966,140.22542642677243,6620400
2025-07-09,138.2139892578125,139.57122950201784,137.5792993498823,139.53216386811582,4837000
2025-07-10,139.71768188476562,139.78603929132885,137.98940759389367,138.41902525262307,5622800
2025-07-11,138.92677307128906,139.0927647584006,137.79410813658018,138.5166733326889,3647500
2025-07-14,140.5769500732422,140.65506643994766,138.65337737824393,139.09276890418536,5376100
2025-07-15,138.25303649902344,140.6062417598334,138.21398576528205,139.91296831774233,7392200
2025-07-16,136.4954376220703,136.70049492008593,132.0722013712327,136.2122788667999,10610800
2025-07-17,137.5792999267578,138.3506897582319,135.8510255482796,135.97795161105876,7695800
2025-07-18,137.51095581054688,138.40927169431282,136.89579872416988,138.11633903893454,5572300
2025-07-21,137.15945434570312,139.1611436568917,136.87628061870515,137.91131143217572,5853400
2025-07-22,136.73956298828125,137.56953634378274,135.65572261658062,137.4816610188492,5257200
2025-07-23,138.8584442138672,139.2685439927791,136.63216485821394,137.46213827452883,6612900
2025-07-24,139.1416015625,140.3328501502673,138.50692653258642,139.11230978568395,3817900
2025-07-25,139.63955688476562,140.0008469129368,138.7021903611003,139.5516815667668,3463000
2025-07-28,139.20018005371094,139.7665125501822,138.67291319102324,139.66886336489708,3729300
2025-07-29,140.17662048339844,140.65507768051566,138.75103764982418,140.11803692848096,5158700
2025-07-30,141.52407836914062,142.05134517511686,139.90319742245785,140.44023808541567,5236800
2025-07-31,140.06893920898438,142.27133315241278,139.61665330835402,140.79650934985975,5523700
2025-08-01,136.75550842285156,137.2274628998967,133.88451953291133,136.93249510241483,6678500
2025-08-04,138.9873809814453,139.40032980195087,137.3650809721247,137.82717857867846,3851500
2025-08-05,138.10250854492188,140.3147442659344,137.07012887457932,139.28236459559182,5331100
2025-08-06,138.92840576171875,139.46917749204067,138.1516568210699,138.78091437925806,3765800
2025-08-07,138.55479431152344,140.31475931989777,138.24017299884235,139.84280484684825,3728600
2025-08-08,140.77684020996094,141.51425210798047,138.90873606938484,139.24302586250968,3943500
2025-08-11,141.46511840820312,141.76991295813684,140.26559372591328,141.1603238582694,4024700
2025-08-12,144.81785583496094,145.74208113368596,142.3893264897802,142.63513045209288,7111600
2025-08-13,145.27996826171875,146.57782038202907,142.9497515034236,145.66342184223166,5542000
2025-08-14,146.0173797607422,146.16487113912305,143.71665828375907,144.53272923554707,4188600
2025-08-15,142.20252990722656,146.31236544219314,142.03538499339484,146.1353937696719,4986000
2025-08-18,142.34999084472656,142.62529008499112,141.40611202172903,141.69123801961612,3548700
2025-08-19,141.65191650390625,142.5368047790344,141.01281719170618,142.0648653658116,4257700
2025-08-20,141.70108032226562,142.28118914466876,138.66294658575728,141.40612753439882,4619300
2025-08-21,141.62242126464844,142.0255434117035,140.50155566254085,141.00300540735546,3269400
2025-08-22,145.53561401367188,146.40083375803948,142.24183492198054,142.38932630078233,6759600
2025-08-25,145.17181396484375,146.11570778016105,145.09316989936025,145.49627699502523,2596500
2025-08-26,146.4696807861328,146.5286713425077,143.8444960086581,144.84738047508503,4453800
2025-08-27,146.87278747558594,147.60035759792345,145.5454400860344,145.8797298721183,3329200
2025-08-28,147.6593475341797,147.86582946159842,146.67613169495033,147.32505774948564,3898100
2025-08-29,147.95433044433594,148.21980294887666,146.62699792700155,147.3742366404042,3629400
2025-09-02,146.35169982910156,146.5680085378294,143.21523855523293,146.06655880274002,5330200
2025-09-03,146.0370635986328,147.03994806663576,144.47375384150317,146.31236286393798,4338900
2025-09-04,148.00347900390625,148.21978768864165,146.18452370118138,146.5286552458103,3955000
2025-09-05,145.60443115234375,149.31115909554063,143.83463962756255,148.5835739679408,5697300
2025-09-08,146.29269409179688,146.6958162305427,144.7785481352311,145.83059639937,3820800
2025-09-09,149.6651153564453,150.25505085754307,145.86007488214545,145.9288921890865,6673200
2025-09-10,151.53321838378906,151.93634047330985,148.8785386526974,150.33369387520906,4945600
2025-09-11,153.85362243652344,155.11213760961974,151.49391023763894,151.79870477137072,7399500
2025-09-12,153.76512145996094,154.2370608527185,153.00804107795614,153.42098992195437,4341600
2025-09-15,154.0109405517578,155.82005423737144,153.26370185622633,154.70903045361447,4829900
2025-09-16,153.19485473632812,154.85649187497137,152.61476100232926,154.44354303029337,7539500
2025-09-17,154.76800537109375,155.31860382824314,153.03753593127254,154.01092499117198,4604200
2025-09-18,156.56729125976562,157.45217948924343,154.84666358925006,155.24977067001774,4323700
2025-09-19,157.22604370117188,158.3862311551192,155.46607900062673,156.87208540963695,14902000
2025-09-22,158.01263427734375,158.32725556471894,155.1809676775467,156.65579153116033,4421200
2025-09-23,158.061767578125,161.22772367379042,156.92124864515665,157.88479593432533,5335900
2025-09-24,155.23011779785156,158.75985897589533,155.1907807637176,158.39607392491135,5195200
2025-09-25,156.2821502685547,156.57711801260004,154.0010973868148,154.74833600273803,5351100
2025-09-26,157.4226837158203,159.09414758991193,156.64594982820287,156.88191202055114,5326800
2025-09-29,158.45506286621094,158.61238099578557,157.03922970540435,157.99295023726205,4186000
2025-09-30,156.2919921875,159.50709709308774,154.20756446275809,158.68119941106607,5547100
2025-10-01,154.25672912597656,155.78071664480893,152.93922353015824,155.23011818701517,5467400
2025-10-02,152.69342041015625,154.37471106705982,151.13011085122966,154.06008980489358,5087400
2025-10-03,154.9449920654297,155.151474008256,153.53900051170518,154.29606596247183,5182100
2025-10-06,155.43658447265625,156.06584199366296,152.4082779644732,155.34809865001844,4696300
2025-10-07,153.3521728515625,156.61644157695127,152.7917326321221,156.11500690904367,4589700
2025-10-08,153.03753662109375,153.92243986208635,151.43490503381346,153.85360755329106,4038600
2025-10-09,153.6471405029297,153.80444363220417,151.24809149997074,152.9687191862113,6092600
2025-10-10,149.3111572265625,155.29893805799492,149.29148870912135,154.2174096416599,5531700
2025-10-13,152.5262908935547,153.0080570939731,150.77616775131474,151.69055135816268,4735800
2025-10-14,152.7327423095703,154.48286527389914,149.33082396426352,151.9068446190813,8023800
2025-10-15,159.92005920410156,163.97091889037375,158.92701655184166,160.19535845428618,13673700
2025-10-16,157.33421325683594,161.98482028490128,156.30183355645605,160.35267828260044,10477500
2025-10-17,156.00686645507812,158.27809280406552,155.20063721122634,158.0027935498055,7965000
2025-10-20,159.25148010253906,160.4018409021782,156.82293563573953,157.51118376338468,5741000
2025-10-21,156.5574493408203,159.33995188549096,156.51812730957172,158.74018964084203,4220600
2025-10-22,155.46609497070312,157.0589149475722,154.581206652308,156.89177004310577,4360200
2025-10-23,156.6361083984375,157.40301553055053,155.24977050473984,156.2329863154163,3735600
2025-10-24,161.1097412109375,162.13227903936337,157.82580404726923,157.82580404726923,5547500
2025-10-27,163.23350524902344,163.89225809092727,162.13229325720891,162.19129881249845,5056000
2025-10-28,162.43710327148438,164.32487597395865,161.62103228505765,163.3318183264992,3601000
2025-10-29,161.2769012451172,163.2335062672881,160.38217118452516,161.55220049411722,4963500
2025-10-30,162.4862518310547,164.19705287273075,160.6574696839816,161.07043355823882,4960500
2025-10-31,162.2290496826172,163.11932501521972,161.15082364570543,161.58607473062838,5323500
2025-11-03,161.88282775878906,162.8819309853177,159.82530181575936,162.52581782325143,4719200
2025-11-04,162.23895263671875,165.12741956250161,159.12297356413617,160.57710115641308,5739200
2025-11-05,163.3963165283203,164.1679076792764,159.88466284862716,162.1004648197211,4133000
2025-11-06,161.65533447265625,163.88103822151723,160.89364496338723,162.7929254451525,4292900
2025-11-07,160.6067657470703,160.84417955511233,156.35319602392926,160.45839155080523,6323300
2025-11-10,163.26773071289062,164.2668189171597,162.04111526789163,162.04111526789163,5015400
2025-11-11,164.7020721435547,164.9196977106653,163.00064412470036,163.51503320096353,3237600
2025-11-12,168.08514404296875,169.91517314925807,165.7110660995843,165.7110660995843,6892900
2025-11-13,163.82167053222656,168.5104913483623,163.3864194319079,167.48171327596947,6090900
2025-11-14,162.09056091308594,163.02041275258108,158.21289278409856,162.42688580574927,6691200
2025-11-17,157.72817993164062,162.31807439774548,157.04562846526008,161.4871487404202,5727200
2025-11-18,158.10409545898438,159.92422280251992,156.08611571783163,156.9269431256484,4864900
2025-11-19,160.53750610351562,161.15082130245148,158.321704385607,158.6184678568318,6413600
2025-11-20,156.9862823486328,165.13730852241414,156.79833163982934,162.42689085223017,5258600
2025-11-21,156.46202087402344,158.3810744619153,153.55376565064253,158.0546361109216,9021300
2025-11-24,161.07168579101562,162.6840891034875,157.28304214688714,159.58788350661104,10125700
2025-11-25,163.6436004638672,164.07885154838925,158.88554356028416,161.74433535378512,5561000
2025-11-26,166.1265106201172,167.1355004268231,164.07885616774496,165.176870491332,4844200
2025-11-28,167.8279571533203,168.43137076930412,165.94846494408276,166.18587877618145,2133700
2025-12-01,166.6508026123047,167.9367677717046,165.91878795996462,167.18496486010687,4393500
2025-12-02,167.2640838623047,168.28296023541736,166.86840928607324,167.06624657418897,4338700
2025-12-03,171.84410095214844,172.12107618906916,166.28479286164483,166.72993055712323,6223300
2025-12-04,173.00146484375,174.0994792084275,171.84410079893073,172.437627788385,4813200
2025-12-05,174.60397338867188,175.40523938386917,172.4178462501505,172.58600871511223,4641600
2025-12-08,174.92051696777344,177.02752116042967,174.15882752587123,175.07879284292525,7271700
2025-12-09,176.89891052246094,178.69924944902536,174.87104437745987,174.87104437745987,4191200
2025-12-10,177.76942443847656,179.35213792658377,175.8305826800736,176.57248387281655,6591200
2025-12-11,178.34315490722656,180.0149080739315,177.5616922623151,178.18489411816861,7598700
2025-12-12,176.4834442138672,179.1938466786902,175.8305675976914,179.1938466786902,4961500
2025-12-15,175.87014770507812,178.94656531776764,175.81079802348583,177.96726538345746,5219000
2025-12-16,174.60397338867188,176.72086426233557,173.7829342286689,176.20649028504755,6840500
2025-12-17,172.91244506835938,177.5122265337864,172.5761201423149,176.12735031241576,5796100
2025-12-18,171.09231567382812,175.15793486063356,170.71641423509084,174.64354580141705,7993400
2025-12-19,175.0688934326172,175.78111978599944,171.58691469832448,171.58691469832448,10639400
2025-12-22,177.81887817382812,178.31347898493092,175.49426341805636,175.6723124649243,4574600
2025-12-23,177.5616912841797,178.6300308480353,177.1956915138471,177.88812963097047,3514800
2025-12-24,179.68846130371094,180.03468789496242,177.59135878029502,178.21456060694035,2648000
2025-12-26,179.9060821533203,180.37100809214544,179.14440782291993,179.8863089898939,2564700
2025-12-29,177.99693298339844,179.73792231336378,177.80898226998949,179.233434946333,2464300
2025-12-30,177.14622497558594,178.4321900790088,176.3350724155434,178.33326388104604,2365500
2025-12-31,175.6129608154297,177.76942817657107,175.4843597758975,177.57157577913117,3098100
2026-01-02,179.93576049804688,179.99512527153638,175.22716643376415,176.59226943767737,4509900
2026-01-05,184.52565002441406,186.4743782804591,180.09403131805595,180.23251893094158,6787400
2026-01-06,185.7226104736328,186.78106348817244,183.7442071663238,184.6839457184917,3795600
2026-01-07,182.79454040527344,185.7225835164611,182.34940274454343,185.2774458557311,3532400
2026-01-08,182.6857452392578,184.12998622450303,181.67677046944812,181.92407087079692,3745900
2026-01-09,184.3080596923828,184.90157162925345,183.0418676868828,183.69474440205795,4630900
2026-01-12,184.5553436279297,185.24778170612967,181.93395041857667,182.63629017261968,5635400
2026-01-13,180.78648376464844,185.000492352297,180.1830701689251,184.94114266976993,6594800
2026-01-14,178.82786560058594,180.3809193712638,176.9978365870132,180.22264349131854,8434000
2026-01-15,189.16500854492188,190.084973837085,179.04548089523445,179.04548089523445,12957100
2026-01-16,187.04812622070312,190.59935632883483,186.9591016996011,188.50225377477707,8398100
2026-01-20,180.1336212158203,184.68393961586025,179.32246864149775,183.2496002842609,11302600
2026-01-21,181.34043884277344,184.406954649731,180.05447378449276,180.49961147166198,11715800
2026-01-22,181.07334899902344,184.0310520101486,180.2918713121512,182.53736308491216,8966900
2026-01-23,177.0670928955078,179.90609676156754,176.02842815860186,179.90609676156754,8532800
2026-01-26,179.91598510742188,180.4699355676556,176.92859216085517,177.42319294235213,6389800
2026-01-27,180.6875762939453,181.98342803525563,179.19387214820534,180.2721134138777,5138100
2026-01-28,180.3710174560547,181.03378072167644,178.43219075835913,180.4699436543941,5538800
2026-01-29,180.4303741455078,183.03197930389217,177.52213398600614,181.20195022166408,7473400
2026-01-30,181.82289123535156,182.1710112913237,179.00801647313392,179.24673907680423,7434900
2026-02-02,184.110595703125,184.4487746671544,179.58491366807584,181.63389997360616,6827200
2026-02-03,181.9322967529297,187.67144350531672,177.49613006580697,184.2896235602686,7751300
2026-02-04,179.11741638183594,182.66832569303935,177.54586016804495,181.75324520979888,7571900
2026-02-05,174.90008544921875,178.49078965970426,172.32393332089535,177.04854332536434,9571800
2026-02-06,178.99806213378906,180.22148313539188,176.5512049533575,177.93377434562152,9139700
2026-02-09,181.3752899169922,182.83743353453616,178.5007384521578,179.02790422694838,6625900
2026-02-10,176.9391326904297,183.59337538951738,172.6223347223552,180.94759011467414,12854500
2026-02-11,175.73558044433594,180.0722754282656,173.36831264171175,178.80907492041234,7777800
2026-02-12,167.1616668701172,177.8343075780841,164.52583797944067,176.48157657562479,14436700
2026-02-13,170.2351531982422,170.57334734556395,162.71556576931164,166.22669579802007,9162400
2026-02-17,170.62306213378906,173.26884730272718,169.94670421661917,171.62767310348005,6376900
2026-02-18,175.6460723876953,176.36222499629986,172.5228571913135,172.56265187913957,6343300
2026-02-19,173.4379425048828,175.33773670462693,171.60778142214724,174.2237282503056,7259500
2026-02-20,174.47238159179688,174.49226375785463,170.64295499126357,172.52285173509014,4272600
2026-02-23,165.90841674804688,174.68126382558387,165.71942991558146,173.03014846121823,7795500
2026-02-24,167.88775634765625,169.40959196737347,163.23277974173604,164.58551071030897,7413800
2026-02-25,172.80136108398438,173.1097016203056,168.74316798567165,169.78755848212134,7098500
2026-02-26,176.54127502441406,176.87945399301609,173.51751611971173,173.94522554948344,6901600
2026-02-27,165.6199493408203,173.19922850771712,163.52122730776435,173.06991853945223,12400400
2026-03-02,166.10733032226562,168.69343854188585,161.28324908932146,161.7706353426911,9212600
2026-03-03,165.0629425048828,166.42562974850742,159.09501437447022,161.5916073557842,7495500
2026-03-04,166.68423461914062,168.29557035875573,165.6299030770603,166.68423461914062,5307800
2026-03-05,161.68112182617188,167.07214838906802,159.6520177727384,164.4959964015316,7274900
2026-03-06,159.41331481933594,159.49288901750194,154.51961546132446,158.65736752537205,8046000
2026-03-09,159.59234619140625,160.98487190053174,153.2464594220648,157.0758709734003,7480800
2026-03-10,159.8907470703125,162.60615022039013,159.0055049720045,160.97491707820822,4314600
2026-03-11,160.02999877929688,160.8953435370175,157.00625508040662,159.14475667736806,5463200
2026-03-12,153.5448455810547,155.41480132733776,151.98324554947547,153.5448455810547,11195700
2026-03-13,154.04217529296875,156.39951735594283,153.03757946567998,154.06207263746535,6001900
2026-03-16,154.86773681640625,158.23961570898177,153.96259737897665,155.6236841167767,5498100
2026-03-17,156.98635864257812,159.78133601950526,156.45919284721882,156.45919284721882,6528600
2026-03-18,158.08045959472656,159.78132576030706,155.6833533720388,156.1806807075947,9140900
2026-03-19,157.7025146484375,158.76678734553138,155.69330779106718,156.15085565694983,6418300
2026-03-20,160.60690307617188,162.26797468098707,156.40945883321058,157.51352620853407,14621300
2026-03-23,163.44166564941406,167.24123866616472,163.28251725676847,165.37128299564415,10128400
2026-03-24,164.98336791992188,166.22668627749584,161.36282546975553,161.57170963180744,6016200
2026-03-25,164.76454162597656,167.90765405644981,163.12336747531648,165.9084036139988,6444600
2026-03-26,162.35748291015625,165.44091856013955,161.6114918829564,163.76989076705416,6175700
2026-03-27,157.54336547851562,160.3681813301608,156.48903387031194,160.1394149869459,6368400
2026-03-30,157.52346801757812,160.378137472709,156.37962112512085,159.29395225971263,6261600
2026-03-31,163.69033813476562,164.40647558577643,158.79662344939896,160.6367407925261,8081700
2026-04-01,165.28176879882812,168.38508658961348,162.32764314135892,168.00712812613716,7117000
2026-04-02,164.92369079589844,166.10733229871852,159.71170996294413,161.12411779355833,5107500
2026-04-06,165.6597442626953,166.73397316607253,164.5556769323265,164.993327431172,3674800
2026-04-07,167.52969360351562,167.99718255395,164.40647827050998,164.80434928004303,6036400
2026-04-08,175.07913208007812,180.29111321900822,173.55731153774795,175.9544179332418,7662600
2026-04-09,177.2076873779297,178.04319369463272,173.8656469338911,174.23366432112843,5298900
2026-04-10,176.69046020507812,177.7050122481512,173.766172960308,177.7050122481512,4240100
2026-04-13,180.1717529296875,180.2115324399682,174.07451472208382,174.82050575196448,6282900
2026-04-14,182.3599853515625,183.60330370130953,180.7784880532185,181.89249643787954,8803600
2026-04-15,190.59573364257812,193.54985939147545,186.91551419369313,187.4824746722939,9853800
2026-04-16,186.3187255859375,191.48097072721004,185.6721909249596,189.90941448081279,9138100
2026-04-17,187.8107147216797,190.19788001954157,187.22385689216895,188.48707265775738,6846100
2026-04-20,189.68064880371094,191.17263085803046,187.014981485062,187.9101646467632,4905200
2026-04-21,188.29808044433594,192.10760979929074,187.70129672555097,189.7701651633438,5154900
2026-04-22,190.02879333496094,191.2024786568191,188.8053722400757,190.65541550797545,4492100
2026-04-23,187.6416015625,190.73497826150447,185.90095585161512,189.6408672067125,3814400
2026-04-24,187.06471252441406,188.03946985895925,186.11977843879657,187.7808499293267,4530600
2026-04-27,189.16342163085938,189.5712336962327,186.74641801958916,186.86577172565896,4163600
2026-04-28,189.34246826171875,191.62022083425984,187.65155831642815,190.28738718609648,4107100
2026-04-29,186.0800018310547,189.4916601437709,184.25978192117353,188.99433279715504,5107600
2026-04-30,190.58999633789062,190.72999572753906,184.89999389648438,185.60000610351562,5664900
2026-05-01,190.1699981689453,193.5,188.77000427246094,190.49000549316406,4742700
2026-05-04,188.00999450683594,190.35000610351562,187.1199951171875,189.92999267578125,3833000
2026-05-05,189.25,190.4499969482422,187.9499969482422,189.33999633789062,4807900
2026-05-06,193.35000610351562,194.8300018310547,192.1699981689453,192.1699981689453,6319500
2026-05-07,190.1699981689453,194.25,189.6699981689453,193.16000366210938,5761900
2026-05-08,193.08999633789062,193.5,190.47000122070312,190.8800048828125,5873400
2026-05-11,191.10000610351562,193.6699981689453,190.0399932861328,192.36000061035156,5272500
2026-05-12,191.8800048828125,192.3800048828125,186.4499969482422,190.1999969482422,5333300
2026-05-13,193.8300018310547,194.9499969482422,189.60000610351562,190.7100067138672,4463700
2026-05-14,194.52999877929688,197.5,193.41000366210938,195.6199951171875,4785000
2026-05-15,192.50999450683594,194.42999267578125,191.11000061035156,193.8800048828125,5937700
2026-05-18,192.69000244140625,194.80999755859375,191.13999938964844,192.6199951171875,3770200
2026-05-19,189.5800018310547,192.83999633789062,188.94000244140625,191.5500030517578,6357900
2026-05-20,197.77000427246094,198.07000732421875,190.08999633789062,191.9600067138672,7201100
2026-05-21,200.50999450683594,200.75,196.89999389648438,197.80999755859375,5817400
2026-05-22,201.02999877929688,203.08999633789062,200.6300048828125,201.1300048828125,3734200
2026-05-26,201.75999450683594,203.9199981689453,199.8699951171875,202.85000610351562,5567400
2026-05-27,201.61000061035156,202.52999877929688,197.00999450683594,202.0500030517578,6731500
2026-05-28,203.7899932861328,204.3800048828125,199.67999267578125,199.9199981689453,6174800
2026-05-29,208.0,208.0800018310547,203.72000122070312,204.0,8255500
2026-06-01,211.00999450683594,212.11000061035156,206.60000610351562,207.61000061035156,6431200
2026-06-02,214.97999572753906,217.02999877929688,210.25999450683594,210.25999450683594,7664400
2026-06-03,210.13999938964844,213.49000549316406,208.7899932861328,212.85000610351562,5957300
2026-06-04,218.27000427246094,219.16000366210938,211.14999389648438,212.00999450683594,5565300
2026-06-05,211.92999267578125,218.32000732421875,211.16000366210938,218.32000732421875,6171000
2026-06-08,212.24000549316406,215.89999389648438,211.74000549316406,213.27000427246094,4732000
2026-06-09,210.25,215.24000549316406,206.05999755859375,214.4199981689453,7841100
2026-06-10,206.66000366210938,210.24000549316406,205.8300018310547,208.94000244140625,5362800
2026-06-11,212.66000366210938,212.8300018310547,207.0,208.7899932861328,4631500
2026-06-12,214.0399932861328,217.6199951171875,212.66000366210938,215.0500030517578,4692800
