Price,Close,High,Low,Open,Volume
Ticker,MSFT,MSFT,MSFT,MSFT,MSFT
Date,,,,,
2021-05-03,241.6746826171875,244.06399130382755,240.96460323871534,243.1523979660195,19626600
2021-05-04,237.76927185058594,241.0509786364311,235.821366992888,240.8206790565612,32756100
2021-05-05,236.50262451171875,239.41008854394119,235.87891671087567,238.987880033093,21901300
2021-05-06,239.63084411621094,239.7555915648177,234.79466958308151,236.4834894146132,26491100
2021-05-07,242.2504119873047,244.0159980566037,241.0125719605132,241.95293622585686,27032900
2021-05-10,237.1839141845703,241.5499129115919,237.12634295627333,240.72469114199723,29299900
2021-05-11,236.27232360839844,236.62737056777837,232.7603470846724,234.66027073084751,33641600
2021-05-12,229.33473205566406,234.49716711113675,228.44234870372256,232.37653406692775,36684400
2021-05-13,233.20179748535156,235.66787299277317,231.65690575111154,232.02154312991334,29624300
2021-05-14,238.11471557617188,239.10306082061462,235.5622980961346,235.64865494854968,23901100
2021-05-17,235.26478576660156,236.61776814447018,233.67192816097048,236.57939220770857,24970200
2021-05-18,233.24974060058594,236.44507570607448,233.07701226535352,236.3107379527679,20168000
2021-05-19,233.8268280029297,233.93262388279754,229.47961380869796,230.16246611695865,25739800
2021-05-20,237.0583953857422,238.4722063912413,234.53854854557304,234.63473195533908,21800700
2021-05-21,235.7984619140625,238.83767555656837,235.38490555585892,238.10673157029987,21863100
2021-05-24,241.19400024414062,241.5594795417082,238.04899101242594,238.31828691309914,21411500
2021-05-25,242.0980987548828,243.08872621785105,241.2325067869294,242.14619045877527,17704300
2021-05-26,241.8768768310547,243.27144808873797,241.16515782189026,241.81915798529013,17771600
2021-05-27,239.7801971435547,241.86724777869244,239.72249297377158,241.56909978446225,24426200
2021-05-28,240.1360626220703,242.44433227006198,240.02065427610526,241.4056131297948,18270200
2021-06-01,237.94320678710938,241.68451217113508,237.5200379764385,241.62680800038572,23213300
2021-06-02,237.8470458984375,239.7417445032834,236.4428474366505,238.64532119633685,19406700
2021-06-03,236.31781005859375,236.9237185044888,233.7113925974972,235.84653488909666,25307700
2021-06-04,241.2036590576172,242.03078653304206,238.04903675030573,238.28948061321378,25281100
2021-06-07,244.10816955566406,244.3774654468797,240.26106862341163,240.4245686519693,23079200
2021-06-08,242.91555786132812,246.22406674150506,242.8578390246071,245.4065519898189,22455000
2021-06-09,243.8966064453125,245.76245296444787,243.531141793228,244.10819819545324,17937600
2021-06-10,247.4070587158203,247.61865044725548,243.97352866576068,244.56982463133653,24563600
2021-06-11,248.03219604492188,248.60923762738207,246.80109573288166,248.12835007463397,18999700
2021-06-14,249.95579528808594,250.0134994576514,246.98388380020114,248.04184249398912,19150500
2021-06-15,248.48428344726562,250.0519820781897,247.83028320585453,249.8403903117265,18038900
2021-06-16,247.54171752929688,250.6193807060856,244.69485634370264,249.48449295997696,27220000
2021-06-17,250.92718505859375,251.74469998319134,246.2241188200235,246.28182299342527,27565500
2021-06-18,249.51333618164062,252.27362634365522,248.85933608179366,249.70570296444276,37202200
2021-06-21,252.59103393554688,253.44699862968113,248.06108081005905,249.88844788107733,26696100
2021-06-22,255.36094665527344,255.63024254135578,252.3698104749173,252.67758558788293,24694100
2021-06-23,255.13014221191406,256.63050944325494,254.32225442204245,255.82262165338332,19518700
2021-06-24,256.495849609375,257.61151244689773,255.32248260362277,255.9861098893135,21446900
2021-06-25,254.8896484375,257.03441766201166,254.6396068486284,256.05341754170934,25611100
2021-06-28,258.4482727050781,258.6213852234761,255.74568632511017,256.0149822485252,19590000
2021-06-29,261.0257568359375,261.266200611459,257.7365024233895,258.5924670017017,19937800
2021-06-30,260.544921875,260.9873302929651,259.2946257303389,260.3429572810892,21656500
2021-07-01,261.2181701660156,261.44898683933064,259.2946196189184,259.3042174129385,16725300
2021-07-02,267.036865234375,267.373492407976,262.0837290689693,262.39150416203586,26458000
2021-07-06,267.04656982421875,268.69119759373734,263.81498911192836,267.4024220376937,31565600
2021-07-07,269.2297058105469,269.9606643036204,266.55597211609904,268.71996616433717,23260000
2021-07-08,266.8156433105469,268.0755662591934,264.3630993589568,266.31550150732886,24618600
2021-07-09,267.3158264160156,267.4216076093967,264.79597985271084,265.18068409845046,23916700
2021-07-12,266.719482421875,269.07581384728866,266.00774887676647,268.48914511457275,18931700
2021-07-13,270.2396240234375,272.03813906947397,266.7868543506358,266.9118604799698,26120100
2021-07-14,271.711181640625,272.8172174966731,269.82608069615287,271.5572940522361,23113700
2021-07-15,270.2877197265625,271.7111577808716,269.1335775905223,271.22064297039645,22604200
2021-07-16,270.0184326171875,273.24038594694457,268.77773418312665,271.28798313803793,26186800
2021-07-19,266.4213562011719,269.6529067683761,263.95921404966873,268.2679481392744,32935600
2021-07-20,268.64306640625,270.2299896780536,265.70003652732663,267.4023681314722,26259700
2021-07-21,270.64361572265625,270.7590240847354,266.6907325661512,268.2391770091446,24364300
2021-07-22,275.2024230957031,275.4717190297968,272.5863928711976,272.9903220968104,23384100
2021-07-23,278.59747314453125,278.90521894376,275.5486324297109,276.3853722718105,22768100
2021-07-26,278.0011291503906,278.6166794096968,275.68327658614254,277.9530521274675,23176100
2021-07-27,275.58709716796875,278.51087288872895,272.1343274321578,278.3666124668251,33604100
2021-07-28,275.2793884277344,279.05915914851056,272.98073086380026,277.9434960316162,33566900
2021-07-29,275.5486145019531,277.5875733755724,275.1446559746078,275.2985435397369,18168300
2021-07-30,274.0194091796875,275.70251598499704,273.05763386236777,274.26948015452774,20944800
2021-08-02,273.932861328125,275.8083056438092,272.89412751695914,275.41397422948273,16267400
2021-08-03,276.1448974609375,276.2507079980633,273.14416345994005,274.509897191702,17879000
2021-08-04,275.55828857421875,276.59699312691515,273.7693710071133,275.2793654804813,16191300
2021-08-05,278.45318603515625,278.558996585167,275.1639308070006,275.91411439860224,13900200
2021-08-06,278.3955383300781,278.4340175698008,276.6258748666149,277.4818691818495,16589300
2021-08-09,277.3087463378906,280.4056649495657,276.8086335913634,278.6744806068418,16117600
2021-08-10,275.490966796875,278.193553507934,274.29837461151317,277.7607428078615,18616600
2021-08-11,275.9814147949219,277.6260422247308,274.93305396223553,276.23145639673766,13955900
2021-08-12,278.7320861816406,278.88597374560374,275.3947248502605,275.6736478943844,14561300
2021-08-13,281.65594482421875,281.7040218560263,278.24162438521927,278.41476627205253,18249000
2021-08-16,283.3390197753906,283.55061152329273,278.93407230117066,281.98291302988906,22507600
2021-08-17,281.8770751953125,282.21370240044297,279.953524710054,281.21347728086533,20075300
2021-08-18,280.1522521972656,284.09344038644264,279.7089674078397,281.4145875343293,21813000
2021-08-19,285.9725036621094,286.64704708243323,278.13832497152845,278.1864940413031,29850500
2021-08-20,293.2862548828125,294.71241765143077,287.21548370876025,288.81509036069724,40817600
2021-08-23,293.56585693359375,294.2885695451522,290.8677416133428,292.21679927346827,22830200
2021-08-24,291.609619140625,294.5293759454758,291.0121816186196,293.9222928481988,18175800
2021-08-25,291.0218811035156,293.50799918306285,289.4897341208387,293.22854211359436,20006100
2021-08-26,288.2080993652344,291.42657543670686,288.07320832644916,290.0389651127222,17666100
2021-08-27,288.8150939941406,289.923246916712,286.0302286233498,288.11164347107103,22605700
2021-08-30,292.5443420410156,293.15142516677145,290.10639336951124,290.1642080093696,16348100
2021-08-31,290.8965759277344,293.4212466452703,290.5303969246272,293.34417025857385,26285300
2021-09-01,290.8483581542969,294.08612491832895,290.5207320699009,291.8505275583118,18983800
2021-09-02,290.19305419921875,292.32263807137963,289.2583451754172,291.2048689980842,16285600
2021-09-03,290.1834716796875,291.5903434617449,289.33548449908074,290.0389056864893,14747900
2021-09-07,289.25836181640625,290.1352562629758,287.35042017874457,290.05817989071454,17180400
2021-09-08,289.2872619628906,289.6727026291222,286.64696252160434,288.87291398187256,15046800
2021-09-09,286.43499755859375,291.1470962428215,286.1940934395369,289.87511543646343,19927000
2021-09-10,284.95098876953125,289.0078348637292,284.6330083063583,287.5624103075582,19633400
2021-09-13,286.1844482421875,287.678071426656,283.3803207637957,286.7240711170078,23652900
2021-09-14,288.8825988769531,290.42439115897747,287.2540846387654,288.66095649526324,21853400
2021-09-15,293.72955322265625,294.21136141464643,290.8387040707149,292.2263140162258,28356300
2021-09-16,294.11505126953125,294.20177323213824,289.81732959262365,292.70817930849984,19550800
2021-09-17,288.959716796875,293.4212665400656,288.6320906685241,293.1032859884223,41372500
2021-09-20,283.5923156738281,287.8515134151559,278.98623011838976,285.5484559338163,38278700
2021-09-21,284.0741271972656,286.7144563554884,283.37070598587525,284.93175998192237,22364100
2021-09-22,287.7166748046875,289.29702038208677,283.7947770017501,285.934007352102,26626300
2021-09-23,288.6609802246094,289.9522229123692,286.70483974436394,287.9768206871402,18604600
2021-09-24,288.45855712890625,288.89216683736635,286.1265926479854,287.3793115337563,14999000
2021-09-27,283.4670715332031,285.6833776639269,282.28181268174734,285.36539716620223,23571700
2021-09-28,273.20452880859375,280.20039373530875,272.4625547192188,279.2560390156346,43186200
2021-09-29,273.6671447753906,276.3363524670483,272.713173645824,274.7271290344914,26353700
2021-09-30,271.6628112792969,277.3577596425143,271.3737086480666,275.3148971070343,32343600
2021-10-01,278.5815124511719,279.4294996045535,271.05567057576917,271.8554592638854,30086300
2021-10-04,272.8094787597656,277.28067385415983,270.0535494270314,276.9434021661116,31350700
2021-10-05,278.2538146972656,279.8341299245195,273.715161362743,273.715161362743,24993000
2021-10-06,282.4456481933594,282.9467476472076,275.12218554145016,275.382351437471,28002600
2021-10-07,284.1223449707031,285.8472268251137,283.2261886390808,284.440325492257,20430500
2021-10-08,284.1223449707031,285.8472268251137,283.0720064625797,285.4424949358928,17685700
2021-10-11,283.5248718261719,287.128787851861,282.09870892799114,282.2625366597223,19298600
2021-10-12,282.2240295410156,284.69088564097564,281.7133139283031,284.5945181012245,17974100
2021-10-13,285.5292663574219,286.4639757468963,282.8118601644448,284.18020883839904,23416300
2021-10-14,291.7348937988281,292.2359637895139,286.9938877052562,288.32368317323034,27262900
2021-10-15,293.14178466796875,293.3730726386509,289.5860372188823,291.33982641094127,25384800
2021-10-18,296.1097717285156,296.9962825877865,291.6771292104213,292.52511657650416,22729300
2021-10-19,297.0155334472656,298.046580784232,296.04227134224186,297.1311627256362,17682100
2021-10-20,296.2254333496094,298.4321239761753,294.97271391037,297.9599317642486,16537100
2021-10-21,299.4534912109375,299.70401151928974,295.2135548265935,295.99411129385413,16918100
2021-10-22,297.91168212890625,299.7714549252828,296.6011483907177,299.10655718444485,17449300
2021-10-25,296.9190979003906,298.1428800258161,295.3098457257022,298.10432713944266,17554500
2021-10-26,298.8271484375,301.03383882381803,297.3721072772416,299.6847813807239,28107300
2021-10-27,311.4119873046875,314.2353768644904,304.50284339356364,304.50284339356364,52588700
2021-10-28,312.5490417480469,313.0501117800628,309.667808194034,312.5297505959251,26297900
2021-10-29,319.554443359375,319.9206222707464,312.1153240989585,312.3369664419561,34766000
2021-11-01,317.3863525390625,319.429214753653,314.49550312432325,319.3039399071891,27073200
2021-11-02,321.0096435546875,321.318007963707,317.9935185073219,318.29223733879434,26487100
2021-11-03,321.8479309082031,322.71517993039924,318.61980955207633,321.75156337079386,21500100
2021-11-04,324.19915771484375,324.29552525226745,317.52130201351525,320.778330690629,23992200
2021-11-05,323.8329772949219,326.4636610780947,322.2526614356384,326.1938496188393,22570100
2021-11-08,324.7290954589844,325.3650858397293,322.27188529417714,325.0278142034985,20897000
2021-11-09,323.72698974609375,326.39619698658385,322.3586413143152,324.8447590588509,21307400
2021-11-10,318.7643127441406,322.45498024865833,317.91635496264894,322.39716561372114,25500900
2021-11-11,320.33502197265625,321.62626453740313,318.4848947841872,319.197961574822,16849800
2021-11-12,324.4690246582031,324.96047859803025,321.6456347130858,321.7709095924338,23831000
2021-11-15,323.84259033203125,325.5867337696935,321.87680452226203,325.25910770260543,16723000
2021-11-16,327.1575012207031,328.2753000737165,323.3030345857247,323.4668329496531,20886800
2021-11-17,327.3794860839844,330.34320817217764,326.2982657750648,327.2057248474174,19053400
2021-11-18,329.45501708984375,330.5941871717435,325.448698473781,326.47199828045603,22463500
2021-11-19,331.23138427734375,333.15250973725915,330.3529147568212,330.7776841426584,21963400
2021-11-22,328.0649108886719,337.56427133664994,327.79460580022015,332.6890870606931,31031100
2021-11-23,325.98931884765625,327.6980592938018,322.01196030987296,325.38112509299714,30427600
2021-11-24,326.2113952636719,326.45274014228477,322.34987720586537,324.63782194134853,21661300
2021-11-26,318.2662658691406,326.2306457276497,316.76027639823303,322.77460052160296,24217200
2021-11-29,324.9757080078125,327.29261293135295,323.1511265991085,323.34421428483876,28563500
2021-11-30,319.14483642578125,326.0859180631041,317.6002231832655,323.7110925111013,42885600
2021-12-01,318.6524353027344,327.53393801069564,317.9863505876279,323.5276191928272,33337600
2021-12-02,318.0828857421875,321.94440378728416,316.4513920112506,318.864840789436,30766000
2021-12-03,311.8272399902344,321.1817696501505,307.01963950096615,320.49632899700646,41779300
2021-12-06,314.8971252441406,316.1135127790288,308.1780925192748,312.7346847030442,30032600
2021-12-07,323.3249206542969,324.1744298816056,318.67178431375265,320.15847701837134,31021900
2021-12-08,323.3731994628906,323.8848494624371,319.3475536468009,323.70142498514247,24761000
2021-12-09,321.5679016113281,324.84052263649073,320.62181914163386,322.83254633757906,22214200
2021-12-10,330.6811218261719,331.12518817346324,323.19943025665486,323.38285472943636,38095700
2021-12-13,327.6498107910156,331.88784112335867,327.3408822668036,328.8854954268182,28899400
2021-12-14,316.9726867675781,323.0545950116288,312.88912106633165,321.68374322246143,44438700
2021-12-15,323.064208984375,323.5855221073149,313.26561400702604,317.23330918334995,35381100
2021-12-16,313.65185546875,325.1012739148149,311.8369369373193,324.0876075634264,35034800
2021-12-17,312.58984375,313.67109344538676,306.2666203467996,309.77095234774947,47750300
2021-12-20,308.83453369140625,311.62446489459614,306.5755493846343,308.9696714904224,28326500
2021-12-21,315.9590759277344,316.38384527957237,308.7283631846601,312.09755779178596,24740600
2021-12-22,321.66448974609375,322.0602694505174,314.4724000480661,316.9341062072316,24831500
2021-12-23,323.1028137207031,324.7439703834197,321.2106784630474,321.2299754438767,19617800
2021-12-27,330.59423828125,330.6231984892731,323.8172549933941,323.8462152014172,19947000
2021-12-28,329.43572998046875,331.9070989605817,328.5379341826007,331.2699450024373,15661500
2021-12-29,330.1115417480469,332.38016007251247,327.9201113620014,329.48402148531875,15042000
2021-12-30,327.57257080078125,331.25066424671456,327.0898810628788,330.0729001077908,15994500
2021-12-31,324.6764221191406,327.6111544209489,324.2226926014007,326.7906054612649,18000800
2022-01-03,323.1607666015625,326.29824977245147,318.3628296202537,323.7400001560889,28865100
2022-01-04,317.6195373535156,323.5952391659229,314.82957629356036,323.2380239826921,32674300
2022-01-05,305.42669677734375,314.7812242182904,305.04055096329466,314.578473360559,40054300
2022-01-06,303.0133056640625,307.66644167118665,300.7060346434731,302.30856806148427,39646100
2022-01-07,303.1678161621094,305.54264171592666,299.35455497870817,303.2739937762214,32720000
2022-01-10,303.3898620605469,303.8242947018731,294.14153766971515,298.77534835896216,44289500
2022-01-11,304.0752868652344,305.6488309169334,299.16150807736625,302.5306735629834,29386800
2022-01-12,307.2512512207031,312.21331483505577,306.1024475266732,308.60280577441176,34372200
2022-01-13,294.2476806640625,309.77100062212895,293.47538879376066,309.3751914637592,45366000
2022-01-14,299.460693359375,300.05922385700916,293.2339846176459,293.7166743042593,39846400
2022-01-18,292.1721496582031,299.0746083692824,291.29365062791317,293.5430017450747,42333200
2022-01-19,292.8284912109375,303.04222074165364,292.2203269969151,295.68603516166604,45933900
2022-01-20,291.1584167480469,300.8604673943379,290.71435049782207,298.3698016436407,35380700
2022-01-21,285.7812805175781,293.58153359567393,285.37580818130317,292.2107112599279,57984400
2022-01-24,286.1095275878906,286.8238990150419,266.4930083993814,282.08391143196826,85731500
2022-01-25,278.5023193359375,284.77728601402885,275.2972818230597,281.4274180089752,72848600
2022-01-26,286.437744140625,297.8195767322565,282.8851546395586,297.32722375809846,90428900
2022-01-27,289.45941162109375,296.6611350858043,287.6155330759337,292.18178912511314,53481300
2022-01-28,297.587890625,297.80027529096344,284.2560022424525,289.8358945088993,49743700
2022-01-31,300.2137451171875,301.5652706042171,295.76333004152133,298.254025795733,46444500
2022-02-01,298.07061767578125,299.87587283189384,294.56628497930495,299.66348813934843,40950400
2022-02-02,302.6078186035156,304.21035194352163,298.1863939124947,298.9104284628024,36636000
2022-02-03,290.8205871582031,300.45508559766955,289.57523929937065,298.7753051603236,43730000
2022-02-04,295.34820556640625,298.10917678556535,289.5848887928777,289.816570444543,35096500
2022-02-07,290.5309753417969,297.1824248464775,289.5173091795903,295.57025756283554,28533300
2022-02-08,294.0159912109375,294.98137075377906,289.5656056597399,290.82058728101566,32421200
2022-02-09,300.4357604980469,301.1308349501558,296.74803301981893,299.14215544071413,31284700
2022-02-10,291.9114074707031,298.4180547485802,290.28957726166584,293.51394069905155,45386200
2022-02-11,284.8255920410156,293.7553529211515,284.03397373558494,292.69342951887205,39175600
2022-02-14,284.78692626953125,286.4860034605709,281.263297311286,283.599498987924,36359500
2022-02-15,290.06756591796875,290.3861281751453,286.7369950149994,289.62349961792046,27058300
2022-02-16,289.7289733886719,291.05427315111,284.09884067695083,288.6358343081328,29982100
2022-02-17,281.2451477050781,287.1170957635478,280.53895281663284,286.69144809406896,32461600
2022-02-18,278.5364685058594,284.2729991216109,276.9693246500047,283.4894271936835,34264000
2022-02-22,278.3333435058594,282.02872584374245,275.2183925047165,275.702080365006,41736100
2022-02-23,271.12640380859375,282.18353159730316,270.9619664555194,280.71310149282795,37811200
2022-02-24,284.9792175292969,285.5306287899003,262.6618519792794,263.61957404294975,56989700
2022-02-25,287.6104431152344,287.92001039879176,282.135093565402,285.5112545529005,32546700
2022-02-28,289.0421447753906,289.3807321175086,283.44103215371325,284.7082917445892,34627500
2022-03-01,285.3275146484375,290.183730717444,282.6188445943482,286.7301918975132,31217800
2022-03-02,290.3965148925781,291.63475461259384,284.118256021791,285.7240737108103,31873000
2022-03-03,286.26580810546875,293.2405780996094,284.4567908872236,293.0084173965025,27314500
2022-03-04,280.40350341796875,286.0143001348497,277.80128997128503,284.68900016266156,32356500
2022-03-07,269.81072998046875,280.2390376841762,269.4431225318955,279.1168784545169,43157200
2022-03-08,266.8505859375,274.695988493688,261.19143233256847,268.7369507911687,48159500
2022-03-09,279.0877990722656,280.15191790206194,271.61965990581416,274.19288197715656,35204500
2022-03-10,276.27276611328125,277.24982481746815,271.4262054005378,273.7866039875139,30628000
2022-03-11,270.932861328125,280.06488834104937,270.31372684225215,278.5654386141769,27209300
2022-03-14,267.42138671875,276.0890662106608,266.8216184054348,271.1941466911913,30660700
2022-03-15,277.7818298339844,278.42998431744394,269.63654580240177,271.2036891683761,34245100
2022-03-16,284.78570556640625,284.95982608211176,273.96077067732267,279.67793426336954,37826300
2022-03-17,285.588623046875,285.9658841758017,279.92946993729333,283.7215952422282,30816600
2022-03-18,290.6286926269531,291.1801038956817,283.1799169846614,285.73377364082944,43390600
2022-03-21,289.4001159667969,290.3481547741918,285.2790860660752,289.1389351574977,28351200
2022-03-22,294.1402282714844,295.04956371485423,289.02280298221535,290.01919868863627,27599700
2022-03-23,289.7193298339844,293.3373349131294,288.0070855267432,290.7060719110069,25715400
2022-03-24,294.1789245605469,294.2756680245102,288.58749479820733,289.380749871962,24484500
2022-03-25,293.7726135253906,295.533244193088,289.52585001590114,295.2720634104139,22566500
2022-03-28,300.5635986328125,300.66031257135194,294.4013915103594,294.4013915103594,29578200
2022-03-29,305.1199035644531,305.5165310537255,298.9673801627558,303.6688403450475,30393400
2022-03-30,303.6204833984375,305.6423243268449,301.41486827122543,303.52376945863284,28163600
2022-03-31,298.2515869140625,304.858779193998,297.84530566978634,303.6592133025089,33422100
2022-04-01,299.3254089355469,300.0122374321194,295.5719864101128,299.2770224362612,27110500
2022-04-04,304.6943359375,304.8297531887579,299.60593013266003,299.9735376348756,24289600
2022-04-05,300.73773193359375,304.59755113932056,299.7606731283504,303.04974427141804,23156700
2022-04-06,289.7289733886719,296.9842899176036,287.0299873737609,295.23334255704475,40110400
2022-04-07,291.5379333496094,293.7435481849462,286.6817192400576,286.9816032664707,31411200
2022-04-08,287.281494140625,291.2960964316169,286.61400270541924,290.6382881981249,24361900
2022-04-11,275.9535217285156,283.0637074472377,275.7019946723153,282.2704820396031,34569300
2022-04-12,272.8579406738281,281.2547532210791,271.3391540006482,279.80368992052826,30966700
2022-04-13,278.2365417480469,279.1652139791266,272.12272138935975,273.50609081671024,21907200
2022-04-14,270.70068359375,278.9040387773758,270.2073421446939,278.69121497830656,28221600
2022-04-18,271.36822509765625,273.24493634757675,269.25935312303267,269.81076436616644,20778000
2022-04-19,275.9922790527344,276.8339207213191,269.3270757429713,270.2654313652648,22297700
2022-04-20,277.0176696777344,280.24873024308215,276.05997725645005,279.95849984253823,22906700
2022-04-21,271.6487731933594,283.7312864723143,270.92324140436915,279.16527189939075,29454600
2022-04-22,265.08990478515625,273.960751032886,264.46111662000084,272.4903213915854,29405800
2022-04-25,271.5616760253906,271.93893715298736,261.9362771237636,264.3740824976134,35678900
2022-04-26,261.4042053222656,269.27862643636087,261.1913815342113,268.44669768793943,46518400
2022-04-27,273.9801330566406,281.4772943518781,270.05259027534413,272.89667705103636,63477700
2022-04-28,280.18096923828125,281.48693206044686,272.2774984573496,275.88581968028956,33646600
2022-04-29,268.4660339355469,280.4228102800614,267.47932156887543,279.1942245202134,37073900
2022-05-02,275.1893310546875,275.64399875590436,267.2084825593842,268.64986271938767,35151100
2022-05-03,272.5871276855469,274.8604665193033,271.0103005471974,274.6959996581533,25978600
2022-05-04,280.5195617675781,281.3901938245139,267.7018362258143,273.3706425590282,33599300
2022-05-05,268.3016357421875,277.00801637510676,265.38982566126134,276.2244444799009,43260400
2022-05-06,265.76708984375,270.1396166091243,262.4199492559165,265.8444668964473,37780300
2022-05-09,255.94818115234375,263.47436090133476,254.72930817179346,261.24940919614534,47726000
2022-05-10,260.70782470703125,264.8191725920215,256.42235623218517,262.8263804495252,39336400
2022-05-11,252.0496826171875,262.50700973823547,250.84046320428226,257.01232381126397,48975900
2022-05-12,247.0193634033203,251.40157365565182,241.86324972493676,249.28301874671405,51033800
2022-05-13,252.6011199951172,254.4584941959466,247.0193732332159,248.95412449484758,34925100
2022-05-16,252.96876525878906,257.14783569365153,247.43537464280422,251.47899829857158,32550900
2022-05-17,258.1152038574219,259.57592116021584,253.89743024977278,257.4283458213499,28828800
2022-05-18,246.36329650878906,255.59416717330026,245.0930851004618,255.01238395336077,31356000
2022-05-19,245.45184326171875,249.84427550605224,244.2301162531535,246.18875585167464,32692300
2022-05-20,244.88941955566406,250.6878097739671,238.95529670794807,249.42727472265636,39199300
2022-05-23,252.7337188720703,253.55790919869958,245.73299835989616,247.73044594268052,33175400
2022-05-24,251.73501586914062,253.39307277606676,245.80089254690245,250.0575770395254,29043900
2022-05-25,254.54685974121094,256.54429205706896,249.3205775837263,250.29991182457303,28547900
2022-05-26,257.8242492675781,258.9974916357113,253.49000806634814,254.3044925724609,25002100
2022-05-27,264.9413146972656,265.0382834774228,259.4338312366583,260.32590258710013,26910800
2022-05-31,263.6129455566406,266.4248628217989,260.76223485872504,264.25290403889915,37827700
2022-06-01,264.14630126953125,269.25623459703166,261.8385798988137,266.84186825760014,25292200
2022-06-02,266.24072265625,266.30860378926303,253.6549569447549,256.4184055633053,44008200
2022-06-03,261.81915283203125,265.14500204030634,260.25806469793486,262.1003534639654,28059000
2022-06-06,260.58770751953125,265.85278414550214,259.10417682407206,263.7971760802352,22400300
2022-06-07,264.2237854003906,264.8346561341794,257.863024346633,258.54177618211287,22860700
2022-06-08,262.197265625,264.708600074824,261.42154501320846,263.45777093192714,17372300
2022-06-09,256.7480163574219,264.42745982638615,256.59287219967115,259.647196979162,26439700
2022-06-10,245.30638122558594,252.66584504493977,244.86034549346968,252.66584504493977,31422800
2022-06-13,234.90225219726562,241.45695191998857,234.1944273628666,237.66570001230667,46135800
2022-06-14,237.06454467773438,238.27658064725975,234.17504027372604,236.4536738145781,28651500
2022-06-15,244.11373901367188,247.54623321805892,238.9359248223612,240.76852264491998,33111700
2022-06-16,237.52996826171875,239.9055558620673,235.639195061252,238.5092880231499,33169200
2022-06-17,240.1285400390625,242.8919877338187,236.6184889029332,237.2681383521673,43084800
2022-06-21,246.03359985351562,247.0129195467826,241.9320596633375,242.65928121254296,29928300
2022-06-22,245.44212341308594,249.3594317398159,242.7659386682965,244.23977847011096,25939900
2022-06-23,250.9981231689453,251.49264337760505,245.92698295357496,247.80806538921993,25861400
2022-06-24,259.5696105957031,259.8411054436494,253.7712204115489,253.8584834422403,33923200
2022-06-27,256.844970703125,260.1513786610391,255.28385304721854,260.06411562547476,24615100
2022-06-28,248.69039916992188,258.8036202038124,248.5352550148448,255.96261499134835,27295500
2022-06-29,252.35560607910156,254.01366307535287,247.9922615951773,249.76668411063616,20069800
2022-06-30,249.0297393798828,251.64774884681984,245.21910548593416,249.24305888897192,31730900
2022-07-01,251.6962432861328,251.88047513446844,246.87720152441233,248.60315448518915,22837700
2022-07-05,254.86695861816406,254.9930151078675,247.00326776042925,248.38013900318634,22941000
2022-07-06,258.12481689453125,259.85075458930794,254.43053435913447,255.73953886483227,23824400
2022-07-07,260.24835205078125,260.8883105802799,256.97100212276746,257.067970916459,20859900
2022-07-08,259.53082275390625,259.9574617514012,255.29355004720045,256.7479931048278,19658800
2022-07-11,256.47650146484375,258.4351408209991,254.2172499828831,257.5818628153171,19455200
2022-07-12,245.96572875976562,257.8630779320997,244.38522912726302,257.80490257305115,35868500
2022-07-13,245.04458618164062,245.84937984355258,240.57459691919928,242.59142655470853,29497400
2022-07-14,246.36329650878906,247.3911007080352,238.4705183729216,242.95990461962012,25102800
2022-07-15,248.92308044433594,252.4622192726145,247.0323074429904,247.95345174668594,29774100
2022-07-18,246.528076171875,252.91792521478504,245.60693194367718,251.86103357185658,20975000
2022-07-19,251.6477508544922,251.8319826861172,245.975416691355,249.7569629365393,25012600
2022-07-20,254.3045654296875,256.8256065322385,251.04662647185015,252.00654963072608,22788300
2022-07-21,256.7964172363281,256.8449164174271,249.22362075768535,251.89980497891423,22404700
2022-07-22,252.45249938964844,257.27155493092874,251.20169974499134,257.18429190390975,21881300
2022-07-25,250.9690399169922,253.55796214891018,249.01040015458366,253.07314768973444,21056000
2022-07-26,244.24948120117188,251.98712943704783,241.9902591873935,251.9677179235894,39348000
2022-07-27,260.5780334472656,261.8482448041291,250.98842003172433,253.22826018562694,45994000
2022-07-28,268.01507568359375,269.40163763919867,259.734438202384,261.55734491443076,33459300
2022-07-29,272.2135314941406,273.4352730341739,268.22837203750606,269.26588177100365,32152800
2022-08-01,269.5664978027344,272.7371731572371,267.4623903988592,269.3822659732868,21539600
2022-08-02,266.4733581542969,269.45012527255744,264.1074618325668,267.6175128829661,22754200
2022-08-03,273.8910827636719,274.8897993696397,268.209041893933,268.3545099048049,23518900
2022-08-04,275.03515625,275.18059462702735,271.6608675400947,273.24133735808226,18098700
2022-08-05,274.31768798828125,275.03520383289623,270.2161475022105,270.67187422288504,16774600
2022-08-08,271.80633544921875,277.23626231037696,270.83670670939483,275.4230317107007,18739200
2022-08-09,273.7261657714844,274.48247496169216,269.17860487436343,271.1469795107976,23405200
2022-08-10,280.3778381347656,281.0080908709291,278.2252612395024,279.4179151918508,24687800
2022-08-11,278.3028259277344,282.3655726517332,277.80833539979704,282.01652051436565,20065900
2022-08-12,283.0443115234375,283.0443115234375,278.22525580031515,279.7184922528835,22619700
2022-08-15,284.55694580078125,285.24537391664086,281.2989778667921,282.16196164375015,18085700
2022-08-16,283.8199768066406,285.10959940447333,281.59954863684186,283.12184303694977,18102900
2022-08-17,283.07183837890625,285.0443616245307,281.2742116606303,281.536556451653,18253400
2022-08-18,281.9543762207031,283.64510179006146,280.89521149700556,281.9737992817374,17186200
2022-08-19,278.0481872558594,281.06042243303864,277.4748955705993,280.7203261035374,20570000
2022-08-22,269.88604736328125,274.4626845439324,269.3710544716456,274.0934387624706,25061100
2022-08-23,268.6131591796875,270.96462513583367,267.6025963871895,268.6131591796875,17527400
2022-08-24,267.98150634765625,269.38073768829963,267.3207367981383,267.6122606253299,18137000
2022-08-25,270.9549255371094,271.1200957209209,266.7475042264658,269.4779423207206,16583400
2022-08-26,260.49957275390625,272.40273889149455,260.3927014141226,271.17840374249715,27549300
2022-08-29,257.7205505371094,259.82909469537367,256.379617748924,258.32299172518486,20338500
2022-08-30,255.52447509765625,259.4889441338361,253.27988099606083,259.1197280644123,22767100
2022-08-31,254.0669708251953,259.54726943283595,253.9309204276981,257.8759964592217,24791800
2022-09-01,253.0272674560547,253.50341421016233,248.17855922552292,251.54058765801105,23263400
2022-09-02,248.81015014648438,257.2443854879001,247.26517150345208,254.2904786042123,22855400
2022-09-06,246.0796661376953,250.5299783454673,244.80675888454647,248.94615387316767,21328200
2022-09-07,250.78268432617188,251.50172318852577,246.05057356840078,247.48866611987495,24126700
2022-09-08,251.20050048828125,253.05642612748184,247.5761123040182,250.21911682986428,20319900
2022-09-09,256.9723205566406,257.7205384807604,252.92040261166707,253.12444856663964,22084700
2022-09-12,259.10028076171875,259.8776479982531,257.65247691062,258.25491798547915,18747700
2022-09-13,244.85536193847656,253.02723665375865,244.46667832262642,251.51140761885284,33353300
2022-09-14,245.078857421875,247.03194264420256,242.78567587282814,246.35176481752862,23913000
2022-09-15,238.4325408935547,244.28208546979903,237.11104609083932,242.69824587426376,31530900
2022-09-16,237.81065368652344,238.3547959701018,235.2065251235573,237.34423330622892,39791800
2022-09-19,237.5968780517578,238.19931916772862,234.03078901134762,235.60491699915002,26826900
2022-09-20,235.58547973632812,236.6154654509246,232.85504199150714,235.21624880625103,26660300
2022-09-21,232.18458557128906,240.64798513191113,232.13599826014462,237.35396708033133,28625600
2022-09-22,234.15713500976562,236.95559838485832,230.8436935246027,231.1351877705354,31061200
2022-09-23,231.1837158203125,234.30283689307328,228.54072660512506,232.75784365187135,34176000
2022-09-26,230.72703552246094,234.61378285432556,230.19260479897667,230.33836671998023,27694200
2022-09-27,229.7165069580078,234.95389883278438,227.86058139335248,233.18542153198845,27018700
2022-09-28,234.2445526123047,235.4688726877208,228.084046805277,230.10515720285915,29029700
2022-09-29,230.775634765625,233.15626466417,227.77312585488747,232.12627894023532,27484200
2022-09-30,226.3058624267578,233.7295494002438,226.14067744074515,231.5432539781558,35694800
2022-10-03,233.9238739013672,234.7692366306355,228.01601667284308,228.74478173649183,28880400
2022-10-04,241.8334503173828,243.27154283676492,238.04386235617537,238.15074851262196,34888400
2022-10-05,242.14437866210938,243.48531136271737,237.18878424235803,239.0252719369114,20347100
2022-10-06,239.80258178710938,243.25207293473719,239.11269245364227,240.91030415961444,20239900
2022-10-07,227.6079559326172,234.4875013005094,226.56824378188696,234.0793797349826,37769600
2022-10-10,222.7592010498047,227.91885563531727,220.3105461386793,226.45161389079223,29743600
2022-10-11,219.02793884277344,222.5745899538486,217.76474295842993,221.17535850206903,30474000
2022-10-12,219.35833740234375,221.40859753879846,217.61902421870056,219.018241026052,21903900
2022-10-13,227.6079559326172,229.41529424813774,212.92576556200996,213.62538135038992,42551800
2022-10-14,222.08877563476562,230.52302640165487,221.87500331123564,228.87114666042004,30198600
2022-10-17,230.80479431152344,232.19431432541026,228.4824631518074,229.1432179713051,28142300
2022-10-18,231.747314453125,237.02356694835538,228.7059298585046,236.3531154742312,26329600
2022-10-19,229.78451538085938,232.82590014122383,227.65651868442322,230.32865767594038,19985700
2022-10-20,229.4638671875,234.477775405208,228.220109078315,229.094636228901,21811000
2022-10-21,235.26483154296875,236.1199207742884,227.86058198177213,228.09379217943177,26299700
2022-10-24,240.2495880126953,240.8228797300147,234.4680538752151,236.85839536600284,24911200
2022-10-25,243.5630340576172,243.93226498550914,238.86978470276068,240.2592898081023,34775500
2022-10-26,224.77059936523438,231.55296912820415,223.5462644989959,224.62483744809148,82543200
2022-10-27,220.32998657226562,227.0734954795491,219.38744917013727,224.49851650888635,40424600
2022-10-28,229.19178771972656,229.9011298424008,219.64982993170372,219.83445281769383,40647700
2022-10-31,225.5576629638672,228.2686626281402,224.60539921895975,227.14150237504404,28357300
2022-11-01,221.70977783203125,229.06545410633566,220.89356446941574,227.95773173513913,30592300
2022-11-02,213.86830139160156,224.7511921525638,213.80998772072712,222.9632917416644,38407000
2022-11-03,208.18392944335938,214.16952462545234,207.92156981485337,213.85857768399836,36633900
2022-11-04,215.1217498779297,215.31608428144708,207.38711607311453,211.39047595404304,36789100
2022-11-07,221.4182891845703,221.9430084136209,215.01487607123818,215.70478029409642,33498000
2022-11-08,222.3899688720703,225.091257180639,219.44575884635148,222.22478388362,28192500
2022-11-09,218.15342712402344,222.1567873542891,217.97853059362552,220.93245233444006,27852900
2022-11-10,236.10049438476562,236.44059075290608,228.3464365627671,228.76425484048087,46268000
2022-11-11,240.1135711669922,240.96866045732685,235.0802248808406,236.1102255381831,34620200
2022-11-14,234.7109832763672,237.00416504738854,232.4372393956365,235.13852790216598,31123300
2022-11-15,235.1190948486328,240.00667907027895,233.2340197743407,238.7046221025726,31390100
2022-11-16,235.5478515625,237.5649193098057,234.27135664696343,236.58074012412342,24093300
2022-11-17,235.49908447265625,237.02893923380267,231.5526741520921,231.6988319904281,23123500
2022-11-18,235.05084228515625,237.50639789334227,232.91684876946883,237.28226939737314,27613500
2022-11-21,235.85964965820312,238.4126392167858,235.02164329544348,235.25549585436693,26394700
2022-11-22,238.763427734375,239.0362656262226,234.55391821119068,237.36025293713024,19665700
2022-11-23,241.24818420410156,241.93027884608753,238.0228392859944,238.84135285637757,19508500
2022-11-25,241.1605224609375,242.33956874564888,240.4199497182592,240.9851181755742,9200800
2022-11-28,235.57704162597656,240.34198047417644,234.64160171816698,239.78656581676748,24778200
2022-11-29,234.1836395263672,236.5807174931827,232.11786260072932,235.22626688973236,17956300
2022-11-30,248.61485290527344,248.79999607817797,233.72563656132382,234.41748501766983,47594200
2022-12-01,248.1763458251953,249.5697666639808,244.50275881700492,247.3773100588765,26041500
2022-12-02,248.49794006347656,249.51133581657106,243.30425151606138,243.4309315609044,21528500
2022-12-05,243.80117797851562,247.32860725398484,241.71590868022093,245.56488518197608,23435300
2022-12-06,238.85110473632812,245.41873605992336,237.5453785123422,244.40534037511836,22463700
2022-12-07,238.12030029296875,239.86452986599542,236.01555299377063,238.5685424627585,20481500
2022-12-08,241.0727996826172,242.37854081110692,236.84379768747013,238.57827343420877,22611800
2022-12-09,239.1434326171875,241.9595208718469,237.91566220853431,238.44184527837177,20609700
2022-12-12,246.05210876464844,246.0813403319802,240.84868161991452,241.12151949404333,30665100
2022-12-13,250.34934997558594,257.1703267708484,246.59780679077178,254.9973477435735,42196900
2022-12-14,250.64166259765625,255.87432140305884,247.80608156750714,250.55396789409684,35410900
2022-12-15,242.64163208007812,247.69890163014767,241.0143436570325,247.23118166191023,35560400
2022-12-16,238.43212890625,243.45041325109977,237.2822993212295,242.19341115694567,86102000
2022-12-19,234.300537109375,238.93881059195638,232.60504677186884,238.5977558234553,29696400
2022-12-20,235.61599731445312,236.6976097938858,232.32243564637852,233.27736810210143,25150800
2022-12-21,238.1787567138672,239.33832514030232,233.9692473656318,235.5088410448142,23690600
2022-12-22,232.09835815429688,235.8011771653982,227.88883383804284,235.08983601075406,28651700
2022-12-23,232.62452697753906,232.7609459126413,227.95703674860303,230.07153767696204,21207000
2022-12-27,230.8998260498047,232.81943021522733,229.79872070086748,232.59531655901404,16688600
2022-12-28,228.53196716308594,233.58923690976746,228.1811734561326,230.83161149343562,17457100
2022-12-29,234.84620666503906,235.732937144972,229.6232871191542,229.6232871191542,19770700
2022-12-30,233.68667602539062,233.82309496882053,230.60748859534408,232.11785074167162,21938500
2023-01-03,233.45278930664062,239.46499095764855,231.32853465622566,236.86327747897744,25740000
2023-01-04,223.24081420898438,226.91438642438956,220.18111974505624,226.33947913786812,50623400
2023-01-05,216.62449645996094,221.73049062967846,216.088559545531,221.389435810891,39585600
2023-01-06,219.17745971679688,219.98623444144232,213.74018002094996,217.2968261609176,43613600
2023-01-09,221.31143188476562,225.3260735512424,220.6195983653601,220.6585688285959,27369800
2023-01-10,222.9972381591797,225.3943160955878,221.51610752466433,221.9351032710945,27033900
2023-01-11,229.74024963378906,229.91563904515138,225.1994243157805,225.37481372714282,28669300
2023-01-12,232.41018676757812,233.76463742036097,227.58678421952712,229.24330435430056,27269500
2023-01-13,233.11175537109375,233.24817431543465,228.91198479686696,230.93879116175304,21333300
2023-01-17,234.20310974121094,234.74878549049157,231.02647397875015,231.8839729382192,29831300
2023-01-18,229.77920532226562,236.18118605908887,229.49662855484155,235.39190402162816,30028700
2023-01-19,225.99844360351562,229.49664158993286,224.78041202749904,227.80113628343994,28623000
2023-01-20,234.07643127441406,234.58313656009622,228.51245663723557,228.85351141709936,35389800
2023-01-23,236.3760528564453,238.89981040711766,233.52097945722034,234.9339078087108,31934000
2023-01-24,235.84988403320312,237.7110398533446,234.29081253406932,236.29812619619068,40234400
2023-01-25,234.4564208984375,237.07762676278358,224.99474675663893,228.48319035411933,66526600
2023-01-26,241.65745544433594,241.95952488467353,235.8109041029407,237.4186997744048,33454500
2023-01-27,241.8133544921875,243.44064274681827,240.5173672279143,242.62212916997672,26498900
2023-01-30,236.5027313232422,239.31881937180844,236.00576498796437,238.25668467337113,25867400
2023-01-31,241.47230529785156,241.6087242304683,236.73659825337256,237.22381085108213,26541100
2023-02-01,246.28599548339844,248.65384183422793,239.1921804627177,241.65747529132665,31259900
2023-02-02,257.8329162597656,257.92061096012765,250.6708850258921,252.20073974099043,39940400
2023-02-03,251.74278259277344,257.4431765540325,250.52475096588475,252.9023510805395,29077300
2023-02-06,250.2031707763672,251.6940402792033,248.26407396693392,250.8560488043869,22518000
2023-02-07,260.7171630859375,261.8962090659223,253.428453032111,253.86695619791232,50841400
2023-02-08,259.9084167480469,269.68189927846043,259.40169666602293,266.21294831317726,54686000
2023-02-09,256.8779296875,266.9729887774278,256.07889400099884,266.79756966634966,42375100
2023-02-10,256.3712463378906,257.33591765815356,253.993646746636,254.84139181439355,25818500
2023-02-13,264.3810729980469,267.5771867135627,260.3177065131593,260.7951951195851,44630900
2023-02-14,265.2093200683594,267.93769873660716,262.3932169633668,265.69653266891055,37047900
2023-02-15,263.0894775390625,264.46686175376715,260.0221049308035,262.11261183883863,28922400
2023-02-16,256.0854187011719,260.5692301121678,255.84120219853648,257.91215337103114,29603600
2023-02-17,252.08999633789062,254.07303280103977,250.07765509199857,253.38924459984534,30000100
2023-02-21,246.82470703125,249.5794760448662,245.7696900625751,248.59283193869732,28397400
2023-02-22,245.69154357910156,248.4560759372167,244.54861223485597,248.21185945581914,22491100
2023-02-23,248.87615966796875,250.89826457493558,244.68539610201492,249.6478772639144,29219100
2023-02-24,243.4545135498047,245.1933336076266,242.36042854419725,244.17739966038974,24990900
2023-02-27,244.372802734375,246.971269878113,243.6206117389156,246.6195975210222,21190000
2023-02-28,243.64987182617188,245.67199123491113,242.9758320232588,243.30797773153637,22491000
2023-03-01,240.5727996826172,245.1249840218638,240.10389325935822,244.95891858663182,27565300
2023-03-02,245.30079650878906,245.5840810609681,239.9280340639678,240.8462903940092,24808200
2023-03-03,249.38406372070312,249.7064312236528,245.57429306000546,246.35578868178143,30760100
2023-03-06,250.92755126953125,254.1023656002355,250.0581411721239,250.49772786752465,24109800
2023-03-07,248.27047729492188,251.72859113392445,247.52806453283253,250.37073314257202,21473200
2023-03-08,247.83087158203125,248.65143534651415,245.00772977586786,248.1630024049233,17340200
2023-03-09,246.4828338623047,253.55533409337485,245.7599476632948,249.90186482884056,26653400
2023-03-10,242.83908081054688,246.94191444562173,241.8719931478548,245.2714821705408,28333900
2023-03-13,248.04579162597656,251.94349199727765,240.04525738823747,241.67662167942007,33339700
2023-03-14,254.75685119628906,255.03037243949342,249.94089484584663,250.8103048487011,33620300
2023-03-15,259.29931640625,260.3152654051746,253.21343042410643,253.96563633216905,46028000
2023-03-16,269.8103942871094,270.16205172863715,257.1892727698562,259.0746169472976,54768800
2023-03-17,272.96563720703125,276.7754083374073,269.9275985016487,271.8227207737094,69527400
2023-03-20,265.9322204589844,271.0607665452562,263.607274796688,270.57233358465885,43466600
2023-03-21,267.4463195800781,268.6380970576698,263.2848617004978,268.5208779306245,34558700
2023-03-22,265.9908447265625,274.538422009309,265.8833739672702,267.07515164944215,34873300
2023-03-23,271.23663330078125,274.55797193638784,268.8335511448217,271.5101546046174,36610900
2023-03-24,274.0792236328125,274.1378331913896,268.91159560004246,270.82624407390443,28172000
2023-03-27,269.9861755371094,274.94864070171997,269.14605544409125,274.0108578776161,26840200
2023-03-28,268.86279296875,269.7517444509293,265.7563369743328,269.4098354483097,21878600
2023-03-29,274.0206604003906,274.63609068107115,271.9692360686493,272.5065003836282,25087000
2023-03-30,277.4787902832031,277.87930894211155,274.9682671851268,277.6546488294555,25053400
2023-03-31,281.63043212890625,282.57799326147335,276.45305469008514,277.1661775421266,32766000
2023-04-03,280.58526611328125,281.6011854127729,277.38114643518793,279.8916697043966,24883300
2023-04-04,280.536376953125,283.7307479234541,279.0613295322564,280.5852381411604,25824300
2023-04-05,277.7620544433594,280.5070453166388,276.3749215198196,279.2371315346284,22064800
2023-04-06,284.8540954589844,285.3229720001434,275.50548186907776,276.65817644820123,29770300
2023-04-10,282.6952209472656,282.9003544272942,278.12346613985693,282.51936243851856,23103000
2023-04-11,276.28692626953125,279.3640772236538,275.1244834565677,279.1393873695439,27276600
2023-04-12,276.9317626953125,280.37035046592507,275.4371587464321,278.20170651935473,27403400
2023-04-13,283.1347961425781,283.1934057090152,276.6191175771534,277.0293845422131,24222700
2023-04-14,279.52044677734375,281.80630960092736,277.12711319357106,280.36053721344047,20987900
2023-04-17,282.1188659667969,284.85410843164084,279.53995543823305,283.22272922701467,23836200
2023-04-18,281.6988220214844,285.0104118167831,280.3702986730481,284.82480490610715,20161800
2023-04-19,281.7769775390625,282.363073223057,277.9574283365994,279.3738659883608,17150300
2023-04-20,279.4911193847656,282.3435812467073,278.4849485884654,278.6510289270091,23244400
2023-04-21,279.149169921875,279.64735118903843,276.51162043764214,278.4165205997633,21676400
2023-04-24,275.2514953613281,278.35795159650013,272.27206627525993,275.564099605755,26611000
2023-04-25,269.04840087890625,275.08542457289633,268.9995397003019,273.04377855903545,45772200
2023-04-26,288.5368347167969,292.6396828327942,285.9579246128152,289.83608287187946,64599200
2023-04-27,297.7780456542969,298.1395111111619,288.4196826173737,289.12302732036886,46462600
2023-04-28,300.1518249511719,301.78317430412875,296.2931927346846,296.9770107869876,36469600
2023-05-01,298.4911804199219,301.46086148521374,298.09066177200543,299.868565093512,21294100
2023-05-02,298.3446350097656,302.0274089293755,296.87933607669675,300.6402759672235,26404400
2023-05-03,297.3579406738281,301.4705373047011,297.05511466369126,299.52658392125915,22360800
2023-05-04,298.3446350097656,300.6402759672235,296.38112489974674,299.15542063563385,22519900
2023-05-05,303.4633483886719,304.75281837217517,297.23093994665044,298.64740725132,28197100
2023-05-08,301.5096130371094,303.0237728629805,299.0088390583922,302.95538510450854,21318600
2023-05-09,299.8977966308594,302.86747697079767,299.223756852854,300.8746624179306,21340800
2023-05-10,305.0849304199219,305.7589701511876,300.55228898423684,301.4802935306575,30078000
2023-05-11,302.9359130859375,303.9225573251691,299.17500268454444,302.9261646974244,31680200
2023-05-12,301.822265625,303.4633932219653,299.50709815578426,303.36570066728314,19774700
2023-05-15,302.3009033203125,302.73072668738115,300.47416891606105,301.94924591720934,16336500
2023-05-16,304.52813720703125,306.4525640397429,302.66231993782725,302.66231993782725,26730300
2023-05-17,307.4064636230469,307.8274270875237,304.2149092490743,305.7323794637119,24315000
2023-05-18,311.8315124511719,312.3406122958503,307.1323177228801,307.9253064598199,27276000
2023-05-19,311.6552734375,312.05666755980644,309.7266396617467,310.08886536616376,27546700
2023-05-22,314.4355773925781,315.81597257824143,311.3321605253707,311.90976760985495,24115700
2023-05-23,308.63995361328125,315.9432948088947,308.63015403990534,313.30977897111853,30797200
2023-05-24,307.25958251953125,309.8539301457172,306.0456005180939,308.1211084957931,23384900
2023-05-25,319.07611083984375,320.03551297467794,313.28041010709336,316.4523646988683,43301700
2023-05-26,325.8997497558594,326.3990200914225,317.07893868101803,317.2159833240213,36630600
2023-05-30,324.2550354003906,328.6899104115325,323.57952206493354,328.1906400290104,29503100
2023-05-31,321.49432373046875,328.88577326121145,320.45655463188933,325.31242368593024,45950600
2023-06-01,325.5962829589844,326.52634626965755,317.90134604784606,319.08592941453026,26773900
2023-06-02,328.3570556640625,330.41296452982044,325.56689576601605,327.2312100565703,25873800
2023-06-05,328.8857421875,331.45072114916485,327.6326215544442,328.18085996410906,21307100
2023-06-06,326.6731872558594,328.32770204884184,325.19491542513276,328.2885336264792,20396200
2023-06-07,316.5895080566406,327.4662003191764,315.72798196124086,324.6858396601391,40717100
2023-06-08,318.42999267578125,319.7810193360927,316.5600964884988,317.1377037070702,23277700
2023-06-09,319.9278564453125,323.0606428090371,317.59782847451265,318.16563610626434,22529000
2023-06-12,324.881591796875,325.1263421252022,318.3320706206992,321.6802383812358,24260300
2023-06-13,327.2703857421875,329.90390189326365,323.4522862648796,327.44659882342825,22951300
2023-06-14,330.25628662109375,331.9206007397858,325.8214120391003,327.319282795224,26003800
2023-06-15,340.7903747558594,342.49382753852854,330.11926605235976,330.3933852343611,38899100
2023-06-16,335.14154052734375,344.08962778195877,334.769545086919,343.94278354537636,46552000
2023-06-20,330.9514465332031,334.8968213999289,328.8074308489354,332.18499798901604,26375400
2023-06-21,326.55572509765625,330.638174337756,325.09702248062774,329.30671681424553,25117800
2023-06-22,332.5765075683594,332.9779016676336,326.3402743618307,327.10389414473735,23556800
2023-06-23,327.9849853515625,330.8632513932906,326.44797610789226,327.3388409466085,23146900
2023-06-26,321.6998596191406,329.0521396707675,321.59215393137123,326.7123419071995,21520600
2023-06-27,327.54449462890625,329.0913036434743,322.38513830210024,324.8913794122553,24354100
2023-06-28,328.797607421875,330.8828850652817,326.80043631423547,327.63259343214776,20259500
2023-06-29,328.014404296875,329.05214338180554,325.6354380857654,327.6815474089493,16997000
2023-06-30,333.3891296386719,335.5331449952425,330.11926869973666,330.65770749403055,26832800
2023-07-03,330.8926696777344,333.7415673029559,329.5025044373006,332.067483294419,12508700
2023-07-05,331.0492858886719,334.47579046215725,327.7011181507027,328.05354428027886,18172400
2023-07-06,334.1037902832031,335.78767385230776,328.45496307477555,330.21715360852994,28161200
2023-07-07,330.13885498046875,334.61289857162126,329.92347347630437,332.19476390626494,21214800
2023-07-10,324.8619689941406,328.1905971184104,320.71101328852956,327.5738215556575,32791400
2023-07-11,325.4886169433594,325.8704119772488,320.13347775646093,324.10822129809816,26698200
2023-07-12,330.1192321777344,334.475769797387,328.62136146608015,329.53182545465006,29995300
2023-07-13,335.464599609375,336.52190790090776,331.9010204242932,332.42968950843436,20567200
2023-07-14,337.9904479980469,344.0504693091922,337.07998382815504,340.29110736020874,28352700
2023-07-17,338.47015380859375,339.70367521642703,335.0142801736607,338.4211858141297,20363900
2023-07-18,351.941162109375,359.0780898369436,334.98488257273925,338.5680009815039,64738600
2023-07-19,347.6238098144531,354.84884504828324,345.03926161088305,354.15376240808007,39732900
2023-07-20,339.5862121582031,350.4531337158096,338.11771005249284,346.1455335144098,33778400
2023-07-21,336.5513000488281,342.944177986763,332.69403214811535,341.8183323536975,69405400
2023-07-24,337.8631591796875,339.6351792022214,335.1219672074144,338.58764053266464,26678100
2023-07-25,343.60986328125,344.50075798788623,337.82396241292906,339.8211034156389,41637700
2023-07-26,330.67724609375,337.43237871487065,326.1150966195682,334.2701938774004,58383700
2023-07-27,323.77532958984375,334.1625196341891,322.1403841798644,333.33039238314757,39635300
2023-07-28,331.26470947265625,332.8702861605579,326.17391995680913,326.6634206723763,28484900
2023-07-31,328.86614990234375,330.6087711275723,326.35987893485446,329.8451512620621,25446000
2023-08-01,329.2773742675781,331.4311896055557,326.69282573876103,328.1515284723082,18311900
2023-08-02,320.6229553222656,326.6242386250664,319.5068793964864,326.6242386250664,27761300
2023-08-03,319.80059814453125,322.9529838203489,319.1055155220307,319.154453640907,18253700
2023-08-04,320.8970947265625,328.10256094885904,320.3684255770162,324.91100665492644,23741500
2023-08-07,323.1781311035156,324.15713248319014,320.64252111536877,321.4746782634423,17741500
2023-08-08,319.20343017578125,321.8467462017524,316.2174875229385,320.0943251345085,22327600
2023-08-09,315.4636535644531,320.2411556284152,314.30840912670357,319.61461022525367,22373300
2023-08-10,316.14892578125,321.3670201533067,314.4356732724542,319.1740366258562,20113700
2023-08-11,314.2691955566406,315.6397913083232,312.50697541012306,313.53494463144494,24355500
2023-08-14,317.2356262207031,317.25519549333154,313.3587591141242,314.64127845171237,18836100
2023-08-15,315.10137939453125,318.2635647035866,314.16154640668196,316.21745534246327,16966300
2023-08-16,314.33612060546875,318.2800574602853,313.74747018564494,314.72854423868324,20698900
2023-08-17,310.8827819824219,315.77833241862345,310.22544912717694,314.47351697046,21257200
2023-08-18,310.4903564453125,312.3543913343559,305.653638152049,308.5379985359399,24755000
2023-08-21,315.7881774902344,316.66131798487817,311.03978181664064,311.9129223112844,24040000
2023-08-22,316.357177734375,319.9086615433213,315.3761035356602,319.33965168167043,16084600
2023-08-23,320.8112487792969,322.96962389693414,317.33823788637403,317.69144015108157,21166400
2023-08-24,313.914306640625,326.6780913060097,313.9044863180203,326.55054687218063,23281400
2023-08-25,316.8673400878906,319.20227141780845,312.76642738205277,315.38590853898717,21684100
2023-08-28,317.57366943359375,319.97728279727545,315.63113211282007,319.49656611253965,14808500
2023-08-29,322.1945495605469,322.7537689845137,315.7881368695037,315.7881368695037,19284600
2023-08-30,322.5673522949219,323.5680370692741,320.2716425608164,322.44962819676334,15222100
2023-08-31,321.5568542480469,324.64723165247267,320.5953908586677,322.9696033369281,26411000
2023-09-01,322.4398193359375,325.7067829359754,320.5953952258838,325.0396597293619,14942000
2023-09-05,327.23724365234375,328.512657905709,322.4398070250058,322.77336861557694,18553900
2023-09-06,326.5799560546875,328.13003998213503,323.9310439692956,327.0704931119819,17535800
2023-09-07,323.66619873046875,326.7761872339446,322.8028486285546,325.0200859411969,18381000
2023-09-08,327.943603515625,329.797847793835,323.22463985119003,323.84272127726,19530100
2023-09-11,331.5442199707031,332.01514636855427,329.0817141298704,330.8574560496714,16583300
2023-09-12,325.490966796875,330.41597829482106,325.2064768442106,329.46433515175244,17565500
2023-09-13,329.69976806640625,330.4748250083912,324.90233116375424,325.0396659724569,16544400
2023-09-14,332.2898254394531,334.40891924896704,330.20013271673093,332.7312908414323,20267000
2023-09-15,323.9703369140625,331.01444277565355,323.4111174113431,330.54354630179284,37679800
2023-09-18,322.83221435546875,324.1468499483667,320.18330252768726,321.5960515105036,16834200
2023-09-19,322.4300537109375,323.156069031889,318.36842179106634,319.99700867642883,16505900
2023-09-20,314.6991882324219,323.35227062853517,314.44412927703394,323.2737978591876,21436500
2023-09-21,313.48260498046875,319.1924634099481,309.0383405191742,313.21772575271143,35560400
2023-09-22,311.0102844238281,315.36625546450654,310.16654519847,315.23871105160333,21447900
2023-09-25,311.5303039550781,311.6578483890655,309.0383671510389,310.59827150671464,17836000
2023-09-26,306.2325134277344,309.9017213341856,304.1526109858872,309.1659156883459,26297600
2023-09-27,306.87017822265625,308.3515797645924,303.82884250383796,306.3894315511619,19410100
2023-09-28,307.7041015625,309.5092743516403,303.5933986019012,305.10423119085175,19683600
2023-09-29,309.774169921875,313.42376704064515,309.0187535875625,311.73631826659,24147300
2023-10-02,315.70965576171875,315.7979787841784,309.21494955018176,310.294137124608,20570000
2023-10-03,307.45880126953125,315.3073934236735,305.3200371531252,314.75796442808075,21033500
2023-10-04,312.9233703613281,313.98294710090596,308.05725146031534,308.0866824841923,20720100
2023-10-05,313.3158264160156,313.92411753909374,308.94024408682094,313.05094717371253,16965600
2023-10-06,321.0663146972656,322.9597804960645,310.31372116687385,310.5589896881692,25673600
2023-10-09,323.57781982421875,324.04871616218304,317.063474375702,318.60376767446286,19891200
2023-10-10,322.17498779296875,324.83369063109717,321.46861313435045,324.6963258646944,20557100
2023-10-11,326.128662109375,326.5210857572993,322.91074029238723,324.9415409038971,20063200
2023-10-12,324.89251708984375,327.3157714229003,322.4986937835042,324.313686937738,19313100
2023-10-13,321.5274658203125,327.5119946274533,320.1833689854534,326.08945496838265,21072400
2023-10-16,326.34454345703125,329.77830323276595,324.34314366168616,324.78460909741796,22158000
2023-10-17,325.7754821777344,327.1489800095309,321.2134933356926,323.3522278123477,18338500
2023-10-18,323.86236572265625,329.2386627175147,322.0866239478229,326.1973269355328,23153600
2023-10-19,325.04949951171875,330.5042694735543,324.6472555112947,325.86377789501114,25052100
2023-10-20,320.48748779296875,325.63812679181063,319.2905761994472,325.441899996805,25027700
2023-10-23,323.08734130859375,326.4328077015871,318.25065300887303,319.31019990102027,24374700
2023-10-24,324.2744445800781,325.5596493490343,321.3999044443215,325.02986091343166,31153600
2023-10-25,334.2225036621094,339.64784186158397,331.23020990044404,338.4901517493969,55053800
2023-10-26,321.684326171875,335.16427158860904,320.75229401773464,334.0949046612261,37828500
2023-10-27,323.568115234375,330.3473422977212,322.18479686683145,324.1763765151363,29856500
2023-10-30,330.9260559082031,333.02556855923325,325.54975981509915,327.09987344230854,22828100
2023-10-31,331.7109680175781,332.5841383863149,328.355711175483,332.4369832511366,20265300
2023-11-01,339.5203857421875,340.84484201785233,333.2218756450316,333.35924041643904,28158800
2023-11-02,341.7277526855469,342.22808013928716,338.244921513789,340.66817584467145,24348100
2023-11-03,346.1229248046875,347.68285894520625,340.7564483684525,343.0129367253001,23637700
2023-11-06,349.7823181152344,350.7732124532955,346.6625099264912,346.76062331620074,23828300
2023-11-07,353.7066955566406,355.6001616596292,350.86158624054224,352.5980768718827,25833900
2023-11-08,356.32611083984375,356.9834136941428,353.72624062685685,354.8348591059033,26767800
2023-11-09,353.8636169433594,357.88602671202375,353.53984572631765,355.4431318616368,24847300
2023-11-10,362.6737060546875,363.09556076737016,354.236462100994,354.64849649105355,28042100
2023-11-13,359.7402648925781,361.49639601773487,358.9750282473155,361.2511274783557,19986500
2023-11-14,363.2623291015625,364.9105564931209,360.39760923672634,363.98834436046604,27683900
2023-11-15,363.4097900390625,366.8111878331865,360.89311508068755,364.99251089097083,26860100
2023-11-16,369.7997131347656,369.97665770103697,363.91113117269197,364.6779209606421,27182300
2023-11-17,363.58673095703125,368.03017560302834,360.7849886688486,367.2830363259732,40157000
2023-11-20,371.0482177734375,372.45399413615905,364.7172740131472,364.9335496074717,52465100
2023-11-21,366.752197265625,369.8488471174716,364.8352078331243,369.30817317536815,28423100
2023-11-22,371.45123291015625,373.358382009187,368.6200000208417,371.5986867063138,23345300
2023-11-24,371.0383605957031,371.56922430315524,368.7871624674301,370.9400480571713,10176600
2023-11-27,372.1983947753906,374.19404643508545,369.82923344697656,370.3993982063347,22179200
2023-11-28,376.21917724609375,376.51408489452496,371.75605149490684,371.94283633917263,20453100
2023-11-29,372.434326171875,377.792014506202,371.0482003824139,377.2611808001932,28963400
2023-11-30,372.4933166503906,373.6533266294802,369.1115692531181,372.0804159794598,30554400
2023-12-01,368.1678161621094,371.7559987121957,365.02199502186244,370.37971321362784,33040500
2023-12-04,362.8887939453125,363.2623336149724,356.7544451480774,362.84946292716745,32063300
2023-12-05,366.2115173339844,366.76203156592914,359.4283719754838,360.2443330697854,23065000
2023-12-06,362.5545349121094,367.84343196383037,361.79758529719794,367.214285660699,21182100
2023-12-07,364.6681213378906,365.15965403682253,360.11652374565716,361.99418225567007,23118900
2023-12-08,367.8926086425781,368.11869450448506,361.9942157102804,362.9477904343663,20154400
2023-12-11,365.01214599609375,365.3070835963392,359.90022426700926,362.23992455873395,27708800
2023-12-12,368.0400390625,368.07937007976545,364.1864093914376,364.56981930802976,24838300
2023-12-13,368.0301818847656,371.2448248811306,364.4911405130115,369.65223376326037,30955500
2023-12-14,359.73309326171875,367.43051168709843,357.9635876470979,366.98812028305656,43277500
2023-12-15,364.4518737792969,366.09357631955413,360.07722042205063,360.6375749421143,78502300
2023-12-18,366.33929443359375,366.68337330414107,362.4365238179664,363.1935033333252,21802900
2023-12-19,366.9389953613281,366.9389953613281,363.5768985428581,365.19895042864266,20603700
2023-12-20,364.3437194824219,369.66210727216645,364.2552471902659,368.649551038678,26316700
2023-12-21,367.2142639160156,368.0695260278655,363.77353495979867,366.25084900799567,17708000
2023-12-22,368.23663330078125,368.8264785553031,366.3983057581292,367.35188041938636,17107500
2023-12-26,368.3152770996094,370.5566649551992,367.1749176642006,368.649515727109,12673100
2023-12-27,367.7352294921875,368.70845450062126,366.4965576627112,367.3616598927727,14905400
2023-12-28,368.9247741699219,370.0847841167637,367.82374574574834,369.01324645392424,14327000
2023-12-29,369.67193603515625,370.77296452657316,367.1552909116957,369.6326050173838,18730800
2024-01-02,364.5894470214844,369.5342646061022,360.55887302589025,367.5288028618132,25258600
2024-01-03,364.3240051269531,366.9389624174864,362.2694022559853,362.76093490456435,23083500
2024-01-04,361.7091064453125,366.7817278006742,360.95215684412767,364.3928859416935,20901500
2024-01-05,361.52227783203125,365.75928703620065,360.29344616027043,362.72161874370073,21004600
2024-01-08,368.3447265625,368.8460994479234,362.7609230571881,363.0459903834981,23134000
2024-01-09,369.4261169433594,369.6227120026067,364.90401056986224,365.7101313148608,20830000
2024-01-10,376.28790283203125,377.66421828465786,369.94714950002793,369.99629076586194,25514200
2024-01-11,378.116455078125,384.063988833949,373.9384270676175,379.4632498955057,27850800
2024-01-12,381.8914794921875,382.0979148596766,378.13616185084385,378.96193332158043,21661200
2024-01-16,383.6609191894531,387.3572546583597,381.0558019045163,386.9935252639614,27202300
2024-01-17,382.8744812011719,383.50362745457204,378.29339285307435,381.4097233605343,22234100
2024-01-18,387.199951171875,387.317914215752,383.51345604684644,385.0863666336801,23392100
2024-01-19,391.918701171875,391.918701171875,386.83623978929575,389.05797722162475,29331100
2024-01-22,389.7952575683594,393.83564181909105,386.9246935015416,393.2457965997971,27016900
2024-01-23,392.1448059082031,392.6166881291798,387.25896937303906,389.0481557100348,20525900
2024-01-24,395.7427673339844,398.7607850247389,393.6685139379053,394.7400515217606,24867000
2024-01-25,398.013671875,400.11744616888006,395.71330250742477,397.4729979213706,21021200
2024-01-26,397.08953857421875,399.2916251310932,395.6149407016626,397.52208968356354,17803300
2024-01-29,402.78155517578125,403.03716177894273,397.48281829193445,399.1835322269837,24510200
2024-01-30,401.67071533203125,406.0551789121295,399.5669708342569,405.27857879420264,33477600
2024-01-31,390.8471374511719,408.28673844568766,390.48340804499526,400.06829591373173,47871100
2024-02-01,396.9421081542969,401.0906449466683,394.99562804766003,395.0251188068164,30657700
2024-02-02,404.2561340332031,405.66191028214797,396.7258498594463,396.9716161967069,28256700
2024-02-05,398.78045654296875,404.197156266753,397.1485644483077,402.9584843152066,25352300
2024-02-06,398.6231994628906,401.0612125775962,396.08690380386986,399.0066093885159,18382600
2024-02-07,407.0382080078125,407.28397435246177,400.5008292402968,400.54016025565755,22340500
2024-02-08,407.0971984863281,408.52265531696276,405.5439683543155,407.0382169623767,21225300
2024-02-09,413.4281311035156,413.693577955035,408.060602560808,408.2178966207668,22032800
2024-02-12,408.2277526855469,413.61493194410616,407.7263797250581,413.43798737008973,21202900
2024-02-13,399.4390869140625,403.12558166924816,396.55871287886254,398.0824520440308,27824900
2024-02-14,403.2998352050781,403.64455035620506,398.4542264131706,401.9013178119368,20401200
2024-02-15,400.4142150878906,402.9453727809169,398.17854046513935,401.9703477784022,21825500
2024-02-16,397.9519348144531,402.11800189970467,397.3413119912312,401.7929735865366,22296500
2024-02-20,396.701171875,398.3754555316585,391.99343067715284,397.1443513475326,24307900
2024-02-21,396.1003723144531,396.20872511051635,391.2153593903598,394.12077725006736,18518900
2024-02-22,405.42724609375,406.5894012936675,402.3938184427991,403.9893247437461,27009900
2024-02-23,404.1369934082031,409.57353818458586,402.7877081506477,409.3864380168882,16295900
2024-02-26,401.37933349609375,405.92948936303003,401.20203166596815,405.24005905629645,16193500
2024-02-27,401.32025146484375,402.1475498168189,397.74512033420825,401.8225215015325,14835800
2024-02-28,401.556640625,403.1127430930959,399.1929265964819,402.00967855020446,13183100
2024-02-29,407.38714599609375,407.93867824413843,399.7838456551883,402.4627294555139,31947300
2024-03-01,409.21905517578125,409.5834572269849,404.6688986492537,405.05298754832427,17823400
2024-03-04,408.6477966308594,411.04105586312363,406.08709401097116,407.1901585103068,17596000
2024-03-05,396.5632629394531,407.9879154671031,394.58366790374333,407.7022908884421,26919200
2024-03-06,396.0117492675781,399.03534841652714,392.3676988449284,396.87845143918287,22344100
2024-03-07,402.9552001953125,403.58550992875143,396.15948083378726,399.98083315410713,18718500
2024-03-08,400.07928466796875,404.21580644025056,398.2178408535662,401.79297194630584,18002200
2024-03-11,398.40496826171875,399.54743645794565,395.19426925023413,397.6564774172096,16120800
2024-03-12,409.0023193359375,409.28794389731524,400.64067006988586,401.4581099515854,22457000
2024-03-13,408.8250732421875,411.85850065118984,405.2302551257752,411.7797232101297,17115900
2024-03-14,418.7920837402344,421.3527863664109,411.6713665638625,413.8873540190868,34157300
2024-03-15,410.1251525878906,416.2117246963819,406.55002108975805,412.9517630950902,45079900
2024-03-18,411.01153564453125,414.3699915467621,407.52504009505543,407.98793648172665,20106000
2024-03-19,415.0396728515625,415.295752126201,409.2682411150174,411.5137738248201,19837900
2024-03-20,418.8019714355469,419.52091706855344,414.3010471653659,415.62078729077075,17860100
2024-03-21,422.87933349609375,424.3074262893576,420.7027498405441,423.3323713938263,21296200
2024-03-22,422.2588806152344,423.36194516542855,419.62925888508494,423.2043902779049,17648500
2024-03-25,416.4677429199219,420.9489800236463,415.2366387798196,418.8117700116772,18060500
2024-03-26,415.2760314941406,419.55042134825453,414.98057853086766,419.17616089060704,16725600
2024-03-27,415.0593566894531,418.0337234540762,412.67595596490696,418.02386500319915,16705000
2024-03-28,414.3600769042969,415.49268661622915,412.7842577129666,414.5964392633085,21871200
2024-04-01,418.1518859863281,421.4217055688743,415.83740435240986,417.5412631842415,16316000
2024-04-02,415.0692138671875,415.9950065592136,411.5236280313696,413.7593022671653,17912000
2024-04-03,414.09417724609375,416.86169679254687,412.75472038791173,413.38506009911544,16502300
2024-04-04,411.56304931640625,422.1899488258563,411.2577378896696,418.5655553413228,19370900
2024-04-05,419.0875244140625,420.06257930400153,411.9963827991793,413.6608379545396,16554800
2024-04-08,418.171630859375,420.820969557038,416.9011228829619,418.7428800514856,14272400
2024-04-09,419.8360900878906,421.2740114208572,415.246529885916,419.9936750369666,12496900
2024-04-10,416.8617248535156,417.6200741918698,413.3555426286193,415.80789248455,16216600
2024-04-11,421.4610900878906,422.8793243997448,415.9752830660833,419.3830008173104,17966400
2024-04-12,415.5222473144531,418.7526632511182,413.42444113170603,417.6397403424306,19253800
2024-04-15,407.38714599609375,420.36790078356154,407.18029886088704,420.15122525352587,20273500
2024-04-16,408.31292724609375,412.0751888679084,407.4758004410801,408.3030988508173,16765600
2024-04-17,405.61431884765625,412.5479054250206,404.1271355046504,410.9425408996239,15855500
2024-04-18,398.1587219238281,405.6635571829759,397.84358214140667,404.42259472836287,21029900
2024-04-19,393.0865783691406,399.3504511566713,391.7569800365575,397.92235849273936,30565800
2024-04-22,394.8988037109375,396.7602475945419,389.76757007965125,394.0321015888098,20286900
2024-04-23,401.408935546875,402.02941689941457,396.9671017838586,398.12925698523895,15734500
2024-04-24,402.8763122558594,406.23476751515864,400.6307798018594,403.3687538471423,15065300
2024-04-25,393.00787353515625,393.84503042188726,382.16429787123263,388.0735981687377,40586500
2024-04-26,400.1777648925781,406.7567777157392,399.62623268322636,405.93933785210214,29694700
2024-04-29,396.16937255859375,400.177855462123,393.1556315696095,399.1240229443633,19582100
2024-04-30,383.44464111328125,396.0807119739039,383.2870862186978,395.4208268707794,28781400
2024-05-01,388.9698181152344,395.6473257764034,384.4098035661703,386.6750231640028,23562500
2024-05-02,391.82598876953125,393.88439136644655,388.6842084752251,391.6487169798458,17709400
2024-05-03,400.5126647949219,400.9952480161036,395.7852067038653,396.1988709336313,17446700
2024-05-06,407.2886657714844,407.67275464571117,400.22703898277103,402.58092459776026,16996600
2024-05-07,403.15216064453125,408.4016059107325,402.9059397986261,408.3917474588945,20018200
2024-05-08,404.333984375,405.9984394987751,400.5618646353196,401.99981584395204,11792300
2024-05-09,406.0871276855469,406.48107503136987,402.91580195884967,404.3635817483474,14689700
2024-05-10,408.4704895019531,409.1008292398404,405.5749302005713,406.69771158758806,13402300
2024-05-13,407.4659118652344,412.02592626132173,404.6097563640546,411.6910695528216,15440200
2024-05-14,410.2629699707031,411.17890419255156,405.3286952009842,405.7915915372278,15109300
2024-05-15,417.4360046386719,418.15627711467357,411.7035137509103,412.32511422725236,22239500
2024-05-16,415.37384033203125,419.7447655066684,414.74239380752215,416.1730322472247,17530100
2024-05-17,414.60430908203125,417.2781788386251,412.4533979292135,416.903243294278,15352200
2024-05-20,419.6658630371094,421.07677928196154,414.3872272445279,414.6042935983872,16272100
2024-05-21,423.3165283203125,427.1940941013643,419.1824213563369,421.13598848639515,21453300
2024-05-22,424.7767333984375,426.6415347292138,421.43197259260825,424.3524769437673,18073700
2024-05-23,421.3037414550781,427.81570226312846,419.7448321943187,427.19410176133954,17211700
2024-05-24,424.42156982421875,425.30955759417924,418.7482761527639,421.49118910602255,11855300
2024-05-28,424.5794677734375,425.07279769134385,420.9090919797955,423.8986700778892,15718000
2024-05-29,423.4447937011719,425.1911706830153,420.0112068053538,420.0112068053538,15517100
2024-05-30,409.1382141113281,418.639722265152,408.7139275324575,418.639722265152,28394500
2024-05-31,409.59210205078125,411.1904861655314,399.11377942255837,411.1904861655314,47995300
2024-06-03,408.00360107421875,410.8747850673111,403.46498951062165,409.9867971574974,17484700
2024-06-04,410.5195007324219,410.8845599967463,404.21473091731406,406.92804504027714,14348900
2024-06-05,418.3536071777344,418.42265047577604,410.7464388812518,412.23630472822083,16988000
2024-06-06,418.8568115234375,419.63628120393724,414.96936946485204,418.35363549566944,14861300
2024-06-07,418.19573974609375,420.5933157045514,417.3570729391347,420.51439617340435,13621700
2024-06-10,422.1621398925781,422.3693300275411,418.2352530096641,419.0344450692757,13982900
2024-06-11,426.907958984375,427.04610581067664,419.57708382911113,419.8040264249776,14551100
2024-06-12,435.17620849609375,437.4849890244905,427.4703971671916,429.51279036516684,22366200
2024-06-13,435.689208984375,437.4750908737884,433.508699318619,434.9689666213265,15960600
2024-06-14,436.6660461425781,437.2284494695541,430.8940801420427,432.4332670607897,13582000
2024-06-17,442.38861083984375,444.9243335295661,434.8406700551031,436.68571890132137,20790000
2024-06-18,440.3857116699219,444.1350368072149,438.95507309068336,443.7107502283828,17112500
2024-06-20,439.7542724609375,440.57318682315986,435.38334678666155,440.3462442358131,19877400
2024-06-21,443.7798156738281,444.56913141990066,440.553449170913,441.4118383251449,34187100
2024-06-24,441.697998046875,446.71021649298933,440.45479708566984,443.7995580906483,15913700
2024-06-25,444.9342346191406,445.3979659147229,440.7902515475345,442.27024120018433,16413400
2024-06-26,446.1280517578125,447.54884412889345,442.21101156026344,443.01020350518843,16507000
2024-06-27,446.808837890625,450.0845552238019,445.7432285844284,446.1477626626638,14806300
2024-06-28,440.9875793457031,449.305113661538,440.45477465939115,447.02593208902044,28362300
2024-07-01,450.6371154785156,451.2685620568994,439.71478489170136,442.6747641221356,17662800
2024-07-02,453.1531066894531,453.4589688152071,447.06540254269134,447.1542284209129,13979800
2024-07-03,454.62322998046875,454.86989493305913,451.7717987859675,452.07766091834213,9932800
2024-07-05,461.3226623535156,462.10213204110306,452.84725812540677,453.4787047518369,16000300
2024-07-08,460.020263671875,461.4608086849496,458.26401040115894,460.3261258064599,12962300
2024-07-09,453.4096984863281,461.09575742116795,451.89023381070535,460.7701729030555,17207200
2024-07-10,460.0301513671875,460.2373415030919,452.7387206812327,455.06725356597207,18196100
2024-07-11,448.63421630859375,458.57973369334036,445.5262138972975,456.8037581244286,23111200
2024-07-12,447.49957275390625,450.2720845844748,444.6382651481434,448.2691662493938,16324300
2024-07-15,447.9040832519531,451.1600787227488,445.40783511291056,447.25288415779397,14429400
2024-07-16,443.52325439453125,448.23948652304546,440.7014221253391,448.16056699620316,17175700
2024-07-17,437.60333251953125,438.9156068819966,433.3212327097638,436.68574615539535,21778000
2024-07-18,434.495361328125,438.71826397070777,428.6050012530057,438.4124018485707,20794800
2024-07-19,431.2788391113281,435.2551069043024,426.23702212212055,427.3223538949878,20940400
2024-07-22,437.03106689453125,438.6689256733767,433.05482935357276,435.89641421757136,15808800
2024-07-23,438.9156188964844,442.40840302613475,437.1889642431626,437.9782800404941,13107100
2024-07-24,423.17840576171875,435.5906035987281,421.88588376058476,434.5743451525585,26805800
2024-07-25,412.8184814453125,424.0663978828946,411.94036982301,423.0797380180107,29943800
2024-07-26,419.5968017578125,423.19813411147953,411.7035233681291,412.6211398648851,23583800
2024-07-29,421.037353515625,426.3850328487882,419.0344352964457,425.8226295279651,15125800
2024-07-30,417.2781677246094,423.32636688783225,411.7923116419938,422.0141226280364,32687600
2024-07-31,412.76910400390625,416.1533396507724,406.7109988096176,414.8904164009859,42891400
2024-08-01,411.545654296875,421.7575892383458,407.57929274476925,415.1765852410534,30296400
2024-08-02,403.04058837890625,409.46375229727914,398.945956878026,406.98722695526556,29437900
2024-08-05,389.8785705566406,395.6900105848848,380.43623009500715,383.97836487999916,40709200
2024-08-06,394.2790832519531,400.25826896287094,393.18390539634436,394.66389500260414,24946500
2024-08-07,393.1148376464844,404.6094177317887,392.16765271577526,403.18865539095805,20650900
2024-08-08,397.3180236816406,400.4457182788044,394.6047093244423,397.07135874007713,20203000
2024-08-09,400.60357666015625,402.6064947272633,396.89375651412195,398.64013341356633,19276700
2024-08-12,401.3830261230469,403.3070245629386,398.84730349296393,401.6296910455733,16762900
2024-08-13,408.4870300292969,409.41449264240543,404.10625814496586,404.1259805010332,19414300
2024-08-14,411.2989807128906,412.14752377963794,406.9478375879701,409.26646397851016,18267000
2024-08-15,416.162109375,416.2411711538097,412.8310776655769,414.94631960204117,20752100
2024-08-16,413.6316833496094,416.46849580465874,412.4751975268654,415.7370612802868,22775600
2024-08-19,416.6562805175781,416.8737380902134,411.6448924787119,414.115987547415,15234000
2024-08-20,419.8885192871094,420.93626132598814,416.7650812391523,416.82438511571235,16387600
2024-08-21,419.2361755371094,421.4700252660244,416.8441419181339,419.1768414959673,16067300
2024-08-22,410.7454528808594,421.8555179747642,409.8163186254232,419.45359039351575,19361900
2024-08-23,411.97113037109375,414.41257372157986,407.32545916499066,412.15893602611095,18493800
2024-08-26,408.7092590332031,412.4554478665689,406.58412315782203,411.55596557862424,13152800
2024-08-27,409.0552062988281,409.5691832347041,405.5067172557128,408.0865261332207,13492900
2024-08-28,405.85272216796875,410.2018441208808,402.6007521142328,410.08323636580656,14882700
2024-08-29,408.34356689453125,417.17031240351145,405.85271359636084,410.14253158113485,17045200
2024-08-30,412.31707763671875,412.663006834999,407.36499317358016,410.7948745382869,24308300
2024-09-03,404.70611572265625,415.02541234976394,402.32397617802485,413.0781880012741,20313600
2024-09-04,404.17236328125,406.4853049884444,399.6947395600007,401.2169427939581,15135800
2024-09-05,403.6682434082031,408.3237783354607,401.4343636867301,402.9071267784607,14195500
2024-09-06,397.05560302734375,405.9021060614487,396.165984591682,404.33049307771034,19609500
2024-09-09,401.0291442871094,403.9252609488484,397.50041270369564,402.5315594789773,15295100
2024-09-10,409.41107177734375,411.51641958523567,402.9862241478787,403.48044319629906,19594300
2024-09-11,418.1488342285156,419.087832261703,404.8444365761154,410.6960030081859,19266900
2024-09-12,422.0630798339844,422.42879711427406,414.89690341994134,418.415740735589,17395700
2024-09-13,425.611572265625,426.83722589839596,420.5408798146308,420.9065970976519,15874600
2024-09-16,426.3528747558594,428.51755654874484,423.26895279469,425.62144023461013,13834700
2024-09-17,430.11883544921875,436.7413828200211,427.2721288798558,435.14011791593873,18874200
2024-09-18,425.8290100097656,430.9886580324637,425.43364080776206,429.9705680090547,18898000
2024-09-19,433.617919921875,436.39542861722236,431.8486072464737,436.12856118496126,21706600
2024-09-20,430.2374572753906,434.1615578880838,429.1996092968504,432.1649237095232,55167100
2024-09-23,428.4978332519531,431.41370770372646,425.4139110417271,429.2589197702658,15128900
2024-09-24,424.2080078125,428.33967197864655,421.1734954974966,427.9937125983331,17015800
2024-09-25,427.1139831542969,428.1123153119531,423.61493391499886,424.8603454388432,13396400
2024-09-26,426.3232421875,430.2671006249204,424.1684543301705,430.0595370663028,14492000
2024-09-27,423.0713195800781,426.8570548863857,422.52769062045775,426.53085337882084,14896100
2024-09-30,425.3249816894531,425.44361962195876,420.4519881871511,423.25914929493297,16807300
2024-10-01,415.8260498046875,423.52599147760804,413.9677812470877,423.49633953955015,19092900
2024-10-02,412.3072204589844,417.9314360837514,411.89206315330637,417.6941904099043,16582300
2024-10-03,411.7240295410156,414.699207817815,409.50004373541833,412.80142348929195,13686400
2024-10-04,411.24957275390625,414.8969119270876,410.172178794162,413.40436067339476,19169700
2024-10-07,404.8049621582031,412.287415913181,404.2711971193028,411.190264062665,20919800
2024-10-08,409.9151611328125,410.8541894054543,403.45079759655545,406.1492143378804,19229300
2024-10-09,412.6333923339844,415.51964507918063,409.50992407936405,411.051885220099,14974300
2024-10-10,411.0321350097656,412.5246863355552,408.37323385448985,410.4292021904471,13848400
2024-10-11,411.506591796875,412.30722431233596,408.4720793339732,411.32868016338136,14144900
2024-10-14,414.2939758300781,419.137316675548,412.692680707405,412.9397902420181,16653100
2024-10-15,413.8985900878906,417.5953693595967,410.4588445581101,417.29881980944174,18900200
2024-10-16,411.30889892578125,411.5461144410461,405.7341231638779,410.369900734698,15508900
2024-10-17,411.9019775390625,417.615149262022,410.7850375205949,417.4767534317117,14820000
2024-10-18,413.3253173828125,414.79808063402476,411.44729085370335,412.3171212877513,17145300
2024-10-21,413.9381103515625,414.1160219717621,408.9662678666254,411.30886136013186,14206100
2024-10-22,422.5672302246094,425.6017126142665,413.20671913798,413.65149823512496,25482200
2024-10-23,419.6908264160156,426.09588604624633,417.64475229425324,425.87842845603865,19654400
2024-10-24,419.8193054199219,421.05485298708396,417.51622786247975,420.41234412037124,13581600
2024-10-25,423.1997985839844,427.51926858228103,421.638079540004,421.82588520642906,16899100
2024-10-28,421.6578063964844,426.94595627618617,421.37115090072086,426.66919481416045,14882400
2024-10-29,426.9559020996094,428.1617979371543,420.8769829019358,423.0515590564399,17644100
2024-10-30,427.5291748046875,433.43015208412135,427.10415361686785,432.38241000195467,29749100
2024-10-31,401.65185546875,411.3484314804884,401.60241546152275,410.55766284750285,53971000
2024-11-01,405.6253662109375,410.69605883957496,402.78855349489004,404.2811047814158,24230400
2024-11-04,403.7373962402344,405.67475653100576,400.88082597000493,405.06189960347484,19672300
2024-11-05,406.7027282714844,410.1029577159873,403.36180269923256,403.64845819160416,17626000
2024-11-06,415.32196044921875,415.58885807174516,405.7736437068039,407.65170044035887,26681800
2024-11-07,420.51123046875,421.91482589939426,415.0254108601489,416.40921822256973,19901800
2024-11-08,417.6546630859375,421.568869701991,416.90344044148964,420.40251992805025,16891400
2024-11-11,413.17706298828125,419.8984307044044,411.19029254705583,417.6348987728619,24503300
2024-11-12,418.13897705078125,419.5326784209289,412.37639607879026,413.41424403977334,19401200
2024-11-13,420.2839050292969,424.366129168666,413.3747019871383,416.7650676989441,21502200
2024-11-14,421.9543762207031,423.21957584577814,415.14402288993426,420.086213638624,30246900
2024-11-15,410.2017517089844,417.9115556993084,408.8574905679976,414.96602989607993,28247600
2024-11-18,410.95306396484375,413.56252505276035,407.33537663624696,410.0733395128572,24727000
2024-11-19,412.9595642089844,413.10782389174204,406.79168992363145,408.3336509537854,18133500
2024-11-20,410.6861572265625,412.46536399512735,405.8329222910528,412.05020669970736,19191700
2024-11-21,408.9132995605469,415.7570819396626,406.3580380143849,415.47976649879917,20780200
2024-11-22,413.0037841796875,413.3999448341163,407.1207062748017,407.4277330488681,24814600
2024-11-25,414.7765808105469,417.0446130867062,410.8743369468268,414.3705063731925,27691100
2024-11-26,423.888427734375,424.92838338966095,414.83603494213827,415.5689336176803,23458900
2024-11-27,418.9363098144531,423.1356967701012,417.97560449920036,421.03598817971914,18332400
2024-11-29,419.4018249511719,420.808229889217,413.7960631011275,416.06412568619913,16271900
2024-12-02,426.8497619628906,428.85039263641124,417.27242003383,417.5299380247713,20207200
2024-12-03,427.06768798828125,428.3255063010946,423.64082448545395,425.7207055754366,18302000
2024-12-04,433.2280578613281,435.4564952904926,428.483953715763,428.8801143248133,26009400
2024-12-05,438.378173828125,440.3986320775989,431.99000513841474,433.72323412188194,21697800
2024-12-06,439.319091796875,441.8248445475462,437.5363238090719,438.06124339003895,18821000
2024-12-09,441.7456359863281,444.03349609525384,436.2785468030062,438.35842787251636,19144400
2024-12-10,439.0813903808594,445.31111943385133,437.3679889585384,440.13125981361975,18469500
2024-12-11,444.68719482421875,446.0341772846715,439.7945337941877,439.7945337941877,19200200
2024-12-12,445.2516784667969,451.78843398650577,444.8059789125675,444.8059789125675,20834800
2024-12-13,442.9836120605469,447.10374865296643,441.3098056253416,444.14241275611795,20177800
2024-12-16,447.26226806640625,447.8466102847365,441.0127411892908,442.9836607244317,23598800
2024-12-17,450.104736328125,450.92679906279125,445.26161469090005,446.6878170659997,22733500
2024-12-18,433.1983642578125,448.31210217470453,432.83188469873346,446.994861295181,24444500
2024-12-19,432.8417663574219,438.93282241461935,432.13857903304347,437.38777493352876,22963700
2024-12-20,432.4158935546875,439.48745236080407,424.5222720446017,428.95931906801104,64263700
2024-12-23,431.078857421875,433.4558513948008,428.6820357713906,432.5545685943141,19152500
2024-12-24,435.1197204589844,435.3871522905164,430.02899474815183,430.484577930417,7164500
2024-12-26,433.91143798828125,436.71433412405435,432.4456406431818,434.8721433787049,8194200
2024-12-27,426.404052734375,431.0491089535002,422.2641186475361,430.43505550450976,18117700
2024-12-30,420.7586669921875,423.45260132830686,417.8567536350218,421.97689027997586,13158700
2024-12-31,417.4606018066406,422.64049156656444,416.6286554798762,422.016524265212,13246500
2025-01-02,414.5685729980469,421.98681399014663,410.87433837182135,421.4519805555425,16896500
2025-01-03,419.2928771972656,419.96635323692743,415.51939233739597,417.0446121521978,16662900
2025-01-06,423.749755859375,430.1577525838614,421.4024733118246,423.8983123069827,20573600
2025-01-07,418.322265625,426.52291408196885,416.76730426764124,424.8887326935554,18139100
2025-01-08,420.4913024902344,422.87821031177674,417.5002550030301,419.4018380991605,15054600
2025-01-10,414.93505859375,420.63983782074297,411.042698272716,420.56061778951556,20201100
2025-01-13,413.1919250488281,414.48936844362913,408.3388895039501,411.2606004893305,17604800
2025-01-14,411.6865234375,415.71749643981025,406.78394867710017,413.805999460752,16935900
2025-01-15,422.2245178222656,424.04688082339095,414.2615595275802,415.11333355996726,19637800
2025-01-16,420.51104736328125,425.3739962723433,420.32289602505284,424.59158895645874,15300000
2025-01-17,424.91845703125,430.31623990051855,424.06671321451194,429.9299628963343,26197500
2025-01-21,424.3935546875,426.770548715405,421.52135231106814,426.07727516253885,26085700
2025-01-22,441.9239196777344,442.98364251820686,431.82165779523024,433.366705345479,27803800
2025-01-23,442.4290466308594,442.4686717628812,437.2689839581691,437.7641923205226,18389300
2025-01-24,439.8044128417969,442.3695883246394,437.169900939795,440.89387719602587,15549500
2025-01-27,430.3954772949219,431.02935848885954,419.4414710475572,419.94659323490635,35647800
2025-01-28,442.9143371582031,444.08302154903276,427.24593852989443,430.43508134605355,23491700
2025-01-29,438.09100341796875,442.5974175154718,436.17950645057016,442.40923592540474,23581400
2025-01-30,411.01300048828125,418.8075747745586,409.20055129765046,414.75677425796516,54586300
2025-01-31,411.08233642578125,416.6583870568431,410.933779971825,414.964783031506,34161900
2025-02-03,406.9820251464844,411.42898625512174,404.7436738342851,407.6555012178145,25679100
2025-02-04,408.4181213378906,409.9532853263689,405.81332063447735,408.73506192939664,20532100
2025-02-05,409.3293151855469,409.8641184268012,406.4669964929513,408.39832109505767,16316700
2025-02-06,411.8350524902344,414.19224891795665,410.0324869601977,410.0324869601977,16309800
2025-02-07,405.8232116699219,414.63791357819275,404.1890302854019,412.48872643025265,22886800
2025-02-10,408.2695617675781,411.47850211303046,406.9820321839411,409.74527293691693,20817900
2025-02-11,407.49700927734375,408.53693461973535,405.37750324031913,405.71427148321067,18140600
2025-02-12,405.1200256347656,406.813629604169,400.4947666868975,403.30754628100544,19121700
2025-02-13,406.60565185546875,407.0612350423618,402.46568736983716,403.0995685212682,23891700
2025-02-14,404.515869140625,404.99128001840967,401.99031874797896,403.8820181953633,22758500
2025-02-18,405.7142639160156,406.6650553734785,402.6043413346739,404.08996621044764,21423100
2025-02-19,410.79510498046875,411.5082061808428,403.7433432351679,403.97114994678657,24114200
2025-02-20,412.9684753417969,416.1243081620841,409.4057538443196,412.1348608394034,23508700
2025-02-21,405.108642578125,414.8738801834256,404.79109677447474,414.16928284227896,27524800
2025-02-24,400.9306335449219,406.25983043716724,396.2861968407472,405.4063787741937,26443700
2025-02-25,394.876953125,398.8664306026397,393.6860882830661,398.05265327493277,29387400
2025-02-26,396.6930847167969,400.53367776380867,391.25470780563023,394.9861511086002,19619000
2025-02-27,389.5477600097656,402.657388820498,389.1905096396701,398.22134834414993,21127400
2025-02-28,393.9739074707031,394.60905968634097,383.63308910279267,389.67681744038765,32845700
2025-03-03,385.5384521484375,395.7899873220531,383.2261675615013,395.7899873220531,23007700
2025-03-04,385.6575012207031,389.5973401551927,378.1053331199409,380.4870929407179,29342900
2025-03-05,397.9732666015625,398.61835249883035,385.85603973587394,386.3820118850688,23433100
2025-03-06,393.87469482421875,399.09471206990673,389.69665794124984,391.28450820827493,23304600
2025-03-07,390.32183837890625,391.80050846371955,382.61088158953936,389.33936956128906,22034100
2025-03-10,377.2717590332031,383.4643412864511,374.3540930979484,382.90859827837613,32840100
2025-03-11,377.5595397949219,383.0673615053873,374.04642649696916,376.1205440687611,30380200
2025-03-12,380.3581237792969,382.2933209136247,376.0709676751301,380.0405779726452,24253600
2025-03-13,375.89227294921875,382.3925273041687,374.58232470495466,380.24893433302753,20473000
2025-03-14,385.6079406738281,387.2652662935844,376.6267095180303,376.8946473094157,19952800
2025-03-17,385.7469177246094,389.7264317109631,382.6406926201841,383.76211244747884,22474300
2025-03-18,380.606201171875,384.42695690697013,378.20460404859546,384.1292482671326,19486900
2025-03-19,384.8735656738281,386.719419886704,381.0825806498319,382.60095534567967,19185500
2025-03-20,383.9010314941406,388.81343664918575,380.3680805381929,382.80938253905003,18470500
2025-03-21,388.2874450683594,388.76377892625936,379.8916973941909,380.3085198055768,39675900
2025-03-24,390.09356689453125,392.39594799568545,386.8484215764684,392.39594799568545,21004500
2025-03-25,392.1578063964844,393.34867131877104,389.65696280253144,390.9272368910712,15775000
2025-03-26,387.0072326660156,392.30665877239477,385.61787512073846,391.99901639757354,16108400
2025-03-27,387.612548828125,389.2599405856522,384.4567161979595,387.1659858818112,13766800
2025-03-28,375.922119140625,386.17365567788414,374.0663309941376,385.1316147033396,21632000
2025-03-31,372.5379943847656,374.20522334023684,364.449889664545,369.7096411618319,35184700
2025-04-01,379.2863464355469,379.9413357760227,370.3944277527412,371.80362246362756,19689500
2025-04-02,379.2367248535156,382.1543604865691,373.7586433966847,375.0983928958324,16092600
2025-04-03,370.2752990722656,374.61212363444304,366.54388609690864,371.9425583652147,30198000
2025-04-04,357.10614013671875,371.74407816646067,356.74888974568233,361.363555677575,49209900
2025-04-07,355.14117431640625,368.1813588125757,342.17049555544185,348.2142236601539,50425000
2025-04-08,351.8662414550781,370.8112022714622,347.5889889390993,365.46216834014683,35868900
2025-04-09,387.5232849121094,390.2424886537646,350.4173671278774,350.854026698487,50199700
2025-04-10,378.45269775390625,380.983312003396,365.00562576710445,379.1572950457799,38024400
2025-04-11,385.498779296875,387.0865991344375,376.0114134245454,377.7481178718862,23839200
2025-04-14,384.8636169433594,391.6516465120973,381.2909618319917,390.23251818413166,19251200
2025-04-15,382.7994384765625,388.9126416904877,381.24135923720473,385.5583162962043,17199900
2025-04-16,368.7867126464844,378.71073856569086,365.2041538267982,377.7779079921512,21967800
2025-04-17,364.98583984375,371.47616155585064,364.10261724728616,370.9104847853966,21120200
2025-04-21,356.3916320800781,361.7109259917268,352.9678611353571,360.06353397111536,20807300
2025-04-22,364.0330810546875,364.97584522908403,357.1259380626888,360.6192141374614,19485000
2025-04-23,371.5456237792969,377.50003937654276,370.18600677791767,373.20291916052497,20545500
2025-04-24,384.35748291015625,385.49877003384853,372.33950296048084,372.8456379358323,22232300
2025-04-25,388.87298583984375,389.18062823957763,381.67806660180736,384.05982691311567,18973200
2025-04-28,388.1882019042969,389.7561846754867,383.7025530868883,388.9821118643913,16579400
2025-04-29,391.04632568359375,392.0982700078575,387.41412856396244,388.32712198825146,14974000
2025-04-30,392.25701904296875,393.6463764759126,381.51921680100196,387.33468087236696,36461100
2025-05-01,422.1680603027344,433.6700028111626,421.67185900235836,427.8346706730253,58938100
2025-05-02,431.9729919433594,436.1013902925972,426.7231738378541,428.4598783453456,30757400
2025-05-05,432.85626220703125,436.1609495915282,428.8270797245025,429.58131540385136,20136100
2025-05-06,430.0179138183594,434.40434608152555,427.89418827142663,428.91636160877,15104200
2025-05-07,430.0576477050781,434.79139692835327,427.83464541633373,430.54391525930873,23295300
2025-05-08,434.8410339355469,440.29924790125443,432.3500938706748,434.60283673184324,23491300
2025-05-09,435.3967590332031,437.3914674607305,432.5684058555715,436.6570993033328,15324200
2025-05-12,445.8467712402344,445.9559209816134,436.43878433354007,442.551987565255,22821900
2025-05-13,445.72772216796875,447.24609694771215,441.9764112331301,444.37803887168343,23618800
2025-05-14,449.498779296875,450.45147719255016,444.7352595327789,444.7352595327789,19902800
2025-05-15,450.512939453125,453.55526390744575,447.82852124457236,448.16655392379437,21992300
2025-05-16,451.6463317871094,451.73580834700897,446.1383501578063,449.43915228561843,23849800
2025-05-19,456.2197570800781,456.9355998797858,448.1963586877965,448.27591363294266,21336500
2025-05-20,455.5238342285156,455.69283539558984,451.69606398891386,452.9587181303489,15441800
2025-05-21,449.9561767578125,455.1360777634671,449.20055644956204,451.94462570262056,19216900
2025-05-22,452.23291015625,457.5917944035942,451.27846319798533,452.32241705541014,18025600
2025-05-23,447.5799560546875,451.06969358680703,446.3173019248347,447.3811293692874,16883500
2025-05-27,458.0292663574219,458.2877744248074,453.48565331857327,453.8435898996704,20974300
2025-05-28,454.7184753417969,459.84867709346275,454.2909661144885,458.55619745791415,17086300
2025-05-29,456.0308837890625,459.05333474747385,452.68035209769624,458.884303233251,13974800
2025-05-30,457.7011413574219,459.0135248792732,452.90900269221845,457.0648535034259,34770500
2025-06-02,459.3018493652344,459.44102500437896,454.25120274050374,454.4997588416313,16626500
2025-06-03,460.2961120605469,461.4593680607732,458.1982826150306,458.8047753297213,15743800
2025-06-04,461.19091796875,463.00041385639463,460.3458210681402,461.3201720094852,14162700
2025-06-05,464.9788818359375,466.93750520910584,461.3499686746429,462.2745901279283,20131700
2025-06-06,467.6632995605469,470.6061954238558,466.0725343793748,467.37496597576217,15285600
2025-06-09,470.0196228027344,470.69568816704816,465.9134708467471,466.98725027602023,16469900
2025-06-10,468.2001647949219,470.06928116822303,464.26301435042564,468.46859445832456,15375900
2025-06-11,469.890380859375,472.72392676786,466.94748481913814,467.3053910772251,16399200
2025-06-12,476.104248046875,477.6453141185156,470.7851412769109,472.2764779222473,18950600
2025-06-13,472.21685791015625,476.412486495024,470.02958222474376,473.65849556523114,16814500
2025-06-16,476.3727111816406,477.91374692205306,472.25660744971805,472.4653860858625,15626100
2025-06-17,475.279052734375,475.97499162724574,471.3419021646973,472.65428568792316,15414100
2025-06-18,477.4663391113281,478.2219594008936,471.71972301658775,475.2392860574369,17526500
2025-06-20,474.64276123046875,480.667759158903,474.1158234691147,479.44488246554124,37576200
2025-06-23,483.19305419921875,484.9329468840925,469.78097686904323,475.4480376949825,24864000
2025-06-24,487.279296875,489.0092679302753,483.9884166007436,486.1260232932434,22305600
2025-06-25,489.4268493652344,491.70363180611855,486.5635084927723,489.1981971647186,17495100
2025-06-26,494.57696533203125,495.1635541172166,489.9637493151316,490.13278082199906,21578900
2025-06-27,493.0756530761719,496.41623250794254,490.18245642116284,494.6763398018984,34539200
2025-06-30,494.53717041015625,497.86782827206525,492.4691666337086,494.16931223084276,28369000
2025-07-01,489.2081298828125,495.17347659984546,488.14433277768,493.602615314542,19945400
2025-07-02,488.253662109375,490.6497465796282,485.87748154577724,487.16000918956547,16319600
2025-07-03,495.95892333984375,497.2414813819725,490.59011735274714,490.95797554637323,13984800
2025-07-07,494.8454284667969,495.869478507003,492.36981912542933,494.50739577153047,13981600
2025-07-08,493.75177001953125,495.32266173239384,491.2562567966873,494.3681843595188,11846600
2025-07-09,500.60198974609375,503.8530929514779,496.85374394735805,497.4105072423231,18659500
2025-07-10,498.58367919921875,501.52657502305914,494.87521114411277,500.14458849842043,16492100
2025-07-11,500.4130859375,502.1132013481938,494.92494724269005,495.5910910122862,16459500
2025-07-14,500.1147766113281,501.05930198422453,498.1362796464767,498.6234399223271,12058800
2025-07-15,502.89862060546875,505.36427783294863,499.88612172349406,500.11477392946824,14927200
2025-07-16,502.69976806640625,503.793421043838,498.99133023831314,502.2623068754336,15154400
2025-07-17,508.7446594238281,510.40499725185873,502.6997578215743,502.75940886082554,17503100
2025-07-18,507.1041564941406,511.66767331118785,504.4992933518648,511.5085634207008,21209700
2025-07-21,507.1141357421875,509.1324405638626,502.6301736290422,503.7834776665751,14066800
2025-07-22,502.35174560546875,508.2475192857543,502.35174560546875,508.01883675363734,13868600
2025-07-23,502.94830322265625,503.8630030405687,497.80817995491657,503.8232255681408,16396600
2025-07-24,507.9294128417969,510.703277326071,504.37007217269974,505.83158338819493,16107000
2025-07-25,510.7430419921875,515.2965460849812,507.4123538189797,509.5101527540243,19125700
2025-07-28,509.5400390625,512.0256002286585,507.17377997770546,511.110930710653,14308000
2025-07-29,509.609619140625,514.6304403339567,508.6054427654301,512.5525452747698,16469200
2025-07-30,510.2757873535156,512.9701576717969,506.4977462813353,512.194633411811,26380400
2025-07-31,530.4187622070312,552.2420017670738,528.8280273057109,552.0232408256204,51617300
2025-08-01,521.0829467773438,532.7054326872741,517.8517174087783,531.9100652869249,28977600
2025-08-04,532.54638671875,535.141297909759,525.0797515616827,525.218957545317,25349000
2025-08-05,524.7019653320312,534.196796907337,524.1949011418618,534.0774948252555,19171600
2025-08-06,521.908203125,528.6291703469228,521.0034855448089,527.8338028961505,21355700
2025-08-07,517.8319091796875,525.0400367197672,514.5608717763297,523.757448292983,16079100
2025-08-08,519.02490234375,521.6297655095517,516.4100872243725,519.5816656001966,15531000
2025-08-11,518.7564697265625,524.542862850504,516.7182612189127,519.2833770884752,20194400
2025-08-12,526.183349609375,527.9132904806338,519.6811434112465,520.7250669698358,18667000
2025-08-13,517.5734252929688,529.6234217995657,516.3703917601634,529.0368026236954,19619200
2025-08-14,519.46240234375,522.9123929469488,517.13595097363,519.5419572956574,20269100
2025-08-15,517.1657104492188,523.0614541020369,516.0820397908819,519.7507304052322,25213300
2025-08-18,514.1134643554688,519.8004600468895,511.05129658888984,518.5775833311014,23760600
2025-08-19,506.8257751464844,512.1846290296555,505.61282013208876,512.0255798217245,21481000
2025-08-20,502.7991943359375,508.0486982628479,501.52658824278717,506.925219770199,27723000
2025-08-21,502.15185546875,505.5278315490841,500.6381609615915,501.6041452591809,18443300
2025-08-22,505.1295166015625,508.6150227226763,500.32946944945456,502.1618461633245,24324200
2025-08-25,502.17181396484375,506.0855321115255,502.0323791323648,504.5319946732823,21638600
2025-08-26,499.96099853515625,502.88882606141556,496.4456179190968,502.2713680297872,30835700
2025-08-27,504.64154052734375,505.18928116929357,497.82986914621193,499.92117896114246,17277900
2025-08-28,507.529541015625,508.9735181763212,503.406670609209,504.99008260275673,18015600
2025-08-29,504.59173583984375,507.4896888132377,502.40083415821226,506.5535790393771,20961600
2025-09-02,503.0282287597656,503.90458943006223,494.75264396148896,498.3974910813857,18128000
2025-09-03,503.2572937011719,505.68719181229375,500.2398424947412,501.70375627159575,16345100
2025-09-04,505.866455078125,506.04570238922344,501.0664078062513,502.2116394820944,15509500
2025-09-05,492.9501647949219,509.8498918622262,490.3310509759443,506.9619070760115,31994800
2025-09-08,496.13690185546875,499.1244784694731,492.9800158612091,496.04724781279185,16771000
2025-09-09,496.34600830078125,500.17010260105087,495.6389570336189,499.3534910580183,14410500
2025-09-10,498.29791259765625,501.1460848531792,494.6630336933239,500.8971201283455,21611800
2025-09-11,498.9352722167969,501.08633106619584,495.8182290284252,500.17012751524385,18881600
2025-09-12,507.7884521484375,510.42747218178897,501.7635178992086,504.55191069082485,23624900
2025-09-15,513.225830078125,513.3353599697668,504.9004642300766,506.68306017742736,17143800
2025-09-16,506.9320068359375,515.0880630075219,506.4938265025834,514.7395367165727,19711900
2025-09-17,507.9079284667969,509.1726886784055,503.8348693472275,508.5054498653079,15816600
2025-09-18,506.3444519042969,510.9453149965379,505.55771489166153,509.37184097126715,18913700
2025-09-19,515.7852172851562,517.1495391803752,508.19677696926453,508.44574170609144,52474100
2025-09-22,512.3196411132812,515.5959951267806,510.41751650985566,513.4549348866175,20009300
2025-09-23,507.1212463378906,512.4590659268906,505.2091838485409,511.67229848312854,19799600
2025-09-24,508.0373840332031,510.35772177145367,504.82077941210207,508.26644250853604,13533700
2025-09-25,504.9303283691406,507.89799878212006,502.94857891661616,506.1950582100621,15786500
2025-09-26,509.3419494628906,511.8116903059077,504.52199636524745,507.9477531769938,16213100
2025-09-29,512.4689331054688,514.7096154882738,506.77264973451184,509.3817950243417,17617800
2025-09-30,515.8051147460938,516.0142062084105,507.54943619028296,511.11459757878936,19728200
2025-10-01,517.5578002929688,518.3544751787417,509.5709932440202,512.6680995330014,22632300
2025-10-02,513.6041870117188,519.4399047558908,508.56514411884206,515.4963429681408,21222900
2025-10-03,515.20751953125,518.3345307125708,512.8672756929882,514.9585548343116,15112300
2025-10-06,526.3811645507812,528.8309994124726,516.0541122577388,516.4623876768178,21388600
2025-10-07,521.8101196289062,527.6060256392368,519.2806599401652,526.1022689962125,14615200
2025-10-08,522.676513671875,524.7678538085896,520.923853084141,521.1130687043808,13363400
2025-10-09,520.2366943359375,522.158694647609,515.2574000210162,520.1769452354545,18343600
2025-10-10,508.84405517578125,521.4118200258811,507.5195762105422,517.4881335274953,24133800
2025-10-13,511.9212646484375,514.2714771071726,509.56108387533754,514.2714771071726,14284200
2025-10-14,511.4432067871094,513.146147202046,503.9045484424133,508.1170420708167,14684300
2025-10-15,511.3038330078125,515.0482722356254,507.88804423946306,512.8275263160849,14694700
2025-10-16,509.4913330078125,514.7096236704256,506.02576365101777,510.4573477017149,15559600
2025-10-17,511.4532165527344,513.3453119402852,505.20916197429216,506.9320087638593,19867800
2025-10-20,514.6498413085938,516.5519656323323,511.30377036778043,512.4788764440519,14665600
2025-10-21,515.5162963867188,516.5420602391357,510.91543308707116,515.3569857054445,15586200
2025-10-22,518.3843383789062,523.0549187669818,515.566101626736,518.9918584655633,18962700
2025-10-23,518.404296875,521.7802730707533,516.4623598997719,520.2964530626382,14023500
2025-10-24,521.441650390625,523.1744351060786,518.5536961256696,520.6250388201142,15532400
2025-10-27,529.3189697265625,532.3662956890146,526.819354031342,529.577902779321,18734700
2025-10-28,539.8251953125,551.4269140414981,538.5305910090683,547.722348424072,29986700
2025-10-29,539.3073120117188,544.0077970763692,534.5072653816836,542.6832878753321,36023000
2025-10-30,523.582763671875,532.7545848667123,519.9578228356851,528.2831883129468,41023100
2025-10-31,515.6656494140625,527.1279940743384,512.9668501497666,526.6898137654194,34006400
2025-11-03,514.888916015625,522.7860691817526,512.4590180581705,517.657371934483,22374700
2025-11-04,512.2001342773438,513.4150529816625,505.73698923396887,509.6407695643784,20958700
2025-11-05,505.0597839355469,512.6980347767452,504.4821687767013,511.17434154282535,23024300
2025-11-06,495.04144287109375,503.6058351018555,493.75677643867937,503.5659922381216,27406500
2025-11-07,494.7626037597656,497.31199999791255,491.2073803526309,494.89207027354036,24019800
2025-11-10,503.90460205078125,504.7510881917551,496.73440583349895,497.96929153220975,26101500
2025-11-11,506.573486328125,507.48968986721945,500.26971300797675,502.70954902224156,17980000
2025-11-12,509.0233154296875,509.5511194130969,497.05307240824305,507.2506574723947,26574900
2025-11-13,501.205810546875,511.3735209246628,499.2140928412288,508.1967287528611,25273100
2025-11-14,508.0672912597656,509.48142428367663,495.3800584752997,496.16679552350377,28505700
2025-11-17,505.388427734375,509.9992593431845,502.8191251226507,506.34447416817187,19092800
2025-11-18,491.74517822265625,500.89712400975867,484.76419755903834,493.31862192366924,33815100
2025-11-19,485.102783203125,493.13937183157236,480.8305400064438,488.070453670226,23245300
2025-11-20,477.3404846191406,492.4460215630244,474.41716428973194,491.5879641710541,26802500
2025-11-21,471.04486083984375,477.8293938228302,467.20362215472323,477.4103368698009,31769200
2025-11-24,472.92059326171875,475.8139832068258,466.9542001322548,473.9183160323131,34421000
2025-11-25,475.90374755859375,478.0588322743821,463.8313270788984,472.9904142849383,28019800
2025-11-26,484.3943786621094,487.1979770584782,480.10418316215106,485.2025316262965,25709100
2025-11-28,490.88958740234375,491.5081706450152,485.54177754838196,486.48962635446395,14386700
2025-12-01,485.6315612792969,488.7444513856018,483.5463243869077,487.32770213243884,23964000
2025-12-02,488.8841552734375,492.3761849539621,485.2125428025972,485.6116258193264,19562700
2025-12-03,476.64208984375,483.13724409881166,474.1178525596479,475.23529714339696,34615100
2025-12-04,479.7449951171875,480.2239129901724,475.40489514051177,478.6674679630734,22318200
2025-12-05,482.0597229003906,482.299166614698,477.78947078944657,481.4211657314621,22608700
2025-12-08,489.9018249511719,491.17890888246444,483.2769615726175,483.7858099301447,21965900
2025-12-09,490.8995361328125,490.99931449735556,487.3875630167038,487.9862027558801,14696100
2025-12-10,477.4701843261719,483.14722906115725,473.99809828560024,482.92772884397027,35756200
2025-12-11,482.3690185546875,484.92318635563356,474.7763326037194,475.5445986070271,24669200
2025-12-12,477.4402770996094,481.3513637649093,475.2552617920193,478.72734800157895,21248100
2025-12-15,473.73870849609375,479.6252664455081,471.44392797474177,479.0066832317436,23727700
2025-12-16,475.3051452636719,476.80172935648005,469.8076832860371,470.8353364785088,20705600
2025-12-17,475.0357360839844,478.9069051052783,473.9182915104317,475.8239455574328,24527200
2025-12-18,482.87786865234375,488.4850656489584,476.8017407441929,477.10104539067044,28573500
2025-12-19,484.8134460449219,486.73904362092316,481.39123391446003,486.2501387748106,70836100
2025-12-22,483.81573486328125,487.6170561484318,481.5908021440126,485.01298390813173,16963000
2025-12-23,485.7413330078125,486.71908182827985,483.63612214595605,483.8755963136496,14683600
2025-12-24,486.90863037109375,488.04604888584674,483.7258924615979,484.5739628623746,5855900
2025-12-26,486.599365234375,487.00843522519267,484.85335038112265,485.601642461088,8842200
2025-12-29,485.9907531738281,487.23790659993216,483.0773893732932,483.7558335295542,10893400
2025-12-30,486.3699035644531,488.56487537463653,484.39440153201394,484.82341501264875,13944500
2025-12-31,482.5186767578125,487.0284031238816,482.1993981667827,486.7290680267604,15601600
2026-01-02,471.8630065917969,483.5563186075122,469.0893385249197,483.2869444224563,25571600
2026-01-05,471.773193359375,474.9858617296903,468.4308161640092,472.98042932285466,25250300
2026-01-06,477.4203186035156,477.64977534720424,468.68025764779384,472.72102257015473,23037700
2026-01-07,482.3690185546875,488.5848422406915,476.86159994291296,478.6674756822987,25564200
2026-01-08,477.0212097167969,481.5608665012806,474.7763335277468,480.14408679814625,18162600
2026-01-09,478.1885681152344,478.72734693664125,471.1247042989064,472.9804540365218,18491000
2026-01-12,476.09332275390625,479.89464390147504,474.59673866594744,475.5845048686955,23519900
2026-01-13,469.5981750488281,474.6965236309785,464.888922501957,473.5990225282599,28545800
2026-01-14,458.3338928222656,467.13381499707015,456.1289340170423,465.39775666549855,28184300
2026-01-15,455.6200866699219,463.1927988881192,454.8618076165624,463.0630900555096,23225800
2026-01-16,458.8127746582031,462.13520850615447,455.4404972994736,456.78739866953146,34246700
2026-01-20,453.48492431640625,455.7597309230742,448.2568669541529,450.1924514863621,26130000
2026-01-21,443.0986328125,451.65911099901973,437.68100562513575,451.56931960591265,37980500
2026-01-22,450.1126403808594,451.8087507279656,443.6873036586902,446.600636936346,25349400
2026-01-23,464.888916015625,470.0271819611143,449.50401819491054,450.8409629929935,38000200
2026-01-26,469.20904541015625,473.1700058760031,460.94790240319116,464.25036221183507,29291200
2026-01-27,479.485595703125,481.7703893732875,472.0825097961169,472.62128861771004,29213900
2026-01-28,480.533203125,482.63838346935967,476.9114647448887,482.10959164059926,36875400
2026-01-29,432.5128173828125,441.49232224197124,420.06122635013605,438.98802836564175,128855300
2026-01-30,429.31011962890625,438.5989157576861,425.47886802078926,438.1699022937122,58566800
2026-02-02,422.4058837890625,429.7590957240154,421.28843915961005,429.2602343395754,42219900
2026-02-03,410.2735595703125,421.0888704228976,407.6296003977664,421.0489834358989,61424100
2026-02-04,413.2467956542969,418.84400576689177,408.3080557741746,410.0640575889883,45012400
2026-02-05,392.7735290527344,407.37018733348754,391.4265972483441,406.51216038211834,66289200
2026-02-06,400.22650146484375,400.87501513504304,392.0252195920243,398.2609865133262,53515300
2026-02-09,412.65814208984375,413.94521298339265,399.9571203178888,403.9280678877113,45480500
2026-02-10,412.328857421875,422.7151545880433,411.76017861216997,418.66440278178237,44857900
2026-02-11,403.4491271972656,415.51159110220135,400.096793508188,415.2322299614449,42491000
2026-02-12,400.9248962402344,405.2749831551046,397.1036315998776,404.07770370563327,40802400
2026-02-13,400.4060974121094,404.61648859375555,397.1435245648219,403.528974460687,34091600
2026-02-17,395.95623779296875,399.60790672873594,393.6315571718042,398.31087932693146,32078800
2026-02-18,398.69000244140625,401.6432531481791,395.41747315874426,397.2233488345012,23223400
2026-02-19,398.4599914550781,404.42999267578125,396.6700134277344,400.69000244140625,28234000
2026-02-20,397.2300109863281,400.1199951171875,395.1600036621094,396.1099853515625,34015200
2026-02-23,384.4700012207031,395.3599853515625,383.1000061035156,395.0,43238300
2026-02-24,389.0,389.3599853515625,381.7099914550781,384.1400146484375,33884700
2026-02-25,400.6000061035156,401.4700012207031,390.1600036621094,390.5299987792969,43625500
2026-02-26,401.7200012207031,407.489990234375,398.739990234375,404.7099914550781,34405900
2026-02-27,392.739990234375,396.82000732421875,389.8800048828125,390.8800048828125,51367200
2026-03-02,398.54998779296875,401.19000244140625,390.6300048828125,392.8599853515625,35474900
2026-03-03,403.92999267578125,406.70001220703125,392.6700134277344,393.1400146484375,38199200
2026-03-04,405.20001220703125,411.0299987792969,400.30999755859375,401.2699890136719,35808000
2026-03-05,410.67999267578125,411.6099853515625,404.3999938964844,404.4200134277344,39001300
2026-03-06,408.9599914550781,413.04998779296875,408.510009765625,409.20001220703125,31123900
2026-03-09,409.4100036621094,410.2099914550781,403.5,404.9200134277344,30131900
2026-03-10,405.760009765625,410.20001220703125,402.92999267578125,410.0299987792969,31706400
2026-03-11,404.8800048828125,409.010009765625,401.5899963378906,405.57000732421875,25512100
2026-03-12,401.8599853515625,406.1199951171875,401.7099914550781,404.6300048828125,27263900
2026-03-13,395.54998779296875,404.79998779296875,394.25,401.0,26848000
2026-03-16,399.95001220703125,400.6300048828125,394.7900085449219,398.07000732421875,27733700
2026-03-17,399.4100036621094,404.3999938964844,397.75,400.2699890136719,26228300
2026-03-18,391.7900085449219,398.0,391.0,397.1300048828125,25908500
2026-03-19,389.0199890136719,392.489990234375,387.05999755859375,390.1000061035156,25138800
2026-03-20,381.8699951171875,387.0,380.1199951171875,386.7900085449219,50853200
2026-03-23,383.0,387.2099914550781,381.67999267578125,383.8999938964844,29680100
2026-03-24,372.739990234375,382.4700012207031,371.8500061035156,382.3599853515625,42733600
2026-03-25,371.0400085449219,377.05999755859375,369.6300048828125,376.9200134277344,31181200
2026-03-26,365.9700012207031,374.7200012207031,365.19000244140625,370.82000732421875,36836600
2026-03-27,356.7699890136719,362.45001220703125,356.510009765625,361.8999938964844,37883400
2026-03-30,358.9599914550781,365.3599853515625,356.2799987792969,361.8999938964844,44797000
2026-03-31,370.1700134277344,372.8999938964844,363.07000732421875,364.54998779296875,45244400
2026-04-01,369.3699951171875,373.989990234375,368.20001220703125,373.489990234375,29417200
2026-04-02,373.4599914550781,373.6400146484375,364.1499938964844,367.2099914550781,24099100
2026-04-06,372.8800048828125,373.7300109863281,369.5,373.489990234375,16146600
2026-04-07,372.2900085449219,372.45001220703125,366.55999755859375,370.3399963378906,21443300
2026-04-08,374.3299865722656,385.0,371.4100036621094,384.9800109863281,33064800
2026-04-09,373.07000732421875,373.5,367.04998779296875,372.5,30435300
2026-04-10,370.8699951171875,375.6400146484375,370.0299987792969,372.9800109863281,28111100
2026-04-13,384.3699951171875,384.5400085449219,371.0199890136719,373.6099853515625,35745800
2026-04-14,393.1099853515625,394.69000244140625,386.5199890136719,387.9200134277344,37504500
2026-04-15,411.2200012207031,414.3699951171875,396.7300109863281,398.0,45063400
2026-04-16,420.260009765625,420.82000732421875,412.1400146484375,419.8599853515625,41642400
2026-04-17,422.7900085449219,431.5799865722656,420.69000244140625,424.82000732421875,48568200
2026-04-20,418.07000732421875,423.3299865722656,416.29998779296875,421.1499938964844,27582200
2026-04-21,424.1600036621094,427.17999267578125,417.20001220703125,420.239990234375,32048500
2026-04-22,432.9200134277344,433.70001220703125,423.6700134277344,426.19000244140625,29378200
2026-04-23,415.75,423.6600036621094,411.4100036621094,419.8900146484375,38308000
2026-04-24,424.6199951171875,424.95001220703125,415.79998779296875,416.9700012207031,27457400
2026-04-27,424.82000732421875,427.1099853515625,417.07000732421875,422.3800048828125,30867300
2026-04-28,429.25,429.9200134277344,421.8999938964844,424.57000732421875,30438100
2026-04-29,424.4599914550781,426.82000732421875,420.2900085449219,424.5799865722656,38288300
2026-04-30,407.7799987792969,414.4200134277344,398.010009765625,410.80999755859375,70909400
2026-05-01,414.44000244140625,417.1099853515625,410.44000244140625,412.79998779296875,31330100
