Price,Close,High,Low,Open,Volume
Ticker,NVDA,NVDA,NVDA,NVDA,NVDA
Date,,,,,
2021-05-14,14.207191467285156,14.291977805422704,13.713934538144024,13.85507926247416,258616000
2021-05-17,14.129887580871582,14.133628001156678,13.818672627064075,14.121408850962863,216980000
2021-05-18,13.980512619018555,14.36803609551161,13.968791939261795,14.231131212096818,186256000
2021-05-19,14.030385971069336,14.044101476880362,13.509199604080083,13.532390775960163,344000000
2021-05-20,14.575763702392578,14.646834538609415,14.234623498296415,14.266542637893258,321592000
2021-05-21,14.954058647155762,15.183730127808582,14.832116394533218,15.125626149353618,672992000
2021-05-24,15.572749137878418,15.705414174003659,15.137844497008365,15.174252706728867,554816000
2021-05-25,15.608410835266113,15.77873122812608,15.443576455372922,15.72636344352039,435408000
2021-05-26,15.660529136657715,15.754043443944218,15.547065605147322,15.69469328900032,370440000
2021-05-27,15.44905948638916,15.710400841238286,15.421130006657025,15.66027712813999,581476000
2021-05-28,16.203662872314453,16.236580858728214,15.462033119165532,15.462033119165532,644536000
2021-06-01,16.223608016967773,16.347047573880385,15.863266335432474,16.229094980518518,472804000
2021-06-02,16.736068725585938,16.876216524208118,16.194683808700496,16.21139203355558,594168000
2021-06-03,16.927085876464844,17.215609998459154,16.541308933559474,16.65876306621484,580008000
2021-06-04,17.5340576171875,17.6165979934895,17.052521354002085,17.069476909819976,617120000
2021-06-07,17.574703216552734,17.76771725198459,17.149526305796652,17.52707469646401,575756000
2021-06-08,17.41310691833496,17.57719258482111,17.207623605410504,17.483179840618586,323848000
2021-06-09,17.318578720092773,17.53483445076462,17.216313965511866,17.475719983872768,381656000
2021-06-10,17.38517189025879,17.452020091808027,17.13674237056941,17.3103444553602,287772000
2021-06-11,17.78451156616211,17.898251342387297,17.403883229039902,17.439550960234815,416308000
2021-06-14,17.977567672729492,17.998270294606797,17.622382309836595,17.865076259269316,321376000
2021-06-15,17.747846603393555,17.97507688775737,17.687485674890738,17.874058585520746,243032000
2021-06-16,17.769546508789062,17.913717005111053,17.5443124591101,17.75009224553801,307124000
2021-06-17,18.614608764648438,18.791952156008932,17.715668906709517,17.733876709616816,809656000
2021-06-18,18.59615135192871,19.330718581922177,18.54152604115206,18.74106970383863,968856000
2021-06-21,18.385129928588867,18.49413123103555,17.782011843653176,18.393111064126522,672384000
2021-06-22,18.843585968017578,18.920411562226604,18.34398078046078,18.429286096445225,580144000
2021-06-23,19.013694763183594,19.108977447011597,18.86453654386818,18.964308379906097,332356000
2021-06-24,19.161605834960938,19.375616025449478,19.044623366172903,19.183806109567367,320924000
2021-06-25,18.987506866455078,19.30128891794506,18.851319416019447,19.236436935503985,278364000
2021-06-28,19.9393253326416,20.03286106908621,19.274847095565143,19.317000214420624,495436000
2021-06-29,19.980974197387695,20.052808221989437,19.612068383220187,19.837053050661908,367632000
2021-06-30,19.956787109375,20.116421295455844,19.81835413049353,19.95354441508654,326568000
2021-07-01,20.165803909301758,20.409245712086076,19.973244233081605,20.079002860645495,480136000
2021-07-02,20.440176010131836,20.458385715167392,20.241382131269432,20.39353374130317,342764000
2021-07-06,20.651193618774414,20.794365027841287,20.30374010137351,20.690104043459606,446708000
2021-07-07,20.3251895904541,20.827289518235947,20.285531292892728,20.805839022549197,418428000
2021-07-08,19.857263565063477,20.086986749821186,19.655725557948074,19.81111987540912,503300000
2021-07-09,20.004423141479492,20.03435525988892,19.709100137865747,19.916874216592717,296624000
2021-07-12,20.465614318847656,20.48581644912785,20.141605717877717,20.193736196108283,321984000
2021-07-13,20.203720092773438,20.41448760068872,20.068031230618036,20.353875481303678,290708000
2021-07-14,19.79615020751953,20.371083224348496,19.707604117466037,20.31122089134156,380100000
2021-07-15,18.922903060913086,19.801640805909646,18.815399378990502,19.766471657258307,550564000
2021-07-16,18.11949348449707,19.11321747883699,18.03169525755164,18.98700740866609,688224000
2021-07-19,18.736825942993164,18.998475513326806,17.82466431995801,17.87430188517964,749060000
2021-07-20,18.569461822509766,18.794945132479892,18.122485771322793,18.687192164183777,434687000
2021-07-21,19.36563491821289,19.482368072880394,18.6991624790966,18.83884187580024,371017000
2021-07-22,19.549219131469727,19.841548769491073,19.2319451068273,19.597109765716453,323826000
2021-07-23,19.5133056640625,19.65498135662067,19.206008957458167,19.611081283394373,195672000
2021-07-26,19.249902725219727,19.39756327254006,18.87077017833942,19.26686406834247,203943000
2021-07-27,19.16410255432129,19.577155964444557,18.69816886887377,19.220971495871236,248863000
2021-07-28,19.45842742919922,19.601100261911586,18.951589008448458,19.274847933928527,202191000
2021-07-29,19.617063522338867,19.80762698019667,19.283825335460097,19.4743887933179,190781000
2021-07-30,19.454431533813477,19.5851307207301,19.218970899932668,19.373615397327764,183497000
2021-08-02,19.70486068725586,19.915378880901837,19.316749821197465,19.654975725192713,217444000
2021-08-03,19.76971435546875,20.175783766568422,19.17607297987363,19.694885002968523,301811000
2021-08-04,20.227663040161133,20.27156310038773,19.782681342516437,19.94431173895087,231309000
2021-08-05,20.589832305908203,20.68561356328151,20.29550646605199,20.45314629356312,211435000
2021-08-06,20.3194522857666,20.522986511252395,20.163808690158564,20.47709211719844,178497000
2021-08-09,20.248615264892578,20.461127792585444,20.096962239032255,20.399269221353503,146443000
2021-08-10,19.89043426513672,20.383304640424182,19.78966337944273,20.275551687660446,179238000
2021-08-11,19.653980255126953,20.003180762487712,19.385595913054647,19.99719395698716,185925000
2021-08-12,19.859506607055664,19.98322184264855,19.57515814398387,19.82458675390574,151652000
2021-08-13,20.141857147216797,20.16779869480621,19.805627515773473,19.8595049435428,183063000
2021-08-16,19.90440559387207,20.240635283225057,19.408539829296206,20.08898224870646,210876000
2021-08-17,19.413530349731445,19.7248175706279,19.22296688145729,19.640010842343834,204585000
2021-08-18,18.996482849121094,19.58912505820869,18.95657336019115,19.45543055388039,285913000
2021-08-19,19.752750396728516,20.448157848964946,18.719117056246247,19.449444360898706,766555000
2021-08-20,20.768423080444336,20.8173108732515,19.88744183759088,19.94530793349124,675741000
2021-08-23,21.907817840576172,21.94672826931929,20.902122080659282,20.923073996366316,575807000
2021-08-24,21.74319076538086,21.908811733166473,21.485781010020887,21.703283176040937,297299000
2021-08-25,22.162235260009766,22.41864789917261,21.672358134566363,21.68732324562584,347701000
2021-08-26,22.01757049560547,22.288948275608032,21.740205909326253,22.14926881575229,237940000
2021-08-27,22.584264755249023,22.670068642424027,22.116336798954833,22.133298143105087,304722000
2021-08-30,22.636146545410156,22.990334740001824,22.499460525203325,22.777822203844707,262580000
2021-08-31,22.337778091430664,22.64712359993544,22.073337729589888,22.64712359993544,259850000
2021-09-01,22.39366340637207,22.64912392300393,22.309840959662484,22.437571217978416,201767000
2021-09-02,22.348756790161133,22.545341732077258,22.247970011545803,22.470499179082864,187834000
2021-09-03,22.794815063476562,22.93751306703993,22.15317176699286,22.277908090222944,280532000
2021-09-07,22.614194869995117,22.850694428150952,22.47448890756114,22.784833671238882,198107000
2021-09-08,22.2918758392334,22.5623040643883,21.930638074162353,22.46550856729171,254434000
2021-09-09,22.130220413208008,22.490458989363443,22.084317916530594,22.264935875841445,196856000
2021-09-10,22.430583953857422,22.578270564497437,22.223022541074023,22.30085711920523,248376000
2021-09-13,22.105268478393555,22.91555575401909,21.811888077680894,22.63614575794394,297500000
2021-09-14,22.195077896118164,22.362722745195637,22.039406863407024,22.228007318619177,199755000
2021-09-15,22.293869018554688,22.31981514344312,21.919660118755335,22.261936936889985,166538000
2021-09-16,22.195077896118164,22.23000390634264,21.8807419007731,22.136202349836225,156033000
2021-09-17,21.85379981994629,22.273911214791905,21.78394779506993,22.252955607329,294503000
2021-09-20,21.068462371826172,21.38778701785786,20.61841355645307,21.10139179807724,349440000
2021-09-21,21.20117950439453,21.379800833477784,20.905804421130274,21.37181828897263,204688000
2021-09-22,21.894716262817383,21.91367528465587,21.15128697509486,21.320928442562238,268726000
2021-09-23,22.4345760345459,22.48746373201777,21.843823860737224,22.09329650200951,248555000
2021-09-24,22.034420013427734,22.102277360773,21.814884783571202,22.02344353743368,217655000
2021-09-27,21.61430549621582,21.753012198242896,21.280013132238278,21.664199253926697,245215000
2021-09-28,20.655332565307617,21.37381486341932,20.607433491656852,21.169247409834707,343069000
2021-09-29,20.473718643188477,20.972663870201263,20.423822978492204,20.895826640226495,218394000
2021-09-30,20.672300338745117,21.021562413613808,20.64435952502164,20.724190693278036,221009000
2021-10-01,20.6982479095459,20.814999787884194,20.160383401250066,20.70623045593006,240978000
2021-10-04,19.69037437438965,20.49866509219777,19.51374772206686,20.460745149157145,345635000
2021-10-05,20.407859802246094,20.604444742602162,19.812119023512988,19.907917186053545,279282000
2021-10-06,20.656333923339844,20.67629028663116,20.03764098150744,20.077557514740203,297202000
2021-10-07,21.030540466308594,21.27701913068914,20.92775711791302,21.04750289734636,256919000
2021-10-08,20.78705596923828,21.16126489932197,20.73117434597139,21.056486855696548,151258000
2021-10-11,20.651344299316406,21.01856804632995,20.467732425809636,20.531598501082726,163388000
2021-10-12,20.627395629882812,21.012581072561225,20.48469762768922,20.784064039237663,162134000
2021-10-13,20.894826889038086,20.94571989479939,20.669303819377614,20.873871281370185,180652000
2021-10-14,21.70012092590332,21.709100811078972,21.077436882977292,21.243087024267496,243589000
2021-10-15,21.81587791442871,21.88473259084707,21.616300990357516,21.763987571571747,226994000
2021-10-18,22.175121307373047,22.243975990824204,21.59833961734775,21.70311955926144,189494000
2021-10-19,22.242979049682617,22.33179009685353,21.990512506917007,22.22900674096052,161473000
2021-10-20,22.056373596191406,22.38567737363948,21.935628560572944,22.257947135216437,146276000
2021-10-21,22.64413070678711,22.66309163127974,22.036416137205087,22.05038654332594,187590000
2021-10-22,22.678056716918945,23.08120376239796,22.51340579315989,22.774852206054973,249384000
2021-10-25,23.117130279541016,23.30573075031013,22.72196575698433,22.9245366329956,230235000
2021-10-26,24.664859771728516,25.2057181702465,23.873533296730404,23.93839671538891,485898000
2021-10-27,24.3994197845459,25.0370717258524,24.230775672972076,24.422371980713933,245990000
2021-10-28,24.888383865356445,24.897365655301588,24.471266418851215,24.825517045714975,234204000
2021-10-29,25.5130672454834,25.654767902179138,24.94726386442255,24.948261206819474,292503000
2021-11-01,25.77251625061035,25.839374347203503,25.173781601491516,25.59489225344684,265740000
2021-11-02,26.345300674438477,26.621716711710945,25.745568776344143,25.76752362657921,294112000
2021-11-03,26.541889190673828,26.727497632609634,26.17965600054016,26.613737804003005,239910000
2021-11-04,29.738130569458008,31.298830236529806,27.06079022806004,27.171556116532418,1153631000
2021-11-05,29.689233779907227,31.333755849134143,29.34795432921145,30.123315538694854,851260000
2021-11-08,30.7390193939209,31.03439450585306,29.843910363865678,30.085400440170883,503101000
2021-11-09,30.592329025268555,32.24184382365619,29.900792011768303,32.21390301112386,646746000
2021-11-10,29.396854400634766,30.784920762665642,28.717291247821386,29.29407294809422,636206000
2021-11-11,30.325889587402344,30.52546843492164,29.714183788640867,30.40372606119835,332172000
2021-11-12,30.325889587402344,30.615278725972825,29.567492631483955,29.946692061105622,413054000
2021-11-15,29.961660385131836,30.57935405607118,29.18530173672682,30.48754907870644,384909000
2021-11-16,30.139284133911133,30.325889920627386,29.6433328431333,29.69622243740179,264484000
2021-11-17,29.199275970458984,30.444644511844263,28.7392479710532,30.353834961540993,428508000
2021-11-18,31.608177185058594,32.6908873392395,31.254923897392086,32.29871867145236,781711000
2021-11-19,32.9154167175293,33.018200072194944,31.837695120260975,32.17498143367427,533867000
2021-11-22,31.88858413696289,34.57390711561954,31.832702519697552,33.446289928208735,754335000
2021-11-23,31.679027557373047,32.29173255622799,30.814853381586094,31.468472250509617,532163000
2021-11-24,32.605079650878906,32.7856976191463,30.862762245743312,31.394638918737424,435162000
2021-11-26,31.436542510986328,32.640995088921485,31.283865396835044,32.53122653243234,283069000
2021-11-29,33.305599212646484,33.341522577161264,31.968425532112303,32.29773128790808,454964000
2021-11-30,32.60707473754883,33.28264868079584,31.79678912997958,33.099034876068785,622066000
2021-12-01,31.372528076171875,33.222845580609224,31.31763707417919,33.15298499754876,484368000
2021-12-02,32.06214904785156,32.41345063590255,30.96333745214234,31.15196289598715,472890000
2021-12-03,30.632001876831055,32.0651488092906,30.070119147107587,31.936403568189156,544325000
2021-12-06,29.97730827331543,30.180901433648863,27.98228032790173,29.820618786249153,658938000
2021-12-07,32.3625602722168,32.3845197220602,30.590090410052074,30.895483996800152,593053000
2021-12-08,31.762752532958984,32.22583112815729,31.358556702529327,31.935409065789486,475551000
2021-12-09,30.429407119750977,32.1410009631348,30.367530057984055,31.670934405890446,488507000
2021-12-10,30.137989044189453,31.242789511090688,29.801658853309153,31.088096849224158,488825000
2021-12-13,28.105030059814453,30.23379210383315,28.060119419977152,30.18888146399585,598344000
2021-12-14,28.280689239501953,28.62101121597316,27.19584940823864,27.643956571550408,667035000
2021-12-15,30.398466110229492,30.439384993244534,27.782674736715105,28.343558104801343,698297000
2021-12-16,28.330581665039062,31.0980712089087,28.037167251669285,31.090087687112458,707366000
2021-12-17,27.745752334594727,28.86452488757024,27.70483344742643,27.929386691044225,713758000
2021-12-20,27.663909912109375,28.088064487130367,27.09105129868075,27.250733155410387,461847000
2021-12-21,29.017215728759766,29.062126369769842,27.346541025319663,28.317608716176828,524385000
2021-12-22,29.341571807861328,29.496264455360905,28.39246155550184,28.8335844910948,395184000
2021-12-23,29.581090927124023,29.999258803639915,29.37250667280015,29.695862140217667,343022000
2021-12-27,30.883501052856445,31.025219046682178,29.58109424412039,29.601054953911746,403686000
2021-12-28,30.26173973083496,31.267735891884268,29.952354442300354,31.249772014643753,420591000
2021-12-29,29.94137954711914,30.487293397009708,29.307641231276953,30.21284027529745,343139000
2021-12-30,29.527204513549805,30.396473874297598,29.481296400919582,29.767724800283915,308864000
2021-12-31,29.35255241394043,29.97032369459482,29.272711469744927,29.61503025561197,266530000
2022-01-03,30.061138153076172,30.64996574600368,29.725805474067663,29.75574653768631,391547000
2022-01-04,29.231788635253906,30.40744692192532,28.292658836690123,30.216826539242714,527154000
2022-01-05,27.54913902282715,29.357538070443287,27.478280983281813,28.891465241719928,498064000
2022-01-06,28.121997833251953,28.381481331155296,27.01121087291353,27.585066961351565,454186000
2022-01-07,27.192852020263672,28.365518095345266,27.003229072578133,28.085076387090762,409939000
2022-01-10,27.345544815063477,27.414407928007527,25.59303417452998,26.528172253329963,594681000
2022-01-11,27.761714935302734,28.009223147677293,26.785659911463362,27.268697246348502,404089000
2022-01-12,27.943359375,28.538173737078317,27.553135645796164,28.011223129932247,383413000
2022-01-13,26.522188186645508,28.42340115632872,26.4453396404375,28.322602041435534,540171000
2022-01-14,26.88845443725586,27.14294871181414,26.157908876529852,26.24773016124949,395832000
2022-01-18,25.851524353027344,26.585064339420303,25.718789234872563,26.207815257948447,424270000
2022-01-19,25.017183303833008,26.49024985304365,25.002213722761,26.027173172244265,488315000
2022-01-20,24.102005004882812,25.52816592790516,24.030147591877117,25.25371283114106,435181000
2022-01-21,23.32754898071289,24.773668763232777,23.216769512080788,23.460284088756683,718958000
2022-01-24,23.325551986694336,23.333535509414546,20.846489247606883,22.28562296184168,913982000
2022-01-25,22.279632568359375,22.89740375021859,21.956277081612978,22.501191486192454,664616000
2022-01-26,22.726743698120117,24.009189816429384,22.25568159985635,23.19381403507695,755959000
2022-01-27,21.900392532348633,23.94731732349313,21.6319260913576,23.521165823776016,573353000
2022-01-28,22.794607162475586,22.8125710384111,21.253675136018625,21.96825173742082,543774000
2022-01-31,24.43733787536621,24.46029288211656,23.006187716140168,23.135928523427957,564680000
2022-02-01,24.589031219482422,25.095023500950617,23.842516810764977,25.054104625035727,518925000
2022-02-02,25.191835403442383,25.765691523974446,24.50420361965189,25.74273842128798,543419000
2022-02-03,23.900407791137695,25.0271638258228,23.73274239062806,24.409394490116693,410178000
2022-02-04,24.270673751831055,24.58604578432591,23.585038677763198,23.924363185193215,354829000
2022-02-07,24.678852081298828,25.13194829437756,24.153896566951655,24.323558756693508,376868000
2022-02-08,25.05809783935547,25.179855106381826,23.932339472055837,24.310585923042694,410359000
2022-02-09,26.65192413330078,26.671884840451934,25.30261192894239,25.57107639696152,524282000
2022-02-10,25.77267837524414,26.871490147981913,25.549124513702214,25.94333997182691,513200000
2022-02-11,23.90140151977539,26.100024146681793,23.72575262390276,25.864493128365556,605472000
2022-02-14,24.218772888183594,24.825564374214455,23.70778938191042,23.88643449693495,440424000
2022-02-15,26.442346572875977,26.49224644503513,24.734746450060985,24.89941755103267,699869000
2022-02-16,26.45831298828125,26.529172937045136,25.501219224442693,26.206814897463676,732676000
2022-02-17,24.45829963684082,25.733759872250058,24.11698020371699,25.57906720311011,810595000
2022-02-18,23.595012664794922,24.9363413812796,23.054090050944854,24.61897260173139,761255000
2022-02-22,23.34351348876953,24.016173750217902,22.954289194180653,22.98921948197412,633422000
2022-02-23,22.34250831604004,24.106996233636202,22.25668069011676,23.754697128771827,566511000
2022-02-24,23.700803756713867,23.752700460531262,20.848483782736597,20.973235364784678,735801000
2022-02-25,24.108991622924805,24.168871850041366,23.334534721068575,23.67385918065925,528866000
2022-02-28,24.336536407470703,24.615980608442836,23.659884397014633,23.944317823201498,477319000
2022-03-01,23.430339813232422,24.328552626962264,23.086026170341224,24.24272310643019,412056000
2022-03-02,24.175981521606445,24.364639111563292,23.372446139998853,23.712826005452477,389642000
2022-03-03,23.6709041595459,24.281791456450637,23.426348571587415,24.217906685184186,365095000
2022-03-04,22.89432144165039,23.636968924346505,22.441145979903247,23.34150728876282,431415000
2022-03-07,21.313196182250977,22.991142952296123,21.291236802671158,22.775533982357196,450821000
2022-03-08,21.47490119934082,22.33233933851528,20.61247108080546,21.270273834836342,557467000
2022-03-09,22.972177505493164,23.17780252535281,22.206571146307404,22.34631612059236,492742000
2022-03-10,22.6168212890625,22.746584183582087,21.842230651130887,22.490051297255544,428066000
2022-03-11,22.059837341308594,23.10293830541665,22.005934624302842,22.980160740629042,367209000
2022-03-14,21.291234970092773,22.221540369503135,21.120546216146405,21.829254954549043,385354000
2022-03-15,22.931249618530273,22.996132023942444,21.28325099056678,21.47889393725402,491996000
2022-03-16,24.45148277282715,24.552299054127236,23.12988952261609,23.457292552284873,671422000
2022-03-17,24.720993041992188,24.79685323515595,23.862555326463934,24.076167120982394,471941000
2022-03-18,26.404926300048828,26.52071662131349,24.579251558233064,24.753932770637824,730719000
2022-03-21,26.685415267944336,27.102656804840144,25.919808947289926,26.45882851334558,591727000
2022-03-22,26.475797653198242,27.188500789536455,26.02461941553547,26.678427854459326,547007000
2022-03-23,25.587413787841797,26.563635115721986,25.52852099865223,26.078518306597157,502120000
2022-03-24,28.098840713500977,28.268531837117266,25.859917039185778,26.11844711768974,877379000
2022-03-25,27.64167594909668,28.306466021323548,27.221441486555513,27.835323644890032,579016000
2022-03-28,28.16771697998047,28.198660780217054,27.15655743522871,27.705559052925192,425494000
2022-03-29,28.603923797607422,28.89339579270697,27.929151693458024,28.64285248149159,488984000
2022-03-30,27.639684677124023,28.444219840436553,27.4530242030756,28.252569289661,463487000
2022-03-31,27.236413955688477,28.19666565950048,27.220444189167058,27.73151289162019,523440000
2022-04-01,26.6634578704834,27.44603355303061,26.219266845372278,27.325253149263812,517235000
2022-04-04,27.310279846191406,27.507919979186674,26.564637612794822,26.679428397203534,397120000
2022-04-05,25.88387107849121,27.269348924845236,25.773072756151578,27.204466526965444,436615000
2022-04-06,24.362646102905273,25.25402295327637,23.95938093983907,24.888688841537608,703833000
2022-04-07,24.16400718688965,24.67707303806538,23.435334266714467,24.396583559935085,557992000
2022-04-08,23.076984405517578,23.879524117334512,23.02008878589578,23.873534503516744,524781000
2022-04-11,21.877168655395508,22.279436135946174,21.62063574834751,22.173629781756052,575207000
2022-04-12,21.46491813659668,22.683699749756602,21.243321479658512,22.496041696902733,662258000
2022-04-13,22.16265296936035,22.45911415966956,21.416013003654044,21.688517637984596,516943000
2022-04-14,21.219369888305664,22.735610602818266,21.124543205448024,22.46410361058264,569097000
2022-04-18,21.7434139251709,22.047858038582817,21.040692857198728,21.161473248993577,525701000
2022-04-19,22.15765953063965,22.332340741600348,21.27526524698662,21.680527560297847,512781000
2022-04-20,21.442962646484375,22.62880350480131,21.161475516175667,22.476081662618792,468974000
2022-04-21,20.146318435668945,22.35130326457004,19.963650470316455,21.66954403745964,656209000
2022-04-22,19.479536056518555,20.448772191837854,19.46456392428075,20.266104182229988,624713000
2022-04-25,19.86583137512207,19.90875249765362,19.061296409060496,19.167102763902953,641566000
2022-04-26,18.75385856628418,19.75204136699031,18.636072965338734,19.682168875562095,653143000
2022-04-27,18.38153839111328,19.132170809703098,18.256765532864236,18.56420451525645,499460000
2022-04-28,19.746049880981445,20.000587537213033,18.45639800746317,18.932530442416695,570327000
2022-04-29,18.51329231262207,20.091418271941166,18.483346151251226,19.366737920929154,500435000
2022-05-02,19.497501373291016,19.53842532093115,18.357576663441748,18.507303670385827,572049000
2022-05-03,19.566373825073242,19.788970013363656,19.098226341517233,19.364741283038427,475751000
2022-05-04,20.29704475402832,20.362924790823026,18.716921505243764,19.88679240340564,648855000
2022-05-05,18.809755325317383,19.88879023761166,18.46638060148286,19.830896979302434,626331000
2022-05-06,18.641063690185547,19.476542616826766,17.957308981000086,18.701953665624362,633297000
2022-05-09,16.91919708251953,18.221823872571708,16.796419517005482,18.001226735376935,644455000
2022-05-10,17.563024520874023,18.164929349233372,16.994060667065273,17.656853560798723,761474000
2022-05-11,16.59977912902832,17.7207395102495,16.537893425141622,17.315477156303142,670167000
2022-05-12,16.14560890197754,16.7574959354492,15.538714801510055,16.189529577467855,708728000
2022-05-13,17.67382049560547,17.895417154710085,16.562844297235856,16.757489599664027,670437000
2022-05-16,17.23262596130371,17.75567386028926,17.074914055272394,17.477181558942796,521446000
2022-05-17,18.143964767456055,18.33761243130052,17.60195235864929,18.041151322209387,585830000
2022-05-18,16.9072208404541,18.08507690816682,16.833355903559767,17.672827284467367,545161000
2022-05-19,17.09288215637207,17.65485877694169,16.70358958474404,16.906221705811088,621310000
2022-05-20,16.66366195678711,17.378360361940025,15.726368287812404,17.30050299605302,739105000
2022-05-23,16.86728858947754,16.88425788996982,16.149595509541346,16.244422161579827,639889000
2022-05-24,16.12464714050293,16.566842991335037,15.75132711072321,16.480001178952342,588550000
2022-05-25,16.94415283203125,17.079905368342203,15.97092425449637,15.990888366746299,781132000
2022-05-26,17.818557739257812,18.059118973315748,15.992881259502376,16.00685575522456,996575000
2022-05-27,18.77681541442871,18.846687898146087,18.06710707974636,18.152951232834447,738379000
2022-05-31,18.6380672454834,19.165107560608973,18.316651930915967,18.945506160051778,664100000
2022-06-01,18.286705017089844,19.018372668475514,18.089064907013434,18.68997202318387,544514000
2022-06-02,19.556394577026367,19.583345936482782,18.164928787379736,18.258757824402238,648656000
2022-06-03,18.685983657836914,19.29687302400842,18.48834348451512,19.047327292928895,598779000
2022-06-06,18.751859664916992,19.301858931419297,18.53026298173821,19.10421880079085,422406000
2022-06-07,18.891603469848633,18.965468384281454,18.154943882331036,18.438428121556196,388914000
2022-06-08,18.618045806884766,19.14919082607967,18.50522645422863,18.768802321218942,363252000
2022-06-09,18.01900863647461,18.90258723082813,18.012019911507146,18.451313643542257,395574000
2022-06-10,16.946733474731445,17.66857160304111,16.841900702079162,17.57172730437252,465248000
2022-06-13,15.621866226196289,16.28579798543527,15.580931719685918,15.974298882999761,604153000
2022-06-14,15.810563087463379,16.040193181616115,15.387243419466994,15.705731253766638,469680000
2022-06-15,16.500452041625977,16.84090387526414,15.900416682083067,16.06914487895743,563936000
2022-06-16,15.575939178466797,15.916391969438846,15.376260638736387,15.834522958828355,545749000
2022-06-17,15.8544921875,15.969307235334867,15.303378815321718,15.622864496998716,630334000
2022-06-21,16.539386749267578,16.98067611376005,16.380641786258877,16.44853333661979,483089000
2022-06-22,16.333724975585938,16.63523998208321,16.154013767115536,16.199939414708897,437135000
2022-06-23,16.198936462402344,16.558356861748027,15.827533351841502,16.49246289970144,463680000
2022-06-24,17.098491668701172,17.11246912096269,16.283802343214774,16.473497698396116,472153000
2022-06-27,16.841907501220703,17.302167566990544,16.59929773403613,17.28419682577046,427968000
2022-06-28,15.956328392028809,17.17436801500843,15.91938717022095,16.87285307326158,461149000
2022-06-29,15.517034530639648,15.794587854289764,15.145632337338009,15.788597926333088,482352000
2022-06-30,15.134649276733398,15.54199386594336,14.838126440244391,15.336324452753491,686070000
2022-07-01,14.49967098236084,15.038803524181898,14.368881846227062,14.875067404670956,577610000
2022-07-05,14.939963340759277,14.946952066314836,14.032424007393097,14.152231139263709,651397000
2022-07-06,15.105697631835938,15.29439418107764,14.765244805229912,14.985890495457909,529066000
2022-07-07,15.832528114318848,15.919388265162539,15.364281576027004,15.431174346701193,492903000
2022-07-08,15.812559127807617,16.011239824701722,15.36428001522436,15.40521452102006,467972000
2022-07-11,15.127660751342773,15.502058363657559,15.013843557279245,15.501059566316355,437321000
2022-07-12,15.05777645111084,15.406215896402287,14.853105779519245,15.243477585443438,458483000
2022-07-13,15.139641761779785,15.350303276177021,14.441765153311936,14.56656436693939,521918000
2022-07-14,15.347309112548828,15.44814671796971,14.704343457142825,15.083733212382363,456235000
2022-07-15,15.736681938171387,15.75664931750774,15.420190739657972,15.633847697054403,385935000
2022-07-18,16.075138092041016,16.86985906904583,15.976298082766748,16.275815455198785,670517000
2022-07-19,16.964702606201172,17.082513067414855,16.14602025655612,16.459514986904992,702366000
2022-07-20,17.778392791748047,17.904191732344817,16.77401028715721,16.919775651092362,760538000
2022-07-21,18.021005630493164,18.11485450174296,17.516817646879083,17.856271659241287,557049000
2022-07-22,17.291179656982422,17.93813754600972,17.109470902798687,17.86425701094861,536671000
2022-07-25,16.996654510498047,17.096494261320483,16.622256873127547,16.991661475600253,480748000
2022-07-26,16.506441116333008,16.891820697599794,16.451529167696027,16.86186820626566,397865000
2022-07-27,17.761423110961914,17.907188485590435,16.885831113737122,17.004639434525583,569776000
2022-07-28,17.955108642578125,18.11085817162906,17.411983837534958,17.946124228071746,474646000
2022-07-29,18.133827209472656,18.214696484956857,17.663583046050046,17.784388988721815,435460000
2022-08-01,18.411376953125,18.815727059641716,17.96110121179728,18.15279222547974,476469000
2022-08-02,18.496238708496094,18.907577522415323,18.06293587544904,18.092888368674423,489527000
2022-08-03,18.86264991760254,18.93753019924968,18.107863838709722,18.154789221455992,418146000
2022-08-04,19.18413734436035,19.243042594792605,18.72986823383553,18.818725984317854,409652000
2022-08-05,18.9585018157959,19.1981161198537,18.636020636412223,18.779788457132817,386068000
2022-08-08,17.764421463012695,18.20970618183614,17.21430774876725,17.473890384436373,981859000
2022-08-09,17.05855369567871,17.418973850532034,16.697135695647425,17.224287400886112,668263000
2022-08-10,18.06793212890625,18.088898306614105,17.289184304860864,17.669572848171974,597422000
2022-08-11,17.913177490234375,18.67694989267418,17.84728352756443,18.101874963139256,509327000
2022-08-12,18.6789493560791,18.68793567728393,17.92416312056551,18.130831369711036,478094000
2022-08-15,19.00143051147461,19.133218463446653,18.58310478628588,18.670962786172225,457666000
2022-08-16,18.848674774169922,19.11125281035759,18.471281688551823,18.88960928236418,451240000
2022-08-17,18.3055477142334,18.657981332845214,18.115854280880267,18.49324736132435,446799000
2022-08-18,18.74284553527832,18.83469681060988,18.1537931034188,18.2716035897907,415447000
2022-08-19,17.820327758789062,18.490249371942653,17.74145419450282,18.376432185051982,441588000
2022-08-22,17.006637573242188,17.529796005514974,16.93874601388548,17.46190444615827,409593000
2022-08-23,17.153404235839844,17.43694848107864,16.942742694855127,16.96171318318317,369986000
2022-08-24,17.1943359375,17.37804038834426,16.867861541977685,16.98467227619529,522661000
2022-08-25,17.884225845336914,17.918171626071466,16.805960762250074,16.816942772656006,770691000
2022-08-26,16.2338809967041,17.895207590473877,16.210917226715885,17.828315779513094,769127000
2022-08-29,15.775619506835938,16.311756661031318,15.741674674911415,15.994268556184212,496132000
2022-08-30,15.443154335021973,16.013236290955273,15.157613482274343,15.934363667656111,530181000
2022-08-31,15.069753646850586,15.515037314685223,14.93497027531041,15.359287767857783,573710000
2022-09-01,13.91461181640625,14.356900019307059,13.248683470937443,14.186174234575896,1178865000
2022-09-02,13.625077247619629,14.148234689338986,13.569166499775495,14.077349599584043,743157000
2022-09-06,13.44336986541748,13.75686558272209,13.329552676036796,13.708942355163417,535751000
2022-09-07,13.696038246154785,13.81987638945072,13.328520192699564,13.545235991042178,512657000
2022-09-08,13.971678733825684,13.989655763301307,13.35149264648823,13.441373984164738,624873000
2022-09-09,14.368157386779785,14.455043335947318,14.107499539277185,14.1384581232082,486612000
2022-09-12,14.486001968383789,14.527946775374877,14.179403906328334,14.350180416481628,484159000
2022-09-13,13.113801956176758,13.903766352893664,13.081844277875383,13.78392363062557,714956000
2022-09-14,13.110808372497559,13.27259592683206,12.896089775229148,13.236642819504809,588507000
2022-09-15,12.912067413330078,13.215669180142505,12.773249515880076,12.99795522520399,523625000
2022-09-16,13.180716514587402,13.19469811993345,12.600477035450059,12.72531334171146,670751000
2022-09-19,13.364474296569824,13.445368542937578,12.99296174366855,12.994958979609367,569685000
2022-09-20,13.158744812011719,13.465342935530723,13.039901168379119,13.197694249472493,524818000
2022-09-21,13.243634223937988,14.012626355851008,13.092831937590079,13.195697697748727,807679000
2022-09-22,12.544549942016602,13.131780192367279,12.41172469834498,13.052883178633808,759162000
2022-09-23,12.499606132507324,12.594481966630601,12.240945550195082,12.403732156797325,663309000
2022-09-26,12.21198558807373,12.64242184812588,12.198003983784714,12.474641644232314,547343000
2022-09-27,12.396742820739746,12.719319742448128,12.241946090666989,12.490619571943231,553854000
2022-09-28,12.719319343566895,12.80620529041185,12.337819690787777,12.393746102104021,542414000
2022-09-29,12.203995704650879,12.483628721329582,11.930354395452484,12.431696780132437,532763000
2022-09-30,12.123103141784668,12.61645665148019,12.059186824350094,12.071171193395665,565638000
2022-10-03,12.495615005493164,12.661397986074181,12.089147450998603,12.330831119191432,547478000
2022-10-04,13.14975357055664,13.202684600258644,12.862130688690549,12.862130688690549,584182000
2022-10-05,13.19170093536377,13.303554723315088,12.6044716440018,12.894091817678392,507131000
2022-10-06,13.112805366516113,13.638116551801618,13.085840298412162,13.20268765696208,644157000
2022-10-07,12.060184478759766,12.653406389776919,12.006255300705963,12.488622525605487,672478000
2022-10-10,11.654715538024902,12.108120441007816,11.393058603226073,12.021234494107956,698699000
2022-10-11,11.57082748413086,11.830486265809176,11.268223841612809,11.545859652529316,667482000
2022-10-12,11.484939575195312,11.719631475815296,11.330142830208745,11.563836589027906,492590000
2022-10-13,11.9443359375,12.06218142250349,10.798837859501226,10.956630918111395,850103000
2022-10-14,11.212297439575195,12.095139584430672,11.189327796407529,12.041210401485747,713432000
2022-10-17,11.872429847717285,11.932351684916148,11.501916408490736,11.502914550195962,580774000
2022-10-18,11.951327323913574,12.475639372211802,11.602784417601008,12.327833437876679,659362000
2022-10-19,12.03521728515625,12.333826444729338,11.818501467347717,11.863442610170829,523131000
2022-10-20,12.178031921386719,12.752278755225092,12.08914776794108,12.097137665108534,652398000
2022-10-21,12.449673652648926,12.481632285200682,11.871432413251382,12.0821555690685,609494000
2022-10-24,12.582500457763672,12.69335515427323,12.048201240588062,12.491620026626292,517457000
2022-10-25,13.243634223937988,13.282583663418823,12.647415881475542,12.67737728182248,505482000
2022-10-26,12.879110336303711,13.370465602720852,12.691356829552692,12.852146223274735,532953000
2022-10-27,13.158744812011719,13.819878535178242,13.10481562757985,13.612150741855237,583113000
2022-10-28,13.815881729125977,13.83186152118797,13.043894336346346,13.086838241715473,521040000
2022-10-31,13.479325294494629,13.819879308054368,13.279587386831182,13.759957459542598,486341000
2022-11-01,13.525263786315918,13.90676347391886,13.50129505001384,13.792912452696658,432817000
2022-11-02,13.201688766479492,14.191391166061656,13.193699822047904,13.83186295115386,672628000
2022-11-03,13.403423309326172,13.762952460821824,12.93903307601992,13.025919033651268,500065000
2022-11-04,14.137460708618164,14.210365058332465,13.67906125202417,13.967683273201919,612576000
2022-11-07,14.282269477844238,14.393124160979102,13.935724777761447,14.20936513239746,410061000
2022-11-08,14.582877159118652,14.871498236897642,14.197382040182664,14.781615950345596,595292000
2022-11-09,13.757957458496094,14.192388153732095,13.740979525460897,14.143451590437952,454414000
2022-11-10,15.729374885559082,15.752344530142832,14.527950182868413,14.780619130566006,700819000
2022-11-11,16.30561637878418,16.367535452388744,15.461723751407225,15.786297912123384,655487000
2022-11-14,16.27366065979004,16.51834065367654,15.901148984019148,16.1967618318074,527852000
2022-11-15,16.64417266845703,16.975736669946382,16.360544231088024,16.70009908063956,545876000
2022-11-16,15.889162063598633,16.34056973096128,15.852210820718136,16.140832819616577,649547000
2022-11-17,15.65646743774414,16.244696708857624,15.514653221034854,15.69441777474664,710894000
2022-11-18,15.388819694519043,15.981043471785322,15.10019767858643,15.945089416031916,492072000
2022-11-21,15.2969388961792,15.456729183251523,15.060248842945024,15.127161478058547,404739000
2022-11-22,16.016996383666992,16.03697064838447,15.10219563199428,15.307926177427646,472866000
2022-11-23,16.49736785888672,16.50535870885115,16.02698585665369,16.076919620889132,427241000
2022-11-25,16.248695373535156,16.465410273649304,16.150824128322316,16.296632854209083,167934000
2022-11-28,15.806272506713867,16.33557910048079,15.704406802903588,16.005011300506297,303741000
2022-11-29,15.618517875671387,15.911134360808981,15.499674245542238,15.806271381799128,298384000
2022-11-30,16.90515899658203,16.912151586236597,15.580556739527186,15.680450741353981,565298000
2022-12-01,17.11693572998047,17.24679783970152,16.61746285278934,16.981079427481237,470977000
2022-12-02,16.858211517333984,16.91515254992387,16.427666051305167,16.641441188481675,371389000
2022-12-05,16.592487335205078,16.97708162701936,16.454632352067286,16.661414826773974,352255000
2022-12-06,15.970148086547852,16.55552985566231,15.802324959390125,16.512575914907618,352694000
2022-12-07,16.103010177612305,16.16894059762961,15.650486623430005,15.7553764476407,372388000
2022-12-08,17.15089988708496,17.160889573039334,15.942174561334516,16.25584460322099,515456000
2022-12-09,16.98307991027832,17.564467197257134,16.957108244828135,17.141912716034206,465338000
2022-12-12,17.516517639160156,17.519514736231685,16.779296541065285,17.019043348066607,457328000
2022-12-13,18.052955627441406,18.770199386678378,17.692336000295274,18.511471552127368,656589000
2022-12-14,17.655370712280273,18.23276249935812,17.401638727640112,17.968040523898743,496888000
2022-12-15,16.934125900268555,17.301737920767152,16.682392700233958,17.127921595408722,478542000
2022-12-16,16.553531646728516,17.023037438901543,16.392702058076296,16.846223968965074,478232000
2022-12-19,16.236865997314453,16.591491326415667,16.127981643599433,16.554531578863497,354039000
2022-12-20,16.068044662475586,16.292807881891594,15.835291407365762,16.047066889019305,403260000
2022-12-21,16.483604431152344,16.609472961104036,16.0850248812042,16.097013267551,325025000
2022-12-22,15.322831153869629,16.120989680017022,14.866313091281313,16.077035434762546,565045000
2022-12-23,15.189971923828125,15.322831151410716,14.867312438743172,15.17998223602925,349326000
2022-12-27,14.106115341186523,15.08408346858157,14.041183324202558,15.058110852321793,464902000
2022-12-28,14.021203994750977,14.24696558584254,13.869363801000764,13.912318692934731,351066000
2022-12-29,14.587607383728027,14.667522983450695,14.2120042555653,14.38681998720955,354923000
2022-12-30,14.59859561920166,14.613579197907772,14.217996715226494,14.318890082879692,310490000
2023-01-03,14.299906730651855,14.980189435178401,14.081137767884233,14.835341856924625,401277000
2023-01-04,14.733451843261719,14.837342302451898,14.225987933937839,14.5516444923479,431324000
2023-01-05,14.249961853027344,14.54864642697685,14.133084617886107,14.475723430978015,389168000
2023-01-06,14.843337059020996,14.994177909991919,14.019206897315305,14.458742666001996,405044000
2023-01-09,15.611526489257812,16.03907482336761,15.125039380250245,15.267889243337127,504231000
2023-01-10,15.892229080200195,15.945172704430046,15.455689492558554,15.490652443025239,384101000
2023-01-11,15.984131813049316,16.011103777484436,15.546593810156406,15.823302234215715,353285000
2023-01-12,16.493595123291016,16.619461755576417,15.47566921706697,16.083029067309738,551409000
2023-01-13,16.88118553161621,16.904162001817628,16.147960048723682,16.260839889557317,447287000
2023-01-17,17.683340072631836,17.709313641691512,16.881187014032182,16.881187014032182,511102000
2023-01-18,17.35868263244629,17.854158152300805,17.263781558432793,17.648375934651437,439624000
2023-01-19,16.747329711914062,17.17887551290729,16.71336705566109,17.01804399666776,452932000
2023-01-20,17.8201961517334,17.837178429750637,16.80726509622476,16.993067946601407,564967000
2023-01-23,19.172767639160156,19.224712866778543,17.799217156484602,18.044956208931275,655163000
2023-01-24,19.244693756103516,19.474452780290186,18.80016309844602,18.807155689842816,496204000
2023-01-25,19.302631378173828,19.349582719059857,18.560414551747876,18.893063715882672,449537000
2023-01-26,19.781126022338867,20.14474263652142,19.25767822252368,19.680232657858443,489535000
2023-01-27,20.343534469604492,20.60625774772897,19.384547252061992,19.441486379785015,542142000
2023-01-30,19.141801834106445,20.118769651142287,19.12981344690093,19.92897130354372,488611000
2023-01-31,19.516407012939453,19.66624851924581,18.930025867048208,19.14979328260832,498017000
2023-02-01,20.920923233032227,21.169659387182808,19.590326660737446,19.670242250628736,660477000
2023-02-02,21.686113357543945,21.925860113730366,20.6781782034606,20.977861172359162,564276000
2023-02-03,21.077754974365234,21.72207541802909,20.767082033794136,20.97786002176547,429366000
2023-02-06,21.0667724609375,21.547264471015012,20.764090426847382,20.784069803716758,452197000
2023-02-07,22.149627685546875,22.235537474634327,21.12770531761483,21.3594611160502,664150000
2023-02-08,22.181589126586914,22.853879916035094,21.984796321260635,22.363396450827928,559651000
2023-02-09,22.313453674316406,22.995734263923605,22.0966833667124,22.582171117953777,523876000
2023-02-10,21.242582321166992,22.05472500108008,20.789062350237074,21.667135439240298,550737000
2023-02-13,21.765031814575195,22.024757958584203,20.93990234696834,21.515295357490146,474919000
2023-02-14,22.946788787841797,23.024705690240783,21.343479041145304,21.55525548230403,675474000
2023-02-15,22.740005493164062,22.830909178097187,22.082700019847906,22.52523196197497,420575000
2023-02-16,21.97880744934082,22.526228206382104,21.903885748285937,22.109667968901128,412026000
2023-02-17,21.365455627441406,21.717083871627388,20.952890859592024,21.608199514245356,465888000
2023-02-21,20.633224487304688,21.471338740374534,20.596262840309503,20.97786007402784,410015000
2023-02-22,20.73212432861328,21.081755798453145,20.39947513838324,20.685174889382303,513184000
2023-02-23,23.63905143737793,23.862816211883125,23.000725173511558,23.415288568210517,1117995000
2023-02-24,23.26145362854004,23.449257089535415,22.922812171124363,23.200519010604086,589716000
2023-02-27,23.476226806640625,23.854827009250346,23.429277371082858,23.645049286961875,452994000
2023-02-28,23.191526412963867,23.79988559289662,23.1815367258424,23.347362102450354,455963000
2023-03-01,22.674076080322266,23.231488507829404,22.48427580835061,23.1675548821103,460026000
2023-03-02,23.289419174194336,23.35534957500301,22.408349099265877,22.464291719794257,389415000
2023-03-03,23.864818572998047,23.874808261321643,23.10561940844885,23.295419675920705,412393000
2023-03-06,23.529172897338867,24.22243969976959,23.462242179784383,23.865817563448918,437429000
2023-03-07,23.267404556274414,24.103664219579663,23.22044523812733,23.579128902669357,515154000
2023-03-08,24.15961265563965,24.178596857110083,23.403282221510484,23.46622622618509,513573000
2023-03-09,23.415271759033203,24.432370990770355,23.36231723479036,24.153616530475606,501257000
2023-03-10,22.94468879699707,23.60610394776299,22.705899859992172,23.388296345871805,474866000
2023-03-13,22.94568634033203,23.2773934204727,22.27727934666776,22.731876826184696,421890000
2023-03-14,24.041717529296875,24.197579694405405,23.439250204223796,23.475219568886814,474910000
2023-03-15,24.206571578979492,24.264518937841256,23.33933927282555,23.739983668370748,524486000
2023-03-16,25.518409729003906,25.565367136764166,23.872865210794142,24.00574890060099,583253000
2023-03-17,25.702245712280273,26.375649322099584,25.64529501788219,25.959018356234978,848547000
2023-03-20,25.877094268798828,26.000985154949564,25.1077747813069,25.592346468540175,432747000
2023-03-21,26.175825119018555,26.368655193911295,25.358549792606095,26.15684282491247,547408000
2023-03-22,26.4445858001709,27.56459441008842,26.213789252189063,26.401622665738433,797295000
2023-03-23,27.166948318481445,27.47467644266125,26.66639202441552,27.091015330476242,564889000
2023-03-24,26.755311965942383,27.142969248408896,26.3316872285577,27.007089867354004,454920000
2023-03-27,26.507535934448242,26.97612101034624,26.341682380127203,26.81326506197413,361026000
2023-03-28,26.386640548706055,26.489550086858387,25.827136394951317,26.42360847823861,356104000
2023-03-29,26.960132598876953,27.054049321086534,26.57347575940691,26.801274739572264,393694000
2023-03-30,27.358779907226562,27.474678436555607,27.078028306822056,27.204916786801245,364516000
2023-03-31,27.752429962158203,27.809378749397688,27.081023503257455,27.115992391152133,433933000
2023-04-03,27.94026756286621,27.97523645598325,27.311824147854885,27.484671479925822,398716000
2023-04-04,27.42871856689453,27.975235662091706,27.28284778669967,27.941265336695817,368592000
2023-04-05,26.857223510742188,26.97411869458037,26.371653330557585,26.80526946048249,515015000
2023-04-06,27.01308822631836,27.056049463902667,26.403627120957175,26.56048785327074,397654000
2023-04-10,27.554607391357422,27.59657006024275,26.645412420852104,26.7992755400983,395279000
2023-04-11,27.144969940185547,27.765420962103274,27.102006799330113,27.699479353630412,314378000
2023-04-12,26.471569061279297,27.443708127929558,26.424609743141254,27.345795224515363,446259000
2023-04-13,26.439592361450195,26.863217112653786,26.305712014928602,26.71035256577281,353615000
2023-04-14,26.734331130981445,26.85922056456347,26.196806902127364,26.480556091603322,395660000
2023-04-17,26.97811508178711,26.98211125376257,26.40961817014211,26.541501373639374,321471000
2023-04-18,27.64253044128418,28.08513943393583,27.332805146499545,27.508650082334086,604812000
2023-04-19,27.906295776367188,27.975234992237034,27.20791461166313,27.33680022607394,358660000
2023-04-20,27.080026626586914,28.00520817494305,26.976118523026464,27.64652455149464,427713000
2023-04-21,27.095012664794922,27.15895713906588,26.698364452495547,26.928160559616323,345103000
2023-04-24,27.018081665039062,27.341794498427166,26.647409518060194,26.989107985798988,339282000
2023-04-25,26.217792510986328,27.222903354703707,26.201807819523317,27.05405218790828,378527000
2023-04-26,26.932157516479492,27.305827272348722,26.68138006807285,26.978118263771744,406337000
2023-04-27,27.201921463012695,27.470684568616697,26.601453148375764,27.338801338428016,377161000
2023-04-28,27.724458694458008,27.73344960649909,27.047056930698307,27.20092196442208,292216000
2023-05-01,28.884429931640625,29.03229974718171,27.755430216862095,27.81537661530885,570329000
2023-05-02,28.185049057006836,28.810496754933304,28.058162478439368,28.654634590232256,402730000
2023-05-03,27.777414321899414,28.341915217546205,27.447706222054602,27.815380824648933,383387000
2023-05-04,27.537622451782227,27.834358742105735,27.21590674873428,27.626542529378735,321850000
2023-05-05,28.654634475708008,28.72956699907564,27.70647440681242,27.801389698676097,361494000
2023-05-08,29.125213623046875,29.194152833187378,28.324923456766907,28.496770293145723,344979000
2023-05-09,28.54572868347168,28.94737354959499,28.42483732148799,28.873439595641816,314869000
2023-05-10,28.859453201293945,29.087252189450044,28.435828416964906,28.97934600141485,369350000
2023-05-11,28.55272674560547,28.924399421501015,28.221021516907147,28.870446321560724,322149000
2023-05-12,28.31493377685547,28.75454513594309,28.02119319112188,28.503765785473174,274222000
2023-05-15,28.92738914489746,28.943375739340738,28.12709896933045,28.48278306832434,293926000
2023-05-16,29.18716049194336,29.84358087051638,28.806498873165175,28.815489784527685,449405000
2023-05-17,30.151308059692383,30.17228939441913,29.403970448812785,29.557833570142268,432535000
2023-05-18,31.649980545043945,31.799847490043984,30.293181883981152,30.383102432113493,748725000
2023-05-19,31.236343383789062,31.552063830690244,30.88865165614147,31.50810212862558,473908000
2023-05-22,31.148426055908203,31.49212165768894,30.652864468171376,30.87366776329227,372000000
2023-05-23,30.660856246948242,31.260325929202107,30.603907456096916,30.972580557946717,356253000
2023-05-24,30.510988235473633,30.579927446615685,29.779635363047586,30.1832773408898,721419000
2023-05-25,37.946407318115234,39.44508061098546,36.60259571255149,38.488926318360186,1543911000
2023-05-26,38.91155242919922,39.13535333136667,37.51678724611189,37.856486677468894,714397000
2023-05-30,40.075523376464844,41.90090712766281,39.91366790954096,40.559096455146374,923401000
2023-05-31,37.800537109375,40.259358998541856,37.78854668617227,39.45307354763965,1002580000
2023-06-01,39.73482131958008,40.01457242184314,38.30608594218301,38.45495240408073,635873000
2023-06-02,39.29220962524414,40.46417228382388,39.023446585861166,40.061528913678025,482731000
2023-06-05,39.136356353759766,39.53000507242546,38.6727660406919,38.87458704490847,396094000
2023-06-06,38.61981201171875,39.125365001144544,38.11425902229296,38.79565884971586,388729000
2023-06-07,37.44572830200195,39.46814951284709,37.32682176637619,38.88460601702987,511998000
2023-06-08,38.479923248291016,38.83364687712899,37.47571086548645,37.694537790431326,417772000
2023-06-09,38.739715576171875,39.67997860030122,38.53687503234718,39.00650530356787,427717000
2023-06-12,39.4511604309082,39.499123275212575,38.58783685686491,39.16938300880245,388701000
2023-06-13,40.98994827270508,41.0688889273641,39.7089522355275,40.15460291539781,613208000
2023-06-14,42.96342086791992,42.96641687824926,40.52032691306219,40.7921176516414,740465000
2023-06-15,42.61968994140625,43.255194841743766,42.11408458461737,42.5687310811785,568622000
2023-06-16,42.658653259277344,43.6868488037051,42.62767543128522,43.416060581927226,655709000
2023-06-20,43.77378463745117,43.95564551444472,42.64067141901623,42.96441968644821,451153000
2023-06-21,43.01137924194336,43.58093756834967,42.04713658375585,43.46702437838124,551603000
2023-06-22,42.991390228271484,43.39207412960286,42.20100779460612,42.21999014630877,417737000
2023-06-23,42.17603302001953,42.77556287564385,41.98218429643555,42.430834923932906,358140000
2023-06-26,40.60026550292969,42.730600334546075,40.06867951218722,42.42783558135576,594322000
2023-06-27,41.84328842163086,41.907237605323324,40.416406298926006,40.76713004512084,462175000
2023-06-28,41.08488845825195,41.81232053515092,40.48635724932419,40.62824464055819,582639000
2023-06-29,40.79011535644531,41.567507592478876,40.568288623316235,41.5255405787365,380514000
2023-06-30,42.268959045410156,42.516766447959405,41.46858596097829,41.64744701058792,501148000
2023-07-03,42.37986755371094,42.86448930889797,42.169033838728204,42.483786406248804,198209000
2023-07-05,42.28394317626953,43.143268139885606,42.05212215881855,42.10208233632734,323618000
2023-07-06,42.07011413574219,42.14605498586675,41.31370545626282,41.81131756799603,303582000
2023-07-07,42.46979904174805,43.18024602401447,42.14705329030634,42.288940665727566,355881000
2023-07-10,42.14704513549805,42.77755265455735,41.61645796190507,42.623673645383796,353908000
2023-07-11,42.37187957763672,42.72460451753315,42.03414612426581,42.44782043348418,298244000
2023-07-12,43.86770248413086,43.90067764855856,42.74358137770357,42.99938189898188,481277000
2023-07-13,45.94108963012695,46.118948189485444,44.457248919012514,44.48322958682048,478204000
2023-07-14,45.4334831237793,48.05043674269067,45.024802222527654,46.546611323884825,772075000
2023-07-17,46.424705505371094,46.45967801263674,45.22664460524396,46.252842790646994,510488000
2023-07-18,47.456905364990234,47.858591818877,45.698281650417556,46.664525451589654,569164000
2023-07-19,47.04022979736328,47.78065216165784,46.70549236660369,47.42692856470666,427502000
2023-07-20,45.48444366455078,47.05022098399054,45.02680123666584,46.470672206647684,537865000
2023-07-21,44.274383544921875,45.83017022227141,44.065547183409265,45.752228229130395,963769000
2023-07-24,44.57715606689453,45.0737695401444,44.00560422049565,44.69606260557121,382516000
2023-07-25,45.6433219909668,46.14692613209552,44.88791196755602,44.90589946333249,348081000
2023-07-26,45.416500091552734,46.01703242805517,44.5951435044959,45.98505592696078,364237000
2023-07-27,45.86415100097656,47.357982253239214,45.71426663486367,46.4826670082,455976000
2023-07-28,46.71348190307617,46.99026595538216,46.34477066056632,46.63154522435899,331194000
2023-07-31,46.692501068115234,47.09318883138378,46.469675675562414,46.717483065836525,251055000
2023-08-01,46.47066879272461,46.86336333707945,45.99104422518508,46.42370462471362,237858000
2023-08-02,44.23442077636719,45.80419275361582,43.35310977121058,45.79520091213266,530142000
2023-08-03,44.480228424072266,45.082758057083076,43.765786762914985,43.765786762914985,324176000
2023-08-04,44.64509963989258,45.60634618505477,44.35832507301121,44.94986170170467,362666000
2023-08-07,45.38152313232422,45.504428150828545,44.528190127809225,45.0757624027515,322154000
2023-08-08,44.62911605834961,45.2066637195198,44.0215892371064,44.81796761407976,353843000
2023-08-09,42.52075958251953,44.277385732589195,42.101085685540646,44.23941340389369,586449000
2023-08-10,42.35489273071289,43.53996721168232,41.80232325660613,42.12707017302428,492705000
2023-08-11,40.823089599609375,41.985183246912044,40.607258703595875,41.71838968414298,533085000
2023-08-14,43.71882247924805,43.765786651430616,40.27951352736408,40.45437607089752,690286000
2023-08-15,43.90568161010742,45.2326473732039,43.67586169687328,44.52520013627042,676512000
2023-08-16,43.4520263671875,44.64009663059884,43.37208703803484,44.48521894501183,527451000
2023-08-17,43.31013870239258,44.0275762613196,42.967404358099586,43.9356490828273,452395000
2023-08-18,43.265174865722656,43.543956241722725,41.627455303744846,42.60169211486707,583768000
2023-08-21,46.93031311035156,47.028236135596124,44.187458298338946,44.45924519865085,692573000
2023-08-22,45.63232421875,48.14935742594029,45.29758682975093,48.097396095838995,755293000
2023-08-23,47.07919692993164,47.163130948235896,45.1726863999926,45.830173355093386,779046000
2023-08-24,47.12615966796875,50.22673658703904,47.12216498787686,50.17677640386691,1156044000
2023-08-25,45.982051849365234,47.767654577471944,44.98882507843675,46.975274808576536,925341000
2023-08-28,46.79841613769531,46.94330333520207,44.852938347469795,46.44569122659898,685192000
2023-08-29,48.745887756347656,49.04265660856325,46.35475573928801,46.629542419435225,701397000
2023-08-30,49.22551727294922,49.88799757012422,48.38717195801793,49.005687906612565,735206000
2023-08-31,49.31644821166992,49.705144301675666,48.91975894986802,49.34143020878583,528570000
2023-09-01,48.471107482910156,49.76109942188399,48.10439357486219,49.72313090360501,463830000
2023-09-05,48.51008224487305,48.81284699146263,47.82261987711322,48.18533532160486,382653000
2023-09-06,47.028114318847656,48.515073458793,46.547451450862816,48.40715103407181,468670000
2023-09-07,46.20868682861328,46.31161549020898,45.120447146044796,45.49318758272593,433330000
2023-09-08,45.54015350341797,46.57343135473317,45.239365149462806,45.909897697113266,473069000
2023-09-11,45.14643478393555,46.130743345970416,44.28103874415618,46.11575443664463,473966000
2023-09-12,44.83863830566406,45.64107847418229,44.49987453878437,44.70673059385498,349256000
2023-09-13,45.453216552734375,45.89790529019353,44.47190049902718,44.56883283924793,398355000
2023-09-14,45.54915237426758,45.95486692026357,45.099466041293624,45.917894023696675,370097000
2023-09-15,43.869319915771484,45.567129987886304,43.777381347712456,45.30931088292171,506831000
2023-09-18,43.935272216796875,44.211080299105845,41.97064663049677,42.7181249588287,500271000
2023-09-19,43.48958969116211,43.93527718281478,42.971950102234956,43.80237069955783,373064000
2023-09-20,42.2094841003418,43.872322851544475,42.19349643912847,43.5695331686225,367108000
2023-09-21,40.98832702636719,42.070570182236196,40.951354140058626,41.553933277851534,450736000
2023-09-22,41.58092498779297,42.08557317870962,41.202188203522006,41.54294952811981,479236000
2023-09-25,42.19248962402344,42.50626933455587,41.148218030436,41.56193013453454,419091000
2023-09-26,41.8817138671875,42.79007909728291,41.625892229485075,41.97165113191076,402282000
2023-09-27,42.438323974609375,42.84204482057062,41.59991333679484,42.30042372625329,444935000
2023-09-28,43.05888748168945,43.41563643301945,42.085569148140415,42.430325448929366,424663000
2023-09-29,43.46860122680664,44.11315092531868,43.27673406437453,43.796371119268684,397830000
2023-10-02,44.750701904296875,45.14342496714759,43.83034418769884,43.99922478728352,433298000
2023-10-03,43.48659133911133,45.09846705093091,43.215780788420936,44.77668963515232,470850000
2023-10-04,44.01021957397461,44.11214947428443,43.261742510276186,43.71142876219466,361821000
2023-10-05,44.656776428222656,44.86863010408986,43.85733614690028,44.019221707908876,393483000
2023-10-06,45.73002243041992,45.75700398969615,43.99523549081201,44.16211860779347,434436000
2023-10-09,45.241363525390625,45.573132266606365,44.33699712951298,44.810664938003,409675000
2023-10-10,45.76599884033203,46.22667525132618,45.05649586993077,45.27834086872442,368582000
2023-10-11,46.77330017089844,46.826264546891885,46.01782780881721,46.163725718878894,378137000
2023-10-12,46.91219711303711,47.57573461020595,46.297628975923374,46.744315234099965,481325000
2023-10-13,45.42923355102539,47.0830797443062,45.24836026520754,46.92718670300792,474115000
2023-10-16,46.06278991699219,46.192696327999904,44.880614130194836,45.0315095868921,375099000
2023-10-17,43.90730285644531,44.722734656513275,42.450321291409665,43.96925981519668,812333000
2023-10-18,42.1665153503418,43.18880316775222,41.79577619709707,42.561239807706784,627294000
2023-10-19,42.07158279418945,43.26674621056965,41.85273405618411,42.78108575212414,501233000
2023-10-20,41.35808181762695,42.4403252529677,41.049295810508625,41.860728698935155,477266000
2023-10-23,42.94497299194336,43.21778487682209,40.91639251850647,41.200194491752654,478530000
2023-10-24,43.63248825073242,43.66646488934986,42.66117113532344,43.04689918780669,401463000
2023-10-25,41.74980926513672,43.61950423451798,41.52596674486631,43.36767758718175,398379000
2023-10-26,40.29781723022461,42.22646869925816,39.852129784028584,41.823750469367184,541001000
2023-10-27,40.47170639038086,41.1772144542264,39.987044605163476,41.1012673349336,416784000
2023-10-30,41.13223648071289,41.73681325645553,40.45271135167305,41.05829069172662,388028000
2023-10-31,40.75151062011719,40.8504442966851,39.202594184094295,40.421743134321325,517969000
2023-11-01,42.29542922973633,42.35138985981638,40.840445223590976,40.8554341335007,437593000
2023-11-02,43.4755973815918,43.853331578454224,42.864025551225126,43.29772036984495,409172000
2023-11-03,44.97355270385742,45.27733731815709,43.69244703893823,43.989240387189966,424610000
2023-11-06,45.71902847290039,45.90290181424292,44.867622664486824,45.25335451197863,400733000
2023-11-07,45.92288589477539,46.18569877151303,45.126441998746536,45.68705076383751,343165000
2023-11-08,46.54145431518555,46.834248828049994,45.93587499644732,46.06778272127609,346719000
2023-11-09,46.91718673706055,48.19629090693493,46.7173257575099,47.43382369058895,540496000
2023-11-10,48.30122756958008,48.438132884975005,47.249964459009426,47.46681189639429,421245000
2023-11-13,48.586021423339844,49.081676995363466,48.06538560948801,48.28623183718149,384136000
2023-11-14,49.621299743652344,49.799176764113575,49.00573287416369,49.645285046741414,416954000
2023-11-15,48.853843688964844,49.925093307072636,48.16632465148742,49.900113061154364,475497000
2023-11-16,49.4454231262207,49.49039366266599,48.29622902861317,48.644984172997816,339756000
2023-11-17,49.26355743408203,49.68226341163358,48.9727603803161,49.489397461523026,325205000
2023-11-20,50.37377166748047,50.51267446523686,49.14662922458695,49.27753819263548,414120000
2023-11-21,49.909095764160156,50.481693358553215,49.18760022799973,50.09096777649301,565747000
2023-11-22,48.68195724487305,50.29982538193606,47.6566732297451,49.81716500278888,899420000
2023-11-24,47.742610931396484,48.88681116276577,47.71163055365719,48.436126147509995,294645000
2023-11-27,48.208290100097656,48.49608705256933,47.6187022270162,47.766597618423056,395662000
2023-11-28,47.7875862121582,48.28923817471284,47.439829789625705,48.20229716306376,401491000
2023-11-29,48.106361389160156,48.727928411184934,47.826558260033494,48.345196613263326,382005000
2023-11-30,46.73732376098633,48.076387698516726,46.389567324354005,47.990445435742124,526247000
2023-12-01,46.732330322265625,47.16702781253812,46.15473498557714,46.49250011607089,369317000
2023-12-04,45.478206634521484,46.04481189006377,44.978555916966926,46.04481189006377,437543000
2023-12-05,46.53755569458008,46.571531508809755,45.243344800588865,45.43822537417424,371718000
2023-12-06,45.47520446777344,47.35805637744802,45.3842604483653,47.18616055304672,380590000
2023-12-07,46.567535400390625,46.60051618631754,45.57614082890342,45.67208285394523,350823000
2023-12-08,47.47697830200195,47.71183534651791,46.52156105756746,46.566535548739374,359224000
2023-12-11,46.59851837158203,47.50196552269277,45.80200812005124,47.46199285274284,509728000
2023-12-12,47.62788772583008,47.63688109924922,46.017871828359986,46.017871828359986,372387000
2023-12-13,48.05862808227539,48.56431952524785,47.578921733918634,47.59990881517736,447792000
2023-12-14,48.320465087890625,48.640269318911756,47.3930343428762,48.36044156986005,391232000
2023-12-15,48.860137939453125,49.37382393315781,48.0906077891267,48.16456390223083,479948000
2023-12-18,50.04640197753906,50.402183450524724,49.119970246820735,49.36981749362579,412587000
2023-12-19,49.57369613647461,49.66963815936467,48.865129643017234,49.39380579664743,464444000
2023-12-20,48.081607818603516,49.9684548790202,48.0686152726536,49.624663268494515,397894000
2023-12-21,48.9600715637207,49.06500695718709,48.389417453965386,48.781180068606574,300425000
2023-12-22,48.8001708984375,49.352830653569725,48.43738988482299,49.16494577989552,252507000
2023-12-26,49.24889373779297,49.56969677808233,48.930088377699356,48.93808291084912,244200000
2023-12-27,49.386817932128906,49.64965779045569,49.05501997219191,49.48076228970736,233648000
2023-12-28,49.49174499511719,49.85352335128604,49.38181158719183,49.61267326878179,246587000
2023-12-29,49.49174499511719,49.96645709185245,48.721216111915,49.782567581126976,389293000
2024-01-02,48.13856887817383,49.26487918925224,47.565920930034586,49.213911661432995,411254000
2024-01-03,47.53993606567383,48.15455817196312,47.291087653176916,47.4559877548122,320896000
2024-01-04,47.96867752075195,48.47036973426666,47.478975200634494,47.73781584044559,306535000
2024-01-05,49.06700134277344,49.51672715055194,48.27648428603865,48.43239101183954,415039000
2024-01-08,52.2210807800293,52.24307051371221,49.44877695414858,49.48175774230581,642510000
2024-01-09,53.1075325012207,54.29180987549374,51.65841764369207,52.36898559320254,773100000
2024-01-10,54.31679916381836,54.56664645309511,53.45632503855136,53.58325017590931,533796000
2024-01-11,54.788509368896484,55.31219134586392,53.527283064841185,54.9654031964735,596759000
2024-01-12,54.67657470703125,54.93641799826661,54.29680960809761,54.58662953889082,352994000
2024-01-16,56.347557067871094,56.800279452629056,54.86646395445467,54.984391900558016,449580000
2024-01-17,56.018760681152344,56.43650460830921,54.706563019184806,56.312579806380306,474394000
2024-01-18,57.072113037109375,57.5648119047759,56.07272391506558,57.225019450786334,491650000
2024-01-19,59.45465850830078,59.46365188180549,57.19004013784853,57.95357335479518,543501000
2024-01-22,59.617557525634766,60.29414590763177,59.03391464914335,60.01231668308295,452955000
2024-01-23,59.83642578125,59.8734019281728,58.549210583878605,59.53360947543731,294654000
2024-01-24,61.32450866699219,62.810599654408506,59.901378913458146,60.26715642389318,560271000
2024-01-25,61.57936096191406,62.68068897905718,60.8128273903059,62.311911094050835,482777000
2024-01-26,60.99371337890625,61.74525668401416,60.535996808090815,60.92275760795634,390309000
2024-01-29,62.42683792114258,62.45082152019551,60.86979110422985,61.19458949954275,348733000
2024-01-30,62.735652923583984,63.45421549320403,62.22196696017239,62.861579220191196,410735000
2024-01-31,61.48941421508789,62.230961514394274,60.66291975637589,61.40246556305648,453795000
2024-02-01,62.98849868774414,63.1523999678792,61.61234096321601,62.06206301871128,369146000
2024-02-02,66.11958312988281,66.55930912654547,63.65108714697043,63.93491403332179,476578000
2024-02-05,69.28964233398438,69.45454244217241,67.16394292298222,68.18331639891433,680078000
2024-02-06,68.18132019042969,69.71138308978904,66.25949848302591,69.58745829595591,683111000
2024-02-07,70.05616760253906,70.17709586585252,67.55869397580136,68.27725642617484,495575000
2024-02-08,69.59845733642578,70.7507528828607,69.41257394689296,70.03119148834118,414422000
2024-02-09,72.08895111083984,72.14091368127717,70.1691190330097,70.48992214211897,436637000
2024-02-12,72.20386505126953,74.56542046599529,71.2064736279646,72.55564739281085,613710000
2024-02-13,72.08394622802734,73.40513741451034,69.57748237910234,70.35700477469595,602580000
2024-02-14,73.8548583984375,74.19065168292555,71.89405893388704,73.15728673605686,504917000
2024-02-15,72.61360931396484,73.92980608164119,72.35577132172895,73.82387565740021,420122000
2024-02-16,72.56864166259766,74.35655027525982,72.45671056832468,74.0547328068878,495327000
2024-02-20,69.40957641601562,71.91204456852859,67.69262359545532,71.90304738257117,704833000
2024-02-21,67.43079376220703,68.8459293516135,66.20754225691248,67.96446422295412,673755000
2024-02-22,78.49002075195312,78.52699308470093,74.17465795695503,74.97916646287784,865100000
2024-02-23,78.76885223388672,82.34366290568272,77.5226123761237,80.74064650613892,829388000
2024-02-26,79.04368591308594,80.596737435313,78.4570388969918,79.65130857177527,503973000
2024-02-27,78.65291595458984,79.4314469973946,77.1148623296948,79.3325008302499,391705000
2024-02-28,77.61554718017578,78.88476781049101,77.07787390422563,77.57257418666705,393110000
2024-02-29,79.06368255615234,79.94114467845763,78.30214690396402,79.04569580641504,507289000
2024-03-01,82.2287368774414,82.24972776986829,79.38647244624788,79.95112973995113,479135000
2024-03-04,85.18492889404297,87.64142750402274,83.66785848531528,84.07860289478097,615616000
2024-03-05,85.91551208496094,86.04844030428545,83.36995155382468,85.22190326590307,520639000
2024-03-06,88.64997863769531,89.67340327370732,86.98092218791462,87.97236718689258,582520000
2024-03-07,92.61672973632812,92.71467403344542,89.55145830366479,90.10714445366249,608119000
2024-03-08,87.47862243652344,97.34505496163638,86.45719580850812,95.0843299936833,1142269000
2024-03-11,85.72562408447266,88.74691405918401,84.11852931570184,86.3802534333582,678364000
2024-03-12,91.86115264892578,91.90812320755647,86.10140314701876,87.99933396950749,668075000
2024-03-13,90.83674621582031,91.4523961522475,88.3851266027404,91.00365185687127,635713000
2024-03-14,87.89439392089844,90.5948732884495,86.55115025815236,89.52647603225017,602318000
2024-03-15,87.7874526977539,89.49548835416286,86.20834970674177,86.88096661769565,642086000
2024-03-18,88.40511322021484,92.3528823706334,87.03588315502401,90.33702166642148,668976000
2024-03-19,89.34758758544922,90.49293740706634,84.96206166270107,86.65110342037197,672171000
2024-03-20,90.32103729248047,90.35901787579786,88.17324712477493,89.74635698272712,479063000
2024-03-21,91.38343048095703,92.59575144201277,90.35401259550207,92.24794813241263,480372000
2024-03-22,94.2358169555664,94.72453954495887,90.78276394753543,91.0895899885777,586719000
2024-03-25,94.94841003417969,96.71141493346599,93.45725487677139,93.88801151365493,552136000
2024-03-26,92.5087890625,96.3206408094852,92.44982423178193,95.79693429152606,513648000
2024-03-27,90.19908905029297,93.18740022563185,89.07272590055334,93.05947407876293,586067000
2024-03-28,90.30503845214844,91.24850624285476,89.14269241707345,89.9492364441801,435212000
2024-04-01,90.3120346069336,92.1729839586744,89.15369169415271,90.24807533872301,452441000
2024-04-02,89.40154266357422,90.04317879660557,87.57057538202243,88.39810360146309,433064000
2024-04-03,88.91382598876953,90.32303448482294,88.35014869042175,88.43410095294554,370067000
2024-04-04,85.8565444946289,90.58288102989088,85.83155707073556,90.35500517909665,434965000
2024-04-05,87.95835876464844,88.43109152288164,85.87753246886356,86.81699703882079,399678000
2024-04-08,87.08384704589844,88.77988827828314,86.68307229452097,88.64995673788222,283220000
2024-04-09,85.30584716796875,87.58556628736338,82.97516956737525,87.39267436773328,501700000
2024-04-10,86.98990631103516,87.35070274664696,83.66178279831279,83.87866326448999,431929000
2024-04-11,90.56488800048828,90.687819723934,86.87697442257391,87.37069146521046,431637000
2024-04-12,88.13626098632812,90.1241452492344,87.48063273280795,89.64840815742117,426805000
2024-04-15,85.95249938964844,90.56189797510771,85.88054139689574,89.04775296579596,443077000
2024-04-16,87.36568450927734,88.06828320485192,86.0154487690154,86.38423626140728,370453000
2024-04-17,83.98760223388672,88.72492641813315,83.90264346955806,88.29016660250515,495400000
2024-04-18,84.62324523925781,86.14139337931326,82.35552770602675,84.9220802095837,447260000
2024-04-19,76.15702056884766,84.27643922651326,75.56336143765269,83.10310538210794,875198000
2024-04-22,79.47315216064453,80.02783946358336,76.35691439393003,78.05994814693265,596341000
2024-04-23,82.37651824951172,82.72232381135599,80.21873912417956,80.72345160999099,438559000
2024-04-24,79.63207244873047,84.03458726895308,79.13834771907712,83.90265792111582,512208000
2024-04-25,82.58540344238281,83.27600801866915,78.17888569012331,78.82351858715127,424641000
2024-04-26,87.68553161621094,88.28119623524096,83.33998364388893,83.77074038243197,551011000
2024-04-29,87.70751190185547,87.94237235498613,85.21791179771557,87.54560070216142,388971000
2024-04-30,86.353271484375,88.76890816331654,86.25133163329888,87.19079630766022,363709000
2024-05-01,82.99415588378906,85.95148630832341,81.20916027802339,85.02901046138126,559863000
2024-05-02,85.76860046386719,86.18836175340402,83.15307206256357,84.40136817425811,377898000
2024-05-03,88.73892211914062,89.23064138508623,86.99090805240313,87.73948614559522,398341000
2024-05-06,92.0880355834961,92.16799229625614,89.00477633292259,89.33958648937698,376203000
2024-05-07,90.5029296875,91.72923505394095,88.96080064953647,91.04662159823116,437342000
2024-05-08,90.36100769042969,91.14256430274753,89.36956281384657,89.43253081814441,325721000
2024-05-09,88.69693756103516,91.02062292863653,88.18122980671515,90.47792997859051,378013000
2024-05-10,89.82731628417969,91.34946008980582,89.17668240608715,90.25407745154659,335325000
2024-05-13,90.34800720214844,90.94666832496254,88.47905934058139,90.4269573914904,289680000
2024-05-14,91.30447387695312,91.59930565354625,88.88383529778994,89.54846112262796,296507000
2024-05-15,94.57662963867188,94.80850105677926,91.54734077306348,92.41984953324487,417735000
2024-05-16,94.30577850341797,95.76495408373688,94.04991856770557,94.85647021604154,323952000
2024-05-17,92.42682647705078,94.68655257434129,91.75420961084316,94.31576729412592,359691000
2024-05-20,94.7265396118164,95.14630088740084,93.38729907778286,93.69712178712975,318764000
2024-05-21,95.33220672607422,95.34619876949091,93.1274495632841,93.5462119787617,328946000
2024-05-22,94.89645385742188,95.96585017054332,93.19641666447399,95.40516951213256,548648000
2024-05-23,103.7404556274414,106.26002974980725,101.46273414650618,101.970450841432,835065000
2024-05-24,106.40895080566406,106.41494412748668,102.94190563238328,104.39008586204577,429494000
2024-05-28,113.83675384521484,114.87417036274923,109.82102250000426,110.18181893492428,652728000
2024-05-29,114.7602310180664,115.42685462015827,110.83844833840384,112.98623828974068,557442000
2024-05-30,110.43766784667969,115.75366768594493,109.60114200461162,114.58532839037406,484553000
2024-05-31,109.5711669921875,112.65342715935483,106.87968513049076,112.45653205108225,613263000
2024-06-03,114.93514251708984,114.93514251708984,111.93983111247248,113.55692243893306,438392000
2024-06-04,116.37132263183594,116.53423270815343,113.98067349692546,115.65073625073813,403324000
2024-06-05,122.3709487915039,122.37993877462908,117.40175277551737,118.30424338003813,528402000
2024-06-06,120.92976379394531,125.51617269807858,118.25327265969561,123.97803915924119,664696000
2024-06-07,120.81982421875,121.62337164710611,117.95544321860926,119.70245088550641,412386000
2024-06-10,121.72129821777344,123.0305567964374,116.94399587339676,120.3021010809677,313434100
2024-06-11,120.85174560546875,122.81080030375152,118.68278538083564,121.71132421608192,222551200
2024-06-12,125.13966369628906,126.8188544177255,122.51093382538542,123.00069556163665,299595000
2024-06-13,129.5475311279297,129.7374419918796,127.09871503024357,129.32763594350715,260704500
2024-06-14,131.8164520263672,132.7759808624214,128.2581700274141,129.89737910282292,309320400
2024-06-17,130.91688537597656,133.66556033801308,129.5175660413327,132.92592665460285,288504400
2024-06-18,135.5146484375,136.26428691629846,130.62700616579136,131.07678620278367,294335100
2024-06-20,130.71697998046875,140.69216665961412,129.45759262565218,139.73263779444994,517768400
2024-06-21,126.50899505615234,130.56704338903992,124.24009251378381,127.05873301556977,649445800
2024-06-24,118.0530776977539,124.40001580098117,117.98311173916277,123.1806025577778,476060900
2024-06-25,126.02923583984375,126.43904192857353,119.2625015362155,121.14159285282038,414192600
2024-06-26,126.33909606933594,128.05826088696048,122.54092403749853,126.06922189761302,362975900
2024-06-27,123.93025207519531,126.34909177016176,122.86076797014964,124.04019968068097,252571700
2024-06-28,123.48046875,127.648457456266,122.69084852465333,124.5199685039101,315516700
2024-07-01,124.2401123046875,124.7798454089979,118.77274666283829,123.41051038858464,284885500
2024-07-02,122.61088562011719,123.35053451744282,120.97167651778796,121.07162680437523,218374000
2024-07-03,128.21817016601562,128.21817016601562,121.30150730962696,121.60136576540062,215749000
2024-07-05,125.76936340332031,128.78791231292527,125.61943416430904,127.31861187118912,214176700
2024-07-08,128.13818359375,130.70695175433724,126.97874686873942,127.42852684489468,237677300
2024-07-09,131.3166961669922,133.7555228326683,128.58800070420872,130.28719371816868,285366600
2024-07-10,134.84500122070312,135.03491211498738,132.35619546389498,133.965420342518,248978600
2024-07-11,127.33861541748047,136.08439171293904,126.98878558577707,135.68459054854569,374782700
2024-07-12,129.177734375,131.85643576222122,127.15870339191848,128.1981955828636,252680500
2024-07-15,128.37811279296875,131.32668826604316,127.11871779694197,130.49708637675548,208326200
2024-07-16,126.29911041259766,128.97781165688778,124.51996937686796,128.37810993499286,214769500
2024-07-17,117.9331283569336,121.79126850169425,116.66374383425097,121.29150949460832,390086200
2024-07-18,121.0316390991211,122.34101295266511,116.50382347473696,121.79127496540796,320979500
2024-07-19,117.8731689453125,121.54139851435873,117.31344125378135,120.29200089882109,217223800
2024-07-22,123.48046875,124.01021213043963,119.8022417845173,120.29200352530061,258068900
2024-07-23,122.53091430664062,124.62990831594026,122.04115259647224,122.72082517670732,173911000
2024-07-24,114.19493103027344,119.89218055655165,113.38532389383315,119.11255773987328,327776900
2024-07-25,112.22589111328125,116.57379332567128,106.24877714220031,112.98552700492492,460067000
2024-07-26,113.00550842285156,116.14399449340688,111.52622597755057,116.13400480341201,293399100
2024-07-29,111.53622436523438,116.2239668309142,111.24637081842914,113.63521853690591,248152100
2024-07-30,103.68000793457031,111.93602131829121,102.49057904635741,111.46624662712419,486833300
2024-07-31,116.9636001586914,118.28296369436077,110.82655987338046,112.84559062727486,473174200
2024-08-01,109.1573715209961,120.1020993651303,106.75852653969832,117.4733618639685,523462300
2024-08-02,107.21830749511719,108.6676133731782,101.32115657119698,103.71000431512978,482027500
2024-08-05,100.4015884399414,103.36016867781126,90.6462974352404,92.0156323292122,552842400
2024-08-06,104.19976043701172,107.65809209854007,100.50154657010994,103.78995436151921,409012100
2024-08-07,98.86233520507812,108.74756823143176,98.64244001125142,107.75803985921162,411440400
2024-08-08,104.91941833496094,105.44916171874115,97.47300376138202,101.95084829679239,391910000
2024-08-09,104.69952392578125,106.54863093775165,103.3801603016259,105.58909444979487,290844200
2024-08-12,108.96746063232422,111.01647580125626,106.20879614847053,106.26876479464013,325559900
2024-08-13,116.08402252197266,116.1739831093698,111.52622277964618,112.38580888904526,312646700
2024-08-14,118.0230941772461,118.54284021234767,114.01502462748074,118.47287425328174,339246400
2024-08-15,122.80079650878906,123.180610648127,117.41339446628129,118.70277375276062,318086700
2024-08-16,124.51997375488281,124.93976955039975,121.12161049796826,121.88124643203584,302589900
2024-08-19,129.93734741210938,129.93734741210938,123.36051676677039,124.22010290586175,318333600
2024-08-20,127.18867492675781,129.81741234204915,125.82932973595075,128.3381146113763,300087400
2024-08-21,128.4380645751953,129.28766098618868,126.59895509298427,127.25863301570179,257883600
2024-08-22,123.68037414550781,130.68699853485288,123.04068313749794,129.95735455339707,376189100
2024-08-23,129.30763244628906,129.53753255606168,125.15963905002394,125.79932992863567,323230300
2024-08-26,126.3990478515625,131.196729770517,124.31005885081005,129.50755712849073,331964700
2024-08-27,128.23817443847656,129.1377346219971,123.82029866993177,124.98974063480068,303134600
2024-08-28,125.5494613647461,128.26815164825356,122.58089157173563,128.05824614963967,448101100
2024-08-29,117.5333251953125,124.37003270157089,116.65375204642187,121.30151255769351,453023300
2024-08-30,119.3124771118164,121.69132742002542,117.16351169383461,119.47239604079388,333751600
2024-09-03,107.94794464111328,116.15398655476369,107.23828777198462,115.95408600386334,477155100
2024-09-04,106.15880584716797,113.21540048575886,104.06981688786142,105.35919602273194,372470300
2024-09-05,107.15833282470703,109.5971593888533,104.70951657024186,104.93940145906154,306850700
2024-09-06,102.78044891357422,108.09788494505915,100.90134998938433,107.98793734308131,413638100
2024-09-09,106.41869354248047,106.4986568208146,103.64003443897201,104.82945579489092,273912000
2024-09-10,108.04788970947266,109.34726610485653,104.89940661736314,107.7580285866342,268283700
2024-09-11,116.85365295410156,117.13351677378026,107.36822165058582,109.33727332924734,441422400
2024-09-12,119.0927734375,120.7421209186122,115.33426173002456,116.79368208487448,366052700
2024-09-13,119.05278015136719,119.91243980632909,117.55337484057826,119.03279143615939,238358300
2024-09-16,116.73370361328125,118.13315013570288,114.31466480568342,116.74370178435876,248772300
2024-09-17,115.54417419433594,118.75290839853001,114.78448096424103,118.12315326201993,231925900
2024-09-18,113.32505798339844,117.65333558843457,113.17511592459984,115.84405559100924,310318900
2024-09-19,117.82327270507812,119.6125639674696,117.2035157611041,117.30347459042382,293506400
2024-09-20,115.95401763916016,118.57298181753792,115.3442588328446,117.01359501507952,382462400
2024-09-23,116.21392059326172,116.94362697511984,114.81447398076047,116.50380656220895,206228500
2024-09-24,120.82209014892578,121.75172180406905,115.33426088161053,116.47380837806097,354966800
2024-09-25,123.4610366821289,124.89047006468225,121.5617884105282,121.97162190060216,284692900
2024-09-26,123.99082946777344,127.61938773200264,121.75171957511898,126.74973749484685,302582900
2024-09-27,121.35187530517578,123.98082995705606,119.21272426875333,123.92085618310571,271009200
2024-09-30,121.39186096191406,121.45183473616015,118.1031642748816,118.26309688166123,226553700
2024-10-01,116.95362091064453,122.3914669216292,115.74410147280143,121.72172671524483,302094500
2024-10-02,118.8028793334961,119.33266799005563,115.09435111120959,116.39383876517695,221845900
2024-10-03,122.80130004882812,124.31070361178112,120.29229289145833,120.87206480654892,277118000
2024-10-04,124.87046813964844,124.99042330586191,121.7816969667545,124.89046448053544,243678100
2024-10-07,127.66937255859375,130.58821322989388,124.9004663256647,124.94045138468705,346250200
2024-10-08,132.83731079101562,133.42707320550807,129.36868536610157,130.20834865989482,285722500
2024-10-09,132.597412109375,134.46668122269037,131.32792651292905,134.0568400839603,246191600
2024-10-10,134.75656127929688,134.94648840712318,130.94807393580103,131.8577168886846,242311300
2024-10-11,134.74656677246094,135.72617401836632,133.60701929174726,133.9568713960576,170209500
2024-10-14,138.01527404785156,139.54466630986312,136.24597143489578,136.4159022137037,232347700
2024-10-15,131.54783630371094,138.5150744275185,128.68896947491228,137.8153397242487,377831000
2024-10-16,135.66619873046875,136.56583584893667,131.527840530584,133.92688301499192,264879700
2024-10-17,136.87570190429688,140.83413853249198,136.81572813387166,139.28475003463748,306435900
2024-10-18,137.94529724121094,138.8449343829922,137.22558142668973,138.61502982502418,176090200
2024-10-21,143.6530303955078,143.6530303955078,137.94528751258602,138.07524085271365,264554500
2024-10-22,143.53309631347656,144.36276924192205,141.72381599778205,142.85337309657714,226311600
2024-10-23,139.50466918945312,142.37352650102258,137.40551088320953,141.97369118156848,285930000
2024-10-24,140.35433959960938,141.293969386979,138.40511570705533,140.76418072009866,172354900
2024-10-25,141.48388671875,144.0728716327459,140.74418981710016,140.8741279131319,205122100
2024-10-28,140.4643096923828,143.08326638426843,139.99449475491215,142.9433224828564,173586700
2024-10-29,141.19400024414062,142.20359433012132,138.8449258203989,140.23437413304583,157593600
2024-10-30,139.28475952148438,140.27437255912164,136.75576367804047,139.48467718743143,179418100
2024-10-31,132.70738220214844,137.55546626582213,132.05764589588958,137.54547571977304,270039600
2024-11-01,135.34632873535156,137.25557537634637,134.5166711244238,134.64660922766117,207127800
2024-11-04,135.99607849121094,138.90492874894582,135.51627301400697,137.15562237613318,187528200
2024-11-05,139.8545379638672,140.31434706066804,137.27555894461494,137.39550649112996,160537400
2024-11-06,145.55227661132812,146.4319326348536,141.90372967757455,142.90333324876622,242043900
2024-11-07,148.8209991455078,148.8709671267726,146.1120664908763,146.33198051831096,207323300
2024-11-08,147.5714874267578,149.71063856526422,146.20202009433146,148.7110349444156,175665800
2024-11-11,145.20240783691406,148.7909962143961,143.51309063046196,148.62105018654825,182325600
2024-11-12,148.231201171875,149.5906625866308,145.95210633724608,146.72180532829077,198634700
2024-11-13,146.21200561523438,149.2707898303925,145.8421419549503,149.01089841600094,191903300
2024-11-14,146.7018280029297,148.94094569769402,145.49231611296014,147.5814841067195,194463300
2024-11-15,141.92372131347656,145.18243895947262,140.0244804881745,144.81257523878364,250132900
2024-11-18,140.09442138671875,141.49387540802257,137.09561095173166,139.44468522690033,221205300
2024-11-19,146.95172119140625,147.07168399645053,140.9341184421503,141.26398946372595,227834900
2024-11-20,145.83216857910156,147.5015047606034,142.67341754276418,147.3515703217148,309871700
2024-11-21,146.6118621826172,152.8293979645091,140.64422730754492,149.290807835149,400946600
2024-11-22,141.89373779296875,147.1016796207282,141.0440838257902,145.8721561256333,236406200
2024-11-25,135.96609497070312,141.99370385870768,135.766177287977,141.933730079164,344941900
2024-11-26,136.86572265625,139.2447840977321,135.61621816013385,137.64541224160723,190287700
2024-11-27,135.2863311767578,137.1655905980091,131.74774157257602,134.95646019838466,226370900
2024-11-29,138.19520568847656,139.29477581313424,135.99608069190262,136.7257870913165,141863200
2024-12-02,138.57504272460938,140.39431322408433,137.76536630294407,138.77496038075373,171682800
2024-12-03,140.20440673828125,140.48429454860658,137.8953246767264,138.2051993772479,164414000
2024-12-04,145.08245849609375,145.73219470186731,140.23437518220274,141.94370396224937,231224300
2024-12-05,145.0124969482422,146.49200804389403,143.9028598130552,145.06248362625453,172621200
2024-12-06,142.3933563232422,145.65228325014007,141.26372149336697,144.5526526293818,188505600
2024-12-09,138.7645263671875,139.90415231737651,137.08508402113657,138.92447761551347,189308600
2024-12-10,135.0257568359375,141.77354545828368,133.74616214517607,138.96445323342698,210020900
2024-12-11,139.2643585205078,140.12407738797447,135.16571086465208,137.31500040642362,184905200
2024-12-12,137.29501342773438,138.39465924672223,135.75552453494274,137.03510407678786,159211400
2024-12-13,134.20602416992188,139.55427778956917,132.4965775973186,138.89449032268433,231514900
2024-12-16,131.9567413330078,134.3559487102744,130.3772572956884,134.13601958774962,237951100
2024-12-17,130.3472900390625,131.54689392732612,126.81844751374322,129.04771280436398,259410300
2024-12-18,128.86778259277344,136.6552244722092,128.23798405143236,133.8161583001621,277444500
2024-12-19,130.63717651367188,133.98608501684748,129.50755712091288,131.7168244915274,209719200
2024-12-20,134.65586853027344,135.2356803497186,128.1779956829599,129.76747112979962,306528600
2024-12-23,139.62423706054688,139.7441928628519,135.07572475974197,136.23534836132282,176053500
2024-12-24,140.174072265625,141.85351466107915,138.60457919611483,139.9541431061549,105157000
2024-12-26,139.8841552734375,140.8038673288582,137.68487898660138,139.65423488647767,116205600
2024-12-27,136.96511840820312,138.97446981750295,134.66588395063462,138.50462254046806,170582600
2024-12-30,137.4449462890625,140.22403398735426,133.97608228188028,134.78581438230358,167734700
2024-12-31,134.2460174560547,138.02479365615312,133.7861766339878,137.98479821279548,155659200
2025-01-02,138.2646942138672,138.8345148325783,134.58590691715995,135.95545329338754,198247200
2025-01-03,144.4226837158203,144.85253555834646,139.68423069189672,139.96413776465596,229322500
2025-01-06,149.38104248046875,152.11015917129038,147.77158452702758,148.5413213081193,265377400
2025-01-07,140.09408569335938,153.07983530547875,139.9641234037018,152.97986196669754,351782200
2025-01-08,140.06410217285156,143.90284057175748,137.51493447299714,142.5332942493383,227349900
2025-01-10,135.86549377441406,139.87417502688794,134.17604480086774,137.40498271998055,207602500
2025-01-13,133.18637084960938,133.44629547754278,129.46758770744978,129.94744151880715,204808900
2025-01-14,131.71682739257812,136.33532416409136,130.00739616366573,136.00543044799826,195590500
2025-01-15,136.1953887939453,136.4053114797544,131.24699764678536,133.60622538989423,185217300
2025-01-16,133.52626037597656,138.70455649670012,133.44628474718112,138.59459191383036,209235600
2025-01-17,137.66490173339844,138.45463626831489,135.41563868932835,136.6452315490251,201188800
2025-01-21,140.78387451171875,141.78354697270905,137.0450940162502,139.1144233323199,197749000
2025-01-22,147.02183532714844,147.74158546149795,143.62293982675303,144.61262104889417,237651400
2025-01-23,147.17178344726562,147.18177468068177,143.67292977388993,145.0024960002277,155915500
2025-01-24,142.57327270507812,148.92119854206575,141.83352489203162,148.32138900097752,234657600
2025-01-27,118.38121032714844,128.3579371600633,116.66177248371496,124.75912547322825,818830900
2025-01-28,128.94775390625,128.95774513931468,116.21192149182427,121.77009783396647,579666400
2025-01-29,123.65947723388672,126.8484347440811,120.01067894543576,126.45856310434583,467120600
2025-01-30,124.60917663574219,124.9590604797062,118.06131881584726,123.05968123503551,392925500
2025-01-31,120.03067016601562,127.80812056780856,119.15096116009843,123.73945402173636,388161100
2025-02-03,116.62179565429688,118.53116613291392,112.9729895620065,114.71241754878405,371235700
2025-02-04,118.61113739013672,121.16029755445565,116.66177154188583,116.92168851369838,256550000
2025-02-05,124.78911590576172,124.95905839472358,120.72044926950534,121.72012173666313,262230800
2025-02-06,128.63784790039062,128.72783001681898,125.16899078801299,127.37826606210074,251483600
2025-02-07,129.79747009277344,130.32729528258605,124.95905898960582,129.17767804139822,228186300
2025-02-10,133.52626037597656,134.955784699492,129.91744211571256,130.04738916543755,216989100
2025-02-11,132.75650024414062,134.43594258561095,130.9770845592916,132.53657109173992,178902400
2025-02-12,131.09706115722656,132.19670709360815,129.03773808890557,129.97743275203294,160278600
2025-02-13,135.24566650390625,136.455276767875,131.12702127315083,131.51689288233604,197430000
2025-02-14,138.8045196533203,139.20438251414282,135.45561099221797,136.43528567888637,195479600
2025-02-18,139.35433959960938,143.3930250185803,137.8848198127303,141.22373753647113,219176600
2025-02-19,139.18438720703125,141.3136943495984,137.17505112782226,139.46429426521587,167536000
2025-02-20,140.06410217285156,140.61392504988532,136.74518244514988,139.98412654948388,143903600
2025-02-21,134.38595581054688,141.41366694156105,133.98609294492073,139.99411868487,228217600
2025-02-24,130.23733520507812,138.544611438826,130.03740375103862,136.51527743543022,251381100
2025-02-25,126.5885238647461,130.1573543264651,124.39924631174091,129.93742515974864,271428700
2025-02-26,131.23699951171875,133.68619399137987,128.44792005609298,129.9474287481865,322553800
2025-02-27,120.11064910888672,134.96577503505506,119.97069557287365,134.9557838016939,443175800
2025-02-28,124.87907409667969,125.04901657384264,116.3618686236696,117.98133302681437,389091100
2025-03-03,114.02263641357422,123.65947815441595,112.2432206852501,123.46954557652553,411381400
2025-03-04,115.9520034790039,119.27091565466138,110.07393231302608,110.61375634258967,398163300
2025-03-05,117.2615737915039,118.24124845757764,114.47248692259635,117.54148083895355,284337900
2025-03-06,110.53378295898438,115.31221606989396,110.18389912538346,113.49281250827367,321181900
2025-03-07,112.65309143066406,113.44283358559466,107.52476685365718,111.21356065439609,341755500
2025-03-10,106.94496154785156,111.81336147496829,105.42545516002185,109.86400325750407,366487400
2025-03-11,108.72437286376953,112.20322856084239,104.73567447790636,106.95494843650206,354865700
2025-03-12,115.71273040771484,116.73249437499013,112.85340359157789,114.09311694895557,323857500
2025-03-13,115.55277252197266,117.73225924433854,113.76319330991835,117.0024278677365,299033100
2025-03-14,121.6413345336914,121.85128414551467,118.12216714928688,118.5820578648422,277593500
2025-03-17,119.50183868408203,122.86104771124882,118.00219206936818,122.711081524258,255501500
2025-03-18,115.40280151367188,118.99195194008684,114.51301183473794,117.97219563901088,299686900
2025-03-19,117.49230194091797,120.42161176372424,115.65273921562084,117.24236085578977,273426200
2025-03-20,118.50206756591797,120.17167220516042,116.44255543913019,116.52253841801043,248829700
2025-03-21,117.6722640991211,117.9621966837067,115.39280254041711,116.91244866461768,266498500
2025-03-24,121.38140106201172,122.19120779583362,119.31188140429414,119.8517551027078,228452500
2025-03-25,120.66156768798828,121.26142480153007,118.89198043130345,120.5216012824151,167447200
2025-03-26,113.73320007324219,118.81199741904777,112.68344440410922,118.70203035263671,293463300
2025-03-27,111.40375518798828,114.42304053099558,110.6339399022949,111.32377219977147,236902100
2025-03-28,109.6441650390625,112.84341584506377,109.04430789656145,111.46373602695421,229872500
2025-03-31,108.35446166992188,110.9338556226425,103.6255803841977,105.10522740758995,299212700
2025-04-01,110.12405395507812,110.17403760023085,106.4449205320371,108.49443304563391,222614000
2025-04-02,110.39398193359375,111.95361956622256,106.76483994973236,107.26472214391917,220601200
2025-04-03,101.7760238647461,105.60511590388697,101.57606639857329,103.48562015563714,338769400
2025-04-04,94.28778076171875,100.10640942744341,92.08830207120735,98.88670323249266,532273800
2025-04-07,97.61699676513672,101.72602911656392,86.59959627985899,87.43939472630683,611041300
2025-04-08,96.27731323242188,105.82505852328022,94.43774279946976,103.78553826456235,476243400
2025-04-09,114.30306243896484,115.07287764897656,97.5070179445592,98.86669810018236,612918300
2025-04-10,107.5446548461914,110.83388059600858,99.12664053501021,109.34423379452805,437812400
2025-04-11,110.90386199951172,111.52371865557488,107.45467796999777,108.47443427245335,313417300
2025-04-14,110.68391418457031,114.2630725146749,109.04430120283689,114.08311462021162,264705000
2025-04-15,112.1735610961914,113.5932323217664,110.47396469045397,110.94385517244878,228966900
2025-04-16,104.46538543701172,106.76484672728219,100.4263361362673,104.52537649088836,397016900
2025-04-17,101.46607971191406,104.44538077133734,100.02642426353728,104.4253812132841,292517500
2025-04-21,96.88717651367188,99.41657935183265,95.01761424618036,98.74673137333838,288501100
2025-04-22,98.86669921875,99.78648062043173,97.2570779520085,98.75672452641882,241004800
2025-04-23,102.68579864501953,104.77531016741209,101.99595878138034,104.4953697335839,247526000
2025-04-24,106.40492248535156,106.51489717654988,103.08570507328525,103.45562063709751,220815000
2025-04-25,110.98385620117188,111.8936379045766,105.70510100806126,106.82483233532861,251064700
2025-04-28,108.70439147949219,110.34400455936343,105.9950231207954,109.66416443154382,207708500
2025-04-29,108.99430847167969,110.1740307356611,107.41468656100368,107.64462809509338,170444300
2025-04-30,108.89433288574219,108.89433288574219,104.05547701680861,104.44538450923935,235044600
2025-05-01,111.58370208740234,114.91291927434723,111.27377757314032,113.05335693358144,236121500
2025-05-02,114.47303009033203,115.37281962529518,113.34329900218786,114.15310576985596,190194800
2025-05-05,113.79318237304688,114.64298057759626,112.63345964895049,112.88340074602954,133163200
2025-05-06,113.51325988769531,114.7129742117387,110.7938992837595,111.4537475013017,158525600
2025-05-07,117.03242492675781,117.65228163619798,112.25355204144066,113.02337494499027,206758800
2025-05-08,117.34236145019531,118.65205049698933,115.82271514729747,118.22215145930612,198428100
2025-05-09,116.62252044677734,118.20215005190205,115.18285724943865,117.32235248570746,132972200
2025-05-12,122.97102355957031,122.97102355957031,120.25166311897564,121.94126742822685,225023300
2025-05-13,129.89938354492188,131.18908818741485,124.44067836400953,124.95056035306071,330430100
2025-05-14,135.30810546875,135.40808800730593,131.6489642323906,133.16861033831793,281180800
2025-05-15,134.79823303222656,136.2678878895653,132.6287461607251,134.258351724734,226632600
2025-05-16,135.36810302734375,136.31789147723805,133.42857277146337,136.18791721457987,226542500
2025-05-19,135.53805541992188,135.83797251007488,132.35879696756518,132.35879696756518,193154600
2025-05-20,134.34835815429688,134.5483080029045,132.58876287408052,134.2583677555072,161514200
2025-05-21,131.76895141601562,137.36762292180558,130.55922977564506,133.02864907239967,270608700
2025-05-22,132.7987060546875,134.21836966107523,131.51900885300861,132.19884131725317,187344000
2025-05-23,131.25906372070312,132.64873565144939,129.12957588399638,129.96937433382988,198821300
2025-05-27,135.4680633544922,135.6280293045703,133.27857708527512,134.1183754403962,192953600
2025-05-28,134.7782440185547,137.2176717346689,134.75824445795843,135.9979578766118,304021100
2025-05-29,139.15721130371094,143.45620133736625,137.87751407348716,142.21648797143945,369241900
2025-05-30,135.09817504882812,139.58710766728817,132.88868890141003,138.6873257641086,333170900
2025-06-02,137.34764099121094,138.08745689917103,135.36809645457458,135.45808684638126,197663100
2025-06-03,141.1867218017578,141.9665367692297,137.91748812723765,138.74729436292043,225578800
2025-06-04,141.88656616210938,142.3564566649135,139.5071219355859,142.15650682982962,167120800
2025-06-05,139.95703125,143.96608121416313,138.79730082341692,142.13651043477643,231397900
2025-06-06,141.6865997314453,143.23623746842864,141.47664251332282,142.47640682683559,153986200
2025-06-09,142.59640502929688,144.96584183837217,141.9065651342004,143.15627066728982,185114500
2025-06-10,143.92608642578125,144.25599524562207,141.4966510569608,142.65638139553192,155881900
2025-06-11,142.80625915527344,144.96590375929992,141.84641202362192,144.5859620448177,167694000
2025-06-12,144.9759063720703,144.9759063720703,141.82643588786814,141.94641106631286,162365000
2025-06-13,141.94639587402344,143.556128789635,140.8265869783813,142.4563055840922,180820600
2025-06-16,144.66595458984375,146.1556971839991,143.1761967394354,143.32618096280035,183133700
2025-06-17,144.09603881835938,145.1958620737219,143.75609899624828,144.46598768948277,139108000
2025-06-18,145.455810546875,145.62578045463974,143.0962022725339,143.9860537050978,161494100
2025-06-20,143.8260955810547,146.17569581398777,142.6262828381709,145.42582047781178,242956200
2025-06-23,144.1460418701172,144.7559411184857,142.00639807778802,142.47632119978937,154308900
2025-06-24,147.8754119873047,147.9354148301798,145.4758169849003,145.53580457152245,187566100
2025-06-25,154.28436279296875,154.4243389252029,149.23519867353343,149.24520677628502,269146500
2025-06-26,154.99423217773438,156.69394650127538,153.97439748110884,155.95406403411533,198145700
2025-06-27,157.72378540039062,158.68363258213975,155.23419369167684,156.01406285223712,263234500
2025-06-30,157.96376037597656,158.6336472456001,155.93409881773164,158.37368067249696,194580300
2025-07-01,153.2745361328125,157.17388214393176,151.46483925954294,156.26402965591922,213143600
2025-07-02,157.22386169433594,157.57380961936815,152.94457434216997,152.9545671877056,171224100
2025-07-03,159.3135223388672,160.95324924613055,157.74379112425564,158.34368228178877,143716100
2025-07-07,158.21371459960938,159.28352889047815,157.31385497697042,158.17371270193448,140139000
2025-07-08,159.97341918945312,160.19338386133896,158.36368604860908,159.3035323273478,138133000
2025-07-09,162.85293579101562,164.39267314506114,161.13322041798892,161.1932080055649,183656400
2025-07-10,164.07273864746094,164.4726660794993,161.5831469026993,164.29270331195812,167704100
2025-07-11,164.89259338378906,167.862101078866,163.44283738179527,163.6927958392512,193633300
2025-07-14,164.04273986816406,165.4625020418882,161.99307751467913,165.3425116109199,136975800
2025-07-15,170.671630859375,172.37134531045626,169.17188012202328,171.1615549258278,230627400
2025-07-16,171.34152221679688,171.72146396229547,168.87193138356372,171.03157616389174,158831500
2025-07-17,172.97125244140625,174.13106334471073,170.80161486292053,171.99141956059896,160841100
2025-07-18,172.38136291503906,174.22105359276725,171.23154479926822,173.61115431570738,146456400
2025-07-21,171.35153198242188,173.35119970444802,170.97159023323564,172.72129949000853,123126100
2025-07-22,167.00225830078125,171.36153479867312,164.55266825003173,171.31154005146294,193114300
2025-07-23,170.75161743164062,171.23153339032083,167.94208685699226,169.5018251648929,154082200
2025-07-24,173.7111358642578,173.80111724784433,171.27153886755505,172.41134882841166,128984600
2025-07-25,173.47117614746094,174.69097468726906,172.9312725713388,173.58115848322245,122316800
2025-07-28,176.7206268310547,176.97058528484683,173.94109004538618,173.99108478739527,140023500
2025-07-29,175.48085021972656,179.350217961682,174.99094135061006,177.93045559033015,154077500
2025-07-30,179.24021911621094,179.86011122312902,176.01074478620916,176.48066791766442,174312200
2025-07-31,177.84043884277344,183.26954448460754,175.9007587673991,182.86960179799485,221685400
2025-08-01,173.69113159179688,176.51065501732398,170.86160006411595,174.06106522140865,204529000
2025-08-04,179.9700927734375,180.17005649193501,174.49100755408614,175.1309006070304,148174600
2025-08-05,178.23037719726562,180.23004490386853,175.87076869322405,179.59015184800575,156407600
2025-08-06,179.3901824951172,179.87009845787975,176.22071111043454,176.30069964693718,137192300
2025-08-07,180.73995971679688,183.84944343505214,178.77028591662776,181.53982980547644,151878400
2025-08-08,182.6696319580078,183.26953833968557,180.3700111699138,181.51982919208731,123396700
2025-08-11,182.0297393798828,183.80944232526838,180.2200426409657,182.01974653412333,138323200
2025-08-12,183.1295623779297,184.44933506001817,179.4301803710301,182.9295986692803,145485700
2025-08-13,181.559814453125,183.93942375779682,179.3201965252013,182.5896420373941,179871700
2025-08-14,181.98974609375,182.98957985829236,179.43017409752198,179.72011917648817,129554000
2025-08-15,180.42001342773438,181.86976944489334,178.01041021115256,181.84978375259033,156602200
2025-08-18,181.979736328125,182.90958965389834,180.55997422620712,180.56998232776263,132008000
2025-08-19,175.61080932617188,182.46966985536903,175.46084035755914,182.39967416584764,185229200
2025-08-20,175.370849609375,175.9707560164781,168.77195541250927,175.1408920976954,215142700
2025-08-21,174.95091247558594,176.87059152353538,173.78110877087863,174.8209444570093,140040900
2025-08-22,177.96043395996094,178.56032512128596,171.17155351749952,172.58132291943235,172789400
2025-08-25,179.78012084960938,181.87977802218637,176.54066896263805,178.3203719824875,163012800
2025-08-26,181.7397918701172,182.35968393651802,178.7802771456414,180.03006938032237,168688200
2025-08-27,181.56982421875,182.45967569067753,179.07023971825097,181.94975068857377,235518900
2025-08-28,180.1400604248047,184.43934897141472,176.3806906932069,180.7899615720414,281787800
2025-08-29,174.1510467529297,178.12038822306508,173.12121914292007,178.08040158317536,243257900
2025-09-02,170.75161743164062,172.351357635579,167.19221149694363,169.9717482776903,231164900
2025-09-03,170.59165954589844,172.38137081666613,168.851958278929,171.03158891427162,164424900
2025-09-04,171.63148498535156,171.83144870716828,169.381858788342,170.54166973363456,141670100
2025-09-05,166.9922637939453,169.0019244592772,164.04275681292185,168.00209055003162,224441400
2025-09-08,168.2820281982422,170.93159698121408,167.32219627229085,167.5221599855096,163769100
2025-09-09,170.7316131591797,170.95157781434446,166.71229229208453,169.0618925540675,157548400
2025-09-10,177.300537109375,179.26020289704138,175.44084555219968,176.61064931709572,226852000
2025-09-11,177.1505584716797,180.26021784214308,176.4606317396978,179.66027757334626,151159300
2025-09-12,177.80047607421875,178.5803891806412,176.43061617633268,177.75047851465564,124911000
2025-09-15,177.73048400878906,178.830369337568,174.49083425075145,175.65071055071581,147061600
2025-09-16,174.86080932617188,177.4805168617991,174.36086420825131,176.98057174387853,140737800
2025-09-17,170.27130126953125,173.18098551277336,168.39151800406466,172.62104942275718,211843800
2025-09-18,176.2206573486328,177.08056354559588,172.94101865721873,173.96089569350613,191763300
2025-09-19,176.6505889892578,178.06043774665943,175.16074718989944,175.7506939671915,237182100
2025-09-22,183.58984375,184.52974299714734,174.69082690233378,175.28075846993005,269637000
2025-09-23,178.410400390625,182.3999677661597,176.19065819152993,181.95002022927713,192559600
2025-09-24,176.9505615234375,179.76025041106172,175.38072666046574,179.75025700209653,143564100
2025-09-25,177.67050170898438,180.2402117285651,173.11100459099512,174.4608472798892,191586700
2025-09-26,178.17044067382812,179.750269051669,174.91078879333958,178.15043859744398,148573700
2025-09-29,181.83004760742188,183.97980553666213,180.30021674934378,180.41019002973698,193063500
2025-09-30,186.55950927734375,187.32942897828707,181.4600633204032,182.06000352373024,236981000
2025-10-01,187.21945190429688,188.11934700723293,183.87980694521147,185.21967144700423,173844900
2025-10-02,188.8692626953125,191.0290292282152,188.03935198339767,189.57919146332628,136805800
2025-10-03,187.59939575195312,190.33910041164867,185.35965145286306,189.1692307003317,137596900
2025-10-06,185.51962280273438,187.20943969833962,183.3098739831843,185.4796339074747,157678100
2025-10-07,185.01968383789062,189.03924688644503,183.97980469837793,186.20955566811082,140088000
2025-10-08,189.0892333984375,189.57918508139647,186.51950830089396,186.5495190429729,130168900
2025-10-09,192.54885864257812,195.27855455286462,191.039014711271,192.20888438710807,182997200
2025-10-10,183.139892578125,195.59851591827854,182.03001384654092,193.4887469873255,268774400
2025-10-13,188.29933166503906,190.08912842775598,185.93959015922437,187.9493639887039,153482800
2025-10-14,180.01022338867188,184.77970370013514,179.6802578066599,184.74970821605342,205641400
2025-10-15,179.8102569580078,184.84969686580231,177.2705272995106,184.77971248532194,214450500
2025-10-16,181.7900390625,183.2598789113643,179.75026972003684,182.20999112544493,179723300
2025-10-17,183.19989013671875,184.07979842608083,179.7302697995737,180.1602152773484,173135200
2025-10-20,182.6199493408203,185.1796658652692,181.7100455780644,183.10990104163824,128544700
2025-10-21,181.14010620117188,182.76991679751694,179.7802549646251,182.76991679751694,124240200
2025-10-22,180.2602081298828,183.4198648953589,176.74059027394597,181.12011433169937,162249600
2025-10-23,182.13999938964844,183.0098989665471,179.7702492811968,180.4001849787377,111363700
2025-10-24,186.23953247070312,187.44940625639555,183.47984116964938,183.81980015643103,131296700
2025-10-27,191.46897888183594,191.97891738858848,188.4093020699799,189.9691435897376,153452700
2025-10-28,201.0079345703125,203.12769700573313,191.8889404255143,193.0288146936141,297986200
2025-10-29,207.01727294921875,212.1667169482571,204.7575264516481,207.95717223581016,308829600
2025-10-30,202.8677215576172,206.13736677538768,201.38788833732997,205.12746791137428,178864400
2025-10-31,202.4677734375,207.94716749796044,202.04782138155986,206.42733011185774,179802200
2025-11-03,206.85728454589844,211.31678618801203,205.53742218982754,208.05714970598171,180267300
2025-11-04,198.66818237304688,203.9476013046771,197.90825607143535,202.9777066091775,188919300
2025-11-05,195.18858337402344,202.89772869539195,194.6286320152979,198.7481902403631,171350300
2025-11-06,188.05935668945312,197.59830279082226,186.35954634625867,196.39843756369172,223029800
2025-11-07,188.1293487548828,188.29934352754728,178.8903723972709,184.87970536775757,264942300
2025-11-10,199.0281524658203,199.91805415635875,193.76872011438098,195.08858253564551,198897100
2025-11-11,193.1387939453125,195.3985402959953,191.2789975702345,195.13857433756354,176483300
2025-11-12,193.7787322998047,195.86849924763862,191.1090271797132,195.69851973704638,154935300
2025-11-13,186.8394775390625,191.4189763426968,183.82981362374773,191.02901978717685,207423100
2025-11-14,190.1491241455078,190.98902828114038,180.56018045425046,182.8399289693184,186591900
2025-11-17,186.5795135498047,188.9792438771453,184.29976516169708,185.9495778546046,173628900
2025-11-18,181.340087890625,184.7797126313021,179.6302689297591,183.3598703733926,213598900
2025-11-19,186.49951171875,187.8393608341106,182.80991469001526,184.76969080502667,247246400
2025-11-20,180.6201629638672,195.97847686300787,179.83025642841662,195.92847930218133,343504800
2025-11-21,178.86036682128906,184.5397359279593,172.91100782704066,181.22010834266524,346926200
2025-11-24,182.52996826171875,183.4798609481747,176.4606271183833,179.47030653663683,256618300
2025-11-25,177.80047607421875,178.14043506786686,169.53138015579162,174.89079203873564,320600300
2025-11-26,180.24020385742188,182.8899220695924,178.22043661727494,181.6100638206842,183852000
2025-11-28,176.98056030273438,179.2703020816569,176.48061521713345,178.99033405428943,121332800
2025-12-01,179.90025329589844,180.2802164760195,173.66093259662904,174.7408159055669,188131000
2025-12-02,181.44007873535156,185.63961443898967,179.98023235974816,181.7400335835938,182632200
2025-12-03,179.57028198242188,182.4299686383783,179.09033894604931,181.06012391136443,165138000
2025-12-04,183.37008666992188,184.51002440204854,179.95027347354184,181.61017209543593,167364900
2025-12-05,182.40013122558594,184.6500094505641,180.9002124089338,183.88004685245298,143971100
2025-12-08,185.5399627685547,187.98982714518382,182.39012406320575,182.6301165694494,204378100
2025-12-09,184.95999145507812,185.70995086836587,183.31008684903045,185.54995586495326,144719700
2025-12-10,183.77005004882812,185.46995496958337,182.03013874897007,184.9599880707457,162785400
2025-12-11,180.92019653320312,181.31019006496976,176.61043233199788,180.27023782951787,182136600
2025-12-12,175.01052856445312,182.81010931847595,174.61054106596097,181.10019518559332,204274900
2025-12-15,176.28045654296875,178.4103461991077,175.02053019793698,177.93037643785232,164775600
2025-12-16,177.71038818359375,178.48035080582065,174.8905333961456,176.25046044282257,148588100
2025-12-17,170.93075561523438,176.12047730871902,170.30078481189744,176.0904801521757,222775500
2025-12-18,174.1305694580078,176.14045512074784,171.8107030234881,174.52054772862792,176096000
2025-12-19,180.98020935058594,181.4401759084778,176.3304518785618,176.6604358481607,324925900
2025-12-22,183.6800537109375,184.15002947616998,182.34012994783166,183.91003698180788,129064400
2025-12-23,189.19976806640625,189.31975669034466,182.89009670029142,182.96010023623109,174873600
2025-12-24,188.59979248046875,188.899779295176,186.57989753660073,187.92983057380172,65528500
2025-12-26,190.51968383789062,192.67957056140054,187.98982202804387,189.9097162518428,139740300
2025-12-29,188.20980834960938,188.749772392931,185.8999358866866,187.6998414610299,120006100
2025-12-30,187.52984619140625,188.9797799436452,186.91987858592935,188.22982052336855,97687300
2025-12-31,186.4899139404297,190.54969193131708,186.47991997410415,189.55975523635485,120100500
2026-01-02,188.83978271484375,192.91954841717475,188.24980305842183,189.82971935613102,148240500
2026-01-05,188.1098175048828,193.61952916959007,186.13992286460274,191.74961996436147,183529700
2026-01-06,187.22987365722656,192.15959956375178,186.80989821500853,190.50969495089785,176862600
2026-01-07,189.09976196289062,191.35963411085106,186.54989697142676,188.55979791265688,153543200
2026-01-08,185.0299835205078,189.53974931649188,183.70006889406122,189.09977067708235,172457000
2026-01-09,184.84999084472656,186.32990643372668,183.66005283935564,185.06998015284367,131327500
2026-01-12,184.92999267578125,187.10986736077922,183.010098425574,183.2100845491025,137968500
2026-01-13,185.79994201660156,188.0998205983224,183.3900687774691,184.9899882929175,160128900
2026-01-14,183.1300811767578,184.45001701406107,180.79021156477043,184.3100252062831,159586100
2026-01-15,187.03988647460938,189.6897370464893,186.31992419508657,186.48991316970114,206188600
2026-01-16,186.21990966796875,190.4296883714215,186.06992389502736,189.06976141755646,187967200
2026-01-20,178.06036376953125,182.37012791600927,177.60038196777572,181.89014292514364,223345300
2026-01-21,183.31008911132812,185.3699752173061,178.3903418724365,179.04031586008543,200381000
2026-01-22,184.82998657226562,186.15991637882954,183.92003219020145,184.7399951080077,139636600
2026-01-23,187.6598358154297,189.58973923983262,186.80989099781206,187.48984685190618,142748100
2026-01-26,186.4599151611328,189.1097657209082,185.97994539629804,187.1498802806874,124799600
2026-01-27,188.50979614257812,189.9897117301412,185.6899415183402,187.22986667366473,143711600
2026-01-28,191.5096435546875,192.33960048487265,189.82972650403363,191.25965707901594,148552700
2026-01-29,192.49957275390625,193.46952146246272,186.04992498376654,191.32963792417547,171764400
2026-01-30,191.11965942382812,194.47947816452233,189.45974561417185,191.19965692455457,179489500
2026-02-02,185.59996032714844,190.2897090701948,184.87000408758857,187.1898706566695,165794100
2026-02-03,180.33023071289062,186.25991753048794,176.22045266395375,186.22992037566058,204019600
2026-02-04,174.18057250976562,179.57028010697434,171.90069716024271,179.45029148582987,207014100
2026-02-05,171.87069702148438,176.81043194569037,171.020736948564,174.92051964769362,206312900
2026-02-06,185.39996337890625,186.98987361565233,174.59055120100808,176.6804343618602,231346200
2026-02-09,190.0297088623047,193.64952333361757,183.9400420976916,184.25002288009932,196387400
2026-02-10,188.52978515625,192.46957427391544,188.10980972728564,191.36964298604585,136764800
2026-02-11,190.0397186279297,193.24953637655122,188.75978911487715,192.43958265041238,144192700
2026-02-12,186.9298858642578,193.5995230748733,186.49990120030046,193.01955263160718,189932500
2026-02-13,182.80010986328125,187.4898586352177,181.58017462912434,187.4698554447334,161888000
2026-02-17,184.95999145507812,187.13986615921206,179.17029624003743,181.74016448672575,162276900
2026-02-18,187.96981811523438,190.3596881055438,186.7498829478333,188.73978069812654,164749100
2026-02-19,187.88983154296875,188.41980165789556,185.64996245587088,187.04988063530703,126554500
2026-02-20,189.8097381591797,190.31970507557438,185.92994318264132,186.5599139825128,178422300
2026-02-23,191.53964233398438,193.93950641757905,189.56974766836524,191.3896412925324,171584800
2026-02-24,192.83956909179688,193.75951747058733,187.38985183856119,191.47964208446245,175123600
2026-02-25,195.54940795898438,197.61930319203404,193.77949953248776,194.43946745531196,250637100
2026-02-26,184.87998962402344,194.27947461393586,184.31002841741252,194.25948668244985,360807900
2026-02-27,177.180419921875,182.5801217841234,176.3704661683341,181.2401979138715,311636500
2026-03-02,182.47012329101562,183.45008125730604,174.63055110847353,175.00052620838028,209095300
2026-03-03,180.04025268554688,180.8901975001603,176.91041730394699,178.4803396065267,178099400
2026-03-04,183.03009033203125,184.69000418349444,180.0502558302461,180.4302401537762,177731200
2026-03-05,183.330078125,184.05004039552568,177.87038204113773,181.1601973472636,198779700
2026-03-06,177.8103790283203,182.7500987288974,176.81043317462274,179.83025866705609,189021900
2026-03-09,182.64010620117188,182.90010189125664,175.55049367782217,176.82042919903367,177213600
2026-03-10,184.760009765625,186.42991760168223,182.00014929336922,182.39012758732315,179118500
2026-03-11,186.02999877929688,187.6199951171875,184.4499969482422,185.91000366210938,145280400
2026-03-12,183.13999938964844,184.94000244140625,181.75,184.0500030517578,155762700
2026-03-13,180.25,186.08999633789062,179.94000244140625,184.9199981689453,160988400
2026-03-16,183.22000122070312,188.8800048828125,181.41000366210938,182.97000122070312,217307400
2026-03-17,181.92999267578125,185.39999389648438,181.67999267578125,185.05999755859375,182497800
2026-03-18,180.39999389648438,183.3800048828125,180.3300018310547,182.47999572753906,156683100
2026-03-19,178.55999755859375,179.97999572753906,175.7899932861328,178.00999450683594,170968500
2026-03-20,172.6999969482422,178.25999450683594,171.72000122070312,178.0,241323500
2026-03-23,175.63999938964844,178.3699951171875,174.75999450683594,177.25999450683594,182836300
2026-03-24,175.1999969482422,176.22000122070312,173.97999572753906,174.8300018310547,147667800
2026-03-25,178.67999267578125,181.22000122070312,176.85000610351562,177.10000610351562,162602100
2026-03-26,171.24000549316406,176.50999450683594,171.13999938964844,176.07000732421875,186152200
2026-03-27,167.52000427246094,170.97000122070312,167.00999450683594,170.0,196212700
2026-03-30,165.1699981689453,169.4499969482422,164.27000427246094,168.77999877929688,185627000
2026-03-31,174.39999389648438,174.6199951171875,166.9600067138672,166.97000122070312,226181300
2026-04-01,175.75,177.3699951171875,174.75,176.0,168132000
2026-04-02,177.38999938964844,177.49000549316406,171.3699951171875,172.17999267578125,143143200
2026-04-06,177.63999938964844,177.7899932861328,175.75999450683594,177.16000366210938,107564300
2026-04-07,178.10000610351562,178.22999572753906,173.66000366210938,175.72999572753906,132534900
2026-04-08,182.0800018310547,185.25999450683594,180.3000030517578,184.5,147732700
2026-04-09,183.91000366210938,184.0800018310547,180.6199951171875,181.83999633789062,116428500
2026-04-10,188.6300048828125,190.0,184.3000030517578,184.30999755859375,160459500
2026-04-13,189.30999755859375,189.66000366210938,185.74000549316406,186.02999877929688,133648200
2026-04-14,196.50999450683594,196.50999450683594,190.77000427246094,190.83999633789062,161307000
2026-04-15,198.8699951171875,200.39999389648438,195.74000549316406,196.5399932861328,185338400
2026-04-16,198.35000610351562,199.85000610351562,195.80999755859375,197.42999267578125,134012900
2026-04-17,201.67999267578125,201.6999969482422,199.27000427246094,199.89999389648438,160324400
2026-04-20,202.05999755859375,202.1699981689453,197.83999633789062,199.97999572753906,119381400
2026-04-21,199.8800048828125,202.75,199.0,202.1300048828125,107945300
2026-04-22,202.5,202.5,199.0,200.99000549316406,107501000
2026-04-23,199.63999938964844,203.8300018310547,197.22000122070312,202.4600067138672,113561800
2026-04-24,208.27000427246094,210.9499969482422,199.80999755859375,199.9600067138672,214134400
2026-04-27,216.61000061035156,216.8300018310547,207.3800048828125,209.64999389648438,187172400
2026-04-28,213.1699981689453,214.72999572753906,208.1999969482422,209.49000549316406,180275400
2026-04-29,209.25,212.72000122070312,207.5800018310547,212.6999969482422,123711800
2026-04-30,199.57000732421875,210.3000030517578,198.6999969482422,209.92999267578125,225239200
2026-05-01,198.4499969482422,203.0,197.1199951171875,201.27999877929688,128647000
2026-05-04,198.47999572753906,201.72999572753906,194.74000549316406,199.5,125368100
2026-05-05,196.5,200.24000549316406,196.02999877929688,199.3000030517578,113406600
2026-05-06,207.8300018310547,208.27000427246094,198.61000061035156,199.88999938964844,188362800
2026-05-07,211.5,214.1999969482422,206.5,208.33999633789062,168307900
2026-05-08,215.1999969482422,217.8000030517578,212.88999938964844,213.02999877929688,136421400
2026-05-11,219.44000244140625,222.3000030517578,213.88999938964844,214.0399932861328,160685800
2026-05-12,220.77999877929688,223.75,214.9199981689453,218.5500030517578,159176600
2026-05-13,225.8300018310547,227.83999633789062,221.57000732421875,224.92999267578125,150405400
