Price,Close,High,Low,Open,Volume
Ticker,ORCL,ORCL,ORCL,ORCL,ORCL
Date,,,,,
2021-07-06,77.64844512939453,78.16248326653418,76.04089316183624,76.26520058294074,14200400
2021-07-07,80.4616470336914,81.47104103790298,77.53628119638219,77.7325510643227,20976600
2021-07-08,79.99433898925781,81.20935113155122,79.12514688098526,79.46160443192082,16383300
2021-07-09,82.02247619628906,82.62063405209211,80.17192042760806,80.26538125558902,15685300
2021-07-12,81.38692474365234,83.04120334444114,81.28411570359505,81.80750199435698,16076800
2021-07-13,81.37759399414062,82.18137004500998,80.87289690657579,81.03178104601149,12789300
2021-07-14,82.81282806396484,83.17867483386287,81.29315906805212,81.68714679611045,13330500
2021-07-15,80.899169921875,83.27248632051165,80.214382701707,82.64398102065678,18306300
2021-07-16,82.07176208496094,83.0004567618574,81.16183282045657,81.37759212151849,14617500
2021-07-19,81.59335327148438,82.4282352191545,80.85227691717678,81.5276886404398,15619900
2021-07-20,83.1693115234375,83.53515834716691,81.63086973420373,81.70591707161181,12813900
2021-07-21,84.1355209350586,84.66083797187578,82.98169140701185,83.3850618908273,13108100
2021-07-22,85.07359313964844,85.4957218887746,84.12614018458471,84.42632237787417,13638900
2021-07-23,82.25938415527344,85.55200564554701,81.72468438837282,85.35501174794238,12680900
2021-07-26,82.41883850097656,82.64397331815377,81.30253280609048,82.02485078168975,10454100
2021-07-27,82.36256408691406,83.11301593148623,81.72467608272862,82.32504042114934,8465200
2021-07-28,81.78095245361328,82.50326328907582,81.72467053723896,82.45636407773289,6396800
2021-07-29,82.20308685302734,82.79407564365688,81.92167009469145,82.24999322453705,6201400
2021-07-30,81.74343872070312,82.69089165057476,81.49016290934345,81.99672168897064,7962800
2021-08-02,82.17494201660156,82.48450687738524,81.69652424601836,82.29689571401114,5579100
2021-08-03,84.18241119384766,84.58578163473778,82.37193556244414,82.43760018505847,9889800
2021-08-04,84.47321319580078,84.5107297007581,83.75089522950505,84.22931297213798,7509900
2021-08-05,83.89160919189453,84.91410216390477,83.26310394358143,84.59516176574239,8231300
2021-08-06,83.97605895996094,84.31376487611554,83.31941254349873,83.71340039337605,6513900
2021-08-09,84.33250427246094,84.86720394858082,83.58204532212459,83.91975113408525,5798700
2021-08-10,84.08859252929688,84.53886926924233,83.42256370157591,83.58203388069798,5473300
2021-08-11,84.07921600341797,84.82029220173268,83.96665217784026,84.33249892478081,8009800
2021-08-12,84.24807739257812,84.40755475640255,83.17867800033414,83.59143115415014,5687200
2021-08-13,84.78277587890625,85.68332234600324,84.37940543622568,85.00791786336084,6640400
2021-08-16,85.19552612304688,85.21428437599184,83.99479754117627,84.29497968664393,7122800
2021-08-17,85.31747436523438,86.09607428079462,84.77339913606988,85.35499802878141,6738500
2021-08-18,83.43196105957031,85.41128963980616,83.35691373024686,84.88596549144923,7666300
2021-08-19,83.21619415283203,83.85408207982445,82.76592453195892,82.82220644534141,8099400
2021-08-20,83.43196105957031,83.86347246781932,82.83159673879716,83.30063181170789,8716400
2021-08-23,83.6008071899414,84.02293585855278,83.21619502604096,83.94788853531757,7147300
2021-08-24,83.06610870361328,84.09798436342263,82.99106137932361,83.68523123673619,6320100
2021-08-25,83.13177490234375,83.39443338544041,82.59707523120929,83.06611028156958,5748500
2021-08-26,83.22559356689453,83.65710502224528,82.98169329842393,83.3100164539182,9093200
2021-08-27,83.81655883789062,83.97602903120983,83.12238899404316,83.29124189194191,5426800
2021-08-30,83.91036987304688,84.4075530514221,83.76966507973106,83.91975257823695,5357000
2021-08-31,83.61017608642578,83.95726456109752,83.00981186211679,83.91035819858027,8113300
2021-09-01,84.37939453125,84.58577107854157,83.3662843597646,83.73213109108832,8208000
2021-09-02,84.23870086669922,84.89534709750825,83.87285408711888,84.58578223573807,7717400
2021-09-03,84.42628479003906,84.87656145795741,83.7696387711007,83.80715526626446,8456900
2021-09-07,83.22559356689453,85.05482768815398,83.0567406359392,84.46384600826431,11046000
2021-09-08,83.92913818359375,84.05108472765035,82.5220329465564,82.68150315576287,8851200
2021-09-09,83.99479675292969,85.20490802836997,83.8728502176646,84.0510786681433,11034700
2021-09-10,84.1261215209961,84.9422450327434,83.96665133176356,84.09798056488522,10547400
2021-09-13,83.38504028320312,84.90471623336826,82.76591781551762,84.53886951225728,18883400
2021-09-14,81.03987121582031,81.5651881547049,79.48267865116678,80.85226006819197,22714200
2021-09-15,82.29690551757812,82.88788719382326,80.83351107268714,81.18998234523232,14951100
2021-09-16,81.84661102294922,82.52202259712615,80.85225907035898,82.24059872225028,12410500
2021-09-17,81.03987121582031,82.1467941634032,80.62711810275012,80.87101832019219,58069000
2021-09-20,80.83350372314453,81.99671587097211,79.67029873222428,79.76410431655688,13897700
2021-09-21,81.53705596923828,82.23123303533053,80.78660414109186,81.36820305544656,11124400
2021-09-22,82.96292114257812,83.48823810335534,81.8372327391753,82.19370395419426,9908000
2021-09-23,83.8822250366211,84.48258931670486,83.16929692708834,83.43195540501165,9720200
2021-09-24,84.37002563476562,84.48258946441142,83.43195555088131,83.74151323931399,7617800
2021-09-27,85.40191650390625,85.65519232261903,83.62896430219268,84.21994598379453,11533000
2021-09-28,84.88595581054688,86.55571933457408,84.47320986015438,85.02666774775392,15041800
2021-09-29,85.5988998413086,86.37749977122151,85.3643823074968,85.5050942591653,12007300
2021-09-30,81.73404693603516,85.90846326197924,81.72467138781317,85.59889840488471,15649900
2021-10-01,84.18241119384766,84.67958721605726,82.17494169460112,82.32503635023795,13320900
2021-10-04,83.73214721679688,84.82968762213983,83.45072329685416,83.93852380383386,10853900
2021-10-05,85.82401275634766,86.2742894553361,83.64769088453171,83.81654375203921,9788600
2021-10-06,85.68331146240234,85.8334060996402,84.09797800878827,84.82028876900334,10268300
2021-10-07,86.59325408935547,87.12795379372322,85.97413150599101,86.03041342532214,9124400
2021-10-08,88.85246276855469,89.44550024991472,86.70622367585646,86.96038054449527,13202300
2021-10-11,89.69964599609375,91.12106121040662,88.67358902201008,88.7583127488036,12959300
2021-10-12,89.96322631835938,90.85749011169798,89.6714152834011,90.20797499576494,9964100
2021-10-13,90.74453735351562,91.29992058873042,90.32093303237207,90.46213447275325,9453900
2021-10-14,89.69023132324219,91.63879087242815,88.83362179634155,91.12106189162965,7911200
2021-10-15,89.73731231689453,90.4056581509893,89.17251372854157,89.51138713611039,7422800
2021-10-18,90.84808349609375,90.97986959037058,89.52080002712962,89.89733480297924,7344100
2021-10-19,91.36580657958984,91.5729010519125,90.66922195779793,91.30932888052114,5616500
2021-10-20,90.97045135498047,92.22242639262679,90.60333193518994,91.56348876037981,6574100
2021-10-21,90.65040588378906,91.14931141793896,90.09501546413664,90.90456273223771,6224400
2021-10-22,92.48600006103516,92.50482356772076,90.57509454219596,90.64098758830063,6819600
2021-10-25,92.1471176147461,93.14492863029515,91.82706773496744,92.66485381062716,5083100
2021-10-26,91.29051208496094,92.77781333024917,91.25285788887973,92.53307182842664,7089700
2021-10-27,90.39622497558594,91.5917221472269,90.36798612900898,91.13046371379578,5941200
2021-10-28,90.58450317382812,91.96825703948572,90.30210032184739,90.97986142115886,5177200
2021-10-29,90.31153869628906,91.28111105658175,89.85969545425317,90.17033723429006,7578600
2021-11-01,88.8430404663086,90.39624195602173,88.40061981715962,90.36800310414026,7327600
2021-11-02,90.24562072753906,90.2926830806782,88.01465835282593,88.23116815903464,6229600
2021-11-03,90.50920104980469,91.18696219599857,89.19133295240583,90.83866627870357,5746400
2021-11-04,90.01968383789062,90.94219345709989,89.72787286835586,90.58448945632173,5857500
2021-11-05,89.37960052490234,90.88573966093188,88.57946859751394,90.55626723629813,6160200
2021-11-08,89.55845642089844,89.6620036663435,88.77714799865069,89.6620036663435,5056400
2021-11-09,89.04071044921875,90.00087440521183,88.54180496583933,89.53020777080818,6102600
2021-11-10,88.3253173828125,89.28547432057381,87.88288952201314,88.57947424869505,5828800
2021-11-11,88.52298736572266,89.20074851356505,88.29706937704299,88.5888804116627,3620600
2021-11-12,88.05231475830078,88.92775498489009,87.94876752426742,88.75831470936303,6435300
2021-11-15,88.504150390625,88.72066020150788,87.46868523577434,88.31588661039865,5700900
2021-11-16,90.00089263916016,90.71630807929985,88.50416870398662,88.61713130457846,7392900
2021-11-17,89.73731231689453,90.49979005208084,89.25723028498285,90.1420859552115,6257600
2021-11-18,89.10661315917969,89.73730474324802,88.0146630896258,89.56786446286218,5725300
2021-11-19,88.45709991455078,91.27168474315548,88.42886106190518,89.24781651584287,8936600
2021-11-22,89.05955505371094,90.05736617639737,87.92995782734154,88.2311842331603,6488200
2021-11-23,87.4875259399414,88.75832455647911,86.84741895935744,88.63595380350118,8905500
2021-11-24,88.08997344970703,88.20292885129192,86.74386652032884,86.81917490925426,10908500
2021-11-26,86.91331481933594,88.56064827452363,86.6685661236601,87.44045922681875,4519300
2021-11-29,87.4875259399414,88.60770776961057,87.42163289113734,87.70402859381034,9552500
2021-11-30,85.41659545898438,88.03350130754053,85.29422469562319,87.56283458134541,23271200
2021-12-01,84.48467254638672,86.96979214479462,84.39995598775648,86.3108616383243,12084900
2021-12-02,84.7105941772461,85.6989971610641,83.7786760834033,84.15521089541987,7089800
2021-12-03,83.06324768066406,85.46365044814391,82.57375752878507,85.04946150145956,10808600
2021-12-06,83.7221908569336,83.93869350668325,82.696133765874,83.1573850987265,8398500
2021-12-07,84.7670669555664,85.40717388999383,83.97634324513103,84.70117391151372,6803700
2021-12-08,83.7221908569336,84.88002686129036,82.75261865077684,84.76707145509177,7695800
2021-12-09,83.56217193603516,84.71059995926106,83.06326632832662,83.8916444076658,8615800
2021-12-10,96.60902404785156,100.10136936950546,94.22745219311797,98.17164061224892,45824600
2021-12-13,94.97112274169922,98.23755067151299,94.62282681075472,96.43019233203567,16317600
2021-12-14,94.02978515625,95.50767818760183,93.55911849426785,94.13333239643033,9511600
2021-12-15,97.56920623779297,97.67275348409952,94.35925596589732,94.6793130495186,14452200
2021-12-16,97.1644287109375,97.89866756861355,96.27957307127484,97.85159802879187,9053200
2021-12-17,90.95162200927734,94.0862563014834,90.18913718637073,91.95884830846245,28872300
2021-12-20,86.26380157470703,90.76337456653296,86.15083896898334,90.76337456653296,17205400
2021-12-21,86.14142608642578,86.45206066699261,84.44702300240544,86.42382181255965,15823000
2021-12-22,84.58821868896484,86.47088546204343,84.25875344003686,85.91549502944727,10539000
2021-12-23,84.45643615722656,85.05888897551782,83.8351526485989,84.74824722120398,9655400
2021-12-27,84.28699493408203,85.0306491945705,83.79749753593073,84.43760454611042,7666200
2021-12-28,83.44921875,84.53175374429311,83.3268407949221,84.43761464598555,5610500
2021-12-29,83.0350112915039,83.95752110505424,82.57375997563038,83.30799881610754,5628500
2021-12-30,82.84674835205078,83.69394978508264,82.62082318204004,83.44920110847269,7382400
2021-12-31,82.09368896484375,82.93147515724961,82.06545011055208,82.88441279403159,5908200
2022-01-03,82.74320220947266,82.78085640497422,80.72874943186153,82.20664249173144,10644400
2022-01-04,83.6280517578125,84.32464361096856,82.58317834168548,82.74320328830099,11959000
2022-01-05,81.38768005371094,83.40213283516051,81.16176206207454,83.29858559278478,11236700
2022-01-06,81.57664489746094,82.59706335469326,80.830235301588,81.25540605452657,7918400
2022-01-07,82.68209838867188,83.14506319947557,81.51995399267402,81.68057340745531,9836800
2022-01-10,84.35445404052734,84.44893563556212,82.15299755464729,82.55927490093208,11025500
2022-01-11,83.59857940673828,84.08988793982297,82.58761137939655,83.74974849057881,7249800
2022-01-12,83.43797302246094,84.58121697850844,82.83328212353473,83.9859764022641,5840300
2022-01-13,82.94664001464844,84.01429549271353,82.71988279625485,83.83478266537286,6044300
2022-01-14,82.8521728515625,83.2395495333415,81.87899877785638,82.65375934989765,6054800
2022-01-18,80.83023834228516,82.17189569292273,80.63181762773422,82.07741410076916,6824700
2022-01-19,78.77995300292969,81.90734640349113,78.63823421539063,81.03809699184444,10501800
2022-01-20,78.15636444091797,80.31057639558337,77.9673940537208,79.29015793016822,10836900
2022-01-21,77.68392944335938,78.78937889429324,77.50440942349647,78.76103514557411,11609000
2022-01-24,77.87290954589844,77.87290954589844,75.19903813725426,76.7391160991397,16770400
2022-01-25,76.5973892211914,77.57056323984374,75.77538429638192,76.84304710822921,13469900
2022-01-26,75.19904327392578,77.50443160942493,74.90614817534409,77.39105658209444,13971300
2022-01-27,75.37855529785156,76.67297532005693,74.83055202931358,75.69035100669035,10331900
2022-01-28,76.0399398803711,76.05883331318863,74.23531068578778,75.57696787879206,7854700
2022-01-31,76.68243408203125,77.13594860982636,75.69980966049725,76.04939227390527,10594200
2022-02-01,76.56905364990234,76.90919315800451,75.2557400191404,76.90919315800451,8016900
2022-02-02,77.94850158691406,78.30753451432102,76.38007979188114,76.6824324151501,9287600
2022-02-03,77.4194107055664,78.19417139949525,77.12650835928098,77.12650835928098,8207200
2022-02-04,77.58000946044922,78.33587651516137,76.97531870007248,77.50442131328151,5570200
2022-02-07,76.28559875488281,77.71229457023139,76.21001780700044,77.60836265734937,6292200
2022-02-08,76.33284759521484,76.39898543376142,75.39746753334653,75.86043240317254,6585300
2022-02-09,78.84608459472656,79.03505497728341,77.14539440261308,77.23987598964999,8755900
2022-02-10,77.3343734741211,79.15789659187439,77.11706650011325,78.18472234922345,6336300
2022-02-11,75.35023498535156,77.88238110141187,75.14237111479301,77.32492733868803,7670500
2022-02-14,74.5943603515625,75.33133414985915,74.11250201729078,75.1896081421681,5389800
2022-02-15,75.36911010742188,75.52028641599152,74.84000744439439,75.01007718729367,5712800
2022-02-16,74.82111358642578,75.37856000203301,73.9046270442401,75.08566491644163,6227000
2022-02-17,71.36302185058594,74.62269027422684,71.17405869928015,74.41482648270119,9247100
2022-02-18,70.45600891113281,71.5520157327635,70.18200720572514,71.33470154968688,7790100
2022-02-22,70.03081512451172,70.7772318273368,69.55840003729195,69.74736318878699,8039000
2022-02-23,68.47184753417969,70.27646951486179,68.35846531216725,69.98357445193282,6807100
2022-02-24,70.6827392578125,70.80557178734014,66.35542276906801,67.02625129197713,11240500
2022-02-25,72.13777160644531,72.59129319419674,70.2197677920521,70.53156343310114,8291800
2022-02-28,71.77876281738281,72.46848493588726,70.88116966011127,71.40082923582024,9234400
2022-03-01,71.81653594970703,72.27950066763474,71.44805279749173,71.78819220084145,8752100
2022-03-02,73.9613265991211,74.50932999109443,72.04332193569867,72.2322851426281,8527200
2022-03-03,73.93296813964844,74.6793849130411,73.15820761170006,74.60379676190398,8203000
2022-03-04,72.27008056640625,73.61174531103809,71.59925179833253,73.38498080833489,8841300
2022-03-07,70.21978759765625,72.17558603003827,69.38833952882862,72.08110444174837,11110100
2022-03-08,69.28441619873047,71.07959543247036,69.07655235366278,69.76627452122302,9134100
2022-03-09,71.90158081054688,72.70468508388852,70.56937390224749,70.78668082368395,8959500
2022-03-10,72.4212417602539,72.61020493118183,70.89061412519924,70.9567519558723,13812600
2022-03-11,73.52668762207031,75.49193621478476,69.9174364606825,72.46847517788194,22795800
2022-03-14,72.81807708740234,74.26366641522938,71.27800616328614,73.62118146858585,13306200
2022-03-15,76.1533203125,77.04146309624863,72.818070525506,73.7440073860613,16847200
2022-03-16,75.54862976074219,76.74856827591589,73.46055566724428,76.53125413564999,14071300
2022-03-17,76.1533203125,76.80525552256937,74.887251177651,75.37855975917131,10462400
2022-03-18,77.1737289428711,77.466623990257,74.49040749883267,75.23682420171879,24176000
2022-03-21,76.49346160888672,77.4571925690981,75.84152638336039,76.79580702202527,8131300
2022-03-22,77.2871322631836,77.69340963750474,76.37064559028585,76.96588616771649,9292300
2022-03-23,75.95490264892578,76.9186335334198,75.79428323767101,76.76745723448634,7451100
2022-03-24,77.70285034179688,78.2508537056961,76.0493971361755,76.20057346076173,7025700
2022-03-25,77.22098541259766,78.26974043853633,76.74857025145202,77.5138805057933,5682300
2022-03-28,78.9878158569336,79.0917477721631,77.23043082839543,77.23043082839543,6626700
2022-03-29,79.63973999023438,79.84760379168206,78.52484004395515,79.82870315056,5762000
2022-03-30,78.76105499267578,79.70588529996941,78.5342977373006,79.32795173535533,5533100
2022-03-31,78.16581726074219,79.28071735114887,78.03353438123452,78.52485019516746,9433300
2022-04-01,77.48552703857422,78.76104637211574,76.97531786346113,78.45870099521345,6147500
2022-04-04,79.431884765625,79.64919891109871,77.47608629029469,77.71229387044804,7882400
2022-04-05,78.36422729492188,79.85705368868797,78.10911907747666,78.79884836738371,5143400
2022-04-06,77.58946990966797,77.92015908609251,76.88084715655106,77.40049951708008,5492400
2022-04-07,77.34285736083984,77.788666006463,76.62197514160488,77.06778378722804,7112200
2022-04-08,76.77372741699219,77.61791531520262,76.12872918993098,77.50408954453937,6182500
2022-04-11,75.65448760986328,76.95396448853495,75.59757108993348,76.4797011636629,5738400
2022-04-12,75.24659729003906,76.82114727231146,74.95254919978369,75.83467899718627,6174700
2022-04-13,75.6449966430664,75.84418636143607,74.58264424174449,75.18022063353717,4728600
2022-04-14,75.36041259765625,76.22357501522835,75.23710678229514,75.72085722771118,5590400
2022-04-18,74.19371795654297,75.863126037092,73.89967716044754,75.07584758150963,4955900
2022-04-19,75.46475982666016,75.67343679739166,74.21270523895342,74.22219252944548,5412400
2022-04-20,76.15718841552734,77.64637463059346,75.68292519752308,75.68292519752308,9472600
2022-04-21,75.38887786865234,77.3997491094856,75.24659746808653,77.29541063151612,5616100
2022-04-22,72.28719329833984,75.59754828088573,72.23977132217107,75.18968165508859,9357100
2022-04-25,73.01757049560547,73.09344711296383,70.85492407553276,72.27771377372967,7305900
2022-04-26,70.6747055053711,72.70455146307957,70.6462508706705,72.41999064270904,7555200
2022-04-27,70.91184997558594,72.10698826993747,70.58934717154249,70.74111489972377,7279200
2022-04-28,72.22080993652344,72.68558591330671,70.76007820137855,71.63272087847294,6177900
2022-04-29,69.62184143066406,71.96470287135094,69.38470982309141,71.46197778448375,7946900
2022-05-02,70.19095611572266,70.76007052878393,68.79662109987899,70.12455955481022,7379900
2022-05-03,69.51750183105469,70.39014439614262,69.06220596766667,70.04867430777217,5211500
2022-05-04,71.33868408203125,71.47147722591349,69.04325146728567,69.60287868269171,6759900
2022-05-05,69.05272674560547,70.8738957477274,68.28441541917721,70.19095556276109,7197200
2022-05-06,68.7586669921875,69.18550815387206,67.94293382453907,68.41719695751229,6222500
2022-05-09,67.85758972167969,68.85353824933627,67.50663229573411,67.952440928597,7019700
2022-05-10,68.79664611816406,69.83054407027758,67.60150035043627,68.76819147266566,8129000
2022-05-11,67.37384033203125,69.67876016000989,67.22207984565728,68.58795316975635,6932100
2022-05-12,67.08927917480469,67.27898157064678,65.41987059200072,67.23155235334498,11698900
2022-05-13,67.50662994384766,68.27494133748179,66.89957355670646,67.30744024525598,6700100
2022-05-16,66.12178039550781,67.26001651942383,65.8182522098001,67.05133953487176,6942100
2022-05-17,68.1800765991211,68.19905118010067,67.06081513184209,67.39280516884395,5952500
2022-05-18,64.78437042236328,67.28848009632904,64.31958717258689,67.15568694973113,7977300
2022-05-19,63.5892219543457,64.40495538133992,63.28569374220949,64.00657595978927,9451600
2022-05-20,65.09735870361328,65.15427520372805,63.40898301273255,64.38596396397152,7531100
2022-05-23,66.43479919433594,66.84266589271462,65.13531523980777,65.7423716415784,7370200
2022-05-24,65.4767837524414,66.89957351581191,64.7938435081543,66.08384013921152,6644100
2022-05-25,66.23560333251953,66.60552806680747,65.23016038076551,65.33449886855774,7103300
2022-05-26,67.9714126586914,68.40773398154174,66.31149127892729,66.52016103071256,6758900
2022-05-27,69.03376007080078,69.10015663879439,67.8670764851012,68.63538066283913,6566700
2022-05-31,68.21800994873047,69.22345275046727,67.83859798034005,68.51205802349077,16890300
2022-06-01,67.91448974609375,69.49852711952785,67.48765575477442,69.26139551619883,5804700
2022-06-02,69.37521362304688,69.42264283314329,67.35485519119695,67.80066371405,6200400
2022-06-03,68.0947265625,69.20450096529883,67.56355397381347,68.82508887194398,8169500
2022-06-06,69.21398162841797,70.98772159718646,68.89147884711629,68.89147884711629,5274700
2022-06-07,68.9483871459961,69.36573384598097,67.90500230432836,67.90500230432836,5675700
2022-06-08,67.70582580566406,68.43619533700165,67.28847902444049,68.30340219251912,5253500
2022-06-09,65.6570053100586,67.49714903081369,65.63803072756755,67.12721703906726,6824900
2022-06-10,63.6840705871582,64.70848097542745,63.51333552244667,64.48083663470644,10256100
2022-06-13,60.75312042236328,62.69759525181002,60.47804327234108,62.39406708524513,16547200
2022-06-14,67.07980346679688,68.70178311236917,65.46730387697585,68.29391637786733,29661300
2022-06-15,66.11228942871094,67.74375604994052,65.13530836142824,66.82368425285064,11765500
2022-06-16,65.17326354980469,65.4103952061073,64.10143106852313,64.97407382691257,10686000
2022-06-17,64.23420715332031,65.79927711649388,63.92119171334921,65.2111881598829,16445600
2022-06-21,64.1962661743164,65.95103854327685,63.92119265363019,65.07839600386805,10047700
2022-06-22,63.10546112060547,64.09192945886474,62.963180711270354,63.484873133271684,8219900
2022-06-23,64.14884948730469,64.37650107509667,62.89679470118258,63.02958784238618,8775800
2022-06-24,67.06082153320312,67.13670539100039,64.47134820684741,64.81281833025214,20132600
2022-06-27,66.78575897216797,67.2031057401789,65.39142376256048,65.79929047532536,8840600
2022-06-28,65.04994201660156,67.41177071789978,65.00251280209801,66.93750751959271,7252100
2022-06-29,65.64751434326172,66.48221500906115,65.23964768273511,65.47677929381611,8077900
2022-06-30,66.2735595703125,66.6339970917234,64.69900185937661,64.69900185937661,9888600
2022-07-01,67.22208404541016,67.32642255235986,66.216640909048,66.25458284218277,7805600
2022-07-05,68.284423828125,68.29391111982962,66.56759310043458,66.75729551442748,9040400
2022-07-06,67.9714126586914,68.99581578175253,67.63942259339225,68.59743638741304,6043700
2022-07-07,68.13264465332031,68.27492504312457,67.516101121956,68.13264465332031,7814500
2022-07-08,68.17059326171875,68.52154338943126,67.65838815017628,67.99985822453793,4927300
2022-07-11,68.18965148925781,68.57076040027023,67.55129824301453,67.64657365350567,4543300
2022-07-12,67.08444213867188,68.54217696673032,66.76049702741015,68.2182318554686,7140800
2022-07-13,66.72239685058594,67.19878124308653,65.43616044464412,65.78868751195218,6454800
2022-07-14,66.1697769165039,66.2936414877316,65.00740532076985,65.89348041695197,4915500
2022-07-15,67.39884185791016,67.5227064154736,66.69379520111717,66.94151704719728,5134100
2022-07-18,66.8938980102539,68.3230512409021,66.83673420712373,67.88477845578923,4642300
2022-07-19,68.82799530029297,68.88516635398872,66.94151771641133,67.30356713426566,7160300
2022-07-20,69.1614761352539,69.64739020541926,68.75179257436832,69.12337178418645,5655700
2022-07-21,71.01939392089844,71.10513963184007,68.72321740724213,68.74227685570678,7005100
2022-07-22,71.36237335205078,71.7339525440959,70.75260199746148,71.28615011546513,6659800
2022-07-25,71.32425689697266,71.8673346999832,70.82881316181192,71.55291932217514,5721600
2022-07-26,70.53345489501953,71.7434750293594,70.22856924847787,71.26709075232262,7284400
2022-07-27,72.28656005859375,72.52475222098249,70.80976574416437,70.86692953704232,6677200
2022-07-28,73.40129089355469,73.62995331311637,71.75299808280636,72.0674134528582,5688100
2022-07-29,74.16349792480469,74.46839082873802,73.36317585912043,73.37270557963008,5926600
2022-08-01,73.78241729736328,74.13493709686833,73.07736316025522,73.53469537705372,5227500
2022-08-02,72.7438735961914,73.61089642122778,72.46756985862092,73.35364485529635,6403400
2022-08-03,73.71571350097656,74.08729269513847,72.69625133024168,73.09641242102406,6127800
2022-08-04,73.74430084228516,74.17304386134293,73.46799703947404,73.79193491715351,3656200
2022-08-05,73.6966552734375,73.74429661462315,72.41041902095385,72.66766336383135,4858100
2022-08-08,72.85821533203125,73.77287230729654,72.66765725236297,73.28695829045178,4733500
2022-08-09,73.14405059814453,73.27744490494106,72.25797540793269,72.6105024471519,4243700
2022-08-10,73.877685546875,74.29690609913526,73.55374041038799,73.92531962023749,5258500
2022-08-11,73.51563262939453,74.31595480740822,73.43940939271286,74.2683134672202,5554600
2022-08-12,75.41163635253906,75.66888067687016,73.99201316994304,74.31595100569683,6692300
2022-08-15,75.3735122680664,75.66886815993173,74.7923229350727,75.1162607172416,3733500
2022-08-16,75.76416015625,75.89755445531397,75.12580690273798,75.17344824304996,6185100
2022-08-17,75.50691986083984,76.00235638899026,75.22108634175991,75.26872768462268,5185100
2022-08-18,75.57361602783203,76.10716419516075,75.27826004506773,75.5355044060159,4120500
2022-08-19,74.94479370117188,75.39258890968472,74.73518341218146,75.297313488066,4679000
2022-08-22,72.84868621826172,74.24925722205096,72.57238245222426,74.24925722205096,5757700
2022-08-23,72.8010482788086,73.37270795408959,72.64860182190851,72.64860182190851,4432300
2022-08-24,72.57239532470703,72.943974562758,72.4580677247214,72.85822886276878,3876400
2022-08-25,73.25838470458984,73.2774441492421,72.39136896816821,72.73435901237744,3523400
2022-08-26,71.1241683959961,73.61089470717967,71.04794517312115,73.344120696164,4904100
2022-08-29,70.68590545654297,71.32425868026107,70.57157060655935,70.60968222322056,4295500
2022-08-30,70.63826751708984,71.14323374131308,69.9903845407728,70.90504157750605,5099100
2022-08-31,70.64779663085938,71.60056527788635,70.54299149816258,70.9431525853424,8612900
2022-09-01,71.74347686767578,71.81017037740797,70.0570724130876,70.61920965429945,8139800
2022-09-02,71.15276336669922,73.14404636428235,70.96221254353121,72.16269581377598,11027700
2022-09-06,70.34291076660156,71.63867670461951,70.07613670919456,71.17181483510936,7090100
2022-09-07,70.97173309326172,71.1432317371334,69.95227095164886,70.19999283036302,5792600
2022-09-08,71.1241683959961,71.26708512162494,70.13328830576175,70.53344932228525,6897100
2022-09-09,72.32466125488281,72.41993665229955,70.9240903788115,71.1241708941007,7762400
2022-09-12,73.43940734863281,73.7252335746616,72.6676598195453,73.01065710601803,15628900
2022-09-13,72.44852447509766,75.65935724110619,72.20080260629867,72.46757664852181,29476500
2022-09-14,68.71367645263672,72.28655882762526,68.38020161573289,72.21033559238735,21601400
2022-09-15,66.9224624633789,68.68508286780717,66.45560789842217,68.12295289945786,12478100
2022-09-16,65.57907104492188,66.50325784245078,65.02646345705226,66.29364756642794,23412000
2022-09-19,65.80772399902344,65.86488778639853,64.70251625183735,64.97881273684845,8364000
2022-09-20,64.89306640625,65.22653394434563,64.26423567522924,65.04550559407352,8624300
2022-09-21,63.5973014831543,65.62669590238895,63.58777176220561,65.46472699149757,6768200
2022-09-22,62.91131591796875,63.778338921631466,62.73028753939119,63.69258595897168,7190700
2022-09-23,61.5012092590332,62.349172638047946,60.85332275715676,62.2634196935948,9282500
2022-09-26,60.45317459106445,61.85374210509339,60.3960071607784,61.29161206263918,6897800
2022-09-27,59.471824645996094,61.358310001591995,59.10977513167111,61.129647533020886,9284800
2022-09-28,60.091121673583984,60.35789574678196,59.309851629626344,59.66237503128426,8549900
2022-09-29,58.499996185302734,59.643315650286056,57.909277009267555,59.34795969679241,8882100
2022-09-30,58.185577392578125,59.20503949122467,58.17605130588624,58.3666021159137,9794400
2022-10-03,60.100650787353516,60.25309363256934,57.937865422118755,58.10936407730207,9661400
2022-10-04,62.587379455566406,62.72076649465642,60.786643524278645,60.786643524278645,9892600
2022-10-05,63.49250030517578,64.0165259542067,61.910908174637584,62.253898190583264,9201600
2022-10-06,62.21579360961914,63.654468987849995,62.139570375673124,63.197144122269215,6992000
2022-10-07,60.30073165893555,61.567915769540384,59.7767096028943,61.444051186834955,7137900
2022-10-10,59.6147346496582,60.88191870956868,59.090712614580724,60.60561492641954,6407200
2022-10-11,59.76796340942383,60.42875194931365,59.040138509829575,59.23166887858075,7376900
2022-10-12,61.079959869384766,61.55879305406971,59.53811643018609,59.969067027044,9008600
2022-10-13,62.43984603881836,62.92825794612225,59.63388686208731,59.83499592829132,10147100
2022-10-14,61.587520599365234,63.790156125819365,61.49175542569645,62.93783365926267,8044500
2022-10-17,64.18280029296875,64.70951974685799,63.081489754424794,63.09106115801191,11368300
2022-10-18,64.1923599243164,65.67674535761822,63.52199655171011,65.12129724522283,6688600
2022-10-19,63.4932746887207,64.3455970585346,62.99528415190435,63.675226306114666,5506000
2022-10-20,66.31840515136719,66.96003995308256,64.34561449863581,64.6712176016858,17600500
2022-10-21,69.62235260009766,69.70854638563793,67.33353021763475,68.02305127629424,15652600
2022-10-24,69.83302307128906,70.5704301951781,68.74128410149191,69.84260177984204,11489400
2022-10-25,70.04370880126953,70.97264623094938,69.53614685880454,70.34058300012711,9137700
2022-10-26,71.652587890625,72.51448896918376,69.47868873742851,69.53614637386124,10693600
2022-10-27,71.9686279296875,72.66772027617839,71.3940295788474,71.58555992698929,7053000
2022-10-28,74.0850830078125,74.3915360037598,72.11229230305277,72.11229230305277,8758100
2022-10-31,74.7650146484375,75.01400995521198,73.16571353338526,73.26147871094015,12349000
2022-11-01,73.84564971923828,75.87590492593975,73.1082425692397,75.27257047477471,7753000
2022-11-02,71.93990325927734,74.15211032554988,71.83455936979628,73.40513169571318,7524300
2022-11-03,71.85370635986328,72.48576966927556,70.9151974116272,71.55683212409272,6761200
2022-11-04,72.78264617919922,73.42428091171314,71.09715127451636,72.72518853342626,7219000
2022-11-07,73.4913101196289,73.82649186472997,72.29422723968649,72.887982978447,5394300
2022-11-08,72.43787384033203,73.87437320095165,71.84411814096704,73.69241427722082,9104200
2022-11-09,72.45704650878906,73.2997903474395,71.82498314998989,72.18889376764041,6013700
2022-11-10,73.90312194824219,75.14809131906961,73.46259623562732,74.4106840235068,10437300
2022-11-11,74.44898986816406,74.59264130098167,73.32852184373445,73.86481273274376,7712900
2022-11-14,75.2055435180664,76.17278865738055,74.0563467255616,74.19999815122846,7153000
2022-11-15,75.82801818847656,77.26451764344411,74.70755036714125,75.58860161264865,7618500
2022-11-16,76.50796508789062,76.8335754503582,75.52156990389935,75.7705652038552,6011900
2022-11-17,75.84717559814453,76.21109350452612,74.87993779934502,75.818446775307,5717300
2022-11-18,76.354736328125,77.05382862650825,75.51198531889946,76.61330301096487,6107000
2022-11-21,76.44092559814453,76.70907099951806,75.55987433465602,76.20150901743042,5235400
2022-11-22,78.6435775756836,78.72976405575801,76.45052035910724,76.50797801249018,8796200
2022-11-23,79.06493377685547,79.40969425721853,78.31795517154038,78.64356553917865,6347900
2022-11-25,79.21814727783203,79.95554701881032,79.04576707383004,79.3426412504506,2754900
2022-11-28,77.9444580078125,78.6627077183942,77.63800509022087,78.63397889899716,5112200
2022-11-29,77.42732238769531,78.0498069720683,77.11129074089473,77.8870054472611,4928200
2022-11-30,79.5150375366211,79.65868895341222,76.61330960438147,77.06341396733355,9610300
2022-12-01,80.54933166503906,80.95154985031537,78.86383654229907,79.53420749084196,6127200
2022-12-02,79.82149505615234,80.08006908247428,79.08409512378327,79.67784363113071,4798900
2022-12-05,76.06745147705078,78.93087230727774,76.04830136159927,78.92130090275981,9102900
2022-12-06,75.56946563720703,76.44093833690049,74.75544328199221,75.99083392112253,7656100
2022-12-07,75.44496154785156,76.07702491013697,75.25343118096123,75.33961765413733,5105500
2022-12-08,76.68034362792969,76.8144163311501,75.20553658609082,75.78013492938034,5918700
2022-12-09,76.479248046875,76.95808130171073,76.17279505603676,76.27813895661387,6850800
2022-12-12,77.83911895751953,77.96362025784286,76.55584956881137,76.91018143855784,15807600
2022-12-13,77.14962005615234,81.95711054817892,76.32602618391539,81.34420449996765,22812200
2022-12-14,78.35626220703125,79.38096493205941,77.15917924291355,77.38901712622807,11183100
2022-12-15,76.68034362792969,77.5997024384758,76.09616657543461,77.36986456244286,8196800
2022-12-16,76.21109771728516,77.05384156156852,76.1153325337281,76.57500833736805,19200700
2022-12-19,77.09212493896484,77.66672316666835,76.30683898960706,76.53667681940588,7738800
2022-12-20,77.51351928710938,78.04023141329247,76.94849232246682,77.09214374103117,6390200
2022-12-21,78.0498275756836,78.66273361262351,77.51353661996524,77.90617612499724,5932400
2022-12-22,77.08255767822266,77.73377104803335,76.06743374832308,77.51351189280538,8181400
2022-12-23,77.42732238769531,77.47520862742184,76.60372874801678,77.10171933808091,4129100
2022-12-27,77.55182647705078,78.02108095630399,77.19748728701042,77.45605399415392,4290700
2022-12-28,76.9293441772461,78.18388483153812,76.79527146486747,77.65716538546864,3794000
2022-12-29,77.95404815673828,78.33711618654931,77.28367727796524,77.54225130331405,3867800
2022-12-30,78.27964782714844,78.46160677733545,77.3411388666794,77.69547075104613,5375700
2023-01-03,80.17583465576172,80.290749951209,78.77764254530464,78.97875161875241,8997500
2023-01-04,80.90367889404297,81.56446389038932,80.09923513766873,80.63552610430726,7836200
2023-01-05,80.74085235595703,81.78471253788639,79.6969994804425,81.40164451418374,7643800
2023-01-06,82.0337142944336,82.68492048755242,80.27160416952285,81.15265557877052,8641600
2023-01-09,83.07186889648438,84.19653837761238,82.82194723433092,83.47559527425149,7519700
2023-01-10,83.1487808227539,83.25451974345323,82.25481097835905,82.32209871573014,5703300
2023-01-11,85.16741180419922,85.22509224035949,83.71591094667805,83.98506920319655,8359700
2023-01-12,85.3404312133789,85.74415756322631,84.75406360982397,85.26352886089026,6071100
2023-01-13,85.74415588378906,86.00369948490166,84.26382596334322,84.54258415148365,5090800
2023-01-17,85.16741180419922,85.9748719061295,85.00399979167244,85.73455753459744,6550400
2023-01-18,83.35063171386719,85.19624423792173,83.24489280879834,85.16740768814154,6397700
2023-01-19,82.61045837402344,83.61977418351735,81.95680308767007,83.05263587158433,5597000
2023-01-20,83.86970520019531,83.99466601762798,82.18750480936045,82.696970040032,5567300
2023-01-23,85.52306365966797,85.67686101499477,83.60054904831003,83.8120268289692,7390200
2023-01-24,86.22478485107422,86.60928927339779,84.59065022346387,85.59997341533676,7004600
2023-01-25,86.1671142578125,86.37859206292472,84.34072369907571,85.26352993917374,5896800
2023-01-26,86.34974670410156,86.98417272089962,85.63841100787685,86.40741979640738,7302800
2023-01-27,85.54228973388672,86.24401082799349,85.51345318672549,86.03253303706236,5676800
2023-01-30,83.96583557128906,85.18663662199408,83.61978230760985,85.04244653982572,6255300
2023-01-31,85.03282165527344,85.05205090860963,83.96582544326651,84.29265674567965,6200400
2023-02-01,86.56123352050781,87.1379865051856,84.79251605584224,84.94632076312277,6141300
2023-02-02,85.91716766357422,87.685884761547,85.5038267657173,87.14758306529077,8269200
2023-02-03,86.14788818359375,86.76309231400319,84.85018486638126,85.04244074076652,5671800
2023-02-06,85.10011291503906,86.13827262404718,84.97515209840003,86.04214835480086,4097200
2023-02-07,84.3407211303711,84.60987202547584,82.95651547928786,84.46568928439248,9226000
2023-02-08,83.3314208984375,84.51376359988241,83.15839424288298,83.56212066123913,7624400
2023-02-09,83.2929458618164,84.49451747744038,82.98534382156912,83.76395988167388,4960300
2023-02-10,83.76396179199219,83.9946614939862,82.9949530069304,83.17759424349012,5318400
2023-02-13,85.95563507080078,85.9844716194321,83.82164246633928,83.89854481856412,5560900
2023-02-14,85.63842010498047,85.94602952011815,84.31188750435375,85.55191045733208,7484800
2023-02-15,84.91748809814453,85.75378480338387,84.61950060568809,85.40773150009953,4329900
2023-02-16,84.32150268554688,84.850189870208,83.63901079230729,84.07157370101295,5942500
2023-02-17,83.8985366821289,84.04272674511401,83.15837178172853,83.82163433736201,6398400
2023-02-21,82.86038208007812,83.57171781181542,82.81232361202778,83.39869119244847,5260300
2023-02-22,82.97573852539062,83.80242047660113,82.6489145294205,83.32179177630721,5840100
2023-02-23,85.14817810058594,86.01331118516744,83.68706281689013,83.77357979225408,8637100
2023-02-24,85.2250747680664,85.44615983761541,83.76395958176481,83.92737156078992,7659200
2023-02-27,84.55219268798828,85.52306463122042,83.97543976479116,85.41732573968962,6748800
2023-02-28,84.01388549804688,84.60025300991289,83.8024077286774,84.30225827406913,7468000
2023-03-01,82.99495697021484,83.83125351386963,82.65851836086348,83.53326607898866,5119800
2023-03-02,83.60054016113281,83.89852754739607,82.5431587040534,82.72579258572583,5293600
2023-03-03,85.79222106933594,85.83067224455048,83.70629431717671,83.93699403465217,5498500
2023-03-06,86.26323699951172,87.15720667462563,85.69609865389282,85.94602763129346,7424800
2023-03-07,84.93670654296875,86.59007048510632,84.63871908844818,86.1094417732669,5382400
2023-03-08,85.0616683959961,85.63842139041206,84.73484438822486,84.97515874704919,5159200
2023-03-09,83.50443267822266,86.167112439781,83.17760134981442,84.90786759712405,10572300
2023-03-10,80.81290435791016,81.94718831354987,79.669005775394,81.13973566740542,16029300
2023-03-13,81.63958740234375,82.21634034822002,78.8615542348395,80.09196247505862,10299800
2023-03-14,81.2839126586914,82.60083776288359,80.19769458036492,82.60083776288359,8732200
2023-03-15,79.76512908935547,80.1400188266608,78.93844727534605,79.8612533466985,11463000
2023-03-16,81.53385925292969,81.81262480250408,78.90001580820322,79.70746857209106,10148100
2023-03-17,81.9568099975586,82.64891651602771,81.33199120539552,81.70688101393094,13065800
2023-03-20,83.59093475341797,84.1196292071634,81.947185634243,81.97602218011798,9177300
2023-03-21,84.18692779541016,84.44646407560666,83.3025727166067,84.10041081280319,6683700
2023-03-22,84.49452209472656,85.7057084029291,84.05234459607105,84.14846886381154,7233700
2023-03-23,84.3791732788086,86.16711262697547,84.24459782970459,85.21546985579373,10747100
2023-03-24,84.60026550292969,85.05205765260646,84.11963680477344,84.57142895445023,5852100
2023-03-27,86.64774322509766,86.99379648289481,85.11934744800368,85.18663517403023,8170100
2023-03-28,86.36898040771484,87.3590744077129,86.01331984488777,86.72464830435425,6378900
2023-03-29,87.10914611816406,87.1475972932901,86.3305226560322,86.63812472322881,5233600
2023-03-30,87.00340270996094,87.64744335886013,86.23439391492721,87.33022668087287,5640700
2023-03-31,89.32003021240234,89.3969325596652,86.907279570975,87.0514623048285,10476300
2023-04-03,90.28129577636719,90.35819813063584,88.52219292498563,88.80095845885037,8410900
2023-04-04,90.35820007324219,90.37742199531652,89.32965489767585,90.21400998934158,6651500
2023-04-05,91.21370697021484,91.42518475509607,89.85833795572998,89.99291339450687,7478800
2023-04-06,92.20381164550781,92.35761635573873,90.34858449776779,90.67541584010236,9146200
2023-04-10,90.50491333007812,91.80804357871592,90.30220483491428,91.39297169875483,8681500
2023-04-11,90.7076187133789,90.8620601196003,89.96434689208759,90.21532246228543,8196000
2023-04-12,90.64005279541016,92.01075254952163,90.35046502109454,91.10338439688752,8040300
2023-04-13,92.2327651977539,92.42581879250363,90.67865945709413,90.91032524369831,6240200
2023-04-14,92.38719940185547,92.6574773592541,91.39295947377248,92.18449093380649,6485100
2023-04-17,92.27137756347656,92.65749214904339,92.00109956293673,92.31964464836861,4772400
2023-04-18,93.12083435058594,93.38145747027141,92.44513196130504,92.6671502491673,7219400
2023-04-19,92.48373413085938,93.12082425472236,92.27137075623838,92.27137075623838,4766200
2023-04-20,91.53776550292969,92.81193844604554,91.31574722869847,92.66714455976631,5815500
2023-04-21,91.84664154052734,92.00108292811544,90.98754060935084,91.71150256469205,7335800
2023-04-24,92.12660217285156,92.74438263861808,91.67291803231463,92.03006799139973,4901700
2023-04-25,90.79448699951172,92.37755001383813,90.75587480836688,91.8369940668552,5768800
2023-04-26,90.45664978027344,91.51845938121808,90.09949249511394,90.49526197579257,6395500
2023-04-27,91.74046325683594,91.7887229702634,90.0512186319105,91.03580368719159,5615700
2023-04-28,91.43157958984375,92.08797212808844,90.96824064804406,90.99719795105855,8498500
2023-05-01,91.57638549804688,92.40652932794097,91.41228181853862,91.50881599396358,5459800
2023-05-02,91.50880432128906,91.9335237079834,90.5917813233908,91.63428842300196,5995100
2023-05-03,91.48950958251953,92.10729003246861,91.25784375491959,91.76944249960955,6744800
2023-05-04,91.67290496826172,91.81769885528121,91.13234897888017,91.68255985793581,5038200
2023-05-05,93.60346984863281,93.93166245007413,91.53776534390518,91.70186164462585,8068600
2023-05-08,93.4297103881836,93.90269683378524,93.09186292703956,93.70964324585216,5314800
2023-05-09,92.80228424072266,93.52624631293416,92.76367204646195,92.86019884985221,6333500
2023-05-10,94.13436889648438,94.28881766875946,92.91811795517069,93.429716625417,5935300
2023-05-11,94.05715942382812,94.24055814997072,92.99534244052325,94.15368623198582,5144500
2023-05-12,94.45291900634766,94.52048850669313,93.56486061194347,94.22125320009509,4994700
2023-05-15,93.88340759277344,94.55910260986246,93.68069908764673,94.47223069246103,4443700
2023-05-16,94.83903503417969,95.41820324087307,93.5552071435851,93.7965278434176,6896500
2023-05-17,96.3062515258789,96.91438433883003,95.01277624570689,95.35062371705611,9436000
2023-05-18,98.78704071044922,98.90287730060138,96.26765931422058,96.30626414641446,10005700
2023-05-19,99.2696762084961,99.49169448526311,98.38161783047414,98.83530190922014,8560300
2023-05-22,98.23683166503906,99.52065961336605,98.19822683211035,98.92218896416372,5890500
2023-05-23,95.11894989013672,97.90861606197029,95.0513804015793,97.56111373095445,10047300
2023-05-24,94.9065933227539,95.44714926986697,93.91235333523275,94.54943607796996,6815900
2023-05-25,100.6693344116211,101.02649166449191,95.34096974406252,95.75604160271465,16729600
2023-05-26,100.46662902832031,102.54198838564835,100.41836194566412,100.72725212690438,13994100
2023-05-30,101.4994888305664,102.30067532945344,100.57281821774853,101.25816812833706,10296700
2023-05-31,102.26204681396484,102.79294785543203,100.53418997799828,100.84308013297698,13713500
2023-06-01,102.310302734375,102.90878060943338,101.1423116490291,101.23883843803286,7835900
2023-06-02,102.21379089355469,103.0632370713451,102.07865189628173,102.82191638128297,8652400
2023-06-05,103.21768188476562,103.8644195418142,101.86628459940191,102.21378696891037,7442000
2023-06-06,103.38177490234375,103.7582345632879,102.46475929020237,103.10184203775304,7023000
2023-06-07,101.59599304199219,104.60767738719642,101.20022364339025,103.42037655591231,9842500
2023-06-08,103.74859619140625,104.04783149585687,101.69253916153474,102.00142935582919,9526700
2023-06-09,106.03630065917969,106.32588840826243,103.68101593376146,103.96094142947976,12597100
2023-06-12,112.38786315917969,113.43037022507413,110.37041852066974,110.37041852066974,39081500
2023-06-13,112.62918090820312,119.68539478643413,111.99209081851022,119.03865717261053,39190900
2023-06-14,118.02511596679688,118.2567891240805,111.72182092836309,112.45543786404902,26264200
2023-06-15,122.15652465820312,123.1121524380592,117.43629299786978,117.71621849098659,27476700
2023-06-16,121.10437774658203,122.97702871268929,120.80514243883124,122.72605312564365,19514700
2023-06-20,117.8031234741211,120.90168063294716,117.72589907629094,120.12945138369362,16273000
2023-06-21,117.86100769042969,119.07726586671208,116.18141797572108,117.71621382297573,17583000
2023-06-22,116.39378356933594,118.33399639112712,115.90148735634135,117.38802351935794,12203400
2023-06-23,114.52113342285156,115.73739162833598,114.0384920960983,115.43814899787387,19734300
2023-06-26,112.7257080078125,115.2837085331511,112.64848362742349,113.89369914423787,8987000
2023-06-27,113.74891662597656,114.34739458694506,112.22377546593412,112.52301076415688,6970400
2023-06-28,112.48440551757812,114.50185043521437,112.34926651232288,112.72572622189439,9240500
2023-06-29,113.69099426269531,113.71030404066404,110.65035231059902,111.63494478037468,9234300
2023-06-30,114.95552062988281,117.50387389777246,114.8976060207909,115.67948270162385,13703100
2023-07-03,113.08287811279297,114.14468768815021,112.7739879206068,113.91302188514136,4284700
2023-07-05,111.93418884277344,112.947738694523,111.40328773932805,112.4747448359609,8466500
2023-07-06,111.44187927246094,111.78938161648263,110.66000268067323,110.68895998192134,7982800
2023-07-07,110.63105010986328,111.95349005140952,110.51521353539563,110.85306100527313,7001600
2023-07-10,110.40902709960938,111.03646229639949,109.71402977627311,110.31250030730064,6931000
2023-07-11,111.28084564208984,111.3970887430499,109.87627660973779,110.62214951738578,6117100
2023-07-12,112.3851318359375,114.39027918410434,112.0170397599305,112.046098688251,11011600
2023-07-13,113.77032470703125,114.86492688479684,113.10194722002855,113.42160280495682,9359600
2023-07-14,115.53330993652344,116.21138361893593,113.99312762015097,114.4774627974306,7723800
2023-07-17,115.16521453857422,116.21138026499355,114.5452661207779,115.12646683866593,6735900
2023-07-18,116.9863052368164,117.4900179157391,114.11904212493408,115.05865346913772,8903600
2023-07-19,114.97149658203125,117.55784487624811,114.70995142532185,117.03476195319824,7609000
2023-07-20,112.24951171875,115.32020218684767,111.61988193595859,113.80907149319177,12913000
2023-07-21,113.96405792236328,115.53329901862023,112.56917037869701,112.84039686988376,9159600
2023-07-24,114.37089538574219,114.82617158277063,113.0728808064732,114.244970914585,6200400
2023-07-25,114.25465393066406,114.79711430038373,113.15037042820151,114.28372024630154,6266300
2023-07-26,111.88140869140625,113.93499218679368,111.39707358884606,113.7412537115493,8160000
2023-07-27,112.75321197509766,113.9156132508789,112.01702055890708,113.86718417543548,7843000
2023-07-28,112.35606384277344,113.62502693654682,112.0267194945546,113.02444870169347,6910400
2023-07-31,113.55720520019531,113.56688658065376,112.20106550896998,112.78226612224746,6703100
2023-08-01,114.21591186523438,114.34183633625432,112.83071312254533,113.25692300388756,5246000
2023-08-02,112.08484649658203,113.31506199269371,110.73839528707722,113.2569367456288,6387800
2023-08-03,110.96119689941406,112.53043821225027,110.68028159752359,111.62957444769413,5193800
2023-08-04,110.8546371459961,112.75323014390298,110.68027618749606,111.726434548128,5579300
2023-08-07,112.46260070800781,112.73382716217364,111.46487165574068,111.8523411861347,7347000
2023-08-08,111.619873046875,111.98796507107889,110.64151405235246,111.4358233395894,4694800
2023-08-09,109.5566177368164,112.08484800223566,108.81074480117388,111.72643730359948,6542400
2023-08-10,109.4500503540039,111.48425641720789,108.95603384361546,110.21530074447146,6004100
2023-08-11,109.51785278320312,109.92469989256058,107.64831896170949,108.86884550904729,5288900
2023-08-14,111.94923400878906,112.18171282754558,109.60505349454239,109.63411242309091,6494200
2023-08-15,113.61534118652344,114.36121407109673,111.24209450032711,111.83298397878312,10412200
2023-08-16,111.7264175415039,114.11903412269278,111.65861092298454,113.48940440374172,5722000
2023-08-17,111.28084564208984,113.12132076026603,110.77714031866587,112.11390272304993,6183900
2023-08-18,112.81133270263672,113.32472673572342,110.379968386128,110.91273996218058,9412800
2023-08-21,112.93726348876953,113.67345496494676,111.5811310199795,113.23755629860247,5811200
2023-08-22,112.88882446289062,113.99310788467561,112.10420397645576,113.8284357265984,4960300
2023-08-23,114.14810943603516,116.67633961727398,108.59763252071271,113.43129545299843,16517300
2023-08-24,109.37255096435547,115.9788811388834,108.88821588589927,115.93044467489105,11995900
2023-08-25,112.42386627197266,112.51105043701544,109.2078813541247,109.37256091245719,8758100
2023-08-28,113.17942810058594,114.02217387592246,112.0751446103477,112.72415929245095,4514800
2023-08-29,116.87006378173828,117.41251674123063,114.8164802502258,117.16066041416606,11920500
2023-08-30,117.32534790039062,117.92591874889665,116.38573653891376,116.93787830725809,5601800
2023-08-31,116.61821746826172,118.15840709673847,116.35667973758268,117.20910694574657,9109800
2023-09-01,117.14129638671875,117.8774878633585,116.32760951456582,117.21879178223192,6189900
2023-09-05,120.09573364257812,120.3863302659256,117.38345414913265,118.60398066021982,11089600
2023-09-06,120.43476104736328,120.6769285839065,118.88489029156,119.20454582311835,8728500
2023-09-07,121.17097473144531,122.01372062567033,118.74929877255927,119.95045536923209,11864400
2023-09-08,122.3624267578125,122.72083741398896,120.45414516611325,120.89005121665775,10595500
2023-09-11,122.74020385742188,123.42795883332288,120.81255217058008,123.04048926356204,22155600
2023-09-12,106.17595672607422,109.75035265122904,103.93833060206319,108.56857365210641,68605700
2023-09-13,108.3360824584961,109.40162569738605,104.81012316899076,104.9263662651518,27171000
2023-09-14,110.09906005859375,111.53268783655155,108.44262748931146,109.9440692769944,19849700
2023-09-15,110.34123992919922,111.59081814108707,108.97541122776786,110.61246643690723,23215000
2023-09-18,108.69448852539062,110.88368537298112,108.08422892471887,109.86657864816067,11744100
2023-09-19,109.23694610595703,110.17655747620509,108.21015795638347,108.95603822344069,9536100
2023-09-20,109.33382415771484,111.10648526682435,108.93666577013394,109.27569891174679,8777100
2023-09-21,106.00157928466797,108.97539647508448,105.90471374365241,108.01641505540651,12645800
2023-09-22,105.6141128540039,107.13492480306725,105.11040759160463,106.54403537791838,11150000
2023-09-25,104.9070053100586,105.24603846563096,104.13206604843447,105.05229995504067,8410000
2023-09-26,101.59413146972656,104.03518459773211,101.04198973202463,103.78332826761816,13209000
2023-09-27,101.34228515625,101.98160368419342,100.11206978872463,101.71037719413454,8916400
2023-09-28,102.82435607910156,103.26025476751829,100.03458082405677,100.77077233751227,7373600
2023-09-29,102.60155487060547,104.00613121885773,102.07847202957026,103.75427487531461,7299100
2023-10-02,103.36681365966797,103.38619120555502,101.99130351642219,102.49500885395994,5963500
2023-10-03,101.24541473388672,103.16338514611145,100.29612199509182,103.08588974977822,8783300
2023-10-04,103.7252197265625,103.93832837960069,101.22604852517136,101.67163598590211,8842700
2023-10-05,104.95541381835938,105.04259797862463,102.86309004676515,103.61865161401771,7651500
2023-10-06,106.51498413085938,107.0671259001782,104.20955150272196,104.54858462592337,8247000
2023-10-09,106.86369323730469,107.49333032810829,106.04032506796163,107.28022170749473,6012400
2023-10-10,106.27281188964844,107.58051524475573,106.18563511481277,106.75714701304872,6910400
2023-10-11,106.59364318847656,107.0019716745181,105.80615147719486,106.46725791920024,5641700
2023-10-12,106.07837677001953,107.8380835054176,105.8547640615722,106.8950337906203,6598500
2023-10-13,105.24227142333984,106.46726437313343,104.7950534233162,106.15615587670777,5879400
2023-10-16,105.6894760131836,106.54502241544706,105.30058858764177,105.92280550154442,5488000
2023-10-17,106.01031494140625,106.7394761257284,103.92977562219993,104.59088205934846,5261800
2023-10-18,105.24227142333984,106.68115285519075,104.8631081751152,105.38810515359816,5123900
2023-10-19,105.32976531982422,107.15753419374202,105.18393900959589,105.61170854861817,7989200
2023-10-20,99.02010345458984,104.06590204444647,97.86317256444589,104.01728832395278,21831400
2023-10-23,100.7798080444336,101.78118828364232,99.17565184940655,99.2048171119215,10722600
2023-10-24,100.33258056640625,101.55757348874704,99.65203306366774,101.06174178394528,6174000
2023-10-25,98.61177062988281,100.78953021668029,98.20344209812303,99.84648045232176,7081700
2023-10-26,97.61038208007812,99.54508774610359,97.0951093453879,98.86454025074129,7565600
2023-10-27,98.1839828491211,99.25341777932927,97.79509539702416,98.19370707521159,5207900
2023-10-30,98.82565307617188,99.56453852944105,98.0187128717734,98.32982136513755,5433700
2023-10-31,100.52701568603516,100.64367671939826,98.29091859270852,99.17563765523506,6258400
2023-11-01,102.81172943115234,103.24922318517145,100.91591327385449,100.91591327385449,8602400
2023-11-02,103.90062713623047,104.24090092703533,102.63674457905546,103.4922911698523,5918300
2023-11-03,105.04782104492188,106.03947696163605,103.65755346593502,104.1922672009848,7280000
2023-11-06,106.07837677001953,106.17559678427034,104.45477953805492,105.05754807685693,6062800
2023-11-07,105.96170043945312,107.31307856427013,105.56309618538023,106.9339153446401,7412600
2023-11-08,109.20891571044922,109.43252101280072,106.15616112053364,106.19505061168434,10994900
2023-11-09,109.06307220458984,110.16167241590422,108.50890998579781,109.27696067805543,6853900
2023-11-10,109.9283447265625,110.03528896506516,108.05196956566785,108.97557080646921,5233900
2023-11-13,110.97834014892578,111.3088896778915,109.64640297167858,109.92834620266134,5740500
2023-11-14,112.87413787841797,113.22413580316552,111.26998195956006,111.66859359173769,6733700
2023-11-15,110.89083862304688,113.07832233549989,110.76445334548445,112.92277179522398,7386200
2023-11-16,111.48387908935547,112.65054140187092,110.31722419425094,110.5991674010069,7476100
2023-11-17,112.15471649169922,112.42693548913259,110.98806152629581,111.42555528396925,4791300
2023-11-20,113.67135620117188,113.8949688758461,112.3005371472289,112.4366466301052,5728300
2023-11-21,112.85470581054688,114.40052391979926,112.46581837244592,113.95330596207698,5995300
2023-11-22,113.01026153564453,114.03109018045785,112.3005487895571,113.45747951394608,4343700
2023-11-24,113.01998901367188,113.35053853946187,112.13526984039012,113.25331852701842,2168200
2023-11-27,113.23387908935547,113.52553913080145,112.24221566316898,112.78666109187569,5165300
2023-11-28,113.01026153564453,113.55470694100356,112.65054675821246,112.77693202901139,4892600
2023-11-29,112.98109436035156,114.31303146391365,112.73804063164826,114.07969454382246,6127200
2023-11-30,112.98109436035156,113.97275772721126,111.97971418487975,113.61303553846237,11075600
2023-12-01,113.90470886230469,114.08942466181897,112.05749894528107,112.84499069337699,5739800
2023-12-04,112.56303405761719,113.43802890541062,111.36721394680838,113.03941725686724,5587500
2023-12-05,111.34777069091797,112.0672076360415,110.64777478002546,111.386660176791,5913600
2023-12-06,108.917236328125,111.79499160195725,108.82001631958286,111.74638530639179,7815700
2023-12-07,109.7339096069336,109.8894601497188,108.70335666415794,109.2866915974849,6772800
2023-12-08,110.45335388183594,110.48251914693495,108.48947530116264,108.89781126478579,7766000
2023-12-11,111.93110656738281,112.1449950470748,110.45334308005606,110.60889361784288,19544200
2023-12-12,98.00898742675781,102.03395675473543,97.89232637907882,99.84647310181666,57666500
2023-12-13,100.12842559814453,100.23536984669093,96.50206762714707,98.27149871571649,29392200
2023-12-14,97.52288055419922,99.40897995578283,97.09511101436625,99.03954094015172,22865200
2023-12-15,100.44924926757812,101.10063150993193,96.59927892001238,96.9201116366624,30212300
2023-12-18,102.08255767822266,103.21033044721531,100.05063223336558,100.53673965088092,13473100
2023-12-19,103.29783630371094,103.38533208704608,101.88812762229539,102.06312660637695,10108500
2023-12-20,101.25618743896484,103.14227937787727,101.15896742849081,103.00616987973137,9242000
2023-12-21,102.91867065429688,102.98672540109433,101.61589882178863,101.79089780175508,8168000
2023-12-22,103.24923706054688,103.53118031982636,102.52979998845473,102.76312952746066,5680000
2023-12-26,103.239501953125,103.68671991421371,102.41311335941073,103.56032723086818,5767400
2023-12-27,102.99644470214844,103.3756079043771,102.62699830798971,103.36588367889642,5627400
2023-12-28,103.29783630371094,103.64783427187406,102.64645408084506,103.06450679740595,5689100
2023-12-29,102.50062561035156,103.9492238532842,101.86868439004029,103.63811535646488,6899700
2024-01-02,101.1686782836914,101.77145418101587,99.59369492142861,101.61589623948275,9597500
2024-01-03,99.6131362915039,100.50757220610438,98.91314038706496,100.42980065248634,9455600
2024-01-04,99.73953247070312,100.48814216830706,99.5548166660598,99.91453146596272,6822300
2024-01-05,99.87564086914062,100.8381315522132,99.44786393559232,99.68119343688635,6133800
2024-01-08,101.75201416015625,101.85895097426139,99.2923042526966,100.07980335907989,7038700
2024-01-09,100.75062561035156,101.57701419446389,100.42007611063536,100.96451407130247,6725200
2024-01-10,101.4240493774414,101.57044816916098,100.25287393598855,100.61398251659138,7270500
2024-01-11,102.2536392211914,102.32195766892922,101.05318543291968,101.8437285347646,6119000
2024-01-12,104.03970336914062,104.13730010210354,102.44885502800027,102.5757300362367,9703800
2024-01-16,104.01042175292969,104.0982640220821,102.88804074452487,103.85426847443554,7547200
2024-01-17,103.873779296875,104.91807988720853,103.14179269301074,103.90305756964511,7771500
2024-01-18,106.08924865722656,106.26492572871041,104.0592115987105,104.42032020120618,10362300
2024-01-19,107.03594970703125,107.5727428133462,106.40155988488235,106.69435747853633,11163800
2024-01-22,107.45561981201172,108.03145308062956,106.64555294155622,107.41657963734679,7485300
2024-01-23,109.14408111572266,109.97366441974394,106.92859755684005,107.64106777323403,9185900
2024-01-24,111.56451416015625,112.64785491298824,110.6080558489234,110.69589066588955,11702700
2024-01-25,112.2379379272461,113.38959706643263,111.60354809320947,112.13057930397133,8877200
2024-01-26,111.88658905029297,112.70641789876326,111.52547298718488,111.88658905029297,5541800
2024-01-29,111.01795959472656,111.83778095296533,110.29573495349447,111.44739408493861,7014400
2024-01-30,111.41812133789062,111.65235495954899,109.92486245366803,110.63733267082597,8231900
2024-01-31,109.01718139648438,111.52545472302157,108.98790312921821,111.07650391725379,7386700
2024-02-01,112.75521087646484,112.99920640158352,109.84678838689544,110.19814253875856,7882200
2024-02-02,113.00897979736328,113.69216435869538,112.3941136921644,113.0382580719699,6499400
2024-02-05,113.59455871582031,113.91663460353102,112.01346499572902,112.75521349423326,8084500
2024-02-06,112.5307388305664,114.14110333466762,112.21842485718376,113.93614798771205,4637500
2024-02-07,114.45343017578125,114.76574418427661,112.53075148213513,113.01874258579375,7672900
2024-02-08,113.87759399414062,114.96093474241157,113.18464758287632,114.27774279111176,4472800
2024-02-09,113.83855438232422,114.52173889087113,112.95041452121323,114.24846508745237,5787100
2024-02-12,113.0577621459961,114.28750166882786,112.60881127648821,113.46768028437498,5439600
2024-02-13,110.94964599609375,111.46691532036796,110.28597786683659,111.05700462333773,8171700
2024-02-14,111.51571655273438,111.96466742407611,110.80324634520461,111.5742730958195,5946100
2024-02-15,110.07127380371094,111.56452541195839,109.8663184306332,111.50596886140858,8455600
2024-02-16,108.63655853271484,110.39332918387237,108.57800199306027,110.30548692823847,8936000
2024-02-20,105.84526062011719,108.10953889810051,105.0937576449638,107.88506717465266,10975600
2024-02-21,105.56222534179688,105.77693514461842,103.95185342064507,104.19584894063314,7865300
2024-02-22,108.34376525878906,109.2026267489068,107.02619103155496,108.81223245479806,8957800
2024-02-23,109.26118469238281,110.6470848266043,109.02695109136518,109.30998677208112,7504500
2024-02-26,108.30473327636719,109.8370248535632,108.26569309938833,109.3099936335773,6342900
2024-02-27,108.70487976074219,108.83176219477824,107.15307185095058,107.96313875228755,6593100
2024-02-28,108.99768829345703,109.32951865482032,108.43161685167532,108.58777757195426,5278300
2024-02-29,108.99768829345703,109.73943682247607,107.98266595010281,108.99768829345703,12193900
2024-03-01,111.04724884033203,111.2034095598983,108.84152707645264,108.9976877960189,7605100
2024-03-04,111.32051849365234,111.84754973326525,110.66661225874756,110.85205124476488,6588100
2024-03-05,108.27545928955078,110.48117352999137,107.71914977635609,110.1103030032458,8242000
2024-03-06,109.57350158691406,110.33477384144413,108.0119317945808,108.82199868396847,6706400
2024-03-07,111.78899383544922,112.04275127365378,109.59303404743369,111.20340604787562,7670100
2024-03-08,109.71989440917969,111.58402359919134,108.86103293170228,111.33026619483259,8312900
2024-03-11,111.38883972167969,111.99395133324559,108.50969536739073,108.92936798831568,20438300
2024-03-12,124.47674560546875,126.26278701259093,121.60735613274349,123.22748983251815,48536100
2024-03-13,122.50526428222656,125.70649167778461,121.83184172757794,124.92570305522857,15870300
2024-03-14,122.51502990722656,124.73051340945338,121.93920405137747,124.17420391899223,10965900
2024-03-15,122.52479553222656,122.98350831736742,120.59234766945612,121.06082236066347,17844900
2024-03-18,124.73052215576172,125.85289567500446,123.83261291575346,124.14492690692718,12231400
2024-03-19,126.08712768554688,126.1066514970522,123.45197159375529,124.68171110325802,10221000
2024-03-20,126.13592529296875,127.5510962846489,125.1892215146625,126.85814247769015,8373300
2024-03-21,125.91144561767578,129.58114785226766,125.85288907432464,127.38518812276966,17842400
2024-03-22,124.72076416015625,126.10666452021547,124.48653052096934,125.91145616961231,6660000
2024-03-25,123.05183410644531,124.60364218670013,123.02255583265229,124.60364218670013,7446100
2024-03-26,123.43246459960938,123.89117740483005,122.81759107509954,123.70573841221243,7063900
2024-03-27,122.26126861572266,124.75002583162804,121.48048744029408,124.27179671013972,8115900
2024-03-28,122.59310913085938,123.13965671051157,122.19295290564808,122.37839188280964,6587400
2024-04-01,122.46623992919922,123.23725925286624,121.56833071799808,122.52479647374288,4133600
2024-04-02,121.3536148071289,121.9294481374278,120.46547493836134,121.51953742876586,4862400
2024-04-03,123.20799255371094,123.37391518909111,121.0803510303244,121.27555194072654,7430000
2024-04-04,121.20722198486328,124.91594957682189,121.05106127135632,124.53531714533948,7588300
2024-04-05,121.90016174316406,122.97374052838778,121.15841328680035,121.43168707436797,4899500
2024-04-08,121.36337280273438,122.11488319055174,120.78754693714284,121.99776265778536,6119200
2024-04-09,120.65840148925781,122.1466783717165,118.70992404692147,121.75502420153833,5564100
2024-04-10,119.20928955078125,120.51153656007298,118.78826260304717,118.8176353600687,4509900
2024-04-11,120.6681900024414,121.23608818780842,118.82742507456241,119.17991308822594,7315200
2024-04-12,118.58263397216797,119.29739588880372,117.90703074752241,119.19948421846505,6196900
2024-04-15,117.37831115722656,119.91426626679994,116.94749826821138,119.63031716370902,5101500
2024-04-16,118.10287475585938,118.90576249464624,117.25102744134136,117.58392865172942,7000000
2024-04-17,116.19356536865234,118.51411035312954,116.13481985290288,118.45536483738007,5366600
2024-04-18,113.57927703857422,116.28168261838437,113.28553454091889,116.28168261838437,6662400
2024-04-19,112.48265075683594,114.33320913391783,112.07141722196936,113.6967794838453,8251500
2024-04-22,112.13995361328125,113.91217961890612,111.95391619781977,113.60865117909601,7125500
2024-04-23,112.68826293945312,113.44219852621632,112.35536174958615,112.76659526772136,5494800
2024-04-24,112.93304443359375,113.31491266152366,111.50351307660696,112.97221059723226,5791800
2024-04-25,112.49243927001953,112.59035094498621,110.42647080644007,111.25873124892982,6796600
2024-04-26,114.7640151977539,116.72227841922265,113.72613808083351,114.59756461677259,8355100
2024-04-29,114.05905151367188,114.8619392220443,112.88409644245735,114.54861737170829,4994100
2024-04-30,111.37622833251953,113.1092881150774,111.31748282231882,112.68826119488126,6234700
2024-05-01,112.23787689208984,114.32343243204282,111.2783318998734,111.53290826258063,5583600
2024-05-02,112.56098937988281,113.39324990511263,111.87560011679538,112.82535914577562,5001000
2024-05-03,113.38346099853516,113.78490113635708,112.66869152557854,113.55970501445717,4485000
2024-05-06,115.87045288085938,115.89003970003573,113.75553209096078,113.90240335405244,6052400
2024-05-07,115.46900177001953,116.64395682286467,114.84235807914452,115.5375406902658,6437700
2024-05-08,114.94026947021484,115.51796105672857,114.66611378990949,115.25359131487554,4636000
2024-05-09,114.2059326171875,115.27319016426944,114.06885476272674,114.94028146759132,3236200
2024-05-10,114.23529815673828,115.175263729431,113.49116341388718,114.7052846781758,4122500
2024-05-13,113.94156646728516,114.74445421778589,113.77510838948011,114.68570123201482,4140000
2024-05-14,118.34765625,119.99259787404957,113.70656641810658,114.068847851622,17811200
2024-05-15,119.09178924560547,119.54218894352744,117.17269195743187,117.66225782084908,6604600
2024-05-16,119.61072540283203,119.894667006274,118.68054585747578,119.39531524558781,5159300
2024-05-17,120.92277526855469,121.00110760408262,119.53240992875604,120.60945339662567,6179400
2024-05-20,121.92147064208984,122.0781352928962,120.6681833163658,121.21650212400635,5989000
2024-05-21,122.02918243408203,122.74395186988332,121.33399981579976,121.8627318360811,5549500
2024-05-22,121.99980926513672,122.54812810108155,120.72694252744722,122.0291820211337,5705000
2024-05-23,121.50045776367188,124.05599228119806,120.58987238887175,123.90912849183196,6108600
2024-05-24,120.34510040283203,120.9325780243294,118.88618855405728,120.84445227250401,7173400
2024-05-28,121.8921127319336,122.2152280109352,120.443001886407,120.66819801163895,6911400
2024-05-29,121.15776824951172,121.3340122743689,120.20800919723601,120.42341939097065,4735100
2024-05-30,114.64652252197266,118.90575122053943,114.5877770128112,117.66224982862268,10839600
2024-05-31,114.74445343017578,114.96964955184103,112.15954617946839,114.15696839759296,12755600
2024-06-03,116.79082489013672,116.83978446191392,114.89130705194539,115.07734446048053,7256300
2024-06-04,117.56433868408203,117.85808117157063,116.24251243074684,116.53624744805369,7368000
2024-06-05,120.0709228515625,120.22758751599531,117.99516833910438,119.11137792754984,5973700
2024-06-06,120.92277526855469,121.67670345500862,119.69886053911588,120.31571087348728,7347200
2024-06-07,123.29226684570312,123.58600935562774,120.69756624197677,121.6179524675704,11545000
2024-06-10,121.90190124511719,124.30077101247026,121.46129495158127,123.10623656839495,10164700
2024-06-11,121.29483795166016,122.22501759205889,119.73802206189507,121.46129602574527,18373900
2024-06-12,137.45053100585938,138.0184292598122,131.16450645332554,131.87926850555667,40871300
2024-06-13,136.9315948486328,139.42836910745766,135.87413066049186,137.49947817265883,13733200
2024-06-14,135.24746704101562,137.04906579050945,134.5131182630885,136.35387570697822,11330800
2024-06-17,138.361083984375,138.48837587327154,135.36494367929137,135.9034690472815,11232800
2024-06-18,141.62159729003906,142.03283077867238,138.2729689337138,138.2729689337138,11629400
2024-06-20,139.92771911621094,142.28743017113473,138.9877460816759,142.28743017113473,8940000
2024-06-21,138.54713439941406,140.72080795059156,137.50925719649152,140.72080795059156,14844100
2024-06-24,136.97073364257812,138.5765090414888,136.21679804627345,137.0784387277645,7793300
2024-06-25,136.2657470703125,136.63782187039945,134.68934454936908,136.09929648615858,8205500
2024-06-26,135.34536743164062,137.81278343921835,135.1985036563411,136.57908290561133,8036300
2024-06-27,137.25466918945312,138.4687978287018,135.9132635936086,136.34408391528922,7518200
2024-06-28,138.25338745117188,139.8395909003611,136.36367051810058,136.53012110751385,25814800
2024-07-01,140.1039581298828,141.05371711995514,138.12612275747833,138.7331796598634,6552400
2024-07-02,140.28997802734375,141.2103641452531,139.5752161244332,139.6535484472726,5920500
2024-07-03,141.36703491210938,141.63138970523062,140.5053942639299,140.75017718076603,3560800
2024-07-05,141.80763244628906,142.74759042248309,141.014538235012,141.92512345822266,5365500
2024-07-08,142.00347900390625,142.19930236927615,140.43686220021684,141.73910924345608,8622600
2024-07-09,137.7442626953125,142.65950880874576,135.12019648566252,142.101411418339,14334200
2024-07-10,139.10523986816406,139.4087682874195,136.82386134424763,138.17505285384806,6350300
2024-07-11,140.1754913330078,140.88245777147733,139.11504167530353,139.7827388594343,5245100
2024-07-12,142.14910888671875,142.5025920976734,138.70264383427428,140.12640522835724,7361800
2024-07-15,140.4799041748047,143.93616819956569,139.35071449379168,143.09173682228422,8687800
2024-07-16,140.02822875976562,140.90211584760215,139.47836924147052,140.4799076398213,7181500
2024-07-17,136.73887634277344,139.22307283764448,136.16937467837923,137.9367910536459,9157000
2024-07-18,135.5311279296875,137.52437596770213,134.71615230597243,136.8370516412396,5998700
2024-07-19,136.05152893066406,137.89749849771457,135.58022297106154,135.84533912820197,6111900
2024-07-22,137.63238525390625,138.13314691017464,136.6013912721333,137.21017708965877,5387200
2024-07-23,140.51918029785156,140.6271894903115,138.653583318142,138.74195038945962,6697400
2024-07-24,136.25772094726562,140.0772960355467,135.89440921558608,139.1346692221268,8018800
2024-07-25,135.32493591308594,138.5160984319131,135.2070981857977,137.61274078040427,7654600
2024-07-26,136.49339294433594,137.42620637214927,135.87480849213344,136.35592806800784,5139400
2024-07-29,135.80604553222656,137.24943398017055,135.32492603794208,136.74867236901366,4054600
2024-07-30,133.2138671875,137.04327168851333,132.5167292153799,136.55232354601534,6505700
2024-07-31,136.92539978027344,138.98738745727292,136.14970850099994,137.16106022358738,7188000
2024-08-01,135.02053833007812,137.8484041231443,133.31204856555624,136.76831233202967,5906800
2024-08-02,130.8671417236328,131.86868017580446,129.41393934968207,130.36637998882148,8251600
2024-08-05,125.54524993896484,127.61705154019609,124.36697748414004,125.57470562664443,10355000
2024-08-06,125.888916015625,128.66766902447856,125.76126471762196,128.17672093375512,8373900
2024-08-07,123.62073516845703,127.94108001976093,123.473449237712,126.58605844643493,8617700
2024-08-08,126.62535095214844,127.46978235285741,125.33906173035737,125.6827239303496,6243200
2024-08-09,129.6692352294922,129.97362071403703,126.01657944985438,126.07549083621146,5597300
2024-08-12,130.1798095703125,130.30746088011793,128.8346164717712,129.85578200257044,5600800
2024-08-13,131.8293914794922,132.10432124412753,130.4056448449416,130.5627518483185,4324000
2024-08-14,133.14515686035156,133.50845373128155,131.5839302090188,131.6133859021996,4044600
2024-08-15,134.45101928710938,134.765233215554,133.2629334537219,134.45101928710938,4698100
2024-08-16,134.98129272460938,135.32496244087127,133.92084286641332,134.3135954142418,4893800
2024-08-19,135.42311096191406,135.45256664688634,133.98955101811026,135.0401720747286,3641600
2024-08-20,136.65049743652344,137.25926830874144,135.32494650676995,135.32494650676995,3738300
2024-08-21,137.66184997558594,137.7600455926935,136.04172717114452,136.2872012313658,3776800
2024-08-22,135.58023071289062,138.52591934806554,135.15800755092434,138.15279399319496,5162200
2024-08-23,136.67015075683594,137.25927955749114,134.7750830741505,136.21847185870638,4544600
2024-08-26,136.3853759765625,136.87632407580506,135.68823806586437,136.8665105075371,2729600
2024-08-27,135.97296142578125,136.97449959643762,135.24636793431338,135.35437709960522,3872200
2024-08-28,135.3838653564453,136.4344865965716,134.43142475586023,136.3166638361028,3022600
2024-08-29,136.89599609375,138.6045012459782,136.33632292930213,136.6210662967317,4588400
2024-08-30,138.73211669921875,139.1543398841232,137.56367272912746,137.78950467497978,7980700
2024-09-03,136.9745330810547,139.6256500796622,136.31666436165364,137.90733156430846,6831200
2024-09-04,138.20187377929688,138.5455434016063,135.45256174845724,135.93369622318136,6243300
2024-09-05,140.02822875976562,140.6860974679079,137.76986432458364,138.84012767144722,8733200
2024-09-06,139.24269104003906,141.3341346400482,136.87631771583247,141.18684122759126,11154800
2024-09-09,137.35748291015625,140.70575313522866,136.98435749429785,139.9104194709407,20233400
2024-09-10,153.0677947998047,157.6139789046171,150.34793818788793,151.43784354627,37374200
2024-09-11,154.3344268798828,156.5535217276612,152.0367935261626,153.94167441998988,12630100
2024-09-12,158.4584197998047,159.40103179875373,155.0414101016085,156.16077121445275,16161300
2024-09-13,159.09664916992188,170.79103717534355,158.08529722478946,170.55537668017323,25727800
2024-09-16,167.2463836669922,170.84012740042377,161.53174051882587,162.00306148824282,27384400
2024-09-17,164.43817138671875,167.55078079975416,163.7508469864906,167.1972975392728,12580100
2024-09-18,161.55137634277344,164.58543192524496,160.76585640690288,164.58543192524496,12274400
2024-09-19,164.55599975585938,165.11568784676348,161.5317573092087,164.2221586047317,10075900
2024-09-20,164.9585723876953,165.7735480848974,163.58392361081704,164.1043274322458,12187700
2024-09-23,162.9456787109375,164.30070032220289,161.28627166121052,164.20250470477438,7916100
2024-09-24,162.79840087890625,163.09297274975063,160.95243113865922,162.7394895012469,6155100
2024-09-25,163.26971435546875,165.6949993970998,162.66094344839564,164.6541917240206,7142400
2024-09-26,165.05674743652344,165.31203503968555,163.46606549860934,164.614882186658,7096800
2024-09-27,165.6851806640625,166.04847748663204,163.49554121209752,165.0469391041549,8974400
2024-09-30,167.3151092529297,167.43294698700967,163.43662219532237,166.4314086513397,10210300
2024-10-01,164.13375854492188,167.42310154797354,162.9652997682611,167.1383582663092,7595100
2024-10-02,164.67379760742188,166.11717105615702,164.2417609364883,164.56578843968848,7073000
2024-10-03,163.83921813964844,164.8211144451761,163.23044722463683,163.86867383021038,4735700
2024-10-04,167.76678466796875,167.8060539234928,165.1254815032047,165.6557138393345,6386900
2024-10-07,166.89291381835938,169.2101896649557,166.48051917395009,167.33476415290158,6791000
2024-10-08,171.21322631835938,171.47834247310095,167.3543816531644,167.51148863245913,7845400
2024-10-09,175.06227111816406,175.37648510134747,170.66338023142768,171.39980239914803,8120900
2024-10-10,172.6217041015625,175.4657643551303,171.4112452446514,174.8260876792147,7115900
2024-10-11,172.9759979248047,174.18644187566514,171.6277649715612,172.71028558858322,5869400
2024-10-14,173.32041931152344,174.40293989063034,172.71027953942922,173.7435919074426,4688700
2024-10-15,171.3226776123047,175.38703231366284,170.98808582523415,174.12738027837875,5848600
2024-10-16,171.99188232421875,172.1296563012242,168.91163160430878,170.7420658795168,6383000
2024-10-17,172.88739013671875,174.92449270256722,172.35598056350034,174.67846669314025,5474000
2024-10-18,171.9131317138672,174.15688765281504,171.80487967224096,173.9895917732537,5001300
2024-10-21,170.9979248046875,172.36582891739346,170.40747134823312,171.6769590434115,4198400
2024-10-22,172.52328491210938,173.0547095276359,171.5096589048398,172.66105888349836,5510100
2024-10-23,170.34841918945312,173.27120945576294,170.25983841150716,171.72615887016914,4830400
2024-10-24,171.6080780029297,172.16900953227014,170.16144377260983,170.56493005807033,3488000
2024-10-25,170.76173400878906,173.48769133655162,170.34841212172293,172.0016996699875,3674700
2024-10-28,169.67922973632812,171.4014119378824,169.4036817853784,171.2833242492574,4330000
2024-10-29,170.6731719970703,171.25380484590303,169.551293889921,169.551293889921,4122900
2024-10-30,171.7852020263672,173.35977452625275,170.0433336385072,171.2144198705646,5822500
2024-10-31,165.17201232910156,168.1636969085718,164.73900416500175,167.80941886669336,9477500
2024-11-01,167.31736755371094,169.53160157050672,166.41199366879158,167.44529086364125,5680600
2024-11-04,166.89422607421875,167.7700782031731,166.04789586968232,167.60278229272544,4804400
2024-11-05,169.0493927001953,169.157644746468,167.6126091946515,167.76021879582512,5456800
2024-11-06,178.35903930664062,179.2053694656364,174.59975429316887,175.68227485103705,11085000
2024-11-07,183.407470703125,183.70270492734397,177.67014217362654,178.201566780468,7759400
2024-11-08,186.24169921875,187.1372375454424,183.29922258086216,183.29922258086216,8520400
2024-11-11,186.12362670898438,188.45594878959153,184.85412391901085,188.01310491578786,5973600
2024-11-12,186.5664520263672,187.58007802061184,184.2242795266145,185.54297538099775,6629900
2024-11-13,186.61569213867188,188.72167461503352,185.78903316339122,185.99570166127114,5695400
2024-11-14,184.07667541503906,186.57629322877668,183.74208362401473,185.66108362105066,7804300
2024-11-15,180.8192901611328,182.84654217562374,179.43169979602476,181.5868901468869,8986300
2024-11-18,182.7776336669922,183.2204774684734,179.97294624678742,181.37037213975967,6289400
2024-11-19,185.8972625732422,186.31059951862403,181.39007891037267,181.95101045126998,8117000
2024-11-20,187.7178497314453,187.9343538262746,184.8344320390388,187.86545933417605,4860200
2024-11-21,189.3711395263672,192.92375582992327,188.59370391597764,188.88893814107314,11394300
2024-11-22,189.23336791992188,191.1130103263913,188.02292409977474,189.93208842749877,6879400
2024-11-25,185.00173950195312,191.65427796806733,185.00173950195312,191.40825193729958,15138500
2024-11-26,187.34390258789062,189.34163281490473,185.3265010895301,185.3265010895301,6427200
2024-11-27,179.79580688476562,185.95630784654676,179.32344114543517,185.95630784654676,8368800
2024-11-29,181.90179443359375,182.97446427625002,181.0751506107891,181.084986245738,4628000
2024-12-02,178.5263214111328,182.34463495893715,178.1228351419973,182.34463495893715,8859700
2024-12-03,179.98280334472656,180.1304129574115,176.26289094269282,178.29997867893164,8917100
2024-12-04,185.19854736328125,186.7731048657722,182.94494063355563,185.01156518735579,8906300
2024-12-05,183.27955627441406,186.01536452014378,182.89575626918543,186.01536452014378,6398100
2024-12-06,188.64292907714844,189.56798939134373,183.41733838338328,184.02747815817688,10503400
2024-12-09,187.42263793945312,195.15769738919496,185.92679538241026,193.17965339470027,20158000
2024-12-10,174.9146728515625,174.97371669655507,168.34084947803873,170.70270839140278,26502000
2024-12-11,175.74130249023438,178.49679682469002,172.05091231450882,175.17052034110716,13188700
2024-12-12,172.5331268310547,175.33781432442913,172.03122416221137,175.17051844022666,8154200
2024-12-13,170.63381958007812,173.34010601814836,168.91163730130614,172.21822787719785,8351100
2024-12-16,168.50816345214844,171.49984872672346,168.2129291792808,171.0766760984908,9572000
2024-12-17,167.01231384277344,170.24017409768132,166.5793056350746,168.03577550223136,8940200
2024-12-18,162.78067016601562,168.50814847927896,162.73146195553696,166.71708674450832,8817900
2024-12-19,166.10691833496094,168.2817949232771,164.73901428681884,164.88663890614245,8386400
2024-12-20,166.96311950683594,168.5376771919221,162.99718084553425,165.0637906227545,13810500
2024-12-23,166.45135498046875,166.9237207101721,164.51266884068815,166.89419879058036,6518200
2024-12-24,168.68527221679688,169.03955026158985,166.3430998642081,167.00244774997142,2451500
2024-12-26,168.9509735107422,169.80715423218058,167.78973795730596,167.78973795730596,4100100
2024-12-27,166.27423095703125,168.42940626554136,164.54219817632858,167.67165694022043,4344300
2024-12-30,164.25682067871094,165.24092478915858,161.93433437740507,163.86317002478967,5254800
2024-12-31,163.99110412597656,164.6406164259822,163.20381785471855,164.5422000109862,4307500
2025-01-02,163.3907928466797,166.00851320157088,162.27875047433236,165.84121731642554,5360800
2025-01-03,163.6761932373047,164.54219459255782,162.64288097882064,164.05014256625458,5876000
2025-01-06,163.05621337890625,165.3786996932626,162.56416132091752,164.6504572415939,6845400
2025-01-07,159.4543914794922,163.51874635425347,158.75568595410778,162.9479641551263,7712200
2025-01-08,160.5467529296875,161.37339682465938,158.8639281998453,159.60200632383544,7596200
2025-01-10,152.41781616210938,157.05447163667023,151.84563096819753,157.05447163667023,13593900
2025-01-13,151.84561157226562,152.07250763725156,150.36582713835213,151.66804466570593,8828500
2025-01-14,154.2034149169922,155.1307489887672,152.26983817652888,154.31193305418176,7410200
2025-01-15,156.1764373779297,157.00511299845525,155.14058532570036,156.5315862228899,10701200
2025-01-16,157.38986206054688,159.32345363203478,156.27510138272783,157.9916416516234,9210600
2025-01-17,158.8597869873047,160.96108565544463,158.37638533011818,159.5898193781923,11618300
2025-01-21,170.24427795410156,171.03348429590918,160.5566150610086,161.66151598205613,30232000
2025-01-22,181.7372589111328,189.40254644151932,178.13645616770688,188.9290045876248,48028500
2025-01-23,183.95693969726562,184.05559801567262,179.053919324728,179.19203193861023,17314600
2025-01-24,181.12562561035156,186.55150201416427,179.41893001234166,186.09769481882475,12147200
2025-01-27,156.1468505859375,170.1949427468711,150.60259645007028,166.62371944856076,42201600
2025-01-28,161.78976440429688,163.59510321591742,154.63747299008253,160.79338164020774,20319300
2025-01-29,159.83644104003906,161.81934660731963,157.85352041961397,161.81934660731963,9866600
2025-01-30,168.08377075195312,169.17881173550742,161.88840835677127,162.55923668024522,14981700
2025-01-31,167.76808166503906,170.6684613943479,166.85062259519168,168.11337070067862,8704600
2025-02-03,166.3277587890625,167.61022645353503,161.00052635891893,161.00052635891893,8250600
2025-02-04,165.62733459472656,168.1035017370577,164.1080959015154,168.1035017370577,6777000
2025-02-05,169.34652709960938,169.57342315504204,166.2488457505018,166.712512724524,7866700
2025-02-06,170.02723693847656,173.28275064024098,169.25775023953454,170.66847083654636,7036900
2025-02-07,172.10879516601562,174.99930009475284,170.84603198011322,172.6415109191824,9991300
2025-02-10,176.50868225097656,177.56426902008891,172.56259049919132,173.6280370785508,7625900
2025-02-11,174.802001953125,176.70598399970234,174.07196955920276,175.22619959134445,6528800
2025-02-12,169.8989715576172,172.53298584021607,168.40932742830196,172.53298584021607,7454800
2025-02-13,171.5168914794922,172.02988766064627,169.78061639739312,170.66848108699168,6421700
2025-02-14,171.81283569335938,172.6711058184184,170.4810237275169,171.90161914357682,7260900
2025-02-18,177.3768310546875,179.78394948336603,173.71682425308614,174.36793301883935,11430500
2025-02-19,179.07363891601562,179.2314711377686,173.33206848005773,176.17325921563645,8688500
2025-02-20,173.62803649902344,177.84049364487475,172.0791882661076,177.38668647155018,8737000
2025-02-21,165.54840087890625,174.49617056086515,165.29191035110583,173.74640354351183,9713900
2025-02-24,167.66943359375,171.8226864463217,162.4408593725837,171.2307817562607,10639100
2025-02-25,166.26858520507812,168.30083529582706,162.2238498053969,167.00847747914568,8316100
2025-02-26,170.14561462402344,171.52674073465874,166.85063157926092,168.67569000737572,6915100
2025-02-27,162.53952026367188,172.50340835215732,162.3619533533304,170.66847501289857,7436800
2025-02-28,163.82200622558594,163.91078968242658,158.64276049916796,160.91176639946605,12843300
2025-03-03,159.83644104003906,164.86769869009476,158.95843628002194,164.69999160707403,8081800
2025-03-04,155.34776306152344,157.60689389069034,151.45100059722878,157.07417814535034,13171900
2025-03-05,159.38265991210938,160.30013416682038,154.9334464214505,155.92982927258137,7141000
2025-03-06,148.90576171875,155.0419350636517,147.71206244421117,155.0419350636517,12321200
2025-03-07,153.06890869140625,154.3711111931324,146.49866205323346,148.59008594702038,12646500
2025-03-10,146.78472900390625,150.46447009211823,144.82155815604267,148.5012841911105,21486100
2025-03-11,142.2368621826172,143.81530481819743,135.844198109492,141.4871102099461,27200200
2025-03-12,148.8564453125,150.17838243488725,143.05568562785479,144.2592448148478,15373900
2025-03-13,145.66998291015625,148.14615010402989,143.51935504413277,147.7712665647355,14187700
2025-03-14,147.25827026367188,148.84657265677072,145.88700410216248,146.9129812443766,9330000
2025-03-17,151.93438720703125,153.65094248116975,148.3730389172199,148.3730389172199,9885000
2025-03-18,147.43585205078125,150.36582642018772,146.6269110584079,150.31649726199709,9402500
2025-03-19,150.39541625976562,151.9935936275412,147.9784381145241,148.0376270812667,6909500
2025-03-20,150.66180419921875,152.4079542450396,148.78741639065558,149.53716850345137,7051600
2025-03-21,150.17837524414062,151.76667769826028,148.08695153554012,149.6061901618897,17620200
2025-03-24,152.78282165527344,154.4895173892394,151.95414589670628,154.2330117593396,7848300
2025-03-25,151.85546875,153.50297530462936,150.98733879996044,152.42765386090417,8521200
2025-03-26,145.80810546875,150.96761665208254,144.58481150396042,150.82950403131167,13210000
2025-03-27,143.8153076171875,145.05832105602636,142.96689731835133,143.88437144591765,9148300
2025-03-28,138.97146606445312,143.6870439814721,137.23519130504175,141.84225110877605,13144500
2025-03-31,137.92578125,138.69526800264427,134.9168830233029,136.77155112103358,15509900
2025-04-01,140.02706909179688,141.31941174004373,136.88991830197386,137.87644124605794,9518500
2025-04-02,143.89422607421875,145.89686629125026,137.97508886845597,137.97508886845597,11594400
2025-04-03,135.38055419921875,139.4943535193207,134.79850921134505,137.37333497896537,14433800
2025-04-04,126.54130554199219,132.01651103461612,125.23908799644015,131.11877151940791,14986900
2025-04-07,125.44625854492188,132.30258985151963,117.25811527055434,117.25811527055434,19482700
2025-04-08,122.82210540771484,131.19769054501182,120.05983817908093,130.75374318174474,11950300
2025-04-09,137.80738830566406,138.69525290726696,121.73692912869234,121.73692912869234,17762000
2025-04-10,132.02542114257812,135.29262967794077,127.97603622458652,135.29262967794077,12401600
2025-04-11,131.0353546142578,131.67889202865217,127.56021027630857,130.79773312989215,10190200
2025-04-14,133.30259704589844,135.44114501896067,131.55017453125961,135.44114501896067,8217700
2025-04-15,132.6095428466797,135.12430574326137,132.39172695320966,133.4213897255246,8630000
2025-04-16,128.4710693359375,131.2234539771842,126.58004557562631,130.9660420341456,8295200
2025-04-17,127.3423843383789,129.99577116305585,127.16417956954382,129.5997353869443,8925500
2025-04-21,121.5999984741211,125.93648813912411,120.0356911892917,125.6295698624131,12201200
2025-04-22,125.9760971069336,126.71864720451657,122.164341450063,123.26331619877463,11233700
2025-04-23,130.0947723388672,134.52037217276026,129.68885642966592,133.56991649850784,9528900
2025-04-24,136.1440887451172,136.49061818968053,130.68882577449372,131.19375443547727,7305900
2025-04-25,137.11434936523438,137.619277968101,135.40152301404476,136.12428261726242,5476400
2025-04-28,138.74795532226562,139.27268949716935,136.7084202111726,138.26281717063657,6985100
2025-04-29,139.39149475097656,139.75782973101965,138.16382161731238,138.42123354048258,4851500
2025-04-30,139.32220458984375,139.89644516025098,134.22336649249954,137.10444946694895,9443500
2025-05-01,144.04483032226562,147.16353483256674,143.8963112315906,145.1041939877528,11525800
2025-05-02,149.2327423095703,151.53959942288927,146.85658838632597,146.85658838632597,11346000
2025-05-05,147.8070526123047,149.32186857851278,147.04471212216504,147.95557168326033,5187400
2025-05-06,146.2328643798828,147.46055265922456,144.272536331945,145.52001507022896,5108600
2025-05-07,147.88626098632812,148.41099513883339,145.77742914771574,146.0348410560631,6049600
2025-05-08,148.80703735351562,150.30203272557137,147.1338221085414,147.56945390098676,6113600
2025-05-09,148.84661865234375,150.29212262907944,148.302078965655,148.5495956316755,4707100
2025-05-12,155.65829467773438,155.8662002339013,152.88610477349158,154.75733031509202,7875500
2025-05-13,160.65814208984375,161.59870251800118,156.00483120273316,156.64836857273028,11955200
2025-05-14,161.3313751220703,161.78681247772212,159.460149554581,160.7472393608459,7499400
2025-05-15,157.816650390625,160.13341830909198,157.33152730107585,159.75718807048546,10169200
2025-05-16,158.89581298828125,159.24232727520143,156.94538034551545,158.41067485792993,8515500
2025-05-19,158.05426025390625,160.36111766561754,156.26224179813906,156.72757439360814,10268900
2025-05-20,158.71759033203125,158.76709668849756,155.96520611335694,157.05428552673985,7576400
2025-05-21,155.6186981201172,159.3017479607237,154.90586389643238,156.77708961325493,6011000
2025-05-22,155.74740600585938,157.60873642554446,155.26228294212223,155.42068214875164,7603300
2025-05-23,154.42071533203125,155.8167131035233,152.7276945080826,153.4504541274117,6527500
2025-05-27,160.30169677734375,160.78681977282315,157.34139202107906,157.73742774998078,6976800
2025-05-28,162.22244262695312,162.68777520687345,159.6779638343156,160.26209958963017,8090700
2025-05-29,161.28189086914062,163.67786604518471,159.88590803113289,163.36103738787506,6994700
2025-05-30,163.88575744628906,164.1035733525292,159.945295782235,161.80661110753167,17547900
2025-06-02,164.91542053222656,165.34114196966527,160.98485445167555,162.53925134378008,7166000
2025-06-03,167.4598846435547,167.64799973776482,164.93521148268786,165.14313214134623,7155300
2025-06-04,166.4302215576172,168.78657007664776,165.90548740496448,168.02422957998277,6375800
2025-06-05,169.4400177001953,170.54888759126217,167.083654074459,167.3212755256387,7707800
2025-06-06,172.2914276123047,173.0537681660011,170.9449361690324,172.2716220464156,6833700
2025-06-09,175.3903045654297,176.94471648895248,172.06367994960303,173.1230585380755,9668900
2025-06-10,175.71705627441406,176.08339127341532,172.5488454485842,175.9447825218859,11056700
2025-06-11,174.62799072265625,177.76650073236632,174.44977083912107,175.78636709036218,18002900
2025-06-12,197.87474060058594,200.47862097872823,187.00381195179557,188.07308585110243,54610000
2025-06-13,213.08216857910156,214.44846553761653,199.20142842056617,199.57765862241112,53707400
2025-06-16,209.0030975341797,213.0326613618435,207.8942124982658,211.08222865048126,22665300
2025-06-17,206.11209106445312,213.7356172103336,205.41904735316032,208.56746750906174,17819200
2025-06-18,208.77536010742188,212.5871229437161,207.488285483735,208.99317598990834,15055400
2025-06-20,203.1320037841797,211.67628511262927,202.60726958813464,211.2307580735447,20879100
2025-06-23,204.98341369628906,205.2111399264577,200.52811331208505,203.46861277423727,13418400
2025-06-24,213.13168334960938,214.2207477605944,206.47843327363904,207.90413187666417,19030600
2025-06-25,208.62686157226562,214.77516747658547,208.14172343824995,212.80494436177884,11804600
2025-06-26,210.70602416992188,212.2901219896678,208.27045318847456,209.89416214036592,10531100
2025-06-27,208.15164184570312,212.51782479227597,207.87442436043563,211.56736915913598,14127500
2025-06-30,216.45831298828125,225.9530501355281,216.2107962840847,224.25013400207814,31844200
2025-07-01,216.78501892089844,220.9531914147849,214.16133300908155,217.1216379850318,16962200
2025-07-02,227.695556640625,229.59648306878665,214.56727641462405,215.5177320750947,22326900
2025-07-03,234.962646484375,235.62598938870926,228.903427749872,230.90336679891624,18441400
2025-07-07,229.95289611816406,232.9132011161135,227.22031734813197,232.7745923764862,16584300
2025-07-08,232.17066955566406,239.0417357114817,230.8736844371353,234.77455012955423,20401800
2025-07-09,233.46763610839844,234.16067980663516,229.69548423700618,233.17061306423426,10871600
2025-07-10,233.1600799560547,238.18046053196602,231.67182412654796,238.06140491018826,11486300
2025-07-11,228.7548370361328,232.167906112384,228.07023694197161,229.55849275038432,10208200
2025-07-14,227.48487854003906,228.83423118879762,223.35744512744554,227.6535457287186,11337000
2025-07-15,233.1204071044922,233.75539567275163,227.40549485083545,230.5903690871397,10728800
2025-07-16,239.41075134277344,239.4405152474564,231.36424775819557,233.6561592547084,12597500
2025-07-17,246.80242919921875,249.63012137843586,240.11519410965505,241.4347827840016,17631300
2025-07-18,243.5282440185547,247.7251209570001,243.08177032541286,246.55436704434734,9678100
2025-07-21,241.63319396972656,244.8676794495507,241.33555493480304,243.38933997237635,7348400
2025-07-22,236.2457275390625,240.39299312331602,233.56687011284907,240.08542267865772,11380900
2025-07-23,240.0060577392578,241.5141612629656,236.7914347426206,238.07132813214807,7255800
2025-07-24,240.9287872314453,242.16900047432472,238.67655574336618,240.51207739855644,8237900
2025-07-25,243.20083618164062,243.5481019238865,239.53972449292155,240.44260331130414,7149600
2025-07-28,245.77056884765625,245.84001291236595,241.5141487924719,244.07395057867404,6756800
2025-07-29,248.0227813720703,251.0885997726585,244.65932392811294,246.7528043226264,8415300
2025-07-30,248.63795471191406,249.08442844739884,243.677101785813,246.6932937035809,8441400
2025-07-31,251.7831268310547,258.8275287117348,251.33665310766222,253.76746794775127,15548700
2025-08-01,242.50631713867188,246.4650829710874,240.1052662924657,245.8896222516845,12718200
2025-08-04,250.5528106689453,250.929840296779,243.97471552711107,243.97471552711107,8614800
2025-08-05,253.66824340820312,256.4661564945478,249.4019070034579,253.41028451464035,11197300
2025-08-06,254.4222869873047,254.8290805464299,249.74917217266304,254.8290805464299,9930200
2025-08-07,247.43740844726562,255.7418860974401,244.58988386411806,255.69225940363955,11954200
2025-08-08,248.0922393798828,248.92565897594278,245.9193835378318,248.07239173064696,8313300
2025-08-11,250.70164489746094,252.69591737295815,243.63739549394302,246.45515619542252,9012100
2025-08-12,251.87240600585938,255.85100429656566,249.1141732021433,250.6024289655579,9998400
2025-08-13,242.2681884765625,255.652589279729,240.74025254860607,255.15650402347657,14182100
2025-08-14,243.04209899902344,246.9710858086319,240.6708120446389,243.03216760458633,10285600
2025-08-15,246.3361053466797,248.6677122176607,241.02798679665295,244.98675277993945,11554000
2025-08-18,247.1199188232422,247.2092105366558,241.71257737472294,244.27237913449127,6759900
2025-08-19,232.78305053710938,247.29851058685009,230.41176351859968,247.29851058685009,16819300
2025-08-20,233.21958923339844,234.03317628908198,226.46291072667046,230.36213342323964,11256400
2025-08-21,231.33450317382812,234.07288860860734,230.6102077278631,231.22536380110205,7403100
2025-08-22,234.51934814453125,236.6326762613855,229.64780224813688,232.22743659548593,9343600
2025-08-25,233.56686401367188,237.15851642484077,233.4279607474753,235.4916772304819,6308600
2025-08-26,232.3762664794922,235.05512388247692,230.88801068457616,233.16007453684682,11805200
2025-08-27,233.96372985839844,234.67809384992702,230.8582312602067,233.160074152759,5637600
2025-08-28,238.43844604492188,240.05567382944486,233.27914680943869,233.6958566450452,8691500
2025-08-29,224.35952758789062,236.3548657046265,221.36316833767134,235.7496410736107,16618600
2025-09-02,223.53602600097656,223.6848455264553,217.0769860874216,220.26186018655545,10461900
2025-09-03,221.7004852294922,224.1312998173388,220.01379848318962,224.1312998173388,8900800
2025-09-04,221.2540283203125,221.8195727896196,217.84095927281098,220.26185778972814,10303100
2025-09-05,230.97731018066406,232.78305273355244,224.12140795433243,230.72926753982128,15386100
2025-09-08,236.61282348632812,240.5219777923742,233.46764472652313,238.0117875654743,18803000
2025-09-09,239.61911010742188,241.58361874614585,232.7235276393433,238.06141017718844,41178700
2025-09-10,325.75933837890625,343.01319851338906,309.6464985823941,316.6909154354322,131618100
2025-09-11,305.4496154785156,328.4084568766953,302.21516002745483,327.753620670634,69986000
2025-09-12,289.89239501953125,305.5587770758331,289.46576893373555,303.3958524617288,51781900
2025-09-15,299.7744445800781,304.62614314949616,294.96241103469316,304.05069751457376,40004000
2025-09-16,304.2491149902344,317.4648349338814,299.9034028240099,311.60110292809236,51923300
2025-09-17,299.0501403808594,306.24337713948984,292.72008718868165,305.28097045856873,27707900
2025-09-18,294.297607421875,301.44124709829146,289.7137845789414,300.66735532323304,24673100
2025-09-19,306.24334716796875,308.6741467020078,294.99213744145743,296.65897659827976,40776200
2025-09-22,325.5807800292969,326.92021641022694,304.51701733057564,307.20579120907036,44437500
2025-09-23,311.37286376953125,322.4554219002116,307.6224603813452,321.46325137128787,35280200
2025-09-24,306.044921875,310.02353550216606,297.68093133705037,309.41829571682797,33765300
2025-09-25,289.04901123046875,296.4109294793868,286.2907785204338,292.9581653252245,39274900
2025-09-26,281.2406311035156,291.69811626674385,280.78424116832826,290.7059458032515,25990700
2025-09-29,280.546142578125,283.74093282556447,277.42078125448995,282.37173267971315,25778500
2025-09-30,279.03802490234375,281.7764252026331,273.73983800556215,281.46885476642854,23880800
2025-10-01,286.7471923828125,287.7195000486679,275.7043303935629,276.61711025451444,23378300
2025-10-02,286.5190124511719,292.66055062583445,283.81037592824777,289.51535663521616,16215500
2025-10-03,283.8996887207031,292.3331381880587,281.77642926223274,287.33259026115996,13688400
2025-10-06,289.3070068359375,294.35715129841975,288.5231836239734,290.0908300479016,14076800
2025-10-07,282.0145263671875,290.9242281406545,268.87819895606344,290.9242281406545,31723400
2025-10-08,286.3702087402344,289.24749746085377,281.37959177033474,283.185349552021,18982100
2025-10-09,295.1462707519531,299.13178887580506,285.5055329273853,289.76930937139105,26479800
2025-10-10,291.1706848144531,305.8405451253415,290.2265053116295,298.44598385734787,28895300
2025-10-13,306.1287536621094,308.8023261715299,295.9214611082751,296.87561948189784,21703700
2025-10-14,297.1737976074219,302.5607072174655,290.1966845828224,301.7158926964915,17346200
2025-10-15,301.76556396484375,309.1104423455758,297.0942885286036,303.0377448479234,13698900
2025-10-16,311.0882873535156,320.5700283106327,301.218944174788,303.7334904599572,32500900
2025-10-17,289.53076171875,302.42154598429164,285.74403450536505,301.8947842817553,37653000
2025-10-20,275.487060546875,287.47339926326885,273.62848679810674,287.1851923346052,32810700
2025-10-21,273.4694519042969,278.58799102631446,270.5971190174731,276.4113645294745,18370800
2025-10-22,270.99468994140625,275.5069696723458,267.60551341129235,273.14150104249836,16474000
2025-10-23,278.35943603515625,281.37092862392143,270.7263501135002,271.2928456978201,16872200
2025-10-24,281.5994873046875,285.4359272907555,280.5260969843573,284.17369501008807,13194900
2025-10-27,279.6812744140625,285.247077106773,278.100989368788,284.8197107167245,13855800
2025-10-28,279.11474609375,283.71647204564186,278.82653918086754,281.2715056132547,12448500
2025-10-29,273.6185302734375,279.8999367102244,269.6926739988345,279.7409103070061,18007100
2025-10-30,255.32101440429688,268.1124037979081,254.7147243126993,267.0986142125583,27954200
2025-10-31,261.00604248046875,264.18650997460566,255.14208397364064,257.9250006138069,16898700
2025-11-03,256.275146484375,263.99767906349524,253.6711382353916,263.61999512049596,15709200
2025-11-04,246.6542510986328,253.72082598196428,243.69245628106228,248.45319374117324,19772600
2025-11-05,248.78118896484375,250.85842031374696,245.5212233059583,246.39585341732538,11991500
2025-11-06,242.3109588623047,247.54877581260783,237.82849464119084,246.42567259995013,18678300
2025-11-07,237.7986602783203,238.93169686529873,230.93087618330165,237.54025374641034,20969300
2025-11-10,239.3590850830078,245.7299383831608,235.62205548440846,244.44780881992486,16698700
2025-11-11,234.70767211914062,235.99973520578885,227.49201912596652,234.78718532692136,20686600
2025-11-12,225.60362243652344,235.36363710080596,224.78862345731153,235.2940725247426,24195000
2025-11-13,216.2411651611328,223.78480443319668,213.90551208004095,223.615844554121,30009000
2025-11-14,221.48890686035156,225.66325152000962,209.48268596220845,209.5423170741818,36053800
2025-11-17,218.5171661376953,221.43921198573736,214.24342612748393,216.87724987551331,16143800
2025-11-18,219.14332580566406,222.3337116995743,213.18990527564887,214.88946783672145,21098300
2025-11-19,224.15252685546875,226.7565198011756,215.98273102188324,217.7220425286462,21679500
2025-11-20,209.40316772460938,232.5707944361802,209.0155503405061,229.748143989603,27459600
2025-11-21,197.54603576660156,207.03771063364235,192.3678651750686,205.81522730349292,44834100
2025-11-24,199.05674743652344,202.57513465014713,193.11327576454698,195.65763761078736,31144700
2025-11-25,195.82659912109375,198.19206765370456,184.49623294040668,192.89461986224512,29595000
2025-11-26,203.7081756591797,208.71738625647404,201.00478734775314,208.22044009872053,26544100
2025-11-28,200.71653747558594,201.1041548476619,196.4030487369781,198.29143795158566,13848500
2025-12-01,199.7127227783203,202.25708466007998,195.49861393316016,199.27540773634416,13461200
2025-12-02,199.8717498779297,208.4192146561499,198.77846226921176,203.88706814290677,19664500
2025-12-03,206.46124267578125,206.6500846387668,198.18211801923997,199.10644574185528,19060500
2025-12-04,213.0209503173828,214.09435588090784,205.05987801156445,206.59046556576504,23316900
2025-12-05,216.25108337402344,218.15935472532604,212.31526328561696,217.66240858699956,24208700
2025-12-08,219.1929931640625,223.37728626711018,215.5851745594257,219.99805863675905,24711200
2025-12-09,220.1769561767578,221.26029512517565,216.94680625793183,218.68611775268428,17643600
2025-12-10,221.64791870117188,223.94382267748554,216.2510907347346,220.44531749821974,47928000
2025-12-11,197.635498046875,200.75631939056154,185.0925663925784,189.45575316234388,100612700
2025-12-12,188.80972290039062,196.64159913778155,184.84408713319328,195.17062760321016,55201600
2025-12-15,183.79055786132812,187.81582461231847,180.29205280337976,187.13996997851825,43897500
2025-12-16,187.49777221679688,188.64075743608612,183.36319186532194,183.57190075101275,32433500
2025-12-17,177.37002563476562,185.36091301353378,175.9885159513689,182.19039416605673,50222000
2025-12-18,178.930419921875,183.6315260013945,177.48927919758674,181.6039924914208,36297300
2025-12-19,190.79751586914062,193.92827070911798,186.97102425086277,187.23937943204743,77008600
2025-12-22,197.16836547851562,197.5857984376681,191.6522600082981,195.61789586863685,27148000
2025-12-23,194.14691162109375,195.99555184267166,191.01615704910182,195.2302505514054,18301600
2025-12-24,196.28379821777344,197.0689664716376,193.23254153949614,193.80900090050727,9282700
2025-12-26,196.78074645996094,199.14619987573178,194.91222404001994,196.85031103645164,11262000
2025-12-29,194.18667602539062,197.29754850923374,191.46340575355308,192.97412624611638,14748100
2025-12-30,196.00550842285156,197.16836060149714,194.5146699632147,194.86252317110745,14197400
2025-12-31,193.71954345703125,195.9955500527643,193.54063496465824,195.22031530553,10341500
2026-01-02,194.51467895507812,197.37707861729828,193.02384042652403,196.26392403563455,14540700
2026-01-05,191.41371154785156,200.45813740850738,191.1553050133387,197.12859218718208,22635500
2026-01-06,192.56663513183594,193.6897382955301,189.53526055212583,191.38390085601517,16474500
2026-01-07,191.6621856689453,194.47490267105863,190.82731978462982,194.1071673765467,11171200
2026-01-08,188.49166870117188,189.7837317247868,185.01304564983556,189.71416714986842,19468500
2026-01-09,197.82907104492188,199.48328198944458,188.1229648731703,190.99294612598993,26152700
2026-01-12,203.96762084960938,205.8809518290306,196.3243174764324,196.91227558643226,25428500
2026-01-13,201.5859375,207.0767700725562,199.96162093774046,204.28651223022646,15857400
2026-01-14,192.9361572265625,200.9780623608245,190.14589935080318,200.9780623608245,22473200
2026-01-15,189.18923950195312,194.3312687380796,188.73083382608039,194.3312687380796,16418600
2026-01-16,190.4249267578125,191.20221082953415,185.88079981369137,189.24904092827342,19224700
2026-01-20,179.29379272460938,186.53849399405735,178.73574421850324,186.53849399405735,29129500
2026-01-21,173.2748260498047,179.97143871298334,170.00624310773912,179.0546273363009,38190000
2026-01-22,177.55984497070312,179.53296461501938,175.88569943626916,178.7457056604346,21141900
2026-01-23,176.5434112548828,179.024735260759,171.40136660730013,172.0192038769268,23011300
2026-01-26,181.80503845214844,184.66504484140142,177.90864316260036,178.4766666339379,21100400
2026-01-27,174.291259765625,179.0944912003547,173.07550472221547,178.56633706575496,27093700
2026-01-28,172.19857788085938,181.04766097025964,171.26184708944726,174.311194419325,35882700
2026-01-29,168.42176818847656,169.6375232885373,160.95784629043263,169.55779989771733,37254500
2026-01-30,164.00718688964844,168.3121433737541,162.6718543621554,167.58468837081855,27362400
2026-02-02,159.50291442871094,170.6041414466142,159.4431256894864,170.32511719311208,47421000
2026-02-03,154.13168334960938,158.8252973147647,151.37131982433368,157.70918503273225,43260100
2026-02-04,146.15951538085938,153.4042165095504,143.92730619412305,153.35438749268448,42323400
2026-02-05,136.00498962402344,146.039949211642,134.7792747837658,145.09325864061893,42789000
2026-02-06,142.32293701171875,142.70160412102805,138.4265417142819,139.26361453151182,29962400
2026-02-09,156.0449981689453,159.19400370697278,146.48837899796555,147.97319865369118,49936500
2026-02-10,159.33351135253906,164.81436891576513,156.41371634940222,159.44312911203085,40092200
2026-02-11,156.61302185058594,163.09039916229338,153.46401630814597,163.09039916229338,24538900
2026-02-12,155.9353790283203,158.48646671051813,151.96923537258098,157.3803293726937,23285400
2026-02-13,159.5826416015625,161.7351274987914,154.7495156571849,158.69573980210455,18597000
2026-02-17,153.43411254882812,158.72562879601853,152.34790991545935,157.4301503718071,19610800
2026-02-18,155.62646484375,156.752536862897,150.84316769997875,153.87259581349628,14801100
2026-02-19,155.9951629638672,159.5228506701595,155.22785386191407,156.64290979185859,14976300
2026-02-20,147.5646209716797,153.45405532849043,146.8770200297793,152.76645438659003,29621900
2026-02-23,140.81817626953125,145.29255455777212,138.10764185605854,145.18293679819485,31749800
2026-02-24,145.63136291503906,146.249200155314,138.24714957833874,140.34980638633397,21336600
2026-02-25,147.37527465820312,152.74651438864691,146.82718586822284,148.64085873585188,27303900
2026-02-26,149.78684997558594,151.9692302062104,144.64480548776962,148.27213601364468,20652200
2026-02-27,144.89393615722656,145.57157735663532,141.60543381427286,143.37923739277232,36425200
2026-03-02,148.7305450439453,149.64734121886437,140.68862485741477,141.12709589882863,22418800
2026-03-03,148.4913787841797,150.40469457426053,142.55213053686913,144.2462108004705,20120800
2026-03-04,151.8396759033203,153.07536559442755,148.58106798867487,149.48788920455578,17585400
2026-03-05,154.25125122070312,157.3902968608138,149.59750684443316,152.0589112977936,24094800
2026-03-06,152.42764282226562,158.63595559593048,151.0922950184539,152.38777352357633,38000600
2026-03-09,151.03250122070312,151.4709722575155,145.92035104119384,150.1754937957557,31173500
2026-03-10,148.88002014160156,153.6035284556817,147.93332957555808,153.085334013108,51544600
2026-03-11,162.55226135253906,171.162189509188,160.02110842929054,165.80092476166314,83247500
2026-03-12,158.60606384277344,167.24588698590296,158.0579750193652,164.08692166549116,37133700
2026-03-13,154.5701446533203,160.21044883324424,153.6134792155877,158.4964340279975,26350400
2026-03-16,155.42715454101562,158.18751793631904,153.9722293158369,155.5168376506391,21607700
2026-03-17,154.151611328125,158.36688475898694,152.96575063297982,154.89900098919819,23929500
2026-03-18,152.36782836914062,154.43063107214766,151.5108209745941,152.86608812862858,18051100
2026-03-19,154.97872924804688,156.37385057695357,148.3717995707142,149.93634260912145,22046100
2026-03-20,149.15904235839844,152.71662453203183,147.4350677550405,152.51732365860767,37551400
2026-03-23,153.80282592773438,155.2378165334504,150.18547024864722,150.89299062422435,19927900
2026-03-24,146.57806396484375,153.36435999173983,146.33890899305118,152.46749843615302,26122100
2026-03-25,145.5117950439453,149.3184919774499,144.0967390483517,148.71061441825918,20683800
2026-03-26,142.31295776367188,145.960223049612,142.04389322141546,143.38920072701563,16961900
2026-03-27,139.17391967773438,141.1968530849201,137.8186525236201,140.43948851881788,17929600
2026-03-30,138.31692504882812,140.7085660329705,136.47335768619322,139.55259963483925,20125700
2026-03-31,146.59799194335938,146.88697592301912,139.36326546789041,139.8116962252777,24492000
2026-04-01,144.7245330810547,149.1291477614807,144.16648455404064,148.57109923446666,20495900
2026-04-02,145.87054443359375,145.93033317689762,139.8117034193226,142.28306777853768,14381900
2026-04-06,145.033447265625,148.03298081482288,143.3493420145837,146.92684351639843,12556700
2026-04-07,142.6717071533203,144.06684369566656,139.4529531515068,143.27958470837012,17250400
2026-04-08,143.16000366210938,150.9328592725024,142.4026390647506,149.7768929333519,23527000
2026-04-09,137.86000061035156,142.8000030517578,136.0,142.1999969482422,30407800
2026-04-10,138.08999633789062,140.1699981689453,134.57000732421875,137.32000732421875,26171800
2026-04-13,155.6199951171875,155.91000366210938,139.72000122070312,139.77000427246094,49997700
2026-04-14,163.0,169.39999389648438,161.55999755859375,167.92999267578125,59779800
2026-04-15,169.80999755859375,172.55999755859375,166.2100067138672,166.88999938964844,43010800
2026-04-16,178.33999633789062,180.27000427246094,173.8000030517578,176.4199981689453,46997300
2026-04-17,175.05999755859375,184.5,173.36000061035156,182.92999267578125,45282600
2026-04-20,177.5800018310547,177.75999450683594,173.50999450683594,176.80999755859375,22330900
2026-04-21,181.1699981689453,185.33999633789062,176.00999450683594,178.35000610351562,39638000
2026-04-22,187.5,189.17999267578125,182.8000030517578,186.17999267578125,32448800
2026-04-23,176.27999877929688,181.88999938964844,174.0800018310547,180.39999389648438,37084200
2026-04-24,173.27999877929688,180.7100067138672,168.8000030517578,180.50999450683594,33215000
2026-04-27,172.9600067138672,173.5500030517578,167.89999389648438,172.5800018310547,21616600
2026-04-28,165.9600067138672,168.6999969482422,162.0500030517578,162.16000366210938,33716500
2026-04-29,163.8300018310547,164.75999450683594,160.64999389648438,164.0399932861328,20587500
2026-04-30,161.38999938964844,165.17999267578125,160.3300018310547,162.02000427246094,21016400
2026-05-01,171.8300018310547,174.3000030517578,166.14999389648438,166.4199981689453,26318000
2026-05-04,180.2899932861328,183.5,174.25999450683594,176.02000427246094,33504500
2026-05-05,185.35000610351562,186.52000427246094,179.0,182.1300048828125,23497200
2026-05-06,194.02999877929688,194.2899932861328,182.6699981689453,186.1999969482422,27685500
2026-05-07,194.58999633789062,200.14999389648438,190.8000030517578,198.61000061035156,31803200
2026-05-08,195.9499969482422,198.0,190.2100067138672,192.5800018310547,21158300
2026-05-11,193.83999633789062,195.67999267578125,190.60000610351562,192.14999389648438,16890600
2026-05-12,186.8300018310547,192.9199981689453,180.8699951171875,192.9199981689453,22123400
2026-05-13,189.75999450683594,191.57000732421875,185.05999755859375,189.02999877929688,15789300
2026-05-14,195.61000061035156,200.7100067138672,185.4499969482422,188.17999267578125,22545000
2026-05-15,192.9499969482422,196.42999267578125,188.89999389648438,190.49000549316406,15747100
2026-05-18,186.61000061035156,190.75999450683594,183.27000427246094,190.0,19114300
2026-05-19,181.4600067138672,188.72000122070312,180.92999267578125,186.0,16717700
2026-05-20,188.16000366210938,188.22000122070312,178.8000030517578,179.94000244140625,16517200
2026-05-21,189.77000427246094,192.82000732421875,187.1999969482422,189.00999450683594,12119700
2026-05-22,192.0800018310547,197.0,191.10000610351562,191.6699981689453,10875800
2026-05-26,193.05999755859375,195.1999969482422,190.55999755859375,193.3000030517578,12856100
2026-05-27,190.9600067138672,192.13999938964844,187.9199981689453,191.47999572753906,12126000
2026-05-28,203.6999969482422,205.0,193.3800048828125,194.0399932861328,25339900
2026-05-29,225.77999877929688,226.2899932861328,208.00999450683594,209.0,41082200
2026-06-01,248.14999389648438,250.25,224.60000610351562,230.5,48390000
2026-06-02,244.5800018310547,249.0,238.83999633789062,242.8000030517578,30294800
2026-06-03,230.3300018310547,240.50999450683594,227.61000061035156,240.47999572753906,23644700
2026-06-04,236.33999633789062,238.9499969482422,224.0,227.0,19993800
2026-06-05,213.67999267578125,231.44000244140625,209.4499969482422,229.49000549316406,29019900
2026-06-08,211.82000732421875,219.05999755859375,209.3300018310547,217.75,17227200
2026-06-09,205.80999755859375,220.5,197.7899932861328,213.91000366210938,26040700
2026-06-10,201.25999450683594,212.47999572753906,198.17999267578125,198.5,46108300
2026-06-11,184.10000610351562,184.77000427246094,175.27999877929688,179.6699981689453,63678500
2026-06-12,184.1300048828125,185.5800018310547,179.0,185.00999450683594,29562300
2026-06-15,192.63999938964844,195.32000732421875,186.2100067138672,187.38999938964844,20279900
2026-06-16,188.3300018310547,195.32000732421875,187.66000366210938,190.00999450683594,16985500
2026-06-17,183.52999877929688,190.19000244140625,182.5800018310547,186.16000366210938,16616600
2026-06-18,184.2899932861328,187.99000549316406,177.6999969482422,183.00999450683594,31386100
2026-06-22,175.07000732421875,184.5800018310547,174.39999389648438,182.30999755859375,22935400
2026-06-23,165.16000366210938,174.3300018310547,164.61000061035156,170.22999572753906,33327900
2026-06-24,157.52999877929688,165.75,155.35000610351562,162.47999572753906,38305000
2026-06-25,152.4600067138672,157.6199951171875,150.36000061035156,157.35000610351562,36844400
2026-06-26,148.52999877929688,153.5399932861328,148.0,150.25999450683594,36532100
2026-06-29,147.75999450683594,154.5,145.1999969482422,153.94000244140625,34310300
2026-06-30,146.5500030517578,149.92999267578125,144.47999572753906,147.25,35926900
2026-07-01,142.5,147.5500030517578,142.5,144.49000549316406,45964000
2026-07-02,140.27000427246094,147.05999755859375,138.8300018310547,143.3000030517578,44166700
