Price,Close,High,Low,Open,Volume
Ticker,PFE,PFE,PFE,PFE,PFE
Date,,,,,
2021-06-25,30.168121337890625,30.500915117629308,30.098466757193204,30.27647225178862,22774300
2021-06-28,30.276466369628906,30.346120936793728,30.106201946157434,30.191332681722965,19225700
2021-06-29,30.260984420776367,30.40029354208655,30.168112657349624,30.284204575888154,14516600
2021-06-30,30.30742073059082,30.39255440759636,30.044281616364618,30.29194161183163,21248100
2021-07-01,30.617002487182617,30.671177936023277,30.268729635820858,30.3151640477754,20035900
2021-07-02,30.748573303222656,30.825968917208318,30.47769603512484,30.53960957397257,16592700
2021-07-06,30.408035278320312,30.68665352735835,30.214550711192807,30.555082486494744,18931900
2021-07-07,30.454469680786133,30.46221071678069,30.160375264477313,30.353859831578472,17665200
2021-07-08,30.377071380615234,30.431246813132343,30.1294114170114,30.183586849528513,23021200
2021-07-09,30.65569496154785,31.034923055768157,30.539603041571745,30.593778483603217,21578700
2021-07-12,30.771791458129883,31.151022597476985,30.64796142428324,30.694398794103563,24513000
2021-07-13,30.686656951904297,30.80274593373189,30.59378222363359,30.779528727834478,12222000
2021-07-14,30.91883659362793,30.980750124249536,30.69439377140124,30.74083113362275,15888600
2021-07-15,31.027189254760742,31.104581910533586,30.849183784610744,30.918838355742533,20250800
2021-07-16,31.228408813476562,31.228408813476562,30.903356148873666,31.065882481175116,24270400
2021-07-19,31.0736141204834,31.228399369767793,30.709862289518423,31.011697658898132,29818400
2021-07-20,31.770164489746094,32.280963615329505,31.11231815988599,31.151014481817743,48804100
2021-07-21,31.746944427490234,31.917211771461467,31.35997533834824,31.917211771461467,27530200
2021-07-22,32.09522247314453,32.15713600236623,31.654077875206234,31.824342294821147,18913300
2021-07-23,32.257747650146484,32.373839572735505,32.05652204463755,32.08748028430666,21609200
2021-07-26,32.358367919921875,32.458977793552855,32.03331223306688,32.21131772373044,23720000
2021-07-27,32.582801818847656,32.66019742160528,32.18035649386947,32.36610003580704,32544100
2021-07-28,33.627620697021484,33.852063519067656,32.69889411972109,32.776286771020956,53822400
2021-07-29,33.41676330566406,33.81504544710652,33.28400060579658,33.760379329243435,29015000
2021-07-30,33.43238067626953,33.729138733374675,33.338664783318606,33.487046790951,24763300
2021-08-02,34.330474853515625,34.47104573793689,33.77600246445415,33.815049270331095,43066900
2021-08-03,35.673702239990234,35.814273107920386,34.41637557632608,34.4944691789184,45643300
2021-08-04,35.291038513183594,35.767417262623496,35.15046763698558,35.41599007212847,43391200
2021-08-05,35.18951416015625,35.2519884443018,34.90837243380157,35.14265621273717,23505400
2021-08-06,35.197322845458984,35.38475165880815,34.853706829912106,35.212942161494745,20413000
2021-08-09,35.90797805786133,35.94702485049191,35.22855433303539,35.22855433303539,32374300
2021-08-10,37.63388442993164,37.930645514974984,35.837704559768845,36.07979952113056,81189400
2021-08-11,36.16570281982422,37.54798113224407,36.12665303670328,37.3136943498392,50878200
2021-08-12,36.89198684692383,37.016938414589156,36.1891324168811,36.314083984546436,29676400
2021-08-13,37.86035919189453,37.875978509594304,36.95445961886951,37.024745058978354,35379200
2021-08-16,38.196163177490234,38.24302112580852,37.102834882703185,37.6651183462028,38045800
2021-08-17,39.375389099121094,39.430058189280054,38.039968992903745,38.09463510398307,68817000
2021-08-18,38.508544921875,40.49996162104958,38.39920970521299,39.22701561403083,88598000
2021-08-19,38.11025619506836,39.01615562257373,37.6885436221573,37.87597242536658,57741600
2021-08-20,38.04778289794922,38.83653897147449,38.00092495116441,38.25082804252369,35157500
2021-08-23,38.99272918701172,40.109484930978404,38.73501494805948,39.27387090983967,88652400
2021-08-24,37.782264709472656,39.08644642692636,37.67293246718075,38.844354455874324,52624100
2021-08-25,37.10282897949219,37.704159148043,36.64988080080112,37.51673334274995,51036800
2021-08-26,37.001312255859375,37.610450663232164,36.93883499403662,37.25121534499077,29029300
2021-08-27,36.39216995239258,37.095024234788895,36.33750383921506,36.993500176425044,32924500
2021-08-30,36.51712417602539,36.82950454205276,36.048556606064295,36.07979523848302,25774400
2021-08-31,35.978271484375,36.81388554479595,35.868939249042164,36.48588883879744,34547800
2021-09-01,35.9548454284668,36.12665195692707,35.470655539776686,36.07198583708788,32900100
2021-09-02,36.57959747314453,36.603024955377464,36.025125213714446,36.29845577003079,26106300
2021-09-03,36.57959747314453,36.72797649241917,36.18912354750425,36.626455416690035,20817200
2021-09-07,36.509315490722656,37.09502643442409,36.345317141465436,36.69674430350228,26236900
2021-09-08,36.32189178466797,36.540559260168024,36.118846606432555,36.32189178466797,15839600
2021-09-09,35.94702911376953,36.48588504484895,35.80645826036444,36.29064807946184,21695300
2021-09-10,35.603416442871094,36.19693556212676,35.54093917817052,36.13446127650614,20801500
2021-09-13,34.81466293334961,35.79084792391127,34.517901862076414,35.72056248542762,37086200
2021-09-14,34.91617965698242,35.34570040325053,34.791228112993885,34.88494102621534,24100200
2021-09-15,34.96303939819336,35.43160696743747,34.72875561357131,34.79904104686592,28674600
2021-09-16,34.72875213623047,35.13484537915112,34.38513317271625,35.048940638272576,22424200
2021-09-17,34.27580261230469,34.72094267383489,33.82285438262474,34.49446706945502,56370500
2021-09-20,34.51790237426758,34.86932957190044,33.88533341852844,33.88533341852844,41873000
2021-09-21,34.299224853515625,34.93179362383514,34.24455874758325,34.55693904926484,23645600
2021-09-22,34.322662353515625,34.6662783725915,34.228949435418556,34.35390098590796,22616700
2021-09-23,34.51008605957031,34.92399046552063,34.47885040818595,34.58037148857473,19719200
2021-09-24,34.31484603881836,34.681892466459374,34.21332496745002,34.41637008926621,16150700
2021-09-27,34.025901794433594,34.46323371699066,33.97904384516963,34.29923238410676,19955900
2021-09-28,33.612003326416016,33.79942918198667,33.13562455996354,33.63543081359228,28512200
2021-09-29,33.994659423828125,34.11961096238011,33.64323526976794,33.75256749361597,18037200
2021-09-30,33.58856964111328,34.40075621496215,33.55733398756523,34.197711061039925,21103300
2021-10-01,33.52608871459961,33.65884840835375,32.56552329464176,33.205900241280325,38483000
2021-10-04,33.127811431884766,33.85409328175088,32.9638130732905,33.52609656456235,28906500
2021-10-05,33.04971694946289,33.416763438644224,33.01847831653682,33.21371530370476,19342600
2021-10-06,32.815433502197266,32.95600437274755,32.55771924649507,32.84667213544845,30483800
2021-10-07,33.37771224975586,33.54951875010646,32.963807865590304,33.20590277032564,19778300
2021-10-08,33.1512336730957,33.51046893492582,33.06532894111908,33.369898096978496,12778600
2021-10-11,32.84667205810547,33.284001006272106,32.80762227709342,33.15124128388724,11984200
2021-10-12,32.68267059326172,32.963812332580275,32.534291554879154,32.92476553080381,16222300
2021-10-13,32.34686279296875,32.72952860084832,31.97200813290632,32.60457704749418,28205700
2021-10-14,32.5421028137207,32.76857845624178,32.42496239726795,32.45620103328747,17590300
2021-10-15,32.40152359008789,32.823233112702965,32.31561886058579,32.72171204972709,23550300
2021-10-18,32.268775939941406,32.565537058395265,32.05011142059681,32.37030002924311,21733000
2021-10-19,32.87009048461914,32.95599521264269,32.4405698235806,32.48742478135402,17159800
2021-10-20,33.4245719909668,33.6666669303025,32.87790782480621,32.893527141448516,22788300
2021-10-21,33.4714241027832,33.651041744220635,33.13561630124555,33.627614262883434,22142300
2021-10-22,33.705711364746094,33.729138848523895,33.291809929579166,33.440188958638295,17183000
2021-10-25,33.697906494140625,33.76819193143189,33.24495523624579,33.736953297284636,22846200
2021-10-26,34.018089294433594,34.17427648060041,33.51828016982908,33.83847164707806,29729100
2021-10-27,33.55732727050781,34.01808658276266,33.33085169790743,33.93999001682492,22317500
2021-10-28,33.72132873535156,34.10399151735742,33.53389993869996,33.54171108556192,18023400
2021-10-29,34.15866470336914,34.22895013815492,33.47142967202817,33.651047343351834,30307500
2021-11-01,34.08057403564453,34.58819148376147,33.92438382244851,34.47104807909432,32681500
2021-11-02,35.49408721923828,35.95484665870554,33.61981082636938,35.20513729319006,69248000
2021-11-03,35.002079010009766,35.915789455171925,34.73655664755265,35.54874304790139,44593100
2021-11-04,34.54515838623047,35.033598382259534,34.11974707436259,34.89179360989365,38172500
2021-11-05,38.295101165771484,38.452662353877436,36.67222603717072,37.8854432787879,173959100
2021-11-08,38.07451248168945,38.43690106475932,37.49941376718074,38.29509631395297,57423300
2021-11-09,37.26307678222656,38.113905361606406,37.14490814968797,38.07451581742688,29920400
2021-11-10,38.618099212646484,38.76778068445382,37.34185933317503,37.34185933317503,42696200
2021-11-11,39.53195571899414,39.78405244456108,38.389640740827076,38.78354225017916,42370400
2021-11-12,39.17744064331055,39.77617257283068,39.05139229055312,39.721023601096384,27780600
2021-11-15,39.11442565917969,39.468934654908566,38.89383874456595,39.177448345333346,27763200
2021-11-16,39.07502746582031,39.51619822621178,38.51568805896627,38.97261523993207,31297200
2021-11-17,40.075538635253906,40.24885626067585,39.14593083473078,39.34288158899025,36889800
2021-11-18,40.500953674316406,40.73729398240009,39.87071185101656,40.256733652999564,32872600
2021-11-19,40.0203857421875,41.62750434021809,39.92585023795908,40.9342369636742,47966200
2021-11-22,40.335514068603516,40.54822123853268,39.689515851143064,40.13856331925021,27287900
2021-11-23,40.24097442626953,40.53246066397499,39.626486107706874,39.84707296793203,24946200
2021-11-24,40.09128952026367,40.437924723242844,39.94948475635939,40.31975308491275,18556800
2021-11-26,42.54135513305664,43.28188875163835,41.950502978430855,42.572867969225086,66561300
2021-11-29,41.28087615966797,43.88062531740066,41.05241258082318,43.4473342919835,72660800
2021-11-30,42.32864761352539,42.90374334486011,40.89484663836664,41.20996898673909,64598400
2021-12-01,43.07706069946289,43.46308241859974,40.85545687085225,41.336017097117214,59810400
2021-12-02,41.785072326660156,43.392191186584775,41.572365153561606,42.39955771212487,46361700
2021-12-03,42.75407409667969,42.864366048550544,41.8323429177598,42.31290328396595,37574800
2021-12-06,40.55610275268555,42.4547080812542,40.37490840243397,42.36804926043165,53724000
2021-12-07,40.74517059326172,41.35965594853788,39.70527091268829,40.37490223547745,41575400
2021-12-08,40.493072509765625,41.81658169564883,40.20158325682046,41.55660528170796,37429200
2021-12-09,41.02878189086914,41.63538755934734,40.57973141377715,40.57973141377715,38325700
2021-12-10,41.580230712890625,41.63537666832715,40.26460148286327,40.33550385488583,26079400
2021-12-13,43.48672103881836,43.90425561758003,42.10018624048255,42.10018624048255,54923200
2021-12-14,43.754573822021484,44.07757289106895,42.79345332158434,43.14796522791194,48685700
2021-12-15,46.32281494140625,46.417350458191784,44.03030837405531,44.203625992520365,75202900
2021-12-16,48.252933502197266,48.39473828188743,45.49562301635742,45.9761833247263,75183600
2021-12-17,46.8585205078125,48.20566287137631,46.244035150094945,47.213032446968725,104192100
2021-12-20,48.07173538208008,48.61531832453043,47.13425097272172,47.740856587157914,55712200
2021-12-21,46.44099426269531,47.2996997788536,45.03082596460623,47.27606364183045,63877900
2021-12-22,46.913665771484375,47.73298157296507,45.865889395069274,46.67732548400373,62594900
2021-12-23,46.25191116333008,47.3312033846987,45.93679178176631,47.12637293171394,39203200
2021-12-27,46.637943267822266,46.77974806364642,45.873773313128765,46.36221038472849,27362600
2021-12-28,45.70044708251953,46.83488523587761,44.96779311544872,46.51976285878265,36901700
2021-12-29,45.36168670654297,45.71619556267248,44.95990559526004,45.148979589727745,26170200
2021-12-30,46.00769805908203,46.27555120893809,45.322307260631774,45.49562488854748,24559000
2021-12-31,46.5197639465332,47.11061616347959,46.03920366258004,46.1101060488228,28579600
2022-01-03,44.6290397644043,46.125863614724345,44.38481976011525,46.08647406699511,57219200
2022-01-04,42.95889663696289,44.455723539355795,42.49409274666025,44.29028563057772,66993100
2022-01-05,43.82548141479492,44.463599916836905,43.62065095334619,43.99091932234433,52956400
2022-01-06,43.2031135559082,43.82547860273231,42.927383727684735,43.455210257492446,37000400
2022-01-07,43.89637756347656,43.935767106545704,43.03767230155946,43.61276804501154,27703400
2022-01-10,44.30603790283203,44.32179131675785,43.1243335132375,43.88850030828579,34044700
2022-01-11,44.660552978515625,45.24352854679842,43.967288471384286,44.70782224250507,33576600
2022-01-12,44.6290397644043,45.030817959610296,44.038187532776156,44.38481976011525,27608500
2022-01-13,43.754573822021484,44.70781461052381,43.50247713423954,44.534497010712634,28117900
2022-01-14,43.28977584838867,43.628531381916396,42.94314060185985,43.31340897693201,27072500
2022-01-18,42.628021240234375,42.97465348184327,42.09231495441974,42.93526393249248,35598000
2022-01-19,42.17897033691406,42.927383734651755,42.10806795175513,42.26562914157829,27300400
2022-01-20,42.580753326416016,42.951021713545835,41.80870671481582,42.509850933247115,35105300
2022-01-21,41.58811950683594,43.22674812168808,41.32814308423011,42.87223618414825,41059000
2022-01-24,40.60335922241211,41.01301706112658,39.24833737168186,40.768797098076796,59036400
2022-01-25,41.39117431640625,41.62751463805806,40.36703091909493,40.461566446709604,43983200
2022-01-26,41.761436462402344,42.24199678192372,41.32814540561799,41.41480421802086,39644800
2022-01-27,42.36471939086914,43.325210946263326,42.07101691311146,42.086893131919865,36957200
2022-01-28,43.12675094604492,43.396637507660955,42.15038343915201,42.68222602534889,28590400
2022-01-31,41.82493209838867,42.97593200412434,41.586794917772664,42.86480152170877,38644600
2022-02-01,42.1265754699707,42.198016929215186,41.5867962285854,41.864625471460016,27883300
2022-02-02,42.75367736816406,42.968001770868696,41.634429728314764,41.94400841175068,32039300
2022-02-03,42.372650146484375,42.77748304309757,42.142449564058005,42.33296112180912,22635800
2022-02-04,42.07101058959961,42.412341672478505,41.77730815598707,42.08688680602173,24932200
2022-02-07,42.23771667480469,42.53142220849999,41.46773967207765,42.3091581521793,32358500
2022-02-08,41.03908157348633,41.11845962911726,39.443556613827624,40.19766025463635,67922000
2022-02-09,40.856502532958984,41.05495066567695,40.40404103260829,40.99144580972967,38522200
2022-02-10,40.16590881347656,40.77712954678723,39.99921307568605,40.51517953427054,34200600
2022-02-11,40.30879211425781,40.67393905557984,39.75313964979157,39.951587823694894,34997800
2022-02-14,39.53087615966797,40.08653165957488,38.48307002982242,39.54675237716003,42973100
2022-02-15,39.52294158935547,39.72138977605268,39.062540342740014,39.53087818446859,29150000
2022-02-16,39.43561553955078,40.30878616461241,39.237167394938744,39.36417408636731,27672600
2022-02-17,38.81645965576172,39.65787788039276,38.69738955359618,39.53881080630571,21231700
2022-02-18,38.52275848388672,39.30861458356765,38.26080846937895,38.721206657453955,26955300
2022-02-22,37.72896957397461,38.34812999670209,37.5860866324282,37.73690919743781,34814800
2022-02-23,37.20505905151367,38.22905225254726,37.133617594974616,37.776590703826095,25793000
2022-02-24,36.48271179199219,37.117745346841716,36.03818981763695,36.40333373316557,44227300
2022-02-25,37.879791259765625,38.12586507598912,36.308081967314806,36.36364721795102,31199200
2022-02-28,37.26062774658203,37.44319970175622,36.78435334422143,37.16537347172567,35296100
2022-03-01,36.316009521484375,37.4193806923987,36.069932738443725,37.062173435752044,29854500
2022-03-02,37.86391067504883,38.04648262438315,36.51446254075308,36.60178021827791,36516200
2022-03-03,37.967105865478516,38.57038697830721,37.68927660677047,37.84803575059238,30553300
2022-03-04,38.61801528930664,38.71326956352822,37.63371102875438,37.70515249144026,33217300
2022-03-07,38.086181640625,38.76884399513513,37.721037646191974,38.30050607946512,33171300
2022-03-08,37.657527923583984,38.43544447491556,36.88755099567774,37.76866145498487,32913300
2022-03-09,38.697391510009766,39.07047502278374,38.10204702524038,38.205240917129096,24718900
2022-03-10,39.05461120605469,39.12605268803233,38.141748161682514,38.34813601098664,24542300
2022-03-11,39.903961181640625,40.40405145292647,38.848215389823736,39.006974542558176,33701900
2022-03-14,41.475669860839844,41.999572937958874,39.99921490857378,40.26116796117276,42314500
2022-03-15,41.44392395019531,42.00751614666299,40.626318284106176,41.76937889740279,30172100
2022-03-16,42.00750732421875,42.28533658007194,41.42010243461604,41.705868284943314,29891400
2022-03-17,43.055320739746094,43.063257335010654,41.90432062932354,42.007511508158245,30598600
2022-03-18,43.26963424682617,43.658593961749034,42.634600758452805,43.16644338676949,51815000
2022-03-21,43.01561737060547,43.896727589207465,42.78541983150195,43.05530942073069,34592500
2022-03-22,42.10276794433594,43.118821689500805,41.67411913506488,43.02356740791135,32253600
2022-03-23,41.42804718017578,42.4679168894465,41.404234363989524,42.086896690069594,29183700
2022-03-24,41.74555969238281,41.95194446933645,41.50742247956586,41.705870661593146,25177500
2022-03-25,41.89637756347656,42.26946109991645,41.68205317199485,41.864628156947994,17429600
2022-03-28,42.29327392578125,42.51553794002753,41.674116591126875,41.697929403050864,21863700
2022-03-29,41.8646240234375,42.92830625313196,41.76936672902054,42.86480139018732,39970000
2022-03-30,41.626487731933594,42.642544438094575,41.25340722530713,42.229771874353986,27599600
2022-03-31,41.09465026855469,41.975760689202545,41.070837455481715,41.277222234298456,26055200
2022-04-01,40.935890197753906,41.40422802218519,40.562806651557096,41.3724755867474,19073100
2022-04-04,40.4358024597168,41.17402997525204,39.98334082478605,41.10258850510092,20462800
2022-04-05,40.67394256591797,41.39629386014497,40.28498277914385,40.33261143509959,21176700
2022-04-06,41.96782302856445,42.14245840747627,40.61043811451113,40.61043811451113,31717500
2022-04-07,43.78561019897461,43.984058396582014,41.67412149755499,41.67412149755499,36305700
2022-04-08,43.79354476928711,44.11900270526844,43.22995264088446,43.53953133034285,24612200
2022-04-11,42.809242248535156,44.70640639217214,42.690172127588326,44.02374415864542,22054300
2022-04-12,42.158321380615234,42.80923100722269,41.79317754677752,42.309140869875634,22810700
2022-04-13,42.150394439697266,42.72192619716974,41.832879151829616,42.17421028164467,15777800
2022-04-14,42.16627502441406,42.79337209789819,42.10277317149686,42.38853907982276,17240100
2022-04-18,41.15021896362305,42.15833618520966,40.98352320199545,41.93607516970621,17065000
2022-04-19,39.832523345947266,41.1819717251042,39.189550081386805,41.007336338366464,33441500
2022-04-20,39.49118423461914,39.816639099148134,39.06253547799697,39.68963239660216,24751800
2022-04-21,38.98316192626953,39.69757357506252,38.83233936777489,39.63407173049556,19105600
2022-04-22,38.20524215698242,38.975218989844976,38.02267020576434,38.85615190587426,22156800
2022-04-25,38.85615921020508,39.046667791602246,37.403516893674954,37.98298528988358,27390600
2022-04-26,38.91965866088867,39.888086812179644,38.83234097143403,38.88790925133353,25366500
2022-04-27,39.48325729370117,39.618200623363975,38.268752186339,38.98316695537557,25819200
2022-04-28,40.0944709777832,40.30085879112055,39.28480502724153,40.03890572682601,28225400
2022-04-29,38.95140838623047,39.95952550032677,38.89584313827924,39.58644195430088,28343300
2022-05-02,38.37194061279297,38.70533210525014,37.673402163924045,37.84803753316101,36228400
2022-05-03,39.12604522705078,39.72138978731115,37.86391463817563,38.79265069870388,33716900
2022-05-04,39.41974639892578,39.5864421435765,38.03060913734532,38.808525640460914,28613700
2022-05-05,38.459266662597656,39.332437642546,37.74485184040021,39.26099616032625,28333000
2022-05-06,38.92759704589844,39.07047998262781,38.133804298770386,38.173493330510986,19891400
2022-05-09,38.610076904296875,39.03078607133257,37.91947809491705,38.40369213218848,25012300
2022-05-10,39.28480529785156,39.610260210590866,38.64976866297371,38.927597947752545,27335900
2022-05-11,39.2530517578125,39.88014875169475,38.91965723105929,38.951409667527024,29699500
2022-05-12,40.32540512084961,40.35741649499891,38.98896230422931,39.213035817729086,33468400
2022-05-13,39.94927978515625,40.64551344725364,39.75721764254317,40.3174044885813,22423700
2022-05-16,40.54948425292969,40.853586243939404,39.9092719450985,39.9092719450985,19435600
2022-05-17,41.08566665649414,41.2297148161073,40.15735799052785,40.77356332825673,19918200
2022-05-18,40.33341598510742,41.14968478793844,40.14135076205867,40.98963399696649,22276000
2022-05-19,40.53347396850586,40.72553609823016,39.68519091270142,40.013299849355235,19865500
2022-05-20,41.989959716796875,42.174020538003305,40.91760311076222,41.029639866907644,31250400
2022-05-23,42.31807327270508,42.97429124676428,41.99796560365392,42.0779940473032,24035800
2022-05-24,42.74220657348633,42.90226038267628,42.18201976770775,42.18201976770775,26729800
2022-05-25,42.98229217529297,43.25438277568923,42.45411666308527,42.57415780108505,24003900
2022-05-26,43.20637512207031,43.9506199077831,43.118345348283476,43.26239351397586,23516300
2022-05-27,43.14234161376953,43.54247462931285,42.83023835008937,43.15034293086043,21407500
2022-05-31,42.44611358642578,42.81423525030498,41.56581906737264,42.67018711178306,66058200
2022-06-01,41.90993118286133,42.638173148859075,41.4857911633776,42.61416614481966,17430600
2022-06-02,42.15802001953125,42.20603708638296,40.845584053314575,41.90993641995692,21903400
2022-06-03,42.574161529541016,42.838247782385885,41.98196321113189,41.98196321113189,18125000
2022-06-06,42.622161865234375,42.99028651121227,42.41409406774447,42.5661434946497,16544400
2022-06-07,43.18235397338867,43.190358343190795,42.42210063913601,42.638172832203985,15091200
2022-06-08,42.79022979736328,43.662519977718425,42.74221273185617,43.262386923477955,12789800
2022-06-09,41.437782287597656,42.93428225895451,41.37376257992273,42.630180252372206,17572700
2022-06-10,39.98929977416992,41.10967053238394,39.973294085124614,41.06165651802106,23826000
2022-06-13,38.34074783325195,39.437111509864565,38.18069400643622,39.06898984512936,26989000
2022-06-14,38.34873962402344,38.78888830161557,37.78855594849177,38.2126958893292,23290300
2022-06-15,38.82090377807617,39.19702978912151,37.75655154545355,38.316738377094595,25748000
2022-06-16,37.99663162231445,38.412770333931434,37.66052134722345,38.164686759859954,20424500
2022-06-17,37.23637771606445,38.43677677128533,37.03631120686097,37.91660567901988,45047700
2022-06-21,38.50080108642578,38.76488730188009,37.572492568053235,37.8685901589483,19622100
2022-06-22,39.26905822753906,39.67719565791113,38.228712883064325,38.43678073085008,20382900
2022-06-23,40.085330963134766,40.14935066671458,39.19703506176362,39.397101596206745,20061700
2022-06-24,41.285728454589844,41.325741149261546,40.25338444708624,40.53347941533397,24343200
2022-06-27,41.51780700683594,41.79789892669091,41.02163981627431,41.19769933891056,16154300
2022-06-28,40.541481018066406,41.589830721360606,40.34141449052901,41.47779395438334,16417900
2022-06-29,40.76555252075195,41.16568555588888,40.541478997962564,40.59749737865991,13925700
2022-06-30,41.95795822143555,42.326079950519286,40.885601362924334,41.36575987453153,33495700
2022-07-01,41.861915588378906,41.90992959463819,41.01363252878543,41.64584340189455,16143300
2022-07-05,41.32575225830078,41.52581883821337,40.33342373148763,41.41378204190612,18406800
2022-07-06,42.21403503417969,42.38209017558394,41.27772520112218,41.32573921136753,21305500
2022-07-07,42.750213623046875,42.846247753102624,42.246048177732284,42.374090631700376,17847600
2022-07-08,42.55015182495117,43.15035146699954,42.22204280940899,42.45412073699994,11322700
2022-07-11,42.326072692871094,43.00630069591157,42.21403592955858,42.414102450551745,12921400
2022-07-12,41.645843505859375,42.238038638200756,41.381754259683944,42.166014575859506,14633500
2022-07-13,41.44578552246094,41.8619242956424,41.22170891981051,41.50180390993025,12927300
2022-07-14,41.12566375732422,41.285717546496144,40.51746302179743,40.61349407419174,14023800
2022-07-15,41.41377258300781,41.541815042796046,40.35742152656163,40.84558435849584,19885700
2022-07-18,40.61349868774414,41.58982416510518,40.42943787775799,41.58181979571265,15742900
2022-07-19,41.10966873168945,41.22170549732609,40.501467838473594,40.845582505942076,13402100
2022-07-20,40.669525146484375,41.18169498960408,40.421441543135046,41.125676603811186,12774400
2022-07-21,40.909603118896484,40.92560880759766,40.157354066579174,40.469457364319624,15103800
2022-07-22,40.99763870239258,41.237717961457605,40.77356513430167,41.021645712467055,10932100
2022-07-25,41.429779052734375,41.517808817892465,41.08566436317444,41.08566436317444,12995800
2022-07-26,41.853919982910156,42.29406576482982,41.38176282159953,41.48579827823358,16632500
2022-07-27,41.57382583618164,41.813905063311125,40.96562187116241,41.56582146537262,19203500
2022-07-28,40.90445327758789,42.20287979884223,39.59796027557116,41.00929291581092,38984900
2022-07-29,40.73508834838867,40.896384111976346,39.74312355554657,40.775414596631194,25037900
2022-08-01,40.815738677978516,41.37220584447283,40.4447605669823,40.581859969387516,19709900
2022-08-02,40.07377243041992,41.509301125301725,40.02538586217851,41.049610268246305,17802000
2022-08-03,40.210880279541016,40.380239444025065,39.79151253191807,40.154427224713004,16500100
2022-08-04,40.210880279541016,40.3641095602941,39.686669825897155,40.24314004700295,17026300
2022-08-05,39.73506546020508,40.29959916995076,39.56570627021974,40.03346066300704,16376600
2022-08-08,39.97700500488281,40.1705605497752,39.46892439144367,39.83183911532877,16071800
2022-08-09,40.146358489990234,40.412496941913716,39.93667616618494,40.12216520398286,12095600
2022-08-10,40.28346633911133,40.3641126875536,39.82377538477622,40.26733645413068,17355100
2022-08-11,38.94472885131836,39.62216885043591,38.557620719888604,38.88827577443039,44048800
2022-08-12,40.41250228881836,40.638314525325576,39.15439895014748,39.15439895014748,25835500
2022-08-15,40.12215805053711,40.38022997680567,39.83182636436997,40.29958365351926,15797800
2022-08-16,40.210880279541016,40.468952266315014,39.80764241564905,39.82377229938002,12874800
2022-08-17,39.73506546020508,40.210886334302856,39.71893557404535,40.04152714431751,13607200
2022-08-18,39.178592681884766,39.93667876523728,39.01729691959721,39.831836058281255,18916300
2022-08-19,39.638282775878906,39.88022487602091,39.299561374511526,39.388274195737765,15350200
2022-08-22,39.43666076660156,39.839898594168204,39.30762478483866,39.68666625075817,13601200
2022-08-23,38.718894958496094,39.130199266591845,38.5172760441442,39.04954985497479,16248900
2022-08-24,38.25114822387695,38.71890259770143,38.21082504834294,38.63019284211105,15551500
2022-08-25,38.630191802978516,38.67051497742786,38.12211119082605,38.32373013953374,14460000
2022-08-26,37.759193420410156,38.678575260082475,37.66241719425011,38.404373388911715,16546700
2022-08-29,37.28337097167969,37.65434905264113,37.194658153088774,37.40434355638742,13400500
2022-08-30,36.97691345214844,37.380151343999394,36.93659027825553,37.3720879398052,16303000
2022-08-31,36.47689437866211,37.331759700928295,36.39624804181799,37.10594442013577,26416800
2022-09-01,37.60596466064453,37.62209454463829,36.404314453026636,36.404314453026636,19947600
2022-09-02,36.8559455871582,37.74306775852239,36.71884309800637,37.6946811782603,14667700
2022-09-06,36.904327392578125,37.452731125308404,36.718838347163576,37.06562315099186,17153500
2022-09-07,37.20272445678711,37.26724091225478,36.597867689032206,36.85593966382412,15378900
2022-09-08,37.968875885009766,38.00113257358482,36.99303798967688,37.114010570330045,18271000
2022-09-09,38.58179473876953,38.70276731534778,37.98500141155617,38.06565082142847,17501700
2022-09-12,38.51728057861328,38.99310139555846,38.46082752206562,38.7753556497094,13744800
2022-09-13,37.25111770629883,38.16243626113991,37.11401829106794,38.009206960035776,16603200
2022-09-14,37.21885681152344,37.42853915129442,36.92045857122902,37.25917998342622,17162500
2022-09-15,37.04949188232422,37.33176021811018,36.8559394406327,37.18659434861125,15802000
2022-09-16,37.12207794189453,37.59789875942513,36.80755289032464,37.170467594620995,30629500
2022-09-19,36.6462516784668,37.001102926139055,36.113977883418805,36.839807184148064,16256200
2022-09-20,36.10592269897461,36.50916060750487,35.839784202643315,36.2914117677232,15369000
2022-09-21,35.420406341552734,36.27527157219656,35.40427953708078,36.138172198963424,17505200
2022-09-22,35.94462203979492,36.29140684016222,35.097823162149936,35.2187926724074,18508100
2022-09-23,35.549442291259766,35.93655017051897,35.14620453247393,35.83977089335921,18871700
2022-09-26,35.34783935546875,35.75107729613459,35.2188002610528,35.33170946866676,18680200
2022-09-27,35.55751037597656,35.9526847852764,35.27524513823407,35.66235306847821,21562700
2022-09-28,35.83171081542969,36.13817240194184,35.66235167938096,36.02526323478245,16532600
2022-09-29,35.61397171020508,35.98494984511758,35.44461252815299,35.81559066306549,13559900
2022-09-30,35.291378021240234,35.97688426539489,35.26718473282731,35.62203296088065,22962300
2022-10-03,35.59783935546875,35.7107454690048,35.07363196027126,35.54138629870073,22834300
2022-10-04,35.85591125488281,36.1623729025588,35.55751608755824,35.686552085033256,28198800
2022-10-05,35.58171081542969,35.783329761921294,35.22686257713041,35.58171081542969,15673400
2022-10-06,34.75103759765625,35.3075047161103,34.710714428457074,35.291374833138505,22068200
2022-10-07,34.13005828857422,34.718785299605024,33.80746671267127,34.718785299605024,20095000
2022-10-10,33.67036819458008,34.37200135303401,33.67036819458008,34.15425249493561,17888000
2022-10-11,33.807464599609375,34.331675108571716,33.42842305954504,33.597782241901086,20981200
2022-10-12,33.89617156982422,34.79136005956597,33.80745875351316,33.944561217755854,18803600
2022-10-13,34.66232681274414,34.8074926915447,33.63003885368305,33.67842542897604,23135200
2022-10-14,34.565547943115234,34.98491566353778,34.162310105377465,34.589741228912125,16980500
2022-10-17,35.202659606933594,35.331695574143595,34.83167850930223,34.83167850930223,16678400
2022-10-18,35.55751037597656,35.77525916357521,35.17846584832776,35.52525061267446,18442800
2022-10-19,34.767173767089844,35.54138983096282,34.468778569308604,35.41235382031732,23054700
2022-10-20,34.605873107910156,35.00911096890956,34.53329016987183,34.89620486006344,17715000
2022-10-21,36.25108337402344,36.42044253287719,34.67039173846713,34.928463716661604,36575700
2022-10-24,36.72691345214844,36.9930489010392,36.28335231968955,36.355935274198195,24972000
2022-10-25,36.76723098754883,36.952720048047404,36.202697325423046,36.509158983684635,23127000
2022-10-26,37.14627456665039,37.622095387513504,36.791423263759405,37.033365376164525,21407900
2022-10-27,36.88820266723633,37.1865978374414,36.83981301404326,36.944655724397805,20377700
2022-10-28,38.25114822387695,38.323731170422604,37.04143449909011,37.081757674624114,27854000
2022-10-31,37.54144287109375,38.21888257586139,37.533379467811315,37.968877080117785,29961700
2022-11-01,38.718894958496094,39.04954985497479,38.22694739170427,38.71083155556463,30614500
2022-11-02,37.96080780029297,38.84792976603451,37.86403158573908,38.525341358701404,25813100
2022-11-03,37.87947463989258,38.06655348645517,37.54598572161515,37.70866392383482,20124600
2022-11-04,38.40817642211914,38.66846029370117,37.91200932228199,38.611523390719384,24528500
2022-11-07,38.302433013916016,38.757931315438135,38.025881027782646,38.35936991375274,20304400
2022-11-08,38.513919830322266,38.83927626529927,38.02588828068567,38.26177154090256,18054500
2022-11-09,38.00148010253906,38.63592161189245,37.9852119737315,38.359369627820506,15348100
2022-11-10,38.53832244873047,38.8392751254128,38.107224719613804,38.660328781144415,20480600
2022-11-11,38.71725845336914,38.798599095936886,37.6679905382853,38.286163907658946,20909800
2022-11-14,40.05121994018555,40.52298328962022,38.98568071729458,39.034485106337534,26143000
2022-11-15,39.50625228881836,40.28710397229599,39.18903148633237,40.13256137957503,25440500
2022-11-16,39.08327865600586,39.904801976718225,39.08327865600586,39.69331943555692,15822200
2022-11-17,39.31103515625,39.449309597440134,38.660322412586275,38.879937498148536,13231100
2022-11-18,39.22968673706055,39.71772119808622,38.936866681010684,39.56317555582228,20666500
2022-11-21,39.18902587890625,39.27036342073607,38.81486822196378,39.12395336317974,14736000
2022-11-22,39.921077728271484,40.059352175356686,39.237831800558354,39.31916934556983,16358600
2022-11-23,39.73398971557617,40.03494541233456,39.465573375807956,39.82346286310823,10710800
2022-11-25,40.026817321777344,40.03495293826125,39.725864671272674,39.799069705485,6760200
2022-11-28,40.319637298583984,40.45791485280443,39.90481084157974,40.00241651919923,20704000
2022-11-29,40.25457000732422,40.400976980072265,39.937346108355435,40.26270252137683,17160900
2022-11-30,40.7751350402832,40.7751350402832,39.888542132469176,40.376573616310736,35572700
2022-12-01,41.547855377197266,41.61292479565723,40.89714257562601,40.921546322523525,23592600
2022-12-02,41.40958023071289,41.75120478170157,41.05982316550416,41.124895690579635,16881600
2022-12-05,41.2631721496582,41.5071879248464,40.9540838462444,41.409582235336906,17959800
2022-12-06,40.433509826660156,41.3607714917712,40.002415253224285,41.2143614285612,21787100
2022-12-07,40.86460876464844,41.60479161691781,40.466047335197906,40.466047335197906,15929900
2022-12-08,42.117225646972656,42.190430684133105,40.68566426818126,40.81580621170775,26116800
2022-12-09,42.068424224853516,42.97941782666826,41.99521918792375,42.09282486955388,19933500
2022-12-12,42.42631149291992,42.77606852786637,42.09282258783475,42.39377523319734,18532200
2022-12-13,43.1664924621582,43.95547966062335,43.011949889427534,43.19089310447663,29461800
2022-12-14,44.31337356567383,44.67939875070553,43.028222263908674,43.22343362737313,36260300
2022-12-15,43.60572052001953,44.27269826879616,43.43490982644146,43.97987816390335,21627100
2022-12-16,41.808135986328125,43.22342908253107,41.808135986328125,43.11768779512287,65689500
2022-12-19,41.775596618652344,42.1416217379522,41.23876081128861,41.90573853853361,16081900
2022-12-20,41.743064880371094,41.89760745732077,41.352639078475775,41.65359171898975,12433800
2022-12-21,42.01961898803711,42.42631293995494,41.645461296951574,41.97895021341105,12925000
2022-12-22,42.00335693359375,42.052161331901964,41.442120315780066,41.816278060989184,14822300
2022-12-23,42.157894134521484,42.25549980860854,41.67799517458649,41.93827904070427,10666500
2022-12-27,41.58852005004883,42.23922968461725,41.523447535177844,42.18229278551928,12033800
2022-12-28,41.32010269165039,41.80000165344478,41.27943391919225,41.523449656769564,10053900
2022-12-29,41.751197814941406,42.02774669187986,41.47464583517469,41.49904647659202,8971300
2022-12-30,41.67799377441406,41.80813570310083,41.279432372469884,41.718662545348366,11396200
2023-01-03,41.69425964355469,41.751199647408,41.33637010813686,41.4909126819433,15603800
2023-01-04,40.7751350402832,41.181828977760674,40.278967940108124,40.90527697616285,21808400
2023-01-05,40.39283752441406,40.6612569844525,39.790929194612474,40.44977442148376,20057400
2023-01-06,41.41770553588867,41.97080949144343,40.31150072760738,40.65312211630567,29635900
2023-01-09,39.359832763671875,40.88086698883399,39.29476335708025,40.71005630584944,30839100
2023-01-10,38.733524322509766,39.4249057812794,38.53831299739058,39.32729701589174,29212000
2023-01-11,38.595252990722656,38.83113620510315,38.11535404894055,38.79859994736205,23022200
2023-01-12,38.806732177734375,38.814867793524556,37.88760617445516,38.44884265367393,23345300
2023-01-13,38.92061233520508,39.17276371781727,38.62779527831103,38.63592779260164,18737500
2023-01-17,37.480918884277344,38.01775481660184,37.17996310344977,37.85507660317617,29391400
2023-01-18,36.60245132446289,37.293829719460334,36.57805068315162,37.0498139978629,33835000
2023-01-19,36.569915771484375,36.822067113591764,36.30963191639275,36.37470443157981,26614900
2023-01-20,36.691925048828125,36.95220890294636,36.38283680850211,36.83019948884106,25197600
2023-01-23,36.586185455322266,36.86273745096508,36.45604352224496,36.63498984378691,19398600
2023-01-24,36.3665771484375,36.561791635899844,35.91108184907372,36.53738788569892,18853100
2023-01-25,36.65939712524414,36.69193339011256,36.26897125531014,36.62686086037572,20828000
2023-01-26,36.32283401489258,36.36387613892922,35.797487312071496,36.281791890855935,38465500
2023-01-27,35.945247650146484,36.396717354878156,35.93703734513808,36.29821561397453,23798600
2023-01-30,35.74824905395508,36.23255382470315,35.62512263304159,35.94525571125709,24402200
2023-01-31,36.24897384643555,36.3474756163296,35.05052573022771,35.296781720620245,49722500
2023-02-01,36.0930061340332,36.26538498401249,35.63332606944083,36.04375369204729,24482300
2023-02-02,36.3967170715332,36.49521881167001,35.70719862794786,35.81391067302915,35279200
2023-02-03,36.166873931884766,36.43775446487099,36.019119775232845,36.413129815866824,23742000
2023-02-06,35.92061996459961,36.36388249684812,35.89599531213488,36.27358792939225,18071200
2023-02-07,35.78107833862305,36.03554457821878,35.501987445016596,35.969874659104754,22999500
2023-02-08,36.10121536254883,36.19971712081027,35.73182985492537,35.74824733652135,19362300
2023-02-09,35.57585906982422,36.38850697171679,35.49377481486334,36.21612502619717,20809200
2023-02-10,36.01912307739258,36.10120733580743,35.51019065501652,35.707197259051405,18619600
2023-02-13,36.10942459106445,36.12583894085599,35.7154113071519,35.85495833089475,17878000
2023-02-14,35.88779067993164,36.28180080383994,35.77287145187265,36.191506229989564,17506900
2023-02-15,35.55944061279297,35.797489329459566,35.38706180333655,35.641524865492165,18994700
2023-02-16,35.25572967529297,35.444525985944544,35.10797549629367,35.41990133321597,17832000
2023-02-17,35.46915054321289,35.600487242935024,34.95201404942105,35.206477143768616,18293400
2023-02-21,35.05051040649414,35.239306687632386,34.98484050106513,35.14080496080231,17356600
2023-02-22,34.787837982177734,35.20647268093964,34.73037837904009,35.06692882512351,17394200
2023-02-23,34.722171783447266,35.09155722257929,34.656505000553715,34.71396460982827,21104300
2023-02-24,34.270713806152344,34.51696980604135,34.07370712745218,34.50055232187343,16806100
2023-02-27,33.47447204589844,34.254285065381495,33.43342991462331,34.016236320146284,26370300
2023-02-28,33.302093505859375,33.41701272695639,32.90808340582077,33.24463389531087,31086900
2023-03-01,32.981964111328125,33.4580585268296,32.9491291498965,33.29388998230002,21104400
2023-03-02,33.3431396484375,33.474476364249256,32.67824889459051,32.88346270875352,19110600
2023-03-03,33.7781867980957,33.80281144774893,33.441636350476216,33.58118020692924,20922000
2023-03-06,33.74535369873047,33.86848008507623,33.507304967956145,33.72893622095496,19434800
2023-03-07,33.11329650878906,33.761772821608155,32.91628989719716,33.7043132122509,23205800
2023-03-08,32.93270492553711,33.30209033771801,32.76032611029056,33.096876567763466,16756100
2023-03-09,32.39094543457031,33.3020952074142,32.267819033381244,33.17075850069074,18585100
2023-03-10,32.33348083496094,32.77674332604016,32.202144148490824,32.25139658015972,26328100
2023-03-13,32.71929168701172,33.25284573574194,32.22677664435956,32.22677664435956,35299400
2023-03-14,32.75212097167969,32.95733475438115,32.440195145205585,32.87524736251227,24583600
2023-03-15,33.06404495239258,33.269258743072896,32.39094396946625,32.637199892019844,25498400
2023-03-16,33.13792037963867,33.23642524876892,32.60436642942857,32.88345729600335,21095900
2023-03-17,32.91629409790039,33.482686221437625,32.82600265118325,33.35134950738675,57457800
2023-03-20,33.49909591674805,33.54013804322912,32.784949764460485,32.94912140169832,20825400
2023-03-21,33.375972747802734,33.58118655051459,33.088674676531795,33.540144416235044,19982000
2023-03-22,32.842411041259766,33.5319294477418,32.82599669488178,33.40880306202475,15444200
2023-03-23,32.981964111328125,33.24463754015258,32.83420991620008,32.97375380531309,16958100
2023-03-24,33.15434265136719,33.211802267677264,32.72749755069648,32.90808670556484,17218100
2023-03-27,33.01479721069336,33.343137412548096,32.80958341029136,33.27747062470278,20262800
2023-03-28,32.825992584228516,33.08045562830002,32.71928055825253,32.99837138143437,13537500
2023-03-29,33.039424896240234,33.055842377536464,32.826003902018,32.965547796064385,14429500
2023-03-30,33.146121978759766,33.23641651942361,33.0394099642195,33.17895379519965,12634500
2023-03-31,33.49089431762695,33.51552210496769,33.06404920238828,33.2856805005688,23393600
2023-04-03,33.942352294921875,34.040857147428575,33.367756311865755,33.40058813138806,20817200
2023-04-04,33.57297897338867,34.090115495471956,33.458056614944965,34.016238402129474,19514500
2023-04-05,34.106529235839844,34.656503788493836,33.79460341689151,33.89310828475756,29697600
2023-04-06,34.065486907958984,34.55799871916302,33.95877486738308,34.41845485413691,25931800
2023-04-10,34.25428771972656,34.26249802540614,33.75356553795317,33.77819332367776,15137300
2023-04-11,34.30353546142578,34.46770710807575,34.229658376998984,34.31174263466711,15304100
2023-04-12,33.95878219604492,34.30354304334174,33.87669792023418,34.17220632325591,17035100
2023-04-13,34.040855407714844,34.22965166840072,33.90130843945209,34.090104700137964,22880900
2023-04-14,33.81102752685547,34.237872644058854,33.597606533910955,34.073700963393804,20627500
2023-04-17,33.802818298339844,33.88490256802844,33.622229147447925,33.75356585773818,17608600
2023-04-18,33.285675048828125,33.92594418247593,33.269257570394714,33.88489892073548,18541500
2023-04-19,33.031211853027344,33.293885244472534,32.99837689626824,33.18717320066236,17214300
2023-04-20,32.711082458496094,32.990173385800055,32.66183314452829,32.899881933087585,20131600
2023-04-21,33.00658416748047,33.080461254750176,32.76032825368607,32.90808242822548,19227100
2023-04-24,32.76032638549805,32.998375112160346,32.59615474189254,32.990164807757566,17633700
2023-04-25,32.28422927856445,32.76853073188741,32.24318402271851,32.62898688221403,24492400
2023-04-26,31.709640502929688,32.16931745800445,31.520844163336207,32.144692801500995,22401400
2023-04-27,31.799924850463867,31.87380192751149,31.446956941382258,31.701419993524766,22434000
2023-04-28,31.92305564880371,31.939473127235484,31.70142438694552,31.76709430067261,21015300
2023-05-01,32.18572998046875,32.440196206617436,31.89843192781211,32.01335114887476,23917800
2023-05-02,32.0626106262207,32.93271528036891,31.70964258041222,32.251406978183326,38834100
2023-05-03,31.5618839263916,32.33348670814635,31.488006831125727,32.177525343169144,27721900
2023-05-04,31.38129234313965,31.545464001151835,31.208913511318126,31.332039906341816,23675100
2023-05-05,31.594724655151367,31.60293183109524,31.266381253730973,31.50443006319502,19225100
2023-05-08,31.742467880249023,31.791720317659028,31.47979447669028,31.627548657606322,20101700
2023-05-09,31.586511611938477,31.742472991881023,31.512634509583698,31.586511611938477,15987900
2023-05-10,31.438749313354492,31.783510079356642,31.258163322890194,31.742464819815346,15858200
2023-05-11,31.181533813476562,31.239615179755017,30.87452868863666,31.19812577653006,28566400
2023-05-12,30.990692138671875,31.297697270619384,30.891124532060406,31.206425645726725,16541300
2023-05-15,30.833044052124023,30.998992178052234,30.70858216637856,30.9492067907146,16650400
2023-05-16,30.70858383178711,30.89942624433265,30.55923399206904,30.716882979392086,25451700
2023-05-17,30.492855072021484,30.741775704876023,30.29371666661931,30.68369432938322,23206400
2023-05-18,30.26881980895996,30.517740394578325,30.01160007687603,30.45965903010727,27772400
2023-05-19,30.509449005126953,31.239618909338912,30.302014625025624,30.4098813889336,33068300
2023-05-22,32.15233612060547,32.25190375911057,30.492860707929058,30.584132362057964,85718600
2023-05-23,32.89078903198242,33.30565771939935,31.530020243686405,31.986375166805647,75379500
2023-05-24,32.05276107788086,33.305663332342704,32.027866800106565,33.272473072108596,39326400
2023-05-25,31.38896942138672,31.953187978435764,31.23961642636876,31.953187978435764,30266600
2023-05-26,31.19812774658203,31.89510735113235,31.16494065318232,31.563214260754318,20234600
2023-05-30,30.70858383178711,30.998993859210497,30.63390732932937,30.998993859210497,24371100
2023-05-31,31.546619415283203,31.712567544563903,30.59242004581716,30.78325928667091,46166300
2023-06-01,31.546619415283203,31.704268397241353,31.281103674513005,31.629591897324904,20256100
2023-06-02,31.82872772216797,32.0776483134435,31.662779606251934,31.737456100154297,22736400
2023-06-05,32.06935501098633,32.37635699369915,31.920002010704998,31.928297992855157,18392200
2023-06-06,31.837026596069336,32.24359935874155,31.770649242790665,32.202113117292704,19508200
2023-06-07,32.268489837646484,32.409546854042595,31.63789075047987,31.82043084231382,25295100
2023-06-08,32.4344367980957,32.517409276379816,32.13573081195744,32.39295055895364,17347600
2023-06-09,32.334869384765625,32.84930571664179,32.25189374078742,32.59208596810512,19775100
2023-06-12,33.10652542114258,33.24757926792214,32.35146447052971,32.36805643410611,28334600
2023-06-13,33.42182159423828,33.49649808714803,32.73314119535686,32.91568127176079,26533800
2023-06-14,32.65846633911133,33.47160865532492,32.62527608166657,33.45501352660254,22056400
2023-06-15,32.982059478759766,33.048439985684425,32.59208191356932,32.69994865472351,19905900
2023-06-16,33.23928451538086,33.488205125795545,33.06503723941302,33.07333638670531,60338600
2023-06-20,32.64188003540039,33.08163998724623,32.63358405139489,32.94888208677212,26881200
2023-06-21,32.27678680419922,32.55889765273412,32.16062090699315,32.52570739638953,17982900
2023-06-22,32.13573455810547,32.35146809110825,31.870218798407837,32.309978681932506,18039800
2023-06-23,31.778942108154297,32.2518921777187,31.762346980162928,32.119134318984784,23492200
2023-06-26,30.609012603759766,30.741770462991695,30.003304673189277,30.716879353509782,56135500
2023-06-27,30.219038009643555,30.700287275417804,30.1028752669249,30.66709701601323,32414900
2023-06-28,30.11117172241211,30.318606077349866,29.895438220766486,30.28541582091253,30062000
2023-06-29,29.97011375427246,30.053089392705502,29.671407786307448,29.862250172104957,26284900
2023-06-30,30.43476676940918,30.492848131682347,29.98670783313313,30.044789195406302,30867900
2023-07-03,30.40987777709961,30.48455427167453,30.160954018385162,30.285415897742386,14115800
2023-07-05,30.25223159790039,30.71688578510131,30.194150220149986,30.351802387070535,26829400
2023-07-06,29.56354522705078,30.09457667060828,29.55524608032184,30.036495304293997,30177300
2023-07-07,29.48056983947754,29.679708215124066,29.331216849041923,29.472273857874274,22903300
2023-07-10,29.60503387451172,29.878845600106516,29.488871132429235,29.513762244247673,17777500
2023-07-11,29.88713836669922,29.90373349276761,29.555242175724658,29.57183730179305,17731300
2023-07-12,29.86224937438965,30.07797969815878,29.80416484643966,30.036493462648973,17229700
2023-07-13,29.920333862304688,30.169254466560037,29.80416795946813,29.878844457264456,16664400
2023-07-14,30.13606071472168,30.277117712070883,29.87884099320069,30.11946558766902,17915100
2023-07-17,29.75438690185547,29.970117256597813,29.68800638335177,29.970117256597813,20557300
2023-07-18,30.069684982299805,30.26882018720413,29.7709790097463,29.804166100432344,22808300
2023-07-19,30.235633850097656,30.451367376101295,30.044794601831317,30.152661364833136,18589700
2023-07-20,30.509449005126953,30.758369628209053,30.16925674836867,30.202447008832273,22358400
2023-07-21,31.03217887878418,31.05706998700089,30.53433455807185,30.53433455807185,24149700
2023-07-24,31.123451232910156,31.364075859830848,31.007288493071833,31.04047875165343,19414700
2023-07-25,30.750076293945312,31.297702977967543,30.74177714551595,31.03218720178693,21771000
2023-07-26,30.87453269958496,30.99069544723271,30.501150178433274,30.59242181307007,20983700
2023-07-27,30.37114143371582,31.05071463522251,30.354361413862854,30.916477676860314,25346300
2023-07-28,30.262069702148438,30.580883644690395,30.22012125718636,30.49698355430504,24054100
2023-07-31,30.253684997558594,30.36275032772156,30.13622485663744,30.35436191788656,40265200
2023-08-01,29.87614631652832,30.975210569941016,29.67478924999679,30.102671816203042,40931600
2023-08-02,29.658002853393555,30.111053755369394,29.59927438837387,29.892919913933607,34301600
2023-08-03,29.364364624023438,29.599278516867862,29.297244540089743,29.515381612412497,25676500
2023-08-04,29.38114356994629,29.64961749493406,29.079109604219635,29.322415098884065,25746500
2023-08-07,29.93487548828125,30.077500880015776,29.280470607688347,29.37275593150724,31069100
2023-08-08,29.901309967041016,30.51376627910668,29.691564523163947,30.51376627910668,25225500
2023-08-09,30.06910514831543,30.253682151940314,29.792239642878105,29.867748126137258,17210500
2023-08-10,29.968433380126953,30.278855775478945,29.86775325153022,30.052330286829058,18955200
2023-08-11,30.236902236938477,30.438256059344926,29.859359819349752,29.884528247035234,16609400
2023-08-14,30.262069702148438,30.631220498460408,30.052324276876845,30.052324276876845,20295500
2023-08-15,29.691564559936523,30.12783546779652,29.666396130787778,30.102667038647773,20484300
2023-08-16,29.767080307006836,29.90970890804205,29.355980928504138,29.481826305398684,22215600
2023-08-17,30.6312198638916,30.807408449820258,29.859358251103718,29.867746659737875,31113600
2023-08-18,30.7570743560791,30.91647975470334,30.471820400330323,30.580888936474143,24145100
2023-08-21,31.050718307495117,31.20173530357059,30.740295904656378,30.79902438085663,28496500
2023-08-22,30.908092498779297,31.168178033001375,29.968433691997326,31.050717881749488,18524100
2023-08-23,30.7570743560791,31.151396847971704,30.67317745163724,31.11783680601026,19370900
2023-08-24,30.33757972717285,30.7402905801333,30.253682832979102,30.606053629146487,19380800
2023-08-25,30.52216148376465,30.78224381650718,30.169787432311537,30.320804425725463,16421300
2023-08-28,30.379526138305664,30.639611613614154,30.228509178508624,30.572491542388292,15101900
2023-08-29,30.329195022583008,30.991988248779645,30.203346465458896,30.421480337284038,21076500
2023-08-30,30.11944580078125,30.413088130128987,30.052325725238134,30.354359664259437,16833000
2023-08-31,29.683177947998047,30.194957374759312,29.683177947998047,30.153005723022144,27919500
2023-09-01,30.018766403198242,30.253683472738867,29.86774943008692,29.901309468658642,17522500
2023-09-05,29.683177947998047,30.446651282873887,29.658006316863414,30.169785743624676,25856100
2023-09-06,28.83580207824707,29.59927534873552,28.743513572947133,29.58249532954813,35370200
2023-09-07,28.760297775268555,29.062331763649045,28.558943916656148,28.919706380503747,26777700
2023-09-08,28.73512840270996,28.85258534980044,28.567331392382805,28.718348381631067,19467700
2023-09-11,28.47504234313965,28.77707631597693,28.13945152923511,28.726739454145193,27574400
2023-09-12,28.651227951049805,28.701564807593524,28.315633971938574,28.50021098049589,17987200
2023-09-13,28.592500686645508,29.045548416889506,28.525380607817354,28.701566014048993,23853300
2023-09-14,28.651227951049805,28.84419336887728,28.50859938976605,28.726736436326764,23759900
2023-09-15,28.584108352661133,28.877750688943962,28.365974502916952,28.575719943250807,58063800
2023-09-18,28.223344802856445,28.626055648027204,28.055547817253302,28.626055648027204,25421900
2023-09-19,28.516992568969727,28.533769388433385,28.122670101881155,28.147838531538195,30323300
2023-09-20,28.20656394958496,28.60088637401469,28.1478354864309,28.59249796519034,24651400
2023-09-21,27.560550689697266,28.18139862629343,27.543773870200923,28.080721707007573,26980600
2023-09-22,27.426313400268555,27.761907394462764,27.26690801328014,27.753518984815592,28570800
2023-09-25,27.669620513916016,27.669620513916016,27.191401124354293,27.426315013833957,19443700
2023-09-26,27.183012008666992,27.65283977543174,27.149451968051903,27.451485932664458,26015500
2023-09-27,26.93131446838379,27.266908468176748,26.763519068718097,27.208179998282215,26430100
2023-09-28,26.922927856445312,27.115893299050484,26.654453918867528,26.897759424941704,28197600
2023-09-29,27.829025268554688,27.879365329623095,27.099111985601784,27.141060436261302,42421400
2023-10-02,28.47504234313965,28.49182236390413,27.48504352126709,27.644452118298833,44620600
2023-10-03,28.441484451293945,28.61766986211924,28.2820758601516,28.391144390860322,31059900
2023-10-04,27.94648551940918,28.592501903547948,27.694788413552832,28.475041760599552,23722300
2023-10-05,28.08072280883789,28.340805127236585,27.728348776818613,28.063942788221574,21279400
2023-10-06,27.79546546936035,28.15622786745851,27.745125413650857,28.122667830318846,23760400
2023-10-09,27.854196548461914,28.08072201972393,27.493434116503334,27.736739607910117,17468100
2023-10-10,27.829025268554688,28.021993902419432,27.694788306167236,27.75351997764453,19212100
2023-10-11,27.7786922454834,27.96326929443797,27.535386717400023,27.887760792634925,24221200
2023-10-12,27.619279861450195,27.870976966755762,27.49343450925905,27.77868845487194,21809900
2023-10-13,26.939706802368164,27.678011701470304,26.86419831040929,27.63606005002297,32388100
2023-10-16,27.912925720214844,28.45826198654751,27.31724939218278,27.543774869137582,63317400
2023-10-17,27.476655960083008,27.84580682692245,27.01521657641825,27.686401425427153,40015800
2023-10-18,26.3524169921875,27.417924213003825,26.335636972907544,27.30046727850558,30307600
2023-10-19,26.1678409576416,26.42792484936441,25.932925494008654,26.32724633631295,26880300
2023-10-20,25.714794158935547,26.10072665370919,25.57216717611956,26.05877659980394,39407900
2023-10-23,25.87419891357422,26.335638264793694,25.614115002899467,25.81547044344419,29412100
2023-10-24,25.530216217041016,26.03360561288745,25.437927707737117,25.907757063752758,26923800
2023-10-25,25.78190803527832,26.008433485172272,25.354027163333292,25.55538258538437,28857900
2023-10-26,26.14267349243164,26.318860507487955,25.58894561693608,25.681234129595616,27162700
2023-10-27,25.261741638183594,26.117501828472268,25.18623315077125,26.058773360536165,33877100
2023-10-30,25.630891799926758,25.73996032346028,25.26174098241664,25.37080790571947,33063500
2023-10-31,25.6392822265625,25.857417676947616,24.917758998614044,25.412758366751284,42648200
2023-11-01,25.597335815429688,26.075555202307832,25.56377577413186,25.63928426682113,23568300
2023-11-02,25.588943481445312,25.714790424422674,25.345638004822472,25.5973334910079,29640900
2023-11-03,26.22657012939453,26.335637054591086,25.874197724576153,25.92453618234143,28071000
2023-11-06,26.159452438354492,26.35241786577868,25.974875420617646,26.276909376746474,27381200
2023-11-07,26.218181610107422,26.335638551646845,25.916147645885125,26.075554638139206,18086400
2023-11-08,25.857418060302734,26.260128928416176,25.630892596902395,25.941316557884054,29398300
2023-11-09,25.236709594726562,25.942453086062113,25.194193949582235,25.92544682800438,28737700
2023-11-10,25.0666446685791,25.355744503874988,24.684013678432667,25.296224235750365,33844100
2023-11-13,24.641496658325195,24.964608983999128,24.59898264685495,24.9476027306888,35519900
2023-11-14,24.87958335876465,25.262214389230923,24.65000376740138,24.73503342588472,40084300
2023-11-15,25.670352935791016,25.80639972214692,24.837064342104078,24.837064342104078,43614600
2023-11-16,25.313230514526367,25.891430185677997,25.058141565709413,25.73837714074896,32407200
2023-11-17,25.440773010253906,25.51729952920572,25.28771997235028,25.440773010253906,27009200
2023-11-20,25.491792678833008,25.627839476736664,25.304728737166915,25.423769279881178,26335700
2023-11-21,25.763885498046875,25.814904262077224,25.304727974413723,25.525804419794763,25988700
2023-11-22,25.780893325805664,26.001969784676206,25.62784026798715,25.840413599000463,19226800
2023-11-24,25.933944702148438,26.104004004655298,25.83190879628318,25.83190879628318,11129700
2023-11-27,25.627838134765625,26.146517538241895,25.534306979733106,26.146517538241895,26066700
2023-11-28,25.245210647583008,25.602333928395307,25.202695005935176,25.602333928395307,29497700
2023-11-29,25.576820373535156,25.695860907129727,25.27921741774309,25.31322992551619,26185200
2023-11-30,25.908437728881836,25.942450241267558,25.474787926798992,25.772390922950652,45356600
2023-12-01,24.58197784423828,24.998621344095884,24.063298440302685,24.63299498537444,103624000
2023-12-04,24.89658546447754,25.202689913460745,24.675509037997376,24.675509037997376,47410400
2023-12-05,24.735027313232422,25.168677004706375,24.71802106137726,24.837061580752504,39853000
2023-12-06,24.479942321777344,24.998620077630314,24.420420434693998,24.735029636340734,33410500
2023-12-07,24.343894958496094,24.573474524518293,24.233357549932997,24.505451129601234,35782900
2023-12-08,24.471439361572266,24.63299390505247,24.30988319628646,24.36090033518518,31890700
2023-12-11,24.352397918701172,24.49694783463504,24.18234024347675,24.471440075344486,37833900
2023-12-12,24.301382064819336,24.539464768904306,24.105814998145465,24.335394574748218,48587500
2023-12-13,22.668819427490234,22.72833969947192,21.903555775800704,22.34570868453004,158100700
2023-12-14,22.218162536621094,23.230011986813818,22.116128251949558,22.753848207466653,101889800
2023-12-15,22.643310546875,22.949416663065364,22.17564986652266,22.218163884079853,138388400
2023-12-18,23.00893783569336,23.213008047194606,22.71983796394846,22.88989728443577,63329400
2023-12-19,23.944257736206055,24.012281131180277,23.187497264392107,23.19600039148959,70094700
2023-12-20,23.49360466003418,24.029290381324948,23.47660002552475,23.969770106027276,56184300
2023-12-21,24.071800231933594,24.11431586535965,23.621145870256502,23.689169261932605,51056600
2023-12-22,24.148326873779297,24.47994232897593,23.961262951164844,24.182339380694067,35162300
2023-12-26,24.156831741333008,24.258867647624786,24.02078494748111,24.173837996015923,30119100
2023-12-27,24.32689094543457,24.428925229504912,24.071801991647302,24.207848784944897,35000700
2023-12-28,24.479942321777344,24.684012497789173,24.301379904138496,24.326889284317073,30472900
2023-12-29,24.479942321777344,24.547965713781284,24.26736901903932,24.47143919505115,30363100
2024-01-02,25.279220581054688,25.746882890621826,24.51395690026082,24.55647091849154,57948700
2024-01-03,25.279220581054688,25.542812683863847,25.007126972044052,25.5088001718346,43426500
2024-01-04,24.735027313232422,25.466279924949923,24.68401017947238,25.33023315371952,45558200
2024-01-05,25.058143615722656,25.075149871396206,24.44593300772706,24.675512593902585,33612800
2024-01-08,25.151674270629883,25.236703919992713,24.803054167867376,24.964610339476188,32972100
2024-01-09,24.99862289428711,25.389758658734213,24.9305994946188,25.168682204360767,39856900
2024-01-10,24.650001525878906,24.990118507078247,24.556468747871953,24.964610747116854,37413300
2024-01-11,24.148326873779297,24.590479732837746,24.03778946991748,24.513953214085106,46884700
2024-01-12,24.40341567993164,24.607485854913932,24.18233925158276,24.19934388314376,30373500
2024-01-16,24.080307006835938,24.420424016744896,23.995277348907237,24.31838972467512,38826000
2024-01-17,23.93575668334961,24.258869053831912,23.748692736411193,23.944259811183965,33312600
2024-01-18,23.884735107421875,23.918745990644318,23.468091651662533,23.842221097942442,50321100
2024-01-19,24.046293258666992,24.131321284683644,23.748690302191793,23.833719950014082,35549300
2024-01-22,24.071800231933594,24.33539229375838,23.7486895269235,24.080303358618803,41663900
2024-01-23,24.17383575439453,24.360899673143166,23.935753076328083,24.182338880947498,33466700
2024-01-24,24.088809967041016,24.471442614152366,24.088809967041016,24.26737240962825,42720700
2024-01-25,23.709047317504883,24.09743791263162,23.69178679366347,24.011128708579996,47605500
2024-01-26,23.709047317504883,24.088806827605342,23.614108674638125,23.847141385503022,47073800
2024-01-29,23.71767807006836,23.847141051225478,23.570952919100666,23.752202409689524,67082700
2024-01-30,23.320661544799805,24.485831842661888,23.260245587598522,24.071547936031983,86072400
2024-01-31,23.37244415283203,23.743572592519495,23.113518176693024,23.450122274915977,81192100
2024-02-01,23.553695678710938,23.588218376933185,23.07036473390866,23.389708335074044,53883000
2024-02-02,23.242984771728516,23.476019174143826,23.03584362942984,23.45875700073274,51718500
2024-02-05,22.932270050048828,23.251613642879125,22.889116266844525,23.251613642879125,42633400
2024-02-06,23.734939575195312,23.933449583824473,22.932266809804027,23.00994492556519,56958700
2024-02-07,23.786725997924805,23.864404118783444,23.56232272057886,23.778094912694822,36843000
2024-02-08,23.795360565185547,23.898931956889975,23.657266473720593,23.78672947869256,29048400
2024-02-09,23.786725997924805,23.812619253614745,23.63136975620752,23.786725997924805,29062700
2024-02-12,23.873037338256836,24.18374984946902,23.75220542665713,23.769467598660327,30323700
2024-02-13,23.27750587463379,24.019762818249454,23.18256721981206,23.76946790581409,37927500
2024-02-14,23.398338317871094,23.450123185868307,23.22571989626535,23.31202910706822,25270200
2024-02-15,23.743574142456055,24.00250013549727,23.493277589133072,23.519170846921718,36111600
2024-02-16,23.83851432800293,24.071547062146305,23.484646391421013,23.77809672678366,35935300
2024-02-20,23.812620162963867,24.287318345262147,23.75220421025804,23.82988233408303,34232000
2024-02-21,23.881668090820312,23.8902991767014,23.61411101335177,23.821252135863993,27348300
2024-02-22,23.77809715270996,23.9075617971447,23.467386286216065,23.812621496882247,31957500
2024-02-23,23.959346771240234,24.24416602705314,23.898930814887702,23.950715685159683,33182600
2024-02-26,23.458755493164062,23.881668837288583,23.36381519171584,23.881668837288583,45685500
2024-02-27,23.208457946777344,23.476016667445723,23.139410906717085,23.406969627385465,38598400
2024-02-28,23.337921142578125,23.510537908937188,23.148040559508615,23.268872460581076,31010200
2024-02-29,22.92363929748535,23.467386192549217,22.915008211476728,23.363814806657086,54643200
2024-03-01,22.949533462524414,23.217090554520784,22.880486417937888,23.156674596284,46392100
2024-03-04,22.345369338989258,22.837329709952066,22.103705519547205,22.699235628496236,86777700
2024-03-05,22.509357452392578,22.80280779713404,22.172753323040872,22.328109581575923,73646100
2024-03-06,23.46738624572754,23.562324899614854,23.122151035656994,23.21708968954431,84919500
2024-03-07,23.122150421142578,23.57958644499958,23.0962571637462,23.476016707836646,46423800
2024-03-08,23.493276596069336,23.562323634375787,23.17393466123121,23.1998262717141,45906600
2024-03-11,24.48583221435547,24.50309274080973,23.570956817612565,23.570956817612565,52600100
2024-03-12,24.17511749267578,24.459936730911338,23.959345292612138,24.434043474267654,48758200
2024-03-13,24.356365203857422,24.76201799110915,24.33047359358092,24.41678280232881,39273000
2024-03-14,24.2786865234375,24.40815115669389,23.967975683771265,24.382257900800372,36428000
2024-03-15,24.114702224731445,24.408152556846723,24.045655184599106,24.131962750106066,75727900
2024-03-18,23.924821853637695,24.192380577089665,23.829883201449185,24.17511840534219,36226500
2024-03-19,23.847145080566406,23.97660972980968,23.57958798813901,23.881669426020988,29026600
2024-03-20,23.90755844116211,23.942081134276997,23.48464351547424,23.717677867291368,34468000
2024-03-21,23.873037338256836,24.201012021472216,23.847144080252043,23.950715466059883,29633700
2024-03-22,23.614112854003906,24.028395131320465,23.596850680896193,23.709051513673472,28830100
2024-03-25,23.674524307250977,23.71767808559456,23.389705090034425,23.51053698636535,31110600
2024-03-26,23.812620162963867,23.84714285899095,23.570954705929314,23.69178825755221,38220300
2024-03-27,23.976606369018555,24.114700439057486,23.769465263960157,23.916188772941748,34247600
2024-03-28,23.950714111328125,24.27005769047878,23.924820854787942,24.011130063710652,40466700
2024-04-01,23.924821853637695,24.054286495532466,23.803989943827972,23.95934619713265,26596600
2024-04-02,23.77809715270996,23.95071558114872,23.657265240529632,23.795359324796106,32451500
2024-04-03,23.493276596069336,23.95071425373161,23.476016071151157,23.743573138812256,36828600
2024-04-04,23.00131607055664,23.64863266717387,22.992684985056396,23.570954543882905,41922700
2024-04-05,23.00994873046875,23.04447307483199,22.742391646499026,22.923639515771995,39880500
2024-04-08,22.940900802612305,23.14804192216366,22.889115934277285,22.958162974127738,24431400
2024-04-09,23.113521575927734,23.66589795090656,23.001319095878003,23.10489048929226,45127800
2024-04-10,22.716495513916016,22.94952987024809,22.578401446358747,22.889113921468176,44541600
2024-04-11,22.733760833740234,22.82870113566928,22.55251131607672,22.742391919934818,32814500
2024-04-12,22.319477081298828,22.716497142435102,22.293583824446404,22.65608118932404,43034100
2024-04-15,22.36263084411621,22.587034131345522,22.22453676677683,22.36263084411621,35660200
2024-04-16,22.172752380371094,22.431678369447088,22.16412129457372,22.28495320331435,28885300
2024-04-17,21.93971824645996,22.17275262694663,21.801624164588894,22.17275262694663,43828900
2024-04-18,21.91382598876953,21.974241946568657,21.775731900596842,21.87930328983205,35788400
2024-04-19,22.440309524536133,22.440309524536133,21.879302115664988,21.913824812749784,38372800
2024-04-22,22.66471290588379,22.871854027835813,22.37989365742334,22.44030961221627,35678700
2024-04-23,22.716495513916016,22.845958496474566,22.60429470135491,22.725126598914738,24297800
2024-04-24,22.6733455657959,22.73376152478309,22.474835515920436,22.65608339288201,24547800
2024-04-25,21.801620483398438,22.81143431545623,21.792989398962437,22.673340256902257,47661400
2024-04-26,21.922456741333008,22.04329030130321,21.74983995685057,21.862040784453587,46526500
2024-04-29,22.129596710205078,22.310846217551962,22.043289145594564,22.077811842196514,39995300
2024-04-30,22.112333297729492,22.293581135198977,22.08644004400054,22.138224905247387,38017700
2024-05-01,23.458755493164062,23.691789880603498,22.457572546622064,22.725129632453626,97388900
2024-05-02,23.90755844116211,24.114699538484743,23.406967044412973,23.48464351547424,69649000
2024-05-03,24.002500534057617,24.088809748574956,23.752205622789816,24.04565596442196,60568900
2024-05-06,24.304582595825195,24.451307770469064,24.13196416228722,24.149226334883295,59899700
2024-05-07,23.967975616455078,24.589398940253414,23.648632046176715,24.416782173415026,65606400
2024-05-08,24.39952278137207,24.45993873895595,23.752206128039525,23.907562388233156,39087800
2024-05-09,24.688634872436523,24.749961944401804,23.93518416877764,24.320670769607464,47831100
2024-05-10,24.539695739746094,24.776244437674368,24.46084617377,24.741199443446195,25849800
2024-05-13,24.916425704956055,25.100406945747725,24.679876963048812,24.69739946342067,39609800
2024-05-14,24.863853454589844,25.126685896851182,24.697394745965347,25.012791337226748,23530900
2024-05-15,25.249343872070312,25.398281777347073,24.951468061516792,24.96022931136102,38376300
2024-05-16,25.33695411682129,25.433326191854043,25.117927888865033,25.29314953964504,40077800
2024-05-17,25.09164047241211,25.328189165078683,24.977747585778534,25.31942791671652,26106400
2024-05-20,24.995271682739258,25.152969150242416,24.933942940277767,25.109164576664433,22423300
2024-05-21,25.021554946899414,25.11792701859312,24.811289975871052,24.942705373884095,28119900
2024-05-22,25.932706832885742,25.958988911900086,24.89890272536972,24.942707304418672,46987500
2024-05-23,25.135446548461914,25.783763883651034,25.117924051853148,25.783763883651034,42031300
2024-05-24,25.30190658569336,25.398278651079895,25.01279206057109,25.117925374723434,22589100
2024-05-28,24.79376792907715,25.30190870274962,24.64483002967121,25.23182037779609,32371200
2024-05-29,24.37323570251465,24.67987272218071,24.25934281174359,24.67111147350027,24241700
2024-05-30,24.70615577697754,24.70615577697754,24.34695294631617,24.45208458546535,23298600
2024-05-31,25.109167098999023,25.1880166761901,24.74120296245318,24.828813789447434,78290100
2024-06-03,25.678632736206055,25.87137687304976,25.091642418707966,25.109164916791467,38177200
2024-06-04,25.836332321166992,26.046597288672544,25.555979031159588,25.669871928586062,46309500
2024-06-05,25.888898849487305,25.95022759550237,25.555979726307147,25.897660098918028,27346700
2024-06-06,25.23181915283203,25.880138215974203,25.223059574795897,25.722439074725425,35360400
2024-06-07,25.039077758789062,25.450846456657363,25.012794010442693,25.18801565734355,27526200
2024-06-10,24.59226417541504,24.83757414798884,24.20677755309549,24.83757414798884,36977900
2024-06-11,24.557220458984375,24.820051255329414,24.434564639124236,24.487132135223202,29573500
2024-06-12,24.233062744140625,24.73244229746729,24.145451915074744,24.679876468442796,32507900
2024-06-13,24.224300384521484,24.285627460747204,23.830054178340077,24.092884982461015,33945200
2024-06-14,24.119169235229492,24.723680431545695,24.031558408346157,24.311911717542806,29461900
2024-06-17,23.637310028076172,24.07536248228531,23.54093962445566,24.049080404496763,32194600
2024-06-18,24.014034271240234,24.057838846176093,23.61102683451059,23.637308911057136,29817800
2024-06-20,24.303150177001953,24.495892657009406,23.78624814271547,23.830054391151833,29693400
2024-06-21,24.303150177001953,24.434565580236015,24.145451024706073,24.32943392606377,52487000
2024-06-24,24.84633445739746,24.890139032146575,24.294387457749117,24.487131597135008,35414100
2024-06-25,24.522174835205078,24.925183939815682,24.46960901148627,24.881377694185502,24721600
2024-06-26,24.022794723510742,24.46960839139122,23.716157696019746,24.45208589358319,30745800
2024-06-27,24.355712890625,24.38199663632689,23.716156784548083,23.978989228455067,28399600
2024-06-28,24.51341438293457,24.636070203648824,24.21553858711596,24.33819440783022,33189200
2024-07-01,24.723678588867188,25.082881448383368,24.478370297121938,24.48713154626104,26209000
2024-07-02,24.38199806213379,24.776245915530385,24.259343917093695,24.723678421052572,21989800
2024-07-03,24.268104553222656,24.57473990807807,24.198016233393226,24.46084701499425,15180100
2024-07-05,24.57474136352539,24.609786361034338,24.24182224237769,24.32067181573536,17268700
2024-07-08,24.46961212158203,24.636072534059068,24.346957960302962,24.574743782381915,25694400
2024-07-09,24.285625457763672,24.478369591190578,23.9176613597201,24.42580209787195,36867800
2024-07-10,24.837574005126953,24.89013983071989,24.35571531223972,24.38199906055492,29873600
2024-07-11,25.109167098999023,25.60854664051748,24.898902116835334,25.21430042559964,47322600
2024-07-12,25.33695411682129,25.52969659584929,25.223061213540536,25.319431617535788,28397000
2024-07-15,25.49464988708496,25.64358776918381,25.2581011912155,25.433322818756718,30534400
2024-07-16,25.845094680786133,25.897660507161643,25.512175552357927,25.582263877871103,26912100
2024-07-17,26.309429168701172,26.545976207508115,25.678632609116303,25.775004677061187,45395000
2024-07-18,26.029075622558594,26.887659689455976,25.958987297815693,26.204297269934585,47279700
2024-07-19,26.256864547729492,26.283148297600615,25.888900404721582,26.230582468895932,30021200
2024-07-22,25.932706832885742,26.4846522156754,25.739962674580166,26.379520557542886,46483200
2024-07-23,25.845094680786133,25.967748832674815,25.69615678019095,25.95022800457464,25528300
2024-07-24,26.265625,26.274386249690963,25.678634639005637,25.853856290749857,29579400
2024-07-25,26.440845489501953,27.097924148103743,26.256862596153983,26.256862596153983,42296200
2024-07-26,27.33820152282715,27.435931996184518,26.662964632821705,26.787349795978766,35657100
2024-07-29,27.29377555847168,27.480354987701517,27.04500524565944,27.267122564739314,41713700
2024-07-30,27.889049530029297,28.022321274730135,26.458615173724755,27.55143195685138,89857500
2024-07-31,27.13385009765625,27.773547309618134,27.07165583036701,27.72023963227644,40978700
2024-08-01,27.231582641601562,27.373737588475112,26.574115588656237,27.29377521903116,39753100
2024-08-02,27.036123275756836,27.826860474986862,26.6629660715297,27.435933476601086,42364700
2024-08-05,26.423076629638672,26.66296374599485,25.632339499376478,25.845571926819517,37838000
2024-08-06,26.04991912841797,26.698501298846686,25.98772654969476,26.414191399185917,29031800
2024-08-07,25.632339477539062,26.485269186584574,25.53460731289484,26.325344442483367,32866100
2024-08-08,25.552377700805664,25.774495029538723,25.356915061584033,25.703417552128972,32094400
2024-08-09,25.36579704284668,25.54349157513063,25.276951471325354,25.454644308988655,25795600
2024-08-12,25.276952743530273,25.41910769866392,25.161450783346222,25.392453009093586,21141600
2024-08-13,25.632339477539062,25.721186745886477,25.152565245235444,25.36579767249682,34620700
2024-08-14,25.658992767333984,25.9255345754461,25.472415026814147,25.587915290761565,23677700
2024-08-15,25.507951736450195,25.774493532218063,25.339143796546576,25.703416058937425,28676800
2024-08-16,25.143678665161133,25.45464323624261,24.74386852630259,25.45464323624261,50332900
2024-08-19,25.587913513183594,25.667875880600217,25.125910794868282,25.18810337072108,26382500
2024-08-20,25.676761627197266,25.934418529548577,25.58791436105472,25.58791436105472,21301300
2024-08-21,25.79226303100586,25.916648184177898,25.703415766759854,25.74783855157255,16729700
2024-08-22,25.570148468017578,25.88111138439474,25.356916027664326,25.78338090837083,20241500
2024-08-23,25.676761627197266,25.71230121150254,25.445759413074914,25.60568415320736,21885300
2024-08-26,25.694528579711914,25.810028826698222,25.561258542536798,25.694528579711914,16506000
2024-08-27,25.605684280395508,25.80114860580414,25.374682065125725,25.74783922908143,16184600
2024-08-28,25.54349136352539,25.836686153130596,25.445759202116776,25.57014605153337,19874100
2024-08-29,25.51683807373047,25.667877924810735,25.348030124291906,25.65010982645244,19229800
2024-08-30,25.774494171142578,25.810032061353528,25.47241447855645,25.516837264975305,37137600
2024-09-03,25.143678665161133,25.694530336330082,25.00152372317313,25.45464323624261,44499600
2024-09-04,25.223642349243164,25.356914097110472,25.05483440595373,25.13479677682585,23510500
2024-09-05,25.33026123046875,25.587916459327783,25.18810627083188,25.259183750650315,25927200
2024-09-06,25.374683380126953,25.56126281908431,25.125913054344814,25.374683380126953,31214500
2024-09-09,26.129880905151367,26.289805643727927,25.27695122557056,25.356913594858838,36558400
2024-09-10,26.423076629638672,26.440846422247432,25.934419195242626,26.138766726381284,32378800
2024-09-11,26.35199737548828,26.38753695830745,25.889992966562545,26.369767166897866,31943100
2024-09-12,25.907764434814453,26.396421867861623,25.552377056723717,26.280921605464894,32511800
2024-09-13,26.005495071411133,26.04991785557981,25.756723074052992,25.90776291269533,19987700
2024-09-16,26.716270446777344,26.778463024000335,26.15653555714978,26.272035815618104,29224600
2024-09-17,26.503040313720703,26.7784653343079,26.298692772466353,26.698502958230847,27055300
2024-09-18,26.431962966918945,26.778465468576375,26.41419317334144,26.65408030277541,25812800
2024-09-19,26.35199737548828,26.965041622154327,26.227612224862344,26.55634489283677,22653200
2024-09-20,26.138765335083008,26.254265591650782,25.96995570352647,26.24538239043993,56877400
2024-09-23,26.041034698486328,26.183189650861976,25.925534435163883,26.147651760078418,23126200
2024-09-24,26.209842681884766,26.28980504936525,25.898878107751845,25.987725371021337,21446200
2024-09-25,25.70341682434082,26.39642178580837,25.68564703183635,26.298691316275146,30712700
2024-09-26,25.738954544067383,25.774494128840683,25.152564952273337,25.30360479831851,32310400
2024-09-27,25.845569610595703,25.96995475846851,25.694529776198493,25.783377036659303,25013000
2024-09-30,25.712299346923828,25.93441664886258,25.57014440925267,25.863339180027,27464700
2024-10-01,25.472412109375,25.83668434691495,25.34802696327468,25.810029660770372,30725100
2024-10-02,25.419103622436523,25.561258554774096,25.214754424408355,25.410218727337867,24957200
2024-10-03,25.17922019958496,25.33914494537222,25.108142723081812,25.321375152591255,25678900
2024-10-04,25.3924503326416,25.401335228228547,25.090370661167654,25.134795139102383,28769000
2024-10-07,25.94330406188965,26.511923867754398,25.86334168986233,26.094343909650057,51426600
2024-10-08,25.925533294677734,26.200958290961783,25.765608556635183,25.952186287937742,29126600
2024-10-09,26.822887420654297,27.036119839594573,25.854455792162653,25.96107115432248,44244800
2024-10-10,26.067689895629883,26.725156986837238,26.01438221110516,26.556347342118094,34347700
2024-10-11,25.907764434814453,26.15653644678831,25.721186696799577,26.085458971170162,29617600
2024-10-14,25.836687088012695,25.916649460309372,25.632339556419275,25.90776456398522,23594200
2024-10-15,26.15653419494629,26.423074281912466,25.827799839375498,25.84556963040539,29009900
2024-10-16,26.360883712768555,26.49415376638731,26.147651288054412,26.209843866768452,28414800
2024-10-17,26.005495071411133,26.236497277253562,25.961070592621862,26.19207279846429,23779200
2024-10-18,25.961071014404297,26.094342758316742,25.83668586101467,26.03214848700131,24244900
2024-10-21,25.70341682434082,25.961072037172922,25.658992343079642,25.961072037172922,23395700
2024-10-22,25.62345314025879,25.75672318797487,25.410220724988942,25.6767608204211,29036400
2024-10-23,25.641225814819336,25.863343150860054,25.472416164934568,25.650110711615458,22217600
2024-10-24,25.445758819580078,25.74783850064665,25.321373666654058,25.64122313945881,31473600
2024-10-25,25.276952743530273,25.52572306770379,25.26806784700683,25.481300279707302,26091100
2024-10-28,25.641225814819336,25.712303294567533,25.374683994797998,25.410223581982493,37922500
2024-10-29,25.285831451416016,25.916645435501007,24.903791136531808,25.77449050563236,102267000
2024-10-30,25.339143753051758,25.410221226210393,25.04594896444482,25.152564326872454,47104000
2024-10-31,25.143678665161133,25.445758340540785,25.13479546407989,25.276950406067893,37909600
2024-11-01,24.95709991455078,25.356911731613707,24.921560333202738,25.30360235959164,46894600
2024-11-04,24.663908004760742,25.00152559358492,24.637253315661184,24.965987702739554,41347800
2024-11-05,24.868253707885742,24.877138603598638,24.50398145675984,24.64613639892504,44175800
2024-11-06,24.30851936340332,24.86825424851983,24.05974736189564,24.81494656770412,65749500
2024-11-07,24.39736557006836,24.512867525241408,24.29075020565395,24.459559843034203,48484800
2024-11-08,24.108640670776367,24.496616835155454,24.099617769169587,24.46052694967084,55951300
2024-11-11,23.675548553466797,24.20788763048624,23.65750275266627,24.108637447025647,54329300
2024-11-12,23.63043785095215,23.856005217972847,23.41389338512537,23.666527734785394,53035200
2024-11-13,24.108640670776367,24.13570937559672,23.440961440357075,23.6665288176991,47983100
2024-11-14,23.477052688598633,24.22593630111086,23.314643904039414,24.126686105893008,45262200
2024-11-15,22.37628173828125,23.188325622454226,22.08755578877193,23.188325622454226,131074400
2024-11-18,22.430418014526367,22.78230253264589,22.286055047044393,22.529666479081275,64221700
2024-11-19,22.64696502685547,22.65598792846127,22.204853173826468,22.286057567336133,52381200
2024-11-20,22.50259780883789,22.646960765481516,22.240938874332453,22.619892065757515,46170800
2024-11-21,22.674028396606445,22.755232777172548,22.358235495451865,22.439439876017968,45048400
2024-11-22,23.143211364746094,23.233438655168243,22.646963848837917,22.71914533698715,41897000
2024-11-25,23.612390518188477,23.865026572416983,23.224414396707754,23.23343729731688,57707600
2024-11-26,23.251483917236328,23.67554993514289,23.107120944291864,23.603368448670658,33001000
2024-11-27,23.305618286132812,23.41389137019978,23.188324022590695,23.242459704153035,28242100
2024-11-29,23.648481369018555,23.66652717097649,23.251484051598368,23.305619736529778,22023000
2024-12-02,23.29659652709961,23.65750395676784,23.215392140306463,23.52216388576005,43866400
2024-12-03,23.06200408935547,23.368775805834233,23.02591421026855,23.305617226725467,49064300
2024-12-04,22.764257431030273,23.007870591495813,22.719144647659192,22.96275780812473,42541500
2024-12-05,23.188325881958008,23.269530271284072,22.683053743719718,22.764258133045786,43647900
2024-12-06,23.215391159057617,23.549231592979226,23.0890739942484,23.224414059535746,31830700
2024-12-09,23.54923439025879,23.85600615918568,23.08005383531854,23.242462621331896,37464800
2024-12-10,23.071029663085938,23.558255994291045,23.016893977710616,23.54923309323809,43280500
2024-12-11,22.764257431030273,23.016893492358502,22.710121746796503,22.899597502085893,39569400
2024-12-12,22.890575408935547,22.989823872580835,22.610870656178193,22.719143741268507,38705100
2024-12-13,23.08005142211914,23.15223290602877,22.791325486480616,22.863506970390247,29043600
2024-12-16,22.782302856445312,23.23343756647393,22.75523415430435,23.08907459694016,40194000
2024-12-17,23.846981048583984,23.87404802978387,23.33268775447797,23.368777636391936,71440300
2024-12-18,23.359756469726562,23.92818721031297,23.33268948651743,23.6304383484152,47575100
2024-12-19,23.251483917236328,23.540209863125252,23.080052241511382,23.188325331690923,50324700
2024-12-20,23.78382110595703,23.90111536665531,23.188323460382463,23.188323460382463,116340100
2024-12-23,24.0996150970459,24.135706699471257,23.630436312112533,23.783822180535648,35350400
2024-12-24,24.126686096191406,24.153754800587887,23.801868527203585,23.991346016093978,19716400
2024-12-26,23.964275360107422,24.108638329913788,23.89209387520424,24.036456845010605,31406000
2024-12-27,24.01841163635254,24.22593318058416,23.837957072099314,23.846979972406203,35218300
2024-12-30,23.837961196899414,23.98232418490493,23.67555240515757,23.89209688716584,32859100
2024-12-31,23.93720817565918,24.045479541623685,23.783822306424184,23.819912188098243,27085500
2025-01-02,24.009389877319336,24.23495723288696,23.9642753736404,24.135707045735654,32899200
2025-01-03,23.991344451904297,24.216911811007616,23.928185866706148,24.090594640611318,33417000
2025-01-06,24.262025833129883,24.586843397523523,23.964276972749865,24.09961705093306,43951000
2025-01-07,24.47856903076172,24.87556806429199,24.30713907707519,24.370297662216792,35030000
2025-01-08,24.234956741333008,24.4875910730415,23.666526053104278,24.406386689008823,35430700
2025-01-10,24.108640670776367,24.40638954003014,24.081573686898537,24.243982473935596,32836900
2025-01-13,24.18082046508789,24.189843366061226,23.7838231479155,24.045480392372646,28359600
2025-01-14,23.828935623168945,24.24398045785407,23.7026184530633,24.189843052715332,25856900
2025-01-15,23.657503128051758,24.045479246707796,23.648480227508326,23.928184981527796,35949700
2025-01-16,23.9011173248291,23.973298811389945,23.4229139007745,23.52216409014906,29981100
2025-01-17,23.729686737060547,23.964277009376445,23.65750524718969,23.819914029634734,35380300
2025-01-21,24.036457061767578,24.036457061767578,23.810889704293206,23.865027109165556,39745600
2025-01-22,23.468027114868164,24.000366194332454,23.43193551310136,23.919161811299443,41890400
2025-01-23,23.85600471496582,23.892094598038103,23.32366560234602,23.46802857651996,40987000
2025-01-24,23.92937660217285,24.030267595510402,23.810141473793383,23.86517387891914,31300200
2025-01-27,24.63561248779297,24.73650174169327,24.011925829966337,24.066956491129517,50648600
2025-01-28,24.53472328186035,24.635614292544886,24.296254733492642,24.562239489154308,40589600
2025-01-29,24.415489196777344,24.82822179823718,24.369628852575193,24.580581187725326,34418200
2025-01-30,24.681472778320312,24.773191719496896,24.37880149701289,24.452176300075497,32289600
2025-01-31,24.32377052307129,24.773191404794787,24.232051583059842,24.727331060092425,37307000
2025-02-03,24.030269622802734,24.277908469188453,23.98440928132897,24.121986806963957,49626200
2025-02-04,23.727598190307617,24.69064261198845,23.479957596369186,23.938550511339702,68748300
2025-02-05,24.25039291381836,24.47968936260796,23.571675635328308,23.80097208411791,50426800
2025-02-06,23.6909122467041,24.27791067577455,23.645053650455463,24.232052079525914,45182000
2025-02-07,23.608362197875977,23.81014244337484,23.415754020271574,23.718425263216403,36512800
2025-02-10,23.727598190307617,23.956894647792875,23.39741073172304,23.645051325661473,39632700
2025-02-11,23.415754318237305,23.764284155696398,23.35154984215909,23.69090936100011,36593300
2025-02-12,23.3607234954834,23.49830277559435,23.08556843404793,23.36989556411701,31671600
2025-02-13,23.516645431518555,23.60836436950689,23.232318298208625,23.37906789923267,30612500
2025-02-14,23.415754318237305,23.69090936100011,23.360721910170266,23.599190430281475,33214600
2025-02-18,23.443269729614258,23.608363461766775,23.31486427100371,23.489130071541716,40499700
2025-02-19,23.745943069458008,23.77345927702554,23.388241118046686,23.45244385297761,37292400
2025-02-20,23.75511360168457,23.920207337621513,23.617536071534854,23.71842707669481,37139000
2025-02-21,24.12198829650879,24.369628907579592,23.709255694117378,23.74594222016865,54611500
2025-02-24,24.443002700805664,24.525549567757555,23.7367691721698,24.213706236915566,43823300
2025-02-25,24.525548934936523,24.79153366589469,24.342112818193474,24.507204798444274,43560100
2025-02-26,24.2320499420166,24.562237403939548,24.167847213174507,24.47051847013949,30103300
2025-02-27,23.93855094909668,24.30542493790338,23.856004082941023,24.1128167498023,28268300
2025-02-28,24.241220474243164,24.296251131278808,23.764283448219444,23.90186096550508,51531700
2025-03-03,24.076128005981445,24.672298444822356,23.819315344136115,24.18619107517034,54048600
2025-03-04,23.617534637451172,24.13115820187247,23.544159842533844,24.076127543032747,51315000
2025-03-05,23.791799545288086,24.011923921841642,23.53498689794575,23.57167516873453,37062400
2025-03-06,24.066957473754883,24.26873773918711,23.75511413210937,23.782630338511005,46998300
2025-03-07,24.516376495361328,24.663126086290333,24.01192499521702,24.21370524539612,54337700
2025-03-10,24.43383026123047,24.984142116087394,24.34211307658195,24.43383026123047,53013500
2025-03-11,23.83765983581543,24.415487896230424,23.727598514379444,24.369627554471126,44841400
2025-03-12,23.580846786499023,23.81931531158816,23.38823860242307,23.791800856373385,37331000
2025-03-13,23.479957580566406,23.911034290567034,23.415754852416647,23.626707173306755,36717900
2025-03-14,23.59002113342285,23.626709409777366,23.388240861652925,23.49830394132317,30298300
2025-03-17,23.892690658569336,23.984409593316787,23.470786007881504,23.608363535306093,32676900
2025-03-18,24.131160736083984,24.213707607709043,23.938552535221042,24.039441795456888,32958700
2025-03-19,24.03944206237793,24.30542681821053,23.920208662814105,24.149505142231185,42522700
2025-03-20,24.02109718322754,24.12198643412413,23.865175523413036,24.076127842752324,35378900
2025-03-21,24.10364532470703,24.323769723865922,23.856004719630825,23.96606604451366,349996500
2025-03-24,23.975238800048828,24.048613601870663,23.745942325681433,23.938552273834546,37944400
2025-03-25,23.434097290039062,24.030269479900646,23.39741076647137,23.99358120693981,47607600
2025-03-26,23.122255325317383,23.52581760462038,23.048880524479863,23.40658420928187,49487400
2025-03-27,22.938817977905273,23.140598232128344,22.773724247453146,23.113083776648423,51302000
2025-03-28,23.122255325317383,23.131427394096228,22.75538132112977,22.95716333547789,32352500
2025-03-31,23.241491317749023,23.324038190376168,22.571946017011772,22.746210081986142,53498100
2025-04-01,22.50774383544922,23.25066395794792,22.48939969677188,23.195633291309257,54444200
2025-04-02,22.654491424560547,22.691177949248235,22.2967877498447,22.471053552942514,41965000
2025-04-03,22.278444290161133,22.81041199298337,22.26927222208227,22.69117685735127,53501800
2025-04-04,21.067758560180664,22.104179560940434,21.049416172531892,21.957429963391064,80002600
2025-04-07,20.75591468811035,21.242023810718088,19.948791922584736,20.30649383863217,86106100
2025-04-08,20.03133773803711,21.086101043735354,19.664463772932468,21.003554182912676,72406000
2025-04-09,20.627511978149414,20.673372325669117,19.18753030450499,19.361796126293097,95954400
2025-04-10,19.802043914794922,20.425730612803154,19.343450960305724,20.416558543786174,72960700
2025-04-11,20.09554100036621,20.178087863395184,19.517714708556497,19.802041820437903,55078100
2025-04-14,20.288150787353516,20.389040036371018,20.058854335978964,20.251462515424905,61900900
2025-04-15,20.581649780273438,21.031070611002118,20.297320923560804,20.33400919515975,51814700
2025-04-16,20.214778900146484,20.80177734028073,20.13223202582844,20.627511522343372,37641200
2025-04-17,20.30649185180664,20.6825378676258,20.26980533165971,20.315663919191618,54073700
2025-04-21,20.214778900146484,20.33401230227625,20.058857220811657,20.297324025071187,32021000
2025-04-22,20.66419792175293,20.68254030929531,20.315666317549955,20.3431825229533,36052600
2025-04-23,20.535791397094727,21.1503060097736,20.39821386427864,20.89349508168844,50781000
2025-04-24,20.893495559692383,20.966870362165857,20.389042261968136,20.544963935898426,35009600
2025-04-25,21.021900177001953,21.196165981855394,20.618337905012538,20.88432264659901,35847700
2025-04-28,21.14113426208496,21.361260417205795,21.00355672717939,21.122791873652616,55888900
2025-04-29,21.819854736328125,22.122526031879268,20.59999573524156,20.939355308747203,98540200
2025-04-30,22.388507843017578,22.41602405000068,21.99411762322622,22.195899642315727,53941700
2025-05-01,21.948257446289062,22.315131432664273,21.829022307346396,22.2876152276637,46891700
2025-05-02,22.195899963378906,22.287617155862694,21.98494587224359,22.269274767001924,41685800
2025-05-05,21.893226623535156,22.241756470662033,21.874882487003966,22.1958978787272,40811800
2025-05-06,20.985210418701172,21.911568290355547,20.95769596420204,21.856537631964194,60872600
2025-05-07,20.902666091918945,21.177821143616843,20.838461613755825,21.086102209919826,48270500
2025-05-08,21.067758560180664,21.17782163303929,20.645853904574526,20.93018103115228,55669800
2025-05-09,20.82474136352539,21.123839688289614,20.806047272535967,21.039718061603846,39059800
2025-05-12,21.581836700439453,21.6379171970841,20.731275073133798,20.778008523209863,77480900
2025-05-13,21.376205444335938,21.479019383457768,21.021024832048273,21.404244799202477,41193200
2025-05-14,20.581724166870117,21.40424458546482,20.53498893794805,21.366858185093864,59394000
2025-05-15,21.123842239379883,21.123842239379883,20.647153558180538,20.74996928827261,51800100
2025-05-16,21.338817596435547,21.35751168848506,20.983638761328447,21.170574333523383,37786800
2025-05-19,21.497713088989258,21.525754226118725,21.161226574502347,21.254695248833897,31513700
2025-05-20,21.983749389648438,22.151992651639464,21.647262865666384,21.656609911639965,57047500
2025-05-21,21.53510093688965,21.946360245125398,21.53510093688965,21.93701319956095,42984700
2025-05-22,21.53510093688965,21.647261918129704,21.32012245444067,21.53510093688965,38602800
2025-05-23,21.796812057495117,21.862239596608855,21.385550948080095,21.450980269960567,35405400
2025-05-27,22.067869186401367,22.114602629618147,21.84354544998097,22.01178691522133,36155400
2025-05-28,21.665956497192383,22.095909906239903,21.60052895953443,22.06787055168175,36737200
2025-05-29,21.91832160949707,21.91832160949707,21.64726262754503,21.806158841814604,26091400
2025-05-30,21.955707550048828,22.07721736105536,21.64726217384508,21.946360504373967,56618600
2025-06-02,21.92766571044922,22.021134381436376,21.703341969740013,22.00244207345224,30443900
2025-06-03,21.824853897094727,22.00244421094621,21.55379490317579,21.85289325317821,37887100
2025-06-04,21.862239837646484,22.002443746169412,21.824853436069322,21.880933929818443,24500100
2025-06-05,21.60987663269043,21.908974975105508,21.572488448505172,21.908974975105508,33173600
2025-06-06,21.824853897094727,22.039830613313118,21.731385217027274,21.75007930959412,30426200
2025-06-09,22.404356002807617,22.56325222053392,21.89028094809905,21.90897504024726,42542600
2025-06-10,22.71280288696289,22.824965664467076,22.39501043059571,22.404357477284965,40439200
2025-06-11,22.881044387817383,23.077328787539624,22.731495217917928,22.740842263882485,38558700
2025-06-12,23.217531204223633,23.254917605786535,22.927779906735815,22.927779906735815,42465400
2025-06-13,22.9371280670166,23.320348061177175,22.862351694724943,23.170798882127528,46368400
2025-06-16,22.806270599365234,22.983860913360612,22.69410960940684,22.89973927950842,35102100
2025-06-17,22.432397842407227,22.7314961950633,22.348276207876854,22.68476274599834,40408800
2025-06-18,22.320234298706055,22.50717165404997,22.217420357756975,22.39500888429027,37076200
2025-06-20,22.404356002807617,22.516518772930137,22.217420429625754,22.432397141029938,63098100
2025-06-23,22.460437774658203,22.51651826707619,22.217419930491317,22.31088860636577,31959100
2025-06-24,22.722148895263672,22.806270528855787,22.53521331832203,22.563252674341545,34404200
2025-06-25,22.6754150390625,22.7782307633304,22.49782472880888,22.628679808592203,25603300
2025-06-26,22.656723022460938,22.83431334898364,22.5819484296251,22.73149761529677,31835300
2025-06-27,22.609987258911133,22.824963968489833,22.50717153573578,22.759536429293423,39528800
2025-06-30,22.656723022460938,22.78757811423192,22.544562024590643,22.628681881609904,44730900
2025-07-01,23.40446662902832,23.69421790260619,22.675413139661483,22.6941072302837,59259900
2025-07-02,23.666179656982422,23.703567842793003,23.395122440923018,23.48858933991582,36772100
2025-07-03,23.722259521484375,23.853116385571386,23.572710347756455,23.694220165639624,27104600
2025-07-07,23.59140396118164,23.862462947289348,23.497935283807717,23.7035667305837,34905900
2025-07-08,23.946584701538086,24.264375353813485,23.563362944061705,23.591404082247806,51275800
2025-07-09,23.8905029296875,24.152214876651048,23.684873260280504,24.01201274829324,38362200
2025-07-10,24.096134185791016,24.348497301674872,23.87181042569049,23.909196827657194,39499200
2025-07-11,23.97462272644043,24.04005026247689,23.759646027244443,23.97462272644043,34864400
2025-07-14,23.6942195892334,23.95592974550728,23.68487254325694,23.909196298391727,25918000
2025-07-15,23.002553939819336,23.77834091834805,22.927779355723796,23.68487224253695,54458000
2025-07-16,23.002553939819336,23.329691631008117,22.927779355723796,23.067981478057092,44218200
2025-07-17,22.97451400756836,23.161451368997938,22.853005970575897,22.89039237320173,47393900
2025-07-18,22.87169647216797,23.161449537751334,22.79692189006151,23.096020218487354,36309400
2025-07-21,22.6754150390625,23.039940922897042,22.6754150390625,22.98386042909944,33663400
2025-07-22,23.497936248779297,23.497936248779297,22.750190364614273,22.778231503808016,48091600
2025-07-23,23.70356559753418,23.862461806644465,23.600749879060864,23.722257905902065,42073300
2025-07-24,23.6942195892334,23.87180989725263,23.610097958212013,23.731605990372497,25672400
2025-07-25,23.570615768432617,23.74176029918815,23.408977755889463,23.74176029918815,35643400
2025-07-28,23.114225387573242,23.513566261268316,23.047668877545544,23.466026415113927,31096600
2025-07-29,23.10471534729004,23.133240340990884,22.752916159290024,23.114223678523654,38499800
2025-07-30,22.638818740844727,23.19979760733372,22.629310409299123,23.123732768497696,35649500
2025-07-31,22.144397735595703,22.667343265049205,22.001774578900413,22.439148753277017,62768300
2025-08-01,22.33456039428711,22.363085390212316,21.97325284687899,22.153905713818602,51332700
2025-08-04,22.37259292602539,22.515214273518232,22.24898642827712,22.28701975482392,57010700
2025-08-05,23.532581329345703,23.665694340374415,23.076192308508325,23.076192308508325,113955100
2025-08-06,22.75291633605957,23.494548042755866,22.68635983043593,23.466024862362172,65689200
2025-08-07,23.038158416748047,23.266352921554596,22.762424070180067,22.98111024392859,45494400
2025-08-08,23.37094497680664,23.399469972699027,22.97160410195767,23.095210603962457,36377000
2025-08-11,23.37094497680664,23.694221009471466,23.323405130514885,23.389961640734896,38115700
2025-08-12,23.437501907348633,23.5516000794355,23.2663555559828,23.447010239483284,34402700
2025-08-13,23.922414779663086,23.96044810631709,23.523073917440172,23.532582249103672,40176500
2025-08-14,23.874876022338867,23.941432533486097,23.599139832124447,23.855859358145686,32514000
2025-08-15,23.903398513793945,24.05552819588187,23.741760499884414,23.979463354837907,31844800
2025-08-18,23.836841583251953,23.988971262650963,23.77979340685953,23.903398091297916,35623300
2025-08-19,24.074542999267578,24.17913282769462,23.86536515594222,23.903396666761047,29170500
2025-08-20,24.131591796875,24.426344627611638,24.093560285071774,24.141100128208,38111000
2025-08-21,24.47388458251953,24.616505926108317,24.12208538923578,24.160116901212696,37068100
2025-08-22,24.606998443603516,24.825686445747795,24.492902090208,24.626015107012382,34560500
2025-08-25,23.903398513793945,24.616507078654422,23.874875331857996,24.60699874683282,32684200
2025-08-26,23.6942195892334,23.99847893973258,23.646679745791193,23.903397439319388,43938700
2025-08-27,23.836841583251953,23.931923086258543,23.62766372746052,23.77979340685953,31840300
2025-08-28,23.38995933532715,23.83684001242153,23.30438616961331,23.83684001242153,44306800
2025-08-29,23.542091369628906,23.656187726356467,23.304388510662776,23.4660265273009,37030000
2025-09-02,23.75126838684082,23.836841558103586,23.49454887305252,23.51356553633954,44725000
2025-09-03,23.570615768432617,23.8843834617777,23.504057446244033,23.65618712704596,30957600
2025-09-04,23.33291244506836,23.56110696167057,23.152257772684973,23.56110696167057,41695500
2025-09-05,23.656187057495117,23.665695389208388,23.30438785174829,23.361436028499078,34613200
2025-09-08,23.342418670654297,23.74175952308741,23.114224156910915,23.675203016603355,49242900
2025-09-09,23.494548797607422,23.57061545051124,23.304387605934334,23.342419118857425,32751300
2025-09-10,23.361434936523438,23.43749977314529,23.24733858835503,23.427991441876465,32975900
2025-09-11,23.637170791625977,23.637170791625977,23.33291144914315,23.389959622476496,36784100
2025-09-12,22.69586753845215,23.618153887604624,22.667342545313065,23.58962889446554,81378200
2025-09-15,22.79094886779785,22.933572030264656,22.51521450165497,22.809965531263938,50760200
2025-09-16,22.72439193725586,23.028651292948478,22.695868756115186,22.781440113066022,57010800
2025-09-17,22.867013931274414,23.190289959237106,22.724392580944723,22.800457422022482,46351600
2025-09-18,22.962093353271484,23.047666518413322,22.781438692024416,22.867011857166254,34419000
2025-09-19,22.847997665405273,23.057175512025463,22.64832633649299,23.057175512025463,86577600
2025-09-22,22.857505798339844,23.580120830769125,22.847997467185678,23.085700305453628,67863300
2025-09-23,22.943078994750977,23.161767001807142,22.867014152935884,22.914555812525865,38955200
2025-09-24,22.905046463012695,22.990619632944053,22.80045663009019,22.98111130144848,39669400
2025-09-25,22.439149856567383,22.962095411733124,22.42013319293583,22.905047234367316,56738300
2025-09-26,22.591279983520508,22.63881983000688,22.448658630532492,22.562754987511347,33374500
2025-09-29,22.676851272583008,22.686359603795506,22.477179944178072,22.619803098836776,39184300
2025-09-30,24.226675033569336,24.369296386731786,22.638819857695246,22.676853185753977,164867300
2025-10-01,25.8715763092041,26.09977263216297,24.321754585917958,24.6925704370508,150879900
2025-10-02,25.747970581054688,25.833543745295906,25.31059824251396,25.60534924516222,69684100
2025-10-03,26.02370834350586,26.327967695817577,25.7099406597433,25.86207033589916,70524000
2025-10-06,25.129945755004883,26.014200652899405,25.091912428264592,25.928627481262588,62945600
2025-10-07,24.977815628051758,25.272566650898238,24.768635961781712,25.12043697371755,47744200
2025-10-08,24.41683578491211,25.196500802601598,24.369294129242792,25.12043596705942,48693300
2025-10-09,23.99847984313965,24.626015230549562,23.969954847883255,24.511918876581678,47278700
2025-10-10,23.561105728149414,24.169624407230177,23.408976058379224,24.017494737459987,64963900
2025-10-13,23.513565063476562,23.722744728369488,23.399468713106597,23.618154895923027,45356600
2025-10-14,23.31389617919922,23.57061569482408,23.27586285235309,23.437500864391463,42277000
2025-10-15,23.190290451049805,23.370945132514077,23.019144101613012,23.28537195779568,47729800
2025-10-16,23.038158416748047,23.399467742838286,23.01914175463199,23.237829741909227,44390000
2025-10-17,23.304386138916016,23.323402800944866,22.971601807525964,23.009635131583664,40101900
2025-10-20,23.47553253173828,23.5135640423671,23.304386200086807,23.361434372794395,35856800
2025-10-21,23.627662658691406,23.732250675091795,23.38995981869155,23.504056166315383,40726900
2025-10-22,23.50405502319336,23.703726342117154,23.408975342640623,23.570613338520396,48662900
2025-10-23,23.45651626586914,23.561106095540296,23.304386593726775,23.542089433140315,34219900
2025-10-24,23.542091369628906,23.6086478799748,23.4660265273009,23.485043191265124,27429200
2025-10-27,23.551597595214844,23.580120775081244,23.418482772899623,23.52307260181971,34974900
2025-10-28,23.294879913330078,23.561107765209957,23.18078174437331,23.561107765209957,50152400
2025-10-29,23.095211029052734,23.418485254138854,23.038161036217897,23.32340555980531,65438400
2025-10-30,23.095211029052734,23.48504357911283,22.96209619263371,23.11422587980209,157478000
2025-10-31,23.437501907348633,23.513566750896903,22.97160451392437,23.085702686011235,132697400
2025-11-03,23.447010040283203,23.53258321523911,23.20930717952321,23.38045352943503,140871300
2025-11-04,23.10471534729004,23.96044702302791,23.009635662011384,23.190288514863827,166162000
2025-11-05,23.399471282958984,23.4565194644093,22.971605388259157,23.1807832625963,107240900
2025-11-06,23.627662658691406,23.893888678832845,23.332911644879633,23.532581159985714,124137200
2025-11-07,23.637338638305664,23.830848282915543,23.327721730559983,23.54058289326955,117794500
2025-11-10,23.598636627197266,24.08241352793005,23.13421124540477,23.85987659650395,148958600
2025-11-11,24.682296752929688,24.682296752929688,23.647014520227287,23.69539147026554,139673800
2025-11-12,25.030616760253906,25.108020987782922,24.430732612807283,24.57586530874139,96008000
2025-11-13,24.95321273803711,25.6208235139195,24.837105473057093,25.098345435165353,123083100
2025-11-14,24.246896743774414,24.933860874003727,24.159816757612074,24.837105128771977,96507600
2025-11-17,24.26624870300293,24.740349833247706,24.14046752373896,24.29527598073879,88042200
2025-11-18,24.624244689941406,24.68229740060311,24.169493227614606,24.23722169763033,66511800
2025-11-19,24.072736740112305,24.672620883398363,23.91792828612797,24.52748818847084,62000200
2025-11-20,23.60831069946289,24.188843307946055,23.49220528504363,24.082411806843158,51983200
2025-11-21,24.22754669189453,24.69197204718305,23.7921467678976,23.7921467678976,73079400
2025-11-24,24.40170669555664,24.64359515075017,24.237222472206543,24.295277030185957,63074900
2025-11-25,24.885482788085938,25.127371235329836,24.53716467896915,24.546840438314394,39130300
2025-11-26,24.87580680847168,24.97256255560497,24.750025629022065,24.866132894674493,33461000
2025-11-28,24.90483283996582,25.020940099808023,24.827428615225116,25.011264341032646,22627600
2025-12-01,24.450084686279297,25.098345798604196,24.411381648904726,24.924185821343418,53198600
2025-12-02,24.33397674560547,24.498460958966653,24.227547086698124,24.498460958966653,43827000
2025-12-03,24.74034881591797,25.049965717186097,24.47910886342462,24.498460381119454,56121200
2025-12-04,24.866130828857422,24.90483201721811,24.527486664755816,24.798400519667318,35454000
2025-12-05,25.1854248046875,25.27250478992068,24.808077586856285,24.93386060795413,47443700
2025-12-08,24.933860778808594,25.340233430860575,24.924185019776125,25.195100736298226,45209300
2025-12-09,24.508136749267578,25.28217902168149,24.314625258432926,25.15639784446261,43483800
2025-12-10,24.94353675842285,24.953212517540884,24.4017053205871,24.662945280386943,43635400
2025-12-11,24.962886810302734,25.195101341737423,24.779052920655314,24.962886810302734,35570200
2025-12-12,25.01126480102539,25.19510053021392,24.885481780094487,25.001589042072066,51599700
2025-12-15,25.572446823120117,25.785307991372882,24.9725626646443,24.982238423946118,60360000
2025-12-16,24.701648712158203,25.649850975351264,24.11144031474957,25.582122505903527,111695500
2025-12-17,24.22754669189453,24.66294477042915,24.217870932976563,24.575864785629765,61255300
2025-12-18,24.22754669189453,24.411380574948957,24.16949213838673,24.19851941514063,47062500
2025-12-19,24.3726806640625,24.691973343265833,24.169493407044516,24.198520685322062,87590000
2025-12-22,24.39202880859375,24.57586453523747,24.31462458350097,24.382354895236663,38758900
2025-12-23,24.072736740112305,24.517812429414025,24.02435979029058,24.44040820242186,43692900
2025-12-24,24.217872619628906,24.3243022842142,24.101765349989332,24.11144110958117,19328500
2025-12-26,24.275922775268555,24.295274292414355,24.111438570453757,24.208194310720504,21617800
2025-12-29,24.188844680786133,24.38235617641738,24.15981740280273,24.23722163196275,33067700
2025-12-30,24.179168701171875,24.237221411147395,24.111440231956703,24.198520219651172,28821700
2025-12-31,24.09208869934082,24.208195964686112,24.072737180872878,24.159817168516252,29409200
2026-01-02,24.363004684448242,24.47911010558425,24.024360489453816,24.169493188605028,35976700
2026-01-05,24.35332679748535,24.57586370643947,24.140465647024314,24.38235407296459,52620900
2026-01-06,24.60489273071289,25.16607384496182,24.372680046761165,24.372680046761165,50977300
2026-01-07,24.459758758544922,24.972561050151388,24.3242999825394,24.759699895660237,51395800
2026-01-08,24.469436645507812,24.730674770639844,24.304952424629345,24.363005136273973,42977300
2026-01-09,24.653270721435547,24.720999193096574,24.411382268096197,24.517813778113496,34190200
2026-01-12,24.450084686279297,24.93386158068706,24.27592470901852,24.75002584408264,50256300
2026-01-13,24.33397674560547,24.566189427033784,24.159816773168643,24.498460958966653,47656100
2026-01-14,24.750024795532227,24.87580597074599,24.382355183362336,24.411380614701187,53738100
2026-01-15,25.049964904785156,25.049964904785156,24.430731122331405,24.72099649649104,55263200
2026-01-16,24.817752838134766,25.049965512185512,24.72099709591472,25.049965512185512,59470600
2026-01-20,24.691972732543945,24.817753911044118,24.275924314834928,24.60489274532753,55425400
2026-01-21,25.049964904785156,25.078992180386017,24.55651229234398,24.643592273684323,47264100
2026-01-22,25.25315284729004,25.456338245775473,24.914508671018684,25.059641362145754,49883900
2026-01-23,25.233476638793945,25.272827990938232,25.095750659040434,25.16461364891719,45402300
2026-01-26,25.459741592407227,25.49909294502743,25.18428962956888,25.213801267658265,41441900
2026-01-27,26.06967544555664,26.394316611899104,25.479418267740567,25.518769621903697,75575400
2026-01-28,25.440067291259766,25.96145956857475,25.341690788023215,25.843409265791472,44976700
2026-01-29,25.676170349121094,25.804058492734143,25.459741661871018,25.4794173382348,44373800
2026-01-30,26.010648727416992,26.04016036488981,25.479416736397443,25.705681380109148,51599400
2026-02-02,26.227075576782227,26.256589090679846,25.9221101053431,25.990973094728478,52129500
2026-02-03,25.351530075073242,25.686009079370837,24.849811568626848,24.94818807748658,91964900
2026-02-04,26.345129013061523,26.54188015263981,25.4400685171491,25.45974231764385,83025800
2026-02-05,26.059837341308594,26.748471021135312,26.030323825987168,26.32545335007397,72650700
2026-02-06,26.777982711791992,26.92554841230827,26.089350907011276,26.236914731151728,50691600
2026-02-09,26.610742568969727,26.925547762953347,26.354966280695194,26.738632589482776,49288200
2026-02-10,27.161649703979492,27.279700007516382,26.650093384984324,26.73863205082486,43760600
2026-02-11,27.279701232910156,27.48629208794331,26.866521399219675,27.10262389327483,41699300
2026-02-12,27.023921966552734,27.43710178349565,26.96489681452539,27.20099929901052,58805100
2026-02-13,27.132137298583984,27.48629197641765,27.102623783305905,27.151812975436037,36986700
2026-02-17,26.925548553466797,27.41742922076423,26.758309051530638,27.38791570523108,32119900
2026-02-18,26.925548553466797,27.033761024336663,26.768145013665848,26.994411546668303,24779800
2026-02-19,26.423830032348633,26.955060177006636,26.148376183326366,26.925548537866423,40316800
2026-02-20,26.217239379882812,26.345129405068693,25.931949566517737,26.276264534996994,44786900
2026-02-23,26.620580673217773,26.66976986482042,26.069674861898722,26.1287000154461,34166100
2026-02-24,26.699281692504883,26.97473553830322,26.64025653853946,26.699281692504883,34686100
2026-02-25,26.650094985961914,26.846848005510793,26.295940301324272,26.620581470116825,32680300
2026-02-26,26.659931182861328,26.82717067626653,26.43366653777657,26.817332838257315,30508300
2026-02-27,27.201000213623047,27.220675890418992,26.6500943979673,26.71895739037729,41879700
2026-03-02,26.817333221435547,27.161650051174924,26.72879455446326,27.122298698575786,41321700
2026-03-03,26.14837646484375,26.512368987957124,25.92211180591223,26.286102452649747,41486100
2026-03-04,26.187726974487305,26.34512863443814,25.92211096967935,26.33529079614424,30893500
2026-03-05,26.177888870239258,26.276263499427245,25.774546886166018,25.96146018272382,38908600
2026-03-06,26.610742568969727,26.689443398371687,25.804058598505698,26.1090259542671,53181800
2026-03-09,26.3746395111084,26.669769022273197,25.931948058924814,26.473016014829998,42789500
2026-03-10,26.718957901000977,26.846847926242898,26.089351242504907,26.384478894580976,42814600
2026-03-11,26.8566837310791,26.96489807851495,26.561556080732412,26.758309098547432,40560100
2026-03-12,26.423830032348633,26.679608204360203,26.197563499477276,26.669770365854855,38542800
2026-03-13,26.14837646484375,26.83701015662544,26.14837646484375,26.58123198186012,34270800
2026-03-16,26.177888870239258,26.453340834166866,26.089350202869447,26.26642753760907,28551500
2026-03-17,27.004249572753906,27.309215063211404,26.384478876883676,26.384478876883676,60097500
2026-03-18,26.876358032226562,26.935383183998997,26.4041530652956,26.699280700533517,47478300
2026-03-19,26.96489715576172,27.279700472392342,26.807495497446407,26.846846850213122,47939600
2026-03-20,26.532041549682617,27.10262302785722,26.364802053853385,26.964897046483415,66805700
2026-03-23,26.335290908813477,26.74847073704606,26.197563048485414,26.591069076421817,42945200
2026-03-24,26.52220344543457,26.689442939585895,26.010649001303236,26.168050657401455,35605300
2026-03-25,26.83700942993164,27.08294975942611,26.60090693878205,26.738632922858695,37603900
2026-03-26,27.122299194335938,27.358401685119098,26.797658034962115,26.80749587329172,28835000
2026-03-27,26.600906372070312,27.319051668564438,26.581230695799736,27.279700316023284,29124600
2026-03-30,27.31905174255371,27.3682390569876,26.709118911144316,26.97473491238917,46696000
2026-03-31,27.6240177154541,27.850282368108846,27.33872790914503,27.53547904678471,44841500
2026-04-01,28.086383819580078,28.174922484972512,27.584667217523947,27.81093186180428,44208500
2026-04-02,27.86012077331543,28.283138448592776,27.761744264306024,28.037198114257187,30920600
2026-04-06,27.378076553344727,27.77158069303041,27.358400877266508,27.732231217249712,25169300
2026-04-07,26.659931182861328,27.230512652765707,26.34512787206936,27.210836976747277,46620500
2026-04-08,27.023921966552734,27.0435976426871,26.532041321448112,26.80749515820197,33789100
2026-04-09,26.777982711791992,27.053436559529775,26.738633234329924,26.768144873332517,27047600
2026-04-10,26.48285484313965,26.915710349875443,26.335291020227118,26.876358996365003,27882400
2026-04-13,26.896034240722656,27.122298890642686,26.246751929245146,26.394315749785346,44156200
2026-04-14,26.669769287109375,26.866520420130612,26.640255772787096,26.75830795370045,24558900
2026-04-15,26.748470306396484,26.915709802664164,26.532041619240797,26.73863246821888,29648900
2026-04-16,26.777982711791992,27.033760882610828,26.709119718951502,26.768144873332517,21905300
2026-04-17,27.11246109008789,27.2206754342764,26.679607466085415,26.886196439853535,30080400
2026-04-20,27.07311248779297,27.39775365446623,27.06327464924216,27.141975481272773,25023000
2026-04-21,26.866519927978516,27.171487274594917,26.758307463530635,27.073110771698524,29833000
2026-04-22,26.364803314208984,26.945222658282038,26.305778158852224,26.905873180169483,35246800
2026-04-23,26.236913681030273,26.394315337330262,25.951622006251696,26.325452347245985,38718400
2026-04-24,26.561555862426758,26.856683510347835,26.148376029511752,26.2565903760582,42500200
2026-04-27,26.35496711730957,26.90587294061129,26.35496711730957,26.620581252237997,34764200
2026-04-28,26.049999237060547,27.132137061585325,25.89259757637067,27.082949746260663,58079000
2026-04-29,25.833572387695312,26.118862193668157,25.774547234110553,25.931948894587116,29969700
2026-04-30,26.266427993774414,26.473016970307924,25.85324816433159,25.96146063359284,39082900
2026-05-01,25.902435302734375,26.177889145938778,25.863085825919914,26.168051307641214,29318700
2026-05-04,25.872920989990234,26.07951183511678,25.72535717282884,25.813895838400825,34583400
2026-05-05,26.02048683166504,26.315614467668027,25.587631339335008,26.158212811616334,57656100
2026-05-06,26.09918785095215,26.246751670035025,25.784382660166045,26.128699488943266,40357100
2026-05-07,26.049999237060547,26.286101728095367,25.735195915680787,26.079512752080827,48346000
2026-05-08,25.68000030517578,26.200000762939453,25.600000381469727,26.15999984741211,38903400
2026-05-11,25.809999465942383,26.18000030517578,25.68000030517578,25.790000915527344,43558000
2026-05-12,25.8700008392334,26.09000015258789,25.739999771118164,25.81999969482422,26819500
2026-05-13,25.959999084472656,26.09000015258789,25.639999389648438,25.799999237060547,39420000
2026-05-14,25.75,26.100000381469727,25.719999313354492,26.06999969482422,24102700
2026-05-15,25.329999923706055,25.829999923706055,25.239999771118164,25.75,37110100
2026-05-18,25.329999923706055,25.389999389648438,25.190000534057617,25.31999969482422,34111300
2026-05-19,25.65999984741211,25.959999084472656,25.239999771118164,25.299999237060547,41036700
2026-05-20,25.790000915527344,26.030000686645508,25.670000076293945,25.760000228881836,35574200
2026-05-21,25.950000762939453,25.959999084472656,25.56999969482422,25.770000457763672,20181500
2026-05-22,25.899999618530273,26.149999618530273,25.760000228881836,26.0,22320000
2026-05-26,25.850000381469727,25.899999618530273,25.65999984741211,25.8700008392334,29084700
2026-05-27,26.209999084472656,26.540000915527344,25.850000381469727,25.850000381469727,39024700
2026-05-28,26.139999389648438,26.280000686645508,26.010000228881836,26.170000076293945,25651800
2026-05-29,26.18000030517578,26.239999771118164,25.93000030517578,26.190000534057617,48284200
2026-06-01,25.6299991607666,25.90999984741211,25.479999542236328,25.899999618530273,35553600
2026-06-02,25.549999237060547,25.700000762939453,25.270000457763672,25.600000381469727,31295700
2026-06-03,25.34000015258789,25.6200008392334,25.290000915527344,25.43000030517578,30957100
2026-06-04,25.690000534057617,26.010000228881836,25.610000610351562,25.670000076293945,31272000
2026-06-05,26.040000915527344,26.209999084472656,25.790000915527344,25.850000381469727,32218500
2026-06-08,25.6200008392334,26.219999313354492,25.600000381469727,25.969999313354492,42028800
2026-06-09,25.700000762939453,25.8799991607666,25.469999313354492,25.729999542236328,35273200
2026-06-10,25.600000381469727,25.850000381469727,25.579999923706055,25.799999237060547,30376300
2026-06-11,26.170000076293945,26.479999542236328,25.790000915527344,25.790000915527344,45268700
2026-06-12,26.209999084472656,26.489999771118164,26.110000610351562,26.290000915527344,38773000
2026-06-15,26.0,26.420000076293945,25.979999542236328,26.25,34194100
2026-06-16,26.040000915527344,26.1299991607666,25.700000762939453,26.049999237060547,32829600
2026-06-17,25.920000076293945,26.280000686645508,25.8700008392334,26.030000686645508,31117500
2026-06-18,25.209999084472656,25.65999984741211,24.940000534057617,25.579999923706055,119614300
2026-06-22,25.079999923706055,25.309999465942383,24.959999084472656,25.219999313354492,41119100
2026-06-23,24.719999313354492,25.239999771118164,24.690000534057617,24.989999771118164,82009200
2026-06-24,24.040000915527344,25.110000610351562,23.93000030517578,24.799999237060547,76962600
