Price,Close,High,Low,Open,Volume
Ticker,PG,PG,PG,PG,PG
Date,,,,,
2021-06-02,117.50910186767578,117.65878215500517,116.6814468617841,117.10407434571914,8254100
2021-06-03,119.61349487304688,119.66632164776031,117.28020932084532,117.30662270820203,11249800
2021-06-04,119.70150756835938,120.29142880919123,119.21723985272513,119.48138710080627,6894400
2021-06-07,120.11534881591797,120.48514963135588,119.46378732104814,120.06252204729665,8418000
2021-06-08,118.72417449951172,120.40589812924797,118.64493435404873,120.34425794827405,6911500
2021-06-09,118.68013763427734,120.13294068642956,118.63612429170695,119.34931241045155,6200700
2021-06-10,119.56063079833984,120.05371194578757,118.53046859178284,118.88266941138835,6515500
2021-06-11,118.74178314208984,119.63106497630785,117.89651465241866,119.52541145325652,10641400
2021-06-14,118.78582000732422,118.89147353934614,117.949364863612,118.84744675597433,6302000
2021-06-15,118.55689239501953,119.42857438569057,118.46885225869508,119.04116016761455,5543400
2021-06-16,116.91036987304688,119.37572154827001,116.79590294222415,119.02352077461768,8936400
2021-06-17,117.97576141357422,118.12544170761123,116.79590558895923,116.94559931808232,7875600
2021-06-18,116.2500228881836,117.4122654320884,116.17078274248665,117.40345201473045,13997600
2021-06-21,117.16575622558594,117.33303653444078,116.57582141217208,116.83116873769573,8014800
2021-06-22,117.20977020263672,118.00221213577385,116.99846310187242,117.1393300240185,6550900
2021-06-23,117.04244995117188,117.42106414611362,116.50536890163526,117.0600633506101,5796000
2021-06-24,117.12171936035156,117.37705322882195,116.83995867160857,117.06007917153062,6056700
2021-06-25,118.79460906982422,119.34050351520705,117.06005875810942,117.33300598080083,24504900
2021-06-28,119.14682006835938,119.88642165801154,118.65373890683668,118.77700583844538,6065400
2021-06-29,118.3367691040039,119.59586528298496,117.82610139416397,119.31410460919483,5792300
2021-06-30,118.80342102050781,119.12039505445745,118.23991311960715,118.49526040436308,5776600
2021-07-01,119.07637023925781,119.86879853028049,118.79460959839572,119.243650505297,5922300
2021-07-02,119.6574935913086,120.3090550816149,119.23486601020943,119.39335975005197,5572000
2021-07-06,119.72789764404297,120.0096582365067,119.18200329000014,119.32288358623201,6534400
2021-07-07,120.62598419189453,121.14546513297242,119.77191592974377,119.77191592974377,5532700
2021-07-08,120.60838317871094,120.97818389176739,119.6486613208917,120.61719659443355,7585200
2021-07-09,120.6524429321289,121.19833745275241,120.48514920868917,120.83735005674353,5948700
2021-07-12,120.749267578125,121.03982817005031,120.12411961942168,120.5379471198833,6807300
2021-07-13,120.59957885742188,121.12787324853655,120.08889786203356,120.08889786203356,5603800
2021-07-14,121.48890686035156,121.70902736807402,120.07133025321538,120.63483821558128,5903600
2021-07-15,122.52787017822266,122.61591031130152,121.24236063245968,121.51530788465412,7357100
2021-07-16,123.71650695800781,123.9542408328816,122.48383767178738,122.65113138243606,9346300
2021-07-19,123.65489959716797,124.91398246297886,122.21970957564139,123.54924605181031,9544100
2021-07-20,122.99452209472656,125.01081978894545,122.95049531151558,123.65488353762751,8136300
2021-07-21,122.5631103515625,123.44359248546036,122.378216627095,123.2234719519859,6954700
2021-07-22,122.09349822998047,122.56308751582155,121.12774015303071,121.64161960126069,6013800
2021-07-23,123.85664367675781,124.0249895227641,121.45553871832466,121.80994106390841,7906000
2021-07-26,124.29082489013672,124.76928303156897,123.35164630384068,123.70604872597985,5925800
2021-07-27,124.79586029052734,125.47808561684232,124.04273825755796,124.17563578357111,7075400
2021-07-28,122.9440689086914,124.63636950790092,122.8997787464931,124.63636950790092,8520000
2021-07-29,123.58198547363281,124.20219636651409,122.91747090563499,123.83006983078532,5430500
2021-07-30,126.0185317993164,128.06523439046066,125.41604511429676,125.81475112874597,14394300
2021-08-02,125.70846557617188,126.19576554206088,124.75156278276219,125.61100287907682,7009500
2021-08-03,127.54251861572266,127.77289236407654,125.38949747881819,125.69074089788046,8455700
2021-08-04,126.19576263427734,127.66655838579048,126.12489296491958,126.73623512033527,6628000
2021-08-05,126.25779724121094,127.18812055637929,125.34519810412209,127.01091933434404,5363300
2021-08-06,125.29203033447266,126.80711622452942,125.12368445344731,126.72737770812343,6030100
2021-08-09,125.97425079345703,126.33752204692081,125.5489652028277,125.77047008621997,4743800
2021-08-10,126.05400848388672,126.26664452895228,125.51353600336881,125.73504089670261,5253500
2021-08-11,126.36409759521484,126.9134388821471,126.23120007717424,126.47042912923207,4205000
2021-08-12,126.65648651123047,126.83368770967817,126.12488291588737,126.83368770967817,4956100
2021-08-13,127.26781463623047,127.57792680619046,126.42609898580152,126.65645914204654,4888800
2021-08-16,128.1538848876953,128.1981885752371,127.03750496741348,127.29444472381621,6040800
2021-08-17,128.36651611328125,129.0044512677819,127.48935189594653,127.94121699722392,7577000
2021-08-18,126.96659851074219,128.36651095915505,126.86026697620456,128.20702041714102,7162000
2021-08-19,128.46400451660156,128.72094428767636,126.84258680101232,126.84258680101232,5787200
2021-08-20,128.55259704589844,129.34115405049113,128.2779330977217,128.69436344482446,5273800
2021-08-23,127.89693450927734,128.77408525965475,127.79060296409057,127.84376197689087,4522200
2021-08-24,126.8602523803711,127.71969228791679,126.68305120264257,127.5956501115485,4560400
2021-08-25,126.40837860107422,126.8159534492683,126.03625209772255,126.76279445158697,3861500
2021-08-26,126.18690490722656,126.44385815221206,125.34518902384487,126.31094710562401,4749400
2021-08-27,126.08940887451172,126.49698371552694,125.49577754488897,126.24003053848328,4741200
2021-08-30,126.63874053955078,126.69191305755984,125.85905269665702,126.34636604820469,3845800
2021-08-31,126.16028594970703,127.17034739782159,125.85904263631424,126.73619307940392,9642400
2021-09-01,127.44508361816406,127.7551959531549,126.0185912124666,126.10719859948945,6214200
2021-09-02,127.54251861572266,128.23361282161196,127.21469569024819,127.56024279319284,5392500
2021-09-03,127.63111877441406,127.91463799999195,127.16152949487459,127.37416553416165,5466400
2021-09-07,127.15264892578125,128.0298130657387,126.95772356134627,127.87033605097415,6520600
2021-09-08,128.11843872070312,128.4196821380106,126.70965729113263,126.77168515212385,6897800
2021-09-09,127.57797241210938,128.3665293483389,127.27671546061174,128.09186542397387,6354700
2021-09-10,127.70198822021484,127.99437626235957,126.98431462567049,127.63996036903991,5750000
2021-09-13,129.07530212402344,130.44863492370348,128.33991790546096,128.33991790546096,9952500
2021-09-14,128.8538055419922,129.67781068253282,128.42851998019484,129.47402998911096,5831800
2021-09-15,128.57916259765625,129.1550834609279,128.24248433624038,128.7829568438347,6237100
2021-09-16,127.68425750732422,128.64116009091123,126.54129841890777,128.33104789008445,6142100
2021-09-17,127.88806915283203,129.6069493847702,127.79060645350812,127.91464865995796,18737400
2021-09-20,126.60336303710938,128.33996771630902,125.7882264797997,127.78177094092545,10238700
2021-09-21,126.79827117919922,128.0564174452322,126.59449044755098,126.68308429976958,6651300
2021-09-22,127.23240661621094,127.89692124647753,126.57674731396405,127.42733198932258,6332500
2021-09-23,127.75516510009766,128.19817488904613,127.13495409948695,127.63997822870358,5171200
2021-09-24,127.18811798095703,127.98553022376224,126.78054301090094,127.40962288391252,5009400
2021-09-27,125.51350402832031,126.85138837617444,125.38946186043704,126.83366420373902,5749700
2021-09-28,124.56546783447266,125.25656190506298,123.65286890742173,124.97304271897687,7015300
2021-09-29,125.83251190185547,126.41727458399541,124.2022255043522,124.28197754610522,5460000
2021-09-30,123.86552429199219,126.47042369023968,123.62629525022264,126.38181633563343,6934900
2021-10-01,123.67059326171875,124.24650048152245,122.55421365057994,123.98069194946552,5587200
2021-10-04,122.97062683105469,124.39711860878066,121.91627509932954,123.50224387998459,5816000
2021-10-05,123.4490737915039,124.50343894811503,122.90860146414785,122.97948463227772,6902700
2021-10-06,125.09711456298828,125.15912890731973,122.8200376091938,123.14787406781448,5332900
2021-10-07,126.09832000732422,126.72738637253985,125.59328232971849,125.59328232971849,5334600
2021-10-08,125.57556915283203,126.36412615043207,124.9642133925242,126.07173802508538,6131800
2021-10-11,126.09832000732422,126.49702613619966,125.61100650777131,126.14261017307635,5995600
2021-10-12,125.91222381591797,126.73621541001556,125.54895259892312,126.34637821083258,6734800
2021-10-13,126.20462799072266,126.48814721906687,124.95533716938003,126.16917963743867,5689800
2021-10-14,127.63111877441406,127.86147899017018,126.5324496662844,126.55017384275347,6777800
2021-10-15,127.95894622802734,128.35765233544288,127.3032868712293,128.04755359393565,6923700
2021-10-18,126.11603546142578,127.32102274269214,125.9033993950528,127.18812520120902,9119000
2021-10-19,124.62751007080078,124.76927644000125,122.97951320770439,123.22759759401265,9555300
2021-10-20,125.1148452758789,125.77936003754908,123.90985796726683,124.17565305626495,7352700
2021-10-21,124.21436309814453,125.84583161838847,124.08062814202378,125.57837530953992,6545500
2021-10-22,125.5516586303711,125.71212428890857,124.20548017129934,124.26787894848749,5265000
2021-10-25,125.56949615478516,125.6318949336988,123.96477150805572,125.1772286185406,5382100
2021-10-26,127.35252380371094,127.64671086009027,125.91718861089892,126.25595399816493,6234900
2021-10-27,126.44316864013672,128.09245793959755,126.31835748448349,127.61104736876244,9643500
2021-10-28,127.20093536376953,127.37924866012888,126.33618117272073,126.49664681537062,4538500
2021-10-29,127.47734069824219,127.91417299173573,126.61257273307699,126.7373839031319,6239500
2021-11-01,127.165283203125,128.19944048607508,127.03156183179303,127.80717299230817,5038900
2021-11-02,128.4312286376953,128.89481873030132,126.84433821653093,127.23660571001334,9954300
2021-11-03,129.31385803222656,129.36734659210964,127.94984534161753,128.49366837275824,7620100
2021-11-04,129.55453491210938,129.61693368053255,126.89781926451543,127.34357528014466,6402500
2021-11-05,130.19644165039062,130.49064232223844,129.0909751780624,129.6615424679923,6062700
2021-11-08,129.22471618652344,130.24996358101063,128.39561620643659,129.71505071402606,5854400
2021-11-09,129.61695861816406,130.0092261639311,128.89483591045507,129.29601368102712,4873100
2021-11-10,130.891845703125,131.32867803492172,129.79527575213677,129.92901076253455,7334900
2021-11-11,130.51734924316406,131.02551760455637,130.34797339275997,130.92745074201014,4096300
2021-11-12,130.6600341796875,131.12362436217344,130.14295543833728,130.82051345967773,5687400
2021-11-15,131.40887451171875,131.7209091795595,130.57977481097942,131.07901939680886,5510200
2021-11-16,131.22169494628906,132.46980669956028,131.061215661784,131.39999468198525,7603900
2021-11-17,131.14146423339844,131.74768606528053,130.53522879811828,131.02556328178648,4900200
2021-11-18,131.15928649902344,132.01514430084566,130.6154634465964,131.08796388192172,5509300
2021-11-19,130.891845703125,132.1488677391139,130.86508781832666,131.89924537711622,6274300
2021-11-22,131.76548767089844,132.78181089430834,130.90071986813624,131.0255310147517,6625400
2021-11-23,133.2275848388672,133.2810733941207,131.6496044419055,131.79224965817926,7912800
2021-11-24,132.53221130371094,132.72834508247482,131.65851952434565,132.63027819309286,5665200
2021-11-26,131.4712677001953,133.47716957770822,131.32862252409126,132.46084650390407,6299800
2021-11-29,132.85313415527344,133.42370134313097,130.86505241966492,131.7565645009045,7113300
2021-11-30,128.8948211669922,132.42520146828417,128.48471961512743,131.77440144364613,11696400
2021-12-01,130.51734924316406,131.82787295019403,129.13551654827623,129.13551654827623,8313500
2021-12-02,131.28407287597656,132.353898326993,130.99879606486235,131.06119484091408,9468800
2021-12-03,133.6198272705078,133.72680436091045,131.64066947769481,131.96161435229675,11200800
2021-12-06,135.64353942871094,135.85750719657858,133.8961836030005,133.8961836030005,11935100
2021-12-07,135.28695678710938,136.02691343851706,134.8590348019392,135.46525648064738,7913400
2021-12-08,135.89320373535156,136.09826134427595,133.97645786745562,135.2156593325589,8329300
2021-12-09,136.6866455078125,137.4622567033238,135.15324356484172,135.78620955556607,8334300
2021-12-10,138.59445190429688,138.89756269848428,136.7846701545483,137.15911713959463,7172300
2021-12-13,140.56472778320312,141.1531291035413,138.1041589936936,138.45184820963948,8944000
2021-12-14,141.08177185058594,141.4205507585105,139.66427105699634,140.76973721398244,8677500
2021-12-15,141.62562561035156,142.3210040232233,140.53797966131702,140.53797966131702,9152600
2021-12-16,143.6315155029297,143.81873903011152,141.23334576857408,141.5097123440464,10852900
2021-12-17,140.37750244140625,144.17533912237644,140.2437674632356,143.23033846490935,24349400
2021-12-20,140.7340850830078,141.26899772519712,139.5840405867124,139.6107848584825,9202600
2021-12-21,140.6449432373047,140.99263241028646,139.78017541671508,140.54687636269983,6946000
2021-12-22,142.0357208251953,142.2675090846189,140.20811821557623,140.6538742860494,6626300
2021-12-23,142.73109436035156,143.46212721733917,142.1426931024915,142.19618165258876,5640900
2021-12-27,144.398193359375,144.4160274075386,143.18573654871648,143.2392250898143,4548600
2021-12-28,145.17381286621094,145.6552369709129,144.37145749623264,144.3892915454348,5929400
2021-12-29,146.3773956298828,147.08168430805907,145.3878165076776,145.503717450989,5346100
2021-12-30,145.11143493652344,146.73397995867327,144.96878972921039,146.5645904754135,5911500
2021-12-31,145.83358764648438,145.96730905377464,144.8350981963211,145.19169768469413,5327000
2022-01-03,145.227294921875,145.26296301868572,142.5349385585712,144.1485730527309,9317300
2022-01-04,145.73548889160156,146.55567841830015,144.5854306266927,144.68349750506945,9253800
2022-01-05,146.3952178955078,147.38479693803055,145.67308161848092,145.70874972281104,9330200
2022-01-06,145.1649169921875,147.2777963178008,144.9687832417581,146.51109536704823,7556000
2022-01-07,145.08465576171875,145.78894419789842,144.38035372214668,145.4323448687884,6098500
2022-01-10,143.1055450439453,145.42346864873366,142.79351032628298,144.87964565161155,8055000
2022-01-11,141.44729614257812,142.83805267578757,139.88715015407388,142.83805267578757,11957900
2022-01-12,141.7593536376953,142.07138835700655,140.70737574451468,141.0907194706543,7127500
2022-01-13,141.11746215820312,142.15161958971677,140.66279582696376,142.0268084240787,6551000
2022-01-14,142.4725799560547,143.078815400075,140.4666772603639,140.9213572442287,10708000
2022-01-18,139.72666931152344,141.33139360188787,139.11152386660095,141.33139360188787,10988400
2022-01-19,144.4250030517578,146.37741730659394,139.94069694650912,140.51126431566405,14088300
2022-01-20,145.20477294921875,147.29321360878393,143.51967614581005,143.51967614581005,10799100
2022-01-21,145.76048278808594,148.20746182714697,145.29440326556048,146.10109093495413,10900400
2022-01-24,144.5773468017578,147.10497831513732,142.26482471607704,146.4865113568122,14838100
2022-01-25,142.9998016357422,144.57734368132793,141.52086964485085,143.81546133641706,9369600
2022-01-26,141.75390625,143.02670079996727,140.1674195829705,141.02788460969074,10707100
2022-01-27,142.63232421875,144.62216852316345,142.13934230966635,142.2737857044865,9083000
2022-01-28,143.86026000976562,144.26360379778882,141.00995114268127,142.16620515859353,9494200
2022-01-31,143.8154754638672,143.9947378929718,142.3992790233013,142.8295252653684,8950100
2022-02-01,143.17909240722656,144.57735850786534,141.37746874330247,144.12022358330108,6284100
2022-02-02,145.74258422851562,145.95769367276222,142.93708002712862,143.53761668706144,7558800
2022-02-03,147.12289428710938,147.87580456419346,144.86414977901285,145.1868275658838,10474500
2022-02-04,144.78347778320312,147.43660766331212,144.67592308429457,146.21760426058805,8959900
2022-02-07,143.69891357421875,145.4377735901507,143.11629378156124,145.088207185293,6430500
2022-02-08,143.3762969970703,144.55048173789962,143.09842447948856,144.4160246467766,5048700
2022-02-09,143.05357360839844,143.98574623008082,142.757784514261,143.73477615205698,8077400
2022-02-10,140.8755340576172,142.9639749568289,140.40944077996485,142.59647807104827,7033000
2022-02-11,140.08677673339844,142.1393708183104,139.45039296781684,141.6284584618293,9341400
2022-02-14,140.49012756347656,140.77694474170792,137.46054162172913,139.95232654862684,9472200
2022-02-15,140.5618133544922,142.80262777213036,139.9254160420708,141.41332009782553,6659200
2022-02-16,141.62841796875,142.318592582566,140.06882001455259,140.57076021483888,9315700
2022-02-17,143.25076293945312,143.7527030835932,141.03683762902995,141.9600518963254,7925500
2022-02-18,143.32249450683594,144.36223575034222,142.35447464767822,142.96396964617358,8063200
2022-02-22,141.55673217773438,144.20090432538376,140.41840821766127,143.51072960476415,8179500
2022-02-23,139.79095458984375,142.15725376212217,139.46827680831288,141.88835333137243,6273000
2022-02-24,136.02638244628906,139.80887797046566,134.9507943484744,139.5041305168397,13145100
2022-02-25,141.83460998535156,142.46203535629644,136.46561312336814,136.5373208338829,8888800
2022-02-28,139.72821044921875,140.89343657476778,137.87282339373724,140.0867352523825,8669200
2022-03-01,137.41567993164062,139.2889972129622,136.54624297775575,138.31200556023586,8311900
2022-03-02,137.84591674804688,139.00218450440684,136.779300704953,137.10197848849015,6111300
2022-03-03,138.3568115234375,139.70129983948146,137.82798273490238,137.82798273490238,7451200
2022-03-04,139.0559844970703,139.24421893346766,136.73450395029894,137.2454025459266,8639100
2022-03-07,136.9944305419922,138.50026498204073,135.47067943346232,138.47337630247256,8374500
2022-03-08,131.5716552734375,137.09302536257104,131.3834345186068,136.40285068221783,9517200
2022-03-09,133.34637451171875,134.87012542399216,132.48589584582686,133.40015186392867,7044100
2022-03-10,129.91343688964844,132.9071611627636,129.01711127421203,132.47692869687032,9221000
2022-03-11,128.37176513671875,131.00696482735404,128.2014610690207,130.32574855656182,7086100
2022-03-14,130.01205444335938,130.8994081940796,128.4883033841502,129.4742535157111,7964600
2022-03-15,134.69085693359375,134.93285500759518,131.66127191221912,131.76882661177532,9868400
2022-03-16,134.2337188720703,136.05325877221597,132.69203772364492,135.01353145559236,6908900
2022-03-17,134.65504455566406,134.87016770879404,133.1044044811255,134.4399350793828,6003800
2022-03-18,134.5832977294922,135.22865332450002,132.87132604522324,135.22865332450002,15570300
2022-03-21,135.09422302246094,135.72164833479488,133.76766469397688,134.84325289752735,6937500
2022-03-22,136.1339874267578,137.6756691295855,134.9149836077045,137.5232816849615,7292100
2022-03-23,135.18385314941406,137.14679500935972,135.0673264279357,136.42077335643054,5531900
2022-03-24,135.41688537597656,135.84711787286125,134.59226739159573,135.246581308481,4203100
2022-03-25,136.9854736328125,137.96246547220957,135.80231701211983,135.90988540835772,5047700
2022-03-28,137.9266357421875,137.94455241310044,136.8062283519679,137.71151259960004,4234000
2022-03-29,139.3428192138672,140.24810337632107,138.05210783348167,139.26213949495803,5643400
2022-03-30,138.3837127685547,138.4195597757621,136.18771772153278,136.6896578834985,5779300
2022-03-31,136.95858764648438,138.3389233875928,136.600049113384,138.12381394457915,7538600
2022-04-01,139.01116943359375,139.34281929033244,136.295303267895,137.60394499507254,5742600
2022-04-04,138.10589599609375,138.3479078180554,135.57825039901093,137.86388417413207,5992000
2022-04-05,138.58987426757812,141.05476992319487,137.62184087796908,137.68459024136115,7653000
2022-04-06,140.57073974609375,140.9830418462166,137.9803594149995,138.4105918559059,8884700
2022-04-07,142.3903045654297,142.86535610334633,140.6962495000479,141.50293717809825,6889700
2022-04-08,143.50177001953125,143.8871835593043,142.44409843431941,143.14323148350746,6045400
2022-04-11,142.9550018310547,144.4966832479857,142.18416112258922,143.36730402578866,6158400
2022-04-12,142.52474975585938,143.97680674230264,142.24689096716793,142.79365021089296,7221500
2022-04-13,142.9281005859375,143.77960725631118,142.25585631824595,142.58749244705015,5247700
2022-04-14,142.13040161132812,143.68104155699115,142.02283320527894,143.39421070999003,7806500
2022-04-18,140.7769012451172,142.49784481332006,140.30184975541323,142.04968199836586,6034500
2022-04-19,142.88327026367188,143.43898777108146,140.09569704040703,140.51697117565092,7897000
2022-04-20,146.68370056152344,147.4276525602565,143.41211711067427,143.86027997664513,10196100
2022-04-21,146.56924438476562,148.63333997750192,146.40699343553618,147.65988929643362,9365700
2022-04-22,145.34339904785156,147.38947741568174,145.03694184839205,147.13709928041195,9394600
2022-04-25,146.51516723632812,147.18216072083874,144.03644252186837,145.74901045951873,6986800
2022-04-26,144.02743530273438,147.49765576889516,143.9913871728573,146.63234936247892,7769500
2022-04-27,143.63983154296875,145.5236588569135,143.41449295268131,144.40598825137647,6754900
2022-04-28,147.2903289794922,147.5607380560358,143.55872223320577,144.70343244330317,9306800
2022-04-29,144.71243286132812,146.87567763872391,144.39695336090276,146.44303143395973,10637000
2022-05-02,142.75653076171875,146.0194296654435,140.7825621971504,145.65889336523173,10351600
2022-05-03,140.80055236816406,143.30631606373066,139.71891627356973,142.6122694455333,10344000
2022-05-04,141.83714294433594,142.00840249782465,139.84514347199925,140.45807167640208,7771000
2022-05-05,139.22320556640625,141.77402639493684,138.03341116616835,140.88169434833495,8217100
2022-05-06,140.61129760742188,140.82762763195205,138.69140818125257,139.50263545805743,7304800
2022-05-09,140.259765625,141.29631773449435,137.6818913642079,138.7725362933642,8540800
2022-05-10,139.52064514160156,141.17012538679475,138.75450213388476,140.20568330565075,7447400
2022-05-11,137.55569458007812,140.5211444839365,137.32134738899111,138.8356161687716,7692200
2022-05-12,136.9968719482422,138.45706180023936,135.09501345110536,138.3759431981457,9600800
2022-05-13,138.466064453125,138.5652139915116,135.58173300039257,137.52866188857843,5675500
2022-05-16,139.81809997558594,140.52115535682273,137.03291798425724,138.33087061225677,5971000
2022-05-17,139.42147827148438,141.28728829760914,137.97031103370998,139.82709871443345,6509100
2022-05-18,130.73243713378906,139.49360306971866,130.28175993030945,139.41248447395074,9670700
2022-05-19,127.72190856933594,129.27223915071227,126.7304270370633,129.26323055850486,9694100
2022-05-20,127.80301666259766,128.39791378524384,125.45048145356488,128.12750475189787,7786900
2022-05-23,130.74147033691406,131.26425758679184,128.06444642565913,128.7494708805449,7134500
2022-05-24,133.06695556640625,133.34637323212965,130.5341518821693,130.59723953882778,7207400
2022-05-25,130.88568115234375,132.62528857820402,129.34435904524813,132.59824904593717,8217800
2022-05-26,132.03038024902344,132.84160740948417,130.73242779514686,132.03038024902344,5702600
2022-05-27,134.04945373535156,134.04945373535156,132.16562597107287,132.47208322626494,6028800
2022-05-31,133.29225158691406,134.29275520965777,131.74192140115676,132.76044220371756,12416700
2022-06-01,131.27330017089844,133.50865601357992,130.43504688748592,133.40049784890257,7036000
2022-06-02,132.68838500976562,132.73344172613488,128.5601802778303,131.5707006215638,6479800
2022-06-03,131.4986114501953,132.6884060280625,130.8045646131061,131.92224917835298,4720700
2022-06-06,130.98483276367188,133.07596789570752,130.3268341252153,132.83259834787322,4751100
2022-06-07,132.44497680664062,132.6612929935026,129.28121503805986,129.49754497849426,4918600
2022-06-08,130.79550170898438,131.9852820392412,130.68734361175362,131.86811535176554,4369600
2022-06-09,128.43399047851562,132.39994424664647,128.29877906945293,131.06594361606813,4625700
2022-06-10,127.947265625,129.0288882497748,125.69387942606171,126.99183207722263,6630800
2022-06-13,124.52210235595703,126.63128206228556,124.05340797995193,125.7389362729321,8549500
2022-06-14,120.63727569580078,124.00834627356431,119.46551216582905,123.94524486065646,9980200
2022-06-15,119.43846893310547,121.5927054411746,116.7253970872305,121.17809011105315,12178100
2022-06-16,120.16857147216797,121.74594162310774,117.71688648013549,118.1044622583641,9683300
2022-06-17,119.30325317382812,121.01582080616218,118.46498654070578,119.48352127929884,17113300
2022-06-21,122.91770935058594,123.48556708944156,120.2677249073641,121.34033896805659,9017000
2022-06-22,124.83759307861328,125.91020708975284,122.286758298852,122.29576689219068,8374500
2022-06-23,128.26271057128906,128.42494773210123,125.19809791584201,125.33330930342633,6418300
2022-06-24,130.1105194091797,130.91272431368083,129.0018435411968,129.9753079905202,19440600
2022-06-27,129.1190185546875,130.48005875535503,128.63229322741637,129.9031924861264,5618500
2022-06-28,127.01884460449219,129.87613604679737,126.71238744745439,129.38038843772156,6077300
2022-06-29,128.17259216308594,128.76748936438813,127.22616729802822,127.6317877784648,5174600
2022-06-30,129.60572814941406,130.19161669386483,127.29826335259733,127.71289238026365,7410100
2022-07-01,131.6968994140625,131.82308848708652,129.25422279975334,130.01137099147496,5937200
2022-07-05,130.4259796142578,131.68788403303108,128.4790507991745,130.3178214868343,5760900
2022-07-06,131.642822265625,132.94077489482783,130.6693577937229,131.15608315288512,5485200
2022-07-07,131.5977325439453,131.76899206769104,130.33584197988569,130.95776491630215,6623400
2022-07-08,130.7144317626953,132.32785024540544,130.30882499361874,131.5887467167558,4294200
2022-07-11,131.63380432128906,132.1205434503083,130.4079616586624,130.83159937135105,5482900
2022-07-12,130.4710235595703,132.42696056975814,130.12850455426334,131.47152729555867,5204400
2022-07-13,131.32730102539062,132.46301609231645,129.98429210203307,130.1645601869754,5075600
2022-07-14,130.93975830078125,131.17410549485703,129.3173176206269,129.57870434657386,4867000
2022-07-15,130.75950622558594,131.32735021817942,129.8851912448616,131.00286204230667,6264600
2022-07-18,129.17311096191406,130.77752086873983,129.04692188228432,130.64232319541446,6047500
2022-07-19,129.8311004638672,130.7054154583494,129.4705641532591,130.30883101811196,5943600
2022-07-20,127.58671569824219,129.99333025106202,126.76647990863606,129.79503118646326,8635300
2022-07-21,127.70736694335938,128.24261505397533,126.05624570915283,127.55314361536132,8310200
2022-07-22,129.74859619140625,129.8846715439776,127.61665671536262,127.69830192690542,5292700
2022-07-25,130.62860107421875,131.01869302203892,129.30407418127066,129.54902368505626,5262100
2022-07-26,130.88258361816406,131.08217000003174,128.56013900318945,129.4491968042334,5375700
2022-07-27,132.12547302246094,132.6425870546931,130.21126792847085,130.52879554575696,5500000
2022-07-28,134.3208770751953,134.81984299120452,131.61740789781015,132.579043748922,7115700
2022-07-29,126.01995849609375,129.27682393108842,125.40305136606435,128.30610709980417,18694700
2022-08-01,129.63973999023438,130.58324204138884,125.43938536005375,125.50288258574473,12590000
2022-08-02,128.7778778076172,130.38363616491426,128.6145873862974,129.83023999900195,7495000
2022-08-03,131.4359893798828,131.78979911144276,127.83438100953163,128.51478540429022,6811000
2022-08-04,131.22732543945312,132.86937971569634,130.64671422804477,131.40877769034458,6124700
2022-08-05,131.2908172607422,131.39967752103766,129.52176881663505,130.41082657572406,4580300
2022-08-08,131.789794921875,132.87843915030842,131.2998960212194,131.57206053904335,4486800
2022-08-09,131.48135375976562,132.3976406431303,131.08219476348478,132.06197886606017,3977300
2022-08-10,132.72421264648438,132.90565103974097,131.89865203787554,132.35225494244804,4641300
2022-08-11,131.78074645996094,133.62237364270163,131.48136680090764,133.186918612654,5954300
2022-08-12,133.05987548828125,133.11430562243103,131.50856129356345,132.37040405094692,5038700
2022-08-15,134.77450561523438,134.96502494414165,133.13246515930317,133.24132543704252,6008000
2022-08-16,136.0173797607422,136.62521992146318,134.59307363510467,134.59307363510467,7093000
2022-08-17,135.39144897460938,135.85411912140705,135.0648542113207,135.26444066904529,4834600
2022-08-18,135.8722381591797,136.0718245743627,134.7382307287599,135.05574450355894,3829000
2022-08-19,135.83590698242188,136.65240042653787,134.9196341994254,135.36416998042833,6502500
2022-08-22,135.4730682373047,136.19883577692778,135.02853233160522,135.15554061282444,6380700
2022-08-23,132.86029052734375,134.66563510557702,132.29782734460858,134.65655418787978,5268200
2022-08-24,132.28875732421875,133.5951220573358,131.6537021854952,133.0054438203634,5903200
2022-08-25,132.1798858642578,132.25246399136304,131.0821745685893,131.75349801930355,5097600
2022-08-26,129.0863037109375,132.93286118266352,128.84136811840162,132.45204322905545,6086600
2022-08-29,128.54197692871094,129.4491826222239,127.93415077520048,128.18816726195527,5272100
2022-08-30,127.172119140625,129.19519830780789,126.92718350924177,129.19519830780789,5203700
2022-08-31,125.1399917602539,127.80717948521415,125.06741362264484,127.3717106595597,8406900
2022-09-01,126.68223571777344,126.79109599983425,124.0694782054024,125.04019519665779,7446500
2022-09-02,124.43236541748047,128.0521081238091,123.87896926098036,127.38985168828063,7077800
2022-09-06,123.0443344116211,125.13997771956922,122.73587390067566,123.27113587512825,8217200
2022-09-07,124.90410614013672,124.9766842758793,123.39815481278609,123.40722188867993,6609400
2022-09-08,125.06739044189453,125.63893451784237,123.43441725551627,124.29625998523038,7380500
2022-09-09,126.97254180908203,127.99767504641795,124.55937083167574,125.14904912002947,6434300
2022-09-12,128.00674438476562,128.64178567851312,126.20139985274024,126.47356436230686,5818700
2022-09-13,125.35769653320312,128.30611551806183,125.06739786221327,127.71643725823512,6350200
2022-09-14,125.65707397460938,126.70036898021664,124.89502440306373,125.79316315422545,6137800
2022-09-15,124.6863784790039,126.00182423766505,123.96061100575056,125.90203103705693,5320700
2022-09-16,125.44841003417969,126.15602941192908,124.38698096755557,124.68636052627436,9321500
2022-09-19,125.18531799316406,125.6117057743705,124.49583281017819,125.37582343582892,6056000
2022-09-20,124.74079895019531,125.1671867885813,123.86080820653588,124.65915374953299,5589800
2022-09-21,123.13508605957031,125.37588634286992,123.11695190355316,125.26702603529817,6413900
2022-09-22,123.5705337524414,124.35073145606394,122.69054283639514,123.14414583052766,5061600
2022-09-23,122.99896240234375,123.83359006618858,121.52021253813797,123.08967467542976,6523600
2022-09-26,123.11691284179688,124.12391189594274,122.46372351787183,122.998971650769,7396400
2022-09-27,119.73302459716797,124.23277171869071,119.48808898373095,123.34371385879513,7722200
2022-09-28,119.73302459716797,120.67652643624564,119.01633806419211,120.67652643624564,10455100
2022-09-29,116.75738525390625,119.63322601724809,116.3582124817065,119.63322601724809,7128500
2022-09-30,114.53473663330078,117.0658348213079,114.49844756934027,117.02955267877863,9431900
2022-10-03,116.58501434326172,117.1202762948754,114.9248329615149,115.4419399993897,8477700
2022-10-04,118.02749633789062,118.72603493303153,116.75739973762164,117.12029041321156,7211600
2022-10-05,117.21100616455078,118.01841890766654,116.20400700467701,117.21100616455078,5071100
2022-10-06,114.743408203125,117.08399422451649,114.62546700340145,116.92977087872775,5530800
2022-10-07,112.73846435546875,114.83411450902088,112.27579437008563,114.76153638218116,6095400
2022-10-10,112.27579498291016,112.72032389972524,110.8424081164422,111.92198526442431,6923300
2022-10-11,112.70219421386719,114.03578109903212,112.13065005593607,112.21230218768274,5516200
2022-10-12,112.88362884521484,114.13557047810231,112.8654877728969,113.25557965990167,6823500
2022-10-13,114.58917236328125,114.9883451649051,111.51374498714151,112.04900005490363,6910500
2022-10-14,113.47331237792969,115.23328706686765,113.19207385042401,114.98834452632428,5516800
2022-10-17,115.52361297607422,116.37638886236714,114.18095192258406,114.31703421188674,6664600
2022-10-18,116.4580078125,118.00026879573878,115.81389942605958,117.32893149900117,7114200
2022-10-19,117.53759765625,120.65838825916481,117.4922345913392,119.4245876450558,9993700
2022-10-20,116.02367401123047,118.5636107207118,115.74044654223607,117.51291153506007,8168000
2022-10-21,117.47638702392578,117.81443095738902,115.55773536750684,115.61255179551647,6394600
2022-10-24,118.19815826416016,119.17576435386631,117.2662511186394,118.30780505977278,6946000
2022-10-25,119.55948638916016,119.85184529801647,117.37587720251791,118.40829965992403,6776000
2022-10-26,120.40003967285156,121.12182644650137,119.13920613074761,119.36761719613716,6612800
2022-10-27,120.49142456054688,121.62433466252763,120.14423523711055,120.6010574243239,6676700
2022-10-28,123.54296875,123.8079194315781,121.44158432030726,121.66999536829334,6996400
2022-10-31,123.04047393798828,123.95411822113167,122.6658764360342,123.52470429276585,8346300
2022-11-01,123.23235321044922,124.51144971177223,122.28215528851818,123.06788997964696,6428300
2022-11-02,121.45985412597656,124.74896466325116,121.34107592669805,123.08613957886803,7318100
2022-11-03,120.6284408569336,121.185764368475,119.65084882652063,120.35434481269776,5204000
2022-11-04,122.8303451538086,123.34198374469109,121.0761497245946,121.8070679720436,5555400
2022-11-07,124.71245574951172,125.34287259156983,123.39680563410464,123.66177030681929,6746800
2022-11-08,124.99567413330078,125.6443677187311,124.07289841145472,125.00481949858504,5266200
2022-11-09,124.69418334960938,126.05551851939819,124.56627369172438,125.05050410665382,5690700
2022-11-10,128.98828125,129.39943229220032,126.26562544203193,127.41682605442624,8068700
2022-11-11,128.79644775390625,129.39945638303416,127.09706867070457,129.00658205516962,7175200
2022-11-14,128.80555725097656,131.16276099355423,128.14773230229886,128.37614335555907,8516200
2022-11-15,128.35787963867188,130.8338476322077,127.63609290824472,129.81970200496386,7732400
2022-11-16,129.49996948242188,130.56893181698462,128.805590777466,129.28068979541877,6193700
2022-11-17,128.705078125,129.4542732012038,127.78230232877738,128.92435779291236,5186300
2022-11-18,130.25827026367188,130.43185096444088,129.0705299244687,129.66439312351767,5671400
2022-11-21,131.9119415283203,132.65199102945468,130.49579036460378,130.70592460713632,6377200
2022-11-22,133.0448760986328,133.2001939538911,132.3322346728099,132.8712814541955,5372900
2022-11-23,133.80320739746094,133.9676706238481,132.9992098786871,133.3007002350361,4296000
2022-11-25,134.04991149902344,134.48845692065095,133.7575385905334,134.1138593595634,2411100
2022-11-28,133.9402618408203,134.61634971002442,133.51997932282094,133.7483904010344,6628200
2022-11-29,132.9169921875,133.44690764743316,132.04903273839375,133.16368009530345,5634200
2022-11-30,136.27914428710938,136.27914428710938,132.5971600310297,133.0722448800649,12396800
2022-12-01,136.36138916015625,137.3755347226096,135.74011783092166,136.61720840644148,6927400
2022-12-02,137.6039581298828,137.7501445526456,135.29243934172678,135.64876003402065,4938300
2022-12-05,136.21522521972656,136.74514058618692,135.46604414376924,135.86804986598784,5402500
2022-12-06,136.3887939453125,137.11971203396504,135.47514981977255,136.79079959112656,6866700
2022-12-07,137.26593017578125,137.43951088923916,136.14213760395228,136.14213760395228,6175500
2022-12-08,138.25262451171875,138.30744092421145,136.14209504303713,136.55324601893602,5187100
2022-12-09,137.88717651367188,138.8282288938262,137.24762838265974,137.6861736809104,5868200
2022-12-12,139.30332946777344,139.38555409824303,137.99681103886215,138.16127424090516,6142400
2022-12-13,139.09320068359375,140.91134375401515,137.76840541540577,140.1621627450793,7680600
2022-12-14,139.64141845703125,141.10325519602782,139.02927833064507,139.59573344497977,7385600
2022-12-15,138.06077575683594,138.8739185379998,136.80908766274544,138.61809927703393,7117200
2022-12-16,137.44862365722656,138.0242239140375,136.1512506796282,137.37553045468687,19966400
2022-12-19,137.41209411621094,138.30747554808073,136.3522773468002,137.24764483756465,5881800
2022-12-20,137.46690368652344,137.86889539832208,136.37966492738516,136.42534992268824,5646100
2022-12-21,138.7277374267578,139.44952418010396,137.70446034375075,137.7318685555381,5024700
2022-12-22,139.0475311279297,139.2485339933819,137.85065930071355,138.07907038044505,5904900
2022-12-23,139.4403533935547,139.71444940256146,138.57239431595167,139.1571259626518,3401800
2022-12-27,140.65553283691406,140.99359069738722,139.47693786053316,139.51347749731406,4215100
2022-12-28,138.83738708496094,141.2950784196937,138.78255671914815,140.9570345065921,4197500
2022-12-29,139.4129638671875,140.0068409564615,139.00182676913875,139.61396670465206,3809100
2022-12-30,138.471923828125,139.49520095304777,137.44864670320223,139.26678988472713,4532000
2023-01-03,138.48106384277344,138.6089734784468,136.24262430683197,137.91459493527293,6447300
2023-01-04,139.08404541015625,140.14387597275794,138.1704012577969,138.86477973589618,7313400
2023-01-05,137.35728454589844,139.3124828447686,137.16542704456828,139.06580891448698,5373800
2023-01-06,140.6280975341797,141.12147315286447,138.64549151948574,138.73686150549477,7882200
2023-01-09,138.9104766845703,141.43214393744572,138.87393704575018,140.1895871009711,5727000
2023-01-10,138.7734375,139.51348718085032,137.90547816988058,138.96530894445678,4716400
2023-01-11,137.64967346191406,139.38559230615658,136.45280148665017,139.16632656479993,8691300
2023-01-12,136.87303161621094,138.6272267591508,136.60808093956587,138.5998185491911,7801600
2023-01-13,137.85067749023438,138.00599537201342,136.51675047450289,136.69034514858174,5535800
2023-01-17,137.44862365722656,138.99268445075862,137.41207008540525,137.76839073459703,9611800
2023-01-18,133.7666778564453,136.98269605651814,133.42861995378297,136.7360221099757,10461200
2023-01-19,130.937744140625,134.43138150701807,130.77226292147293,131.75598956869234,12683700
2023-01-20,131.44342041015625,131.6089016492376,128.85076876916762,130.84583056424347,8603300
2023-01-23,129.67819213867188,132.11453676993366,129.34721569550172,131.80195180376924,7473100
2023-01-24,130.3861083984375,130.90095749311243,128.53815086319668,129.34720745687767,6822500
2023-01-25,130.29415893554688,130.32173913371165,127.5452156135822,129.07138537876332,6902600
2023-01-26,129.77011108398438,130.31255439785454,129.39317702133724,130.30335164579466,5398600
2023-01-27,129.2368927001953,129.96319470086564,128.06007667774674,129.69658141744108,6870800
2023-01-30,129.6414031982422,130.66191268184411,128.97026161868345,129.59544555072992,6369300
2023-01-31,130.90098571777344,130.98372633398967,129.41158448293788,129.84369307240755,9373400
2023-02-01,131.64566040039062,132.4822972536806,129.9540092452408,130.62515086129508,7207900
2023-02-02,130.70790100097656,131.20437272031535,129.8253064332885,130.70790100097656,6444300
2023-02-03,131.11244201660156,131.8203667069703,129.78853600864565,131.26873452745897,5993100
2023-02-06,129.9999542236328,131.13998721024237,129.6413976112566,130.56077497925565,6108100
2023-02-07,128.73123168945312,129.43914221004167,127.59119862584828,128.68526001223128,6278300
2023-02-08,127.39812469482422,128.28990780802724,127.25102095361314,127.8486106129789,7123800
2023-02-09,126.00068664550781,128.09686618104445,125.95471496571533,127.68314912008614,6547400
2023-02-10,127.1131362915039,127.1499192498833,124.87905555625069,125.90875393346155,8108900
2023-02-13,128.7772216796875,129.12657561336425,127.5544478403482,127.73832054679727,5081600
2023-02-14,128.0509033203125,128.93351193591892,127.44411077386984,128.84156857000164,5253500
2023-02-15,127.75668334960938,128.08765975836167,126.93843806527524,127.89458434134569,5530300
2023-02-16,126.08343505859375,127.05797300475122,125.54100567778353,126.31327944320024,7595700
2023-02-17,128.7220458984375,128.74962610268759,125.57777635663665,125.57777635663665,8034700
2023-02-21,128.63009643554688,129.5310823667903,127.67393607584756,127.67393607584756,6899500
2023-02-22,129.17254638671875,130.16547582885153,128.60253679216757,128.69446613045005,6126300
2023-02-23,128.75881958007812,129.76093767186808,127.8854137750448,128.92430079365644,5835400
2023-02-24,128.03250122070312,128.18879370692707,126.9476425415297,127.7291049726495,5260700
2023-02-27,127.92214965820312,129.14492308082913,127.36132897607516,128.35425808682223,5820900
2023-02-28,126.46953582763672,127.41649329952256,126.21211131267265,127.28778104204052,6709900
2023-03-01,126.5615005493164,127.17748174480691,125.5042080862557,126.92005718635077,7101800
2023-03-02,128.64845275878906,129.108141387005,126.67179726889403,126.87406138759573,5924600
2023-03-03,129.58624267578125,129.85286997974703,128.6852567451697,129.80689830369232,5259400
2023-03-06,129.0346221923828,129.760924157311,128.6576740959306,129.38397606085877,4943100
2023-03-07,126.46953582763672,129.2828280473041,126.26727170465296,129.10814412031047,5606800
2023-03-08,126.48792266845703,126.58905472624488,125.58693689908193,126.13855482726564,5518800
2023-03-09,125.55939483642578,127.38894712579008,125.1272862790632,127.0119989751397,4467200
2023-03-10,126.12940216064453,126.86490697039189,125.35712842327416,125.90874650914411,5928000
2023-03-13,127.0027847290039,129.9264119545374,125.99146404721263,125.99146404721263,8337100
2023-03-14,128.57493591308594,128.81396898848988,126.32245004424618,127.14069537490447,9219700
2023-03-15,130.39529418945312,130.68948765325706,127.61877060151699,127.61877060151699,8823500
2023-03-16,131.36985778808594,131.58131069695105,130.19305564431508,130.4964519197762,7063400
2023-03-17,131.40658569335938,131.82950540764514,130.1194631343744,131.01126020330818,16018800
2023-03-20,133.4292449951172,133.67746678964068,131.6824195383369,131.93065536144604,8379200
2023-03-21,132.46388244628906,133.5211607248976,131.3238495493445,133.22696728514097,7753200
2023-03-22,132.38116455078125,133.9992638182959,132.23406079139266,132.4271222005769,5729100
2023-03-23,132.19728088378906,133.4200546082861,131.64566281624954,132.6110119701774,5788400
2023-03-24,134.8910369873047,134.92780590629394,132.66614563097644,132.66614563097644,6144800
2023-03-27,134.18312072753906,135.53460654728312,134.10956885649213,135.04733767660912,5917200
2023-03-28,134.56008911132812,134.98300892652114,134.0452399648929,134.7347730778516,4213800
2023-03-29,134.97378540039062,135.41508259676246,134.46812505632658,135.2220212108557,4987700
2023-03-30,135.56219482421875,135.6449354233581,134.50491642565356,135.07492592450583,4117700
2023-03-31,136.70225524902344,136.70225524902344,135.67255684379435,135.82884934968885,7685900
2023-04-03,137.45611572265625,137.97097887201463,135.23122400584228,136.46318640605898,5721700
2023-04-04,138.1180419921875,139.47873043904934,137.9801410144708,137.9801410144708,6714300
2023-04-05,139.06504821777344,140.06718044542825,138.96391612245372,139.12941138233535,6094800
2023-04-06,139.94761657714844,140.6279608432883,139.21211191645918,139.6258289041642,5399700
2023-04-10,138.78921508789062,139.44196516994498,137.45610666757125,139.42357369439,4891800
2023-04-11,138.51341247558594,139.2305257771992,138.38470019141397,139.06503053835706,6311800
2023-04-12,138.89035034179688,140.12231268907425,137.84224663993865,138.19161454055805,6137900
2023-04-13,139.53390502929688,139.62583434760163,137.74112199362548,138.73403719139338,5489500
2023-04-14,138.82598876953125,139.36841807402178,138.37548878879613,139.14777647414004,4478800
2023-04-17,138.8719482421875,139.2580850366343,138.21918416653247,138.9822690324338,4296400
2023-04-18,139.01905822753906,139.36841208854335,137.9985487861562,138.80759133195303,4158400
2023-04-19,139.04664611816406,139.6534245539313,138.5593772076159,138.98228296501168,3837600
2023-04-20,139.55636596679688,140.02817887470098,139.11229181256633,139.11229181256633,5370900
2023-04-21,144.3855743408203,146.27284023719344,142.9331081488011,143.34016909730113,14876900
2023-04-24,144.64462280273438,145.47723727411187,143.59921747072917,143.59921747072917,8109800
2023-04-25,144.681640625,146.11560050336368,144.12655482807915,144.79265213781687,8341800
2023-04-26,143.0071258544922,144.32081361781263,142.78508875163203,143.6732230466569,4843700
2023-04-27,144.755615234375,144.88513333767207,143.4049143430645,143.6732109175892,4805600
2023-04-28,144.67236328125,145.58823629800634,144.0987709833175,144.5798442961726,5754700
2023-05-01,144.84814453125,145.6159928377879,144.13578785417494,144.34856458551377,3844600
2023-05-02,144.7186279296875,145.18119468384452,144.01553154527895,144.86665267895785,5262900
2023-05-03,144.53358459472656,145.77327405746192,143.79347506442275,144.91289267001437,5775000
2023-05-04,143.86749267578125,144.87589882934805,143.478938334395,144.41333212059075,4892600
2023-05-05,144.34857177734375,144.6076080152923,143.10889633624487,143.76573318375142,3989200
2023-05-08,143.67324829101562,144.07104895590194,143.2754335097111,143.71950779345823,4950700
2023-05-09,142.20228576660156,144.3023287846863,142.08201388650744,144.18207102101002,4472100
2023-05-10,142.49827575683594,142.76657230902464,141.0273172526179,141.96169676887186,4754900
2023-05-11,142.83135986328125,143.29392661121807,141.90622636740756,143.21991423757817,3495300
2023-05-12,144.2838134765625,144.3670720958931,142.83134724052283,143.1181363402719,5252900
2023-05-15,144.33006286621094,145.01466669359604,143.06263457089483,144.88514857667627,5414900
2023-05-16,144.08030700683594,145.17195784153327,143.33093695873285,144.20056477154895,5591500
2023-05-17,143.46969604492188,144.83888958806568,142.37803124156554,144.56134673186216,4286900
2023-05-18,141.11061096191406,142.1467559597867,140.2502435868413,141.83221395920634,6997600
2023-05-19,141.70269775390625,141.84147624998343,140.47226849405726,141.05510712146392,4754100
2023-05-22,137.992919921875,141.17538150523183,137.68762416477676,141.08286250620182,7876200
2023-05-23,136.5034637451172,137.73389311123947,136.05940357543386,137.650620359834,6116000
2023-05-24,135.37478637695312,137.1047814999456,135.1527492556532,136.54044950183973,5755400
2023-05-25,134.5051727294922,135.26378905280544,133.54304000250926,134.5976917355025,6510300
2023-05-26,134.514404296875,135.0787362925186,133.89456655025282,134.44965229287226,4716400
2023-05-30,132.4606170654297,133.2562324960141,131.69276862890072,133.0897152301889,5561000
2023-05-31,131.83152770996094,133.2007213784921,131.27644194672047,132.44211922624197,19854800
2023-06-01,133.18223571777344,133.33024636135076,131.78527498449614,132.52538466805512,6091100
2023-06-02,135.55056762695312,135.69857826202977,133.58002870739017,133.69104021280197,6124400
2023-06-05,135.0139923095703,136.78100077492115,134.81970805318622,135.11575756454909,4753700
2023-06-06,133.6725616455078,135.35629749097427,132.8029337853182,135.13427445699818,4635900
2023-06-07,133.9593048095703,134.25534012535837,132.72887582525698,133.2284415965804,6194400
2023-06-08,135.47653198242188,135.67080208352564,134.07032531758747,134.45887963620984,4863700
2023-06-09,135.58758544921875,135.79111598147801,133.89458917619987,134.7734633201817,5569500
2023-06-12,134.523681640625,136.00388694702235,133.7280661712347,135.9946406928315,5354000
2023-06-13,134.19989013671875,134.7734685043749,133.47828699146754,133.6910637864981,5321200
2023-06-14,135.45806884765625,135.8928827973124,133.98710971571447,134.4311699200627,5693300
2023-06-15,137.3360595703125,137.8171329230079,135.56905127047114,136.15188986861332,5863000
2023-06-16,138.34446716308594,138.8532934473557,137.75238224586786,137.77088886977347,11244900
2023-06-20,137.06776428222656,139.02904252075052,137.02150479017524,138.53872296111953,5340700
2023-06-21,138.251953125,138.3999778736107,136.79948674753922,137.16028824951724,4649700
2023-06-22,138.72378540039062,139.78769754784938,138.28897146370716,139.09384732332282,6666800
2023-06-23,137.34532165527344,139.26034060443902,136.8827549186304,139.00130436123223,13843300
2023-06-26,137.48406982421875,137.8171184000014,135.73556833046356,137.0122568903662,4353100
2023-06-27,138.78854370117188,138.9273080916816,137.28057144768172,137.326830949991,5445400
2023-06-28,138.76080322265625,139.04759239961572,136.8827830157093,138.15021161701512,6733300
2023-06-29,138.1964569091797,138.4924923104111,136.08715350339077,137.3638282281043,7343000
2023-06-30,140.3797607421875,140.68505648761325,138.57573914499753,138.6127523897613,7058300
2023-07-03,141.08287048339844,141.1106233613932,139.20485045152304,140.13923028232225,3996100
2023-07-05,140.8423309326172,141.0458614345472,140.10222129981875,140.2779989257053,8279800
2023-07-06,140.6110382080078,140.79606207480433,139.47311390019777,139.88017487699977,7958300
2023-07-07,137.6598663330078,140.54627830870027,137.613606835158,140.35200818071465,9169500
2023-07-10,137.71536254882812,139.06606356387275,137.60435105480818,137.78937491698002,5529200
2023-07-11,136.9937744140625,137.89115506484058,135.9576293807589,137.59510556022963,5150300
2023-07-12,137.7061004638672,138.2149124972358,136.58668293434508,136.947484364843,6764600
2023-07-13,137.79861450195312,138.3259473058645,137.10476446506874,137.84487399436176,5561400
2023-07-14,138.81626892089844,139.3528479846558,137.59508606205438,138.09466600118708,6128900
2023-07-17,137.83563232421875,138.91803672376858,137.81712570335708,138.4462096484976,4625300
2023-07-18,138.09469604492188,139.21409979264988,137.27132770784237,137.51185736127042,5351200
2023-07-19,139.0382843017578,139.52861796203695,137.7153503934026,138.35369466050557,6203600
2023-07-20,140.1656951904297,140.34258031741848,137.91276791087273,139.2254282902919,6445400
2023-07-21,142.3720703125,143.06098758935983,140.2960281773849,140.71495840836565,9938400
2023-07-24,142.82826232910156,143.32167130828927,141.78558889464608,142.28830238472707,5549500
2023-07-25,143.1634063720703,143.23788507372663,141.92522459208377,142.88411479219909,5883800
2023-07-26,143.3123779296875,144.15023854669298,142.33486440627362,142.54898181633303,7013800
2023-07-27,141.6086883544922,143.92678979731375,141.43180322922936,143.5171640767806,7191600
2023-07-28,145.61184692382812,146.60796940444413,143.92680708453616,143.98266256125254,9397300
2023-07-31,145.50942993164062,146.79414841905316,144.35503141021093,145.6025176509654,7955200
2023-08-01,145.462890625,146.31937442035675,145.10912032928468,145.11843904571535,5718800
2023-08-02,145.7794189453125,146.84071565971024,145.20222672329152,145.20222672329152,5636000
2023-08-03,146.16110229492188,146.81277315834964,145.4256482216304,145.9376661965926,5792700
2023-08-04,144.5598602294922,146.8407155823053,144.4388305551216,146.5614239827982,4785900
2023-08-07,146.08663940429688,146.3007568100169,144.7553697967563,144.92293623461694,4107400
2023-08-08,146.24490356445312,146.7476312964356,145.72356680933146,146.42178872180395,4625500
2023-08-09,146.05870056152344,147.17585267842003,145.94698961144175,146.44970309216924,4293200
2023-08-10,145.33253479003906,147.44582332767996,145.04393873089484,146.31935262015486,4307800
2023-08-11,146.17971801757812,146.58934374080894,145.0346240534487,145.63043941305025,3862300
2023-08-14,145.03465270996094,146.65453269770168,144.76467981468488,146.28215335138407,4297600
2023-08-15,144.1036834716797,145.2022266416058,143.79647833812967,145.03464599976314,6921100
2023-08-16,142.63275146484375,144.97876641772126,142.31621346184667,144.07573177918405,6356800
2023-08-17,141.6086883544922,142.95858096598838,141.31077357397405,142.63275265582507,6419500
2023-08-18,142.00901794433594,142.33486051167853,140.7336038251325,141.15253412217237,5448200
2023-08-21,141.2921905517578,142.23245761572855,140.81739055861436,141.59009118173063,4504700
2023-08-22,141.34800720214844,141.6459077502846,140.51013261196601,140.9663092512439,4195600
2023-08-23,142.67001342773438,142.8841308406957,141.94386376172523,141.94386376172523,4522500
2023-08-24,142.00901794433594,144.0012771884766,141.9531624654454,142.01833666105827,4088900
2023-08-25,142.9399871826172,143.44271492695015,141.9345601046743,142.80965299063485,3541500
2023-08-28,143.1634063720703,143.71267081575584,142.48380775182622,143.09824638647095,3614700
2023-08-29,143.24717712402344,143.4054390242667,141.5342097510107,143.3216558192012,4034600
2023-08-30,143.4054412841797,144.17814177779746,143.0982361940983,143.4613109604624,3712200
2023-08-31,143.68475341796875,144.44814951086067,143.20996764177363,143.47994052501537,5451400
2023-09-01,143.84298706054688,144.55983204493566,142.95857567234043,144.20606180750985,4126300
2023-09-05,141.9159393310547,144.1595625796898,141.87869287249444,143.1820490202292,5097000
2023-09-06,141.63661193847656,141.92520799529638,141.07802884405504,141.77625060940287,3877400
2023-09-07,142.9865264892578,143.5451096695407,141.8507511066136,141.96247626588638,4824800
2023-09-08,142.3720703125,142.8654934440695,141.8321246314591,142.8282469937751,3384700
2023-09-11,144.06643676757812,144.3922793018618,142.5117312062965,142.74447181496785,4288500
2023-09-12,141.53421020507812,144.43880829953636,141.1059754631304,144.2898651140616,4537800
2023-09-13,142.52102661132812,142.9865077989322,141.18975723335257,141.48765780663274,4040600
2023-09-14,144.08506774902344,144.2247064395984,142.78171174709613,143.22858396765645,4606800
2023-09-15,142.8748016357422,144.59708776959445,142.65136554429398,143.396138310429,10262400
2023-09-18,143.41476440429688,143.81507142845203,142.91203673982383,143.78714369213233,3536500
2023-09-19,142.995849609375,143.42408441613418,141.26425874360424,143.13548830606587,4704200
2023-09-20,142.8748016357422,144.09436011517576,142.77239520283163,143.15409319871267,5446400
2023-09-21,141.63661193847656,143.09822965250996,141.57145196049703,142.85617034909347,5096400
2023-09-22,141.1153106689453,142.75379970844676,140.92912099258226,141.91593906213208,6327000
2023-09-25,140.25880432128906,140.83599648714608,139.66298892917104,140.74289456120033,5527000
2023-09-26,139.01132202148438,139.9795167342323,138.5178988463549,139.62574645199754,6366500
2023-09-27,137.1680145263672,139.36508664560742,136.5070390910182,139.10441827598237,5403700
2023-09-28,136.2370147705078,137.76379232047628,135.62257626488034,137.61484915379796,6237100
2023-09-29,135.79019165039062,136.637370939869,134.82199689481573,136.4232393356972,6683300
2023-10-02,135.16641235351562,135.54811028813404,133.9654630871029,134.7847144188972,5153800
2023-10-03,135.4457550048828,136.37671761324734,134.99888272500715,135.14784015163238,4670600
2023-10-04,135.892578125,136.20910192114053,134.9243693063416,135.5388078791027,4727800
2023-10-05,133.8723907470703,136.00428830968022,133.76998431884442,135.62259033126028,5205700
2023-10-06,134.14239501953125,134.57994856946246,131.68465437147754,133.68623244582201,7406700
2023-10-09,133.4627685546875,134.03065617976392,131.82427986521128,133.4627685546875,5062200
2023-10-10,134.7847442626953,135.19437001929106,133.79792632472908,134.03997145119027,5988900
2023-10-11,133.12765502929688,135.5109170702501,132.7180292025026,135.11991447340893,5469100
2023-10-12,133.42552185058594,133.99339520876492,131.88012104419485,132.93209876932852,5965600
2023-10-13,134.70098876953125,135.0175126628143,133.3045447876043,133.3045447876043,7078900
2023-10-16,135.9856719970703,136.90731559631521,135.41778441743077,135.79016366081248,6509800
2023-10-17,136.16256713867188,136.68391805969793,135.21299563743466,136.02292844888996,6160100
2023-10-18,139.6723175048828,140.8546439823806,138.49930974480088,139.70024524640652,10508500
2023-10-19,138.8862762451172,140.78805682682832,137.88385241499412,140.16037688904848,8146000
2023-10-20,138.6989288330078,140.41334483096625,138.57713526585164,139.63576723877617,7284200
2023-10-23,138.7926025390625,140.05734009066492,138.23987131666655,138.520925694247,5981800
2023-10-24,140.4320831298828,140.59135825189034,138.7176812826056,138.76451177082106,6322000
2023-10-25,141.08786010742188,141.64059129872732,139.70132906802084,140.18848900875685,6172900
2023-10-26,140.33837890625,141.81858512201694,140.28217089597064,141.50942677046265,7582100
2023-10-27,137.86512756347656,140.47890012886134,137.04070528564085,139.57016583488826,8131800
2023-10-30,139.83248901367188,140.10418014434387,138.2211258845753,138.55838826729362,5412800
2023-10-31,140.55386352539062,140.7693323540447,139.25165872566637,140.01987307263582,6762100
2023-11-01,140.16038513183594,141.16279472589255,139.7856555124728,141.16279472589255,5896900
2023-11-02,141.87481689453125,142.07154496345842,139.50461676398774,140.09481526578955,5859200
2023-11-03,140.59133911132812,142.67110711266866,140.16975041461887,142.20268793411958,6587700
2023-11-06,141.40640258789062,141.69682022975326,140.619461694775,140.86303455359058,6480800
2023-11-07,141.07850646972656,141.69682331134476,140.63819123054583,141.38766489053566,6003800
2023-11-08,140.53512573242188,141.64996573541444,140.066706524107,141.42513366423597,4832600
2023-11-09,140.8536376953125,140.8536376953125,139.70131634648442,140.28216578659024,6581500
2023-11-10,141.8467254638672,141.87482947620623,140.45083090593457,141.31272063938223,5387200
2023-11-13,142.83038330078125,143.24258017322785,141.88416740409372,141.88416740409372,6297500
2023-11-14,142.5118408203125,143.80468227773645,142.09962967185743,142.9146887317639,7982600
2023-11-15,141.85609436035156,142.76482891561284,140.8817885386913,142.4556704725322,7672600
2023-11-16,143.17701721191406,143.2332252298198,141.75301881321678,142.39007637119445,7590500
2023-11-17,141.52818298339844,143.1863766476639,141.35954463913956,143.07396061483763,8495600
2023-11-20,140.77870178222656,141.49069377658358,140.20722982128913,140.72249376885873,6856500
2023-11-21,140.16038513183594,140.53511475119905,139.42965236756478,140.38523148046502,7310400
2023-11-22,141.48133850097656,141.912276157726,140.61944889245822,140.61944889245822,4372700
2023-11-24,141.81861877441406,142.15588121113763,141.49071957661957,141.6312396356622,2132500
2023-11-27,141.6874542236328,142.0621838906482,141.2190349923533,141.9497678495477,6021300
2023-11-28,142.67112731933594,143.12082008684712,141.60313201278345,141.60313201278345,6110400
2023-11-29,141.58441162109375,142.82103104735057,141.4532547986874,142.67113345173718,5342700
2023-11-30,143.8234405517578,143.9264933514143,140.60071404797642,141.36891413130846,9771300
2023-12-01,143.0177764892578,143.79535420124444,142.61492847930293,143.64545660242302,5685400
2023-12-04,142.4556427001953,142.8959578852547,142.08091306377085,142.18396585804047,6578300
2023-12-05,137.49038696289062,142.9708968634969,136.9470190208376,142.5305817086439,11895800
2023-12-06,137.3873291015625,137.86512577685178,136.44112757768528,137.72459145675936,7610000
2023-12-07,137.246826171875,137.808934932225,136.79714774060676,137.31241172175766,6119600
2023-12-08,135.98208618164062,137.00325088788506,135.39188771832832,136.70345574237714,6385300
2023-12-11,136.60977172851562,136.65660220885903,135.5136583061187,135.65419263220423,8471200
2023-12-12,136.72218322753906,136.9938600436151,135.91650172104815,136.6472344484448,6069200
2023-12-13,139.19546508789062,139.26103634902861,136.26315602865495,136.64726324181777,9055500
2023-12-14,135.52304077148438,139.16734142500675,135.2607271739315,139.0830294032974,10565200
2023-12-15,134.8672637939453,135.13894064303773,133.49947342553122,134.1365166827243,14550000
2023-12-18,136.9376678466797,138.17430140201523,135.0452502673115,135.06399103800373,8421800
2023-12-19,136.9376678466797,137.09692866001478,136.20693503489764,136.4692486445107,5233600
2023-12-20,134.82041931152344,136.84399371239525,134.75483376106922,136.3755745063612,7663800
2023-12-21,135.1483154296875,135.64483868581704,134.08969765653518,135.39190258591617,6104700
2023-12-22,136.1038818359375,136.4317809944935,135.17640667217992,135.37314902631744,4413800
2023-12-26,136.72218322753906,136.93765203304886,135.81344893667077,135.92586495780319,3634900
2023-12-27,136.8345947265625,137.0688042928602,136.17881079993245,136.45048760703008,4569400
2023-12-28,136.52545166015625,136.78776526015983,135.8790308976406,136.7784020226665,5023000
2023-12-29,137.2843017578125,137.6777864909722,136.52546489175677,136.77841527878218,5300900
2024-01-02,139.3453369140625,139.97301687329028,137.06881236221886,137.1156571372397,7238400
2024-01-03,138.50218200683594,139.77628276935093,137.88386524818472,138.97060119459852,7697500
2024-01-04,139.2610321044922,139.8418816734072,138.43662397590467,138.6989376025035,7067400
2024-01-05,138.1087188720703,139.46713172906033,137.2936740168803,139.3266116833448,5294200
2024-01-08,139.29847717285156,139.51394596077546,138.32415741916495,138.567744505095,8255300
2024-01-09,139.86996459960938,139.96363985497652,138.69891669488226,139.18607662585387,9786800
2024-01-10,140.46954345703125,140.52575147041642,139.832485950289,139.91681226538543,8591100
2024-01-11,141.00355529785156,141.27524646384177,139.86061120200915,140.57261759975935,6659400
2024-01-12,141.08786010742188,141.74364408820958,140.42269859439665,141.4157449503064,5684700
2024-01-16,140.32899475097656,141.93099444341274,139.47648281028202,140.6662570917517,8120100
2024-01-17,140.46954345703125,141.08786019430556,139.59827636450498,139.7388106929866,6541400
2024-01-18,139.65969848632812,139.9048095608685,138.5095364548825,139.74454296767323,6526200
2024-01-19,139.12234497070312,140.11222608948282,138.87721949456517,139.76341138611465,7848100
2024-01-22,139.39573669433594,139.72570665541855,137.90618226237925,138.55668542918352,11084100
2024-01-23,145.1654052734375,147.44687055921094,144.13780581554144,144.34521305836623,19101600
2024-01-24,143.41188049316406,145.40109404223847,143.38359899507336,145.11826467603234,11592700
2024-01-25,146.71151733398438,146.74923558688235,143.35531209099318,143.67584531413308,10352500
2024-01-26,147.20175170898438,147.22061083514953,146.447544900661,146.8906408611023,8356600
2024-01-29,147.2206268310547,148.32364847413825,146.50412381191327,147.7108490822252,8987400
2024-01-30,148.4744873046875,148.8798650420333,146.90008821086892,147.390310444129,7794700
2024-01-31,148.14451599121094,149.42666333084975,147.72970150113673,148.94586347297243,8870000
2024-02-01,150.06773376464844,150.18087414647852,147.65428327000188,147.79570515096458,7601100
2024-02-02,149.0401153564453,150.46368443020947,148.51217492589615,149.86974425319275,7937700
2024-02-05,149.1532745361328,149.89804465488623,148.54047515636387,149.1155562804518,6931900
2024-02-06,149.86032104492188,149.96402465643527,148.83270729981717,149.24752174587078,6185400
2024-02-07,150.0111846923828,150.68054713302595,149.65294754168036,149.9923399480781,7209300
2024-02-08,149.55860900878906,149.99228251184866,148.7384170012777,149.70945321727027,6121600
2024-02-09,148.4084930419922,149.27582593134997,147.97483378996327,149.20040380375798,5978000
2024-02-12,148.11622619628906,148.5876036567336,146.58896782774434,148.3519149265113,5482000
2024-02-13,147.32435607910156,149.86979218929574,146.5795714307651,148.71962971830462,6046800
2024-02-14,146.72097778320312,147.2206368250498,146.04219297441122,147.2206368250498,5727300
2024-02-15,148.02194213867188,148.40847510136652,147.21117234669447,147.35259421332086,6249200
2024-02-16,148.49331665039062,149.37950854329824,147.7014060000341,148.05022070393682,6617600
2024-02-20,149.4360809326172,150.64280610961168,149.0778438360493,149.61520667355055,6622100
2024-02-21,151.21786499023438,151.21786499023438,150.07713973178193,150.07713973178193,7121000
2024-02-22,151.3686981201172,151.86835697940523,149.54918838446366,150.33167654162878,6619500
2024-02-23,151.81182861328125,152.48119095804296,150.9916364091822,151.40645088928252,5486500
2024-02-26,151.04820251464844,151.94381685950614,150.9067950232022,151.8118317390566,4531900
2024-02-27,150.18087768554688,150.65225519593133,149.86034443095744,150.28458131324345,3868200
2024-02-28,150.88792419433594,150.95390955679386,149.55863633663253,149.9640284228384,3802900
2024-02-29,149.8414764404297,150.9444980232562,149.1249734604302,150.77479464919872,8348100
2024-03-01,149.75662231445312,149.9263112922979,148.5876010543179,149.00241551389163,4819800
2024-03-04,150.4259796142578,150.61452772982258,148.64417330936732,148.7101730617295,3841600
2024-03-05,150.19972229003906,150.83136636664037,149.6906265722837,150.33170740477217,4481600
2024-03-06,150.43540954589844,150.83136488621147,149.81318784599287,150.5390987772509,5405700
2024-03-07,151.42530822753906,151.69871524184867,150.3411456977875,150.79366408404118,4783900
2024-03-08,151.17076110839844,152.01923480434968,149.22867383902982,150.69938363613687,5080200
2024-03-11,152.3020782470703,153.31081865062578,151.61387110181846,152.1040933608827,5170900
2024-03-12,152.6603240966797,153.2165605299775,152.00039841386132,152.55663484715913,4229100
2024-03-13,153.00914001464844,153.4145177613938,152.09466651001384,153.0845621411987,5410500
2024-03-14,152.25491333007812,153.31079419383968,151.90609862729215,152.95255712094794,5848100
2024-03-15,152.14178466796875,152.25491064843706,151.12360768786115,151.50070387962057,10956900
2024-03-18,151.98153686523438,153.40509170829267,151.78355198962922,152.23607035277035,6086300
2024-03-19,152.56602478027344,152.88655798873236,151.94380310364284,152.53774328454458,6148100
2024-03-20,152.71688842773438,153.1034070469289,152.2266517972855,152.7357331704172,4870300
2024-03-21,152.5943145751953,153.15997329113284,151.89667074357885,152.81114418267526,5211500
2024-03-22,152.40576171875,153.11282789900307,152.2266359847715,152.91484303900097,6393200
2024-03-25,151.01991271972656,152.40576360096168,150.58623912761757,151.94380851211716,7145600
2024-03-26,151.35931396484375,151.91553594707634,150.97278097300108,151.18018821812157,5842700
2024-03-27,153.30137634277344,153.42393908425078,152.10407358034377,152.12293270640913,6599700
2024-03-28,152.96200561523438,153.80105702748065,152.44348746490232,153.49938289429676,7191500
2024-04-01,151.38758850097656,152.7922985264543,150.6522408058402,152.51889154077875,5971900
2024-04-02,151.37818908691406,151.51017422181826,150.50141938802847,150.50141938802847,6771200
2024-04-03,147.211181640625,151.67042297067655,146.76808565742496,151.43473423005096,9601800
2024-04-04,146.55125427246094,148.08794944606035,146.51355040394822,147.89940133289883,6801700
2024-04-05,147.16403198242188,148.06906854663754,145.83474424435227,146.40038850066284,5121200
2024-04-08,147.1074676513672,147.72968933523703,146.72094907680994,147.04148228899814,5476800
2024-04-09,147.69200134277344,147.77684584006616,146.7869502157522,147.32432746920534,4608100
2024-04-10,148.23878479003906,148.55931800169785,146.739793574956,146.739793574956,7784900
2024-04-11,146.91891479492188,148.57817256488127,146.8529294346881,148.53103194454422,8209800
2024-04-12,146.43814086914062,147.04150351430067,145.8819188526478,146.33443724019278,6770500
2024-04-15,146.55125427246094,147.84283833748026,146.43812828162382,147.46572772585827,5754000
2024-04-16,147.02264404296875,147.955976701323,146.75867378540795,146.92837717115427,6103300
2024-04-17,147.9748077392578,148.1256375825885,146.82464567023916,147.35258608514005,6621900
2024-04-18,149.24343872070312,149.5660561919944,147.981490866613,148.34204119141518,7819300
2024-04-19,150.04994201660156,150.08788934358046,145.66629460211735,147.05159644873888,12034200
2024-04-22,152.32717895507812,153.0388108785496,149.20549328785287,150.32512056458415,8926300
2024-04-23,153.23805236816406,153.80736361715321,152.21330080689552,153.4088370559489,7707300
2024-04-24,154.28176879882812,154.52846259272067,151.26444265784707,152.95338084862945,7217600
2024-04-25,154.23434448242188,155.9137996873976,153.78838736879447,154.63285657749992,7094600
2024-04-26,153.03878784179688,154.9649512779833,152.2797254869056,154.18689354257745,5659800
2024-04-29,153.38987731933594,153.5132169953848,152.20382423071962,152.924939296451,4621000
2024-04-30,154.85108947753906,154.9934245361179,153.3329502000085,153.5606631286351,8106100
2024-05-01,155.04083251953125,155.8378710883196,153.9212055081865,154.92697607178368,7543000
2024-05-02,155.45834350585938,156.07509978516285,154.31973546169723,155.17368787527215,5647500
2024-05-03,156.04664611816406,156.28385674650494,153.86430544179046,155.17369826506442,5581500
2024-05-06,156.02764892578125,156.54001745910713,154.90800734823762,156.35025187188222,5472400
2024-05-07,157.28009033203125,157.54576501084438,156.16994660737976,156.5399945155969,6433000
2024-05-08,156.62542724609375,157.85891082550935,156.4925754065154,157.48886285604738,4579400
2024-05-09,157.5457763671875,157.8209487546261,156.6064317130248,156.6064317130248,4671100
2024-05-10,158.31434631347656,158.79825068278836,157.223168962493,157.59321688683372,4879400
2024-05-13,157.38449096679688,159.07342935256844,156.90058653430728,158.3143669827463,5725500
2024-05-14,157.28009033203125,157.57424359903106,155.562688130352,157.06186066261705,6009800
2024-05-15,157.99176025390625,158.15306174233137,156.67286975143017,156.85315214384283,5102700
2024-05-16,159.27268981933594,159.72813012881383,158.06765588736044,158.3902588366495,6793600
2024-05-17,159.06393432617188,159.40551815849608,158.3428193371255,159.09239843901676,4700800
2024-05-20,158.75082397460938,159.29167110694885,158.25742185920632,158.97855136899227,3804600
2024-05-21,159.7376251220703,159.91789301785076,158.73184000826657,159.17779709812513,5147100
2024-05-22,159.22523498535156,159.81351261874752,159.05445030914711,159.41500056275166,4536700
2024-05-23,157.02392578125,159.509888106301,156.8626243190628,158.73183042943708,4729800
2024-05-24,156.8721160888672,157.80197758910595,156.70131692781905,157.36551819188995,3820100
2024-05-28,154.76568603515625,156.33127021998655,153.9591641955854,156.07509319364527,6466200
2024-05-29,153.38037109375,154.41462033289494,153.16214139148036,154.32921351184478,4360400
2024-05-30,154.26278686523438,154.37664331116306,153.2190545169384,153.38035597473237,4748200
2024-05-31,156.12252807617188,156.34077226078415,153.68401054388508,154.1299676471375,10341400
2024-06-03,156.22689819335938,157.73556864005803,155.25908935215503,155.5437304947526,5828400
2024-06-04,158.46617126464844,158.5705445125529,155.98969190817567,156.35973988198486,6277000
2024-06-05,157.55526733398438,158.46614783722669,156.53999912008342,158.46614783722669,5243300
2024-06-06,159.8514862060547,159.9558594530474,156.6349109300623,157.34654275641626,6302000
2024-06-07,158.51361083984375,160.32590331932911,158.30486435120218,159.78505619561608,4558200
2024-06-10,158.7887725830078,159.13983961842558,157.58373874826444,158.2479254956164,4110600
2024-06-11,158.91212463378906,158.93110553610344,157.52682280675126,158.4282202111695,3947700
2024-06-12,156.7297821044922,159.06394080007206,155.8189015000119,158.93110344199425,5474500
2024-06-13,157.89686584472656,158.45667938094851,156.0561092887016,156.0561092887016,4902200
2024-06-14,158.25743103027344,158.39026839848148,156.7962199799849,157.49836862804875,3695000
2024-06-17,158.9311065673828,160.07921227477908,156.93853167884552,157.36552235366526,6759400
2024-06-18,159.93687438964844,160.02226673182463,158.39975431773223,158.48514665990842,5112600
2024-06-20,159.0924072265625,160.14562289455486,158.32384718092766,159.7565940266058,8483600
2024-06-21,159.65223693847656,160.2405291450694,158.62748528119224,158.91214093235808,14682000
2024-06-24,159.83250427246094,160.74339937472035,158.91212595805848,160.12664310894672,7565200
2024-06-25,158.31434631347656,160.26895916913205,157.41293453017303,160.003284478743,7968200
2024-06-26,158.88365173339844,159.22523556523683,157.18523026393163,157.5552782085744,5164000
2024-06-27,158.09613037109375,159.50042767455133,157.03343141988248,158.9216331790122,5007000
2024-06-28,156.48309326171875,158.68441466915468,156.1604903073076,157.5078448329541,9253100
2024-07-01,154.39564514160156,157.7071105153877,153.90224301204958,157.11881834924182,7638600
2024-07-02,155.51527404785156,155.64811141367514,153.4373212135086,154.26280952411315,5449200
2024-07-03,155.44883728027344,155.80940199085035,154.64231552604127,154.86055968148764,2980500
2024-07-05,156.75827026367188,157.15678236222655,155.13574327552556,155.61964772130187,6509200
2024-07-08,158.00125122070312,158.14357179908373,157.14728431585834,157.46040406648274,5144500
2024-07-09,157.1852264404297,158.22894433363587,156.69182436684602,158.10560467387884,4393100
2024-07-10,158.2669219970703,158.3807784569293,157.0713712558042,157.41295511356785,5037100
2024-07-11,157.07135009765625,158.10559922207568,156.35023515204193,157.79247952145525,5831500
2024-07-12,158.0866241455078,159.06393060548342,157.5268106350723,157.71657620899458,4684600
2024-07-15,156.16049194335938,158.09612416829194,156.04663548253592,157.95380359226263,5752500
2024-07-16,158.40927124023438,158.52314219888797,156.18898300204418,156.47363868139428,6378300
2024-07-17,160.77186584472656,161.46451677416525,158.76980771103973,159.16831979968336,7982300
2024-07-18,159.82302856445312,162.17615384501156,159.6712102939172,160.16461243406542,5926300
2024-07-19,160.3260498046875,161.35694986453584,159.53377241968863,160.3355900507979,6597100
2024-07-22,160.6028594970703,161.03240360793302,160.0778546658999,160.29739684429447,6383000
2024-07-23,159.04696655273438,160.76515784764106,158.76061347463607,160.4692499567639,4863400
2024-07-24,160.36424255371094,160.63151512607942,158.0542355695188,158.76060711949998,5907000
2024-07-25,159.31422424316406,162.3592379212451,159.28558893803105,160.66969665734936,7338300
2024-07-26,161.42379760742188,161.62425932555294,159.438333747287,159.64833571284782,5581600
2024-07-29,162.20652770996094,162.7888032656062,160.4692558561553,161.17562746038095,6797800
2024-07-30,154.35057067871094,154.99967157387405,150.85691783644415,154.43647659321047,15746300
2024-07-31,153.45330810546875,155.4578670420047,151.9737686523616,153.50103847353168,9660900
2024-08-01,158.1592254638672,158.75104118045172,153.37692567255738,153.56784712395012,12532700
2024-08-02,162.34970092773438,162.60743324435785,157.64376663133254,159.8296920687001,11899000
2024-08-05,160.42152404785156,163.11335957890677,159.09470134314907,163.11335957890677,10338800
2024-08-06,160.45013427734375,162.58832923237063,160.22105184430404,160.26876764101297,7454900
2024-08-07,162.29244995117188,163.91518058701877,160.37379684511558,160.9083566019279,8385500
2024-08-08,163.1038055419922,163.76244677358724,161.31880332583924,161.7197122134919,6386900
2024-08-09,162.78878784179688,163.47606431990852,161.9392397737509,162.38787899044218,5377300
2024-08-12,159.22833251953125,161.93924845899738,158.64605698782603,161.70061118477824,7208100
2024-08-13,159.6865234375,160.1733528335209,158.8942604478171,159.73425380881284,3770000
2024-08-14,161.1278839111328,161.76743003219175,158.2833317964308,158.9324181645756,5476600
2024-08-15,160.28790283203125,161.96790421109748,159.1710819955465,161.7579167833212,9491400
2024-08-16,160.25926208496094,160.6983611187717,159.21880696898793,160.19245121594943,5640800
2024-08-19,160.76516723632812,161.547904536211,160.5265299471342,160.53607019520683,3885300
2024-08-20,162.6647186279297,162.80789516946604,160.46925274436927,161.0992586576565,4513600
2024-08-21,162.4261016845703,164.07746778651935,161.8915564422237,162.45473699646277,4082000
2024-08-22,162.41653442382812,163.45700408215913,161.45244501171098,163.11336580051844,4097300
2024-08-23,161.4810791015625,162.37835763936087,160.60289562517335,162.32108702039744,4771300
2024-08-26,162.60745239257812,163.19926820055898,161.0324375669232,161.0324375669232,6472400
2024-08-27,161.5574493408203,163.32337115676674,161.39517772742346,163.06563879889427,4456400
2024-08-28,161.37606811523438,163.41880260155645,160.91788862664473,161.71970637299245,5644800
2024-08-29,162.302001953125,162.84610199731034,161.2615468038495,162.0347293379949,4413200
2024-08-30,163.74334716796875,164.06790493347705,161.9774400617446,162.42607930660333,7301600
2024-09-03,166.58790588378906,167.0460853539148,163.21834887015683,163.25652442380783,10101400
2024-09-04,167.90518188476562,168.0006426214514,165.73836590158092,165.73836590158092,7517500
2024-09-05,167.49473571777344,168.5256505180742,166.73109350659544,167.99110533982872,6061900
2024-09-06,167.60928344726562,168.99337681570515,167.37064615735315,167.77155505657439,5785700
2024-09-09,168.0579071044922,168.80245421462755,166.7215442312397,167.5615375093143,6450200
2024-09-10,169.7092742919922,169.85246539295386,167.9147319284295,167.9147319284295,6396300
2024-09-11,166.0151824951172,168.95519555543896,165.738369656878,168.57338173057175,6828200
2024-09-12,165.58563232421875,166.67381770760383,164.60244792367186,165.9960814428732,4838900
2024-09-13,166.1679229736328,166.60700743980908,164.94610118866427,165.49018664723303,3918000
2024-09-16,169.18426513671875,169.2510759908607,166.39698388472945,166.7692574014101,6892300
2024-09-17,167.8861083984375,168.92656347153655,167.3897387644237,168.6020202576777,4757100
2024-09-18,166.0151824951172,167.9051856891584,164.72654991224246,167.0938276699996,5102900
2024-09-19,163.74334716796875,165.28972662343935,162.63608127505904,165.02245403908907,8692000
2024-09-20,166.30154418945312,166.60699232535296,163.7051694906199,163.71470973805754,28647500
2024-09-23,165.8719940185547,167.22745193415872,164.74561855528427,166.10107647088833,10265000
2024-09-24,165.36610412597656,166.56883084156658,164.77427373379285,165.0224658407702,5422400
2024-09-25,164.43060302734375,166.74060982482425,164.23969614326285,166.1583489262191,8916500
2024-09-26,165.3374481201172,166.67381097016224,163.57152654338518,163.7051628283897,4957200
2024-09-27,165.66200256347656,166.5210909447199,164.73608875255735,165.14653788251965,4599500
2024-09-30,165.32789611816406,166.09153828771187,164.860176395329,165.8338059603711,6296600
2024-10-01,165.1751708984375,166.09154444894068,164.37335314503687,165.36609237185394,7130600
2024-10-02,164.1060791015625,164.6119889580386,163.30426135529055,164.19198502467805,6212700
2024-10-03,162.3878936767578,163.58108009177107,162.05381021971243,163.58108009177107,4794300
2024-10-04,161.20425415039062,162.35925038679864,160.6124238132577,161.17561884305906,6002800
2024-10-07,159.52423095703125,161.8724280049286,159.2855936969518,161.4715191558266,6325300
2024-10-08,160.5169677734375,160.9274168634594,158.7128706961705,159.2665108793083,7473000
2024-10-09,161.57652282714844,162.09197290879968,160.3642414474566,160.7269747497099,8758800
2024-10-10,161.27105712890625,162.07287482552053,160.71741693878806,161.12788059924742,6932300
2024-10-11,163.3137969970703,163.61925969099556,161.29015762823562,161.75789191633507,7036500
2024-10-14,164.66925048828125,164.98425342092224,162.97970916583753,163.24698173318214,5909000
2024-10-15,165.6810760498047,166.96016820741352,164.96516430357056,165.03197515928295,7172200
2024-10-16,164.54518127441406,164.74562843222333,163.12289784810122,164.06790671642148,6117000
2024-10-17,164.44972229003906,165.78608524056094,163.95335266616075,164.3542615513173,7045600
2024-10-18,164.45643615722656,165.34939383826003,161.74878874726943,163.5154821290329,8372500
2024-10-21,162.7857666015625,164.64848216803202,161.73919413203924,164.16840144062857,5522500
2024-10-22,162.93936157226562,163.9283264899847,161.85438931986295,161.85438931986295,7511400
2024-10-23,162.8241729736328,163.39066468690817,162.0080299182426,162.7953693035273,4837800
2024-10-24,162.86257934570312,163.18904537115282,162.20006560559474,162.67054998719803,5861200
2024-10-25,161.51834106445312,162.65132440815398,161.3455044055585,162.19045106926714,4877900
2024-10-28,162.55532836914062,162.90098706006754,161.671981636972,162.53612103883904,5753800
2024-10-29,160.51014709472656,162.13282187747328,160.18369580080872,162.13282187747328,5681000
2024-10-30,159.54042053222656,160.65421126400935,159.3483911838606,160.43336359503337,5518100
2024-10-31,158.5994415283203,160.38534218895973,158.51303052479724,159.15633685807876,6056500
2024-11-01,158.52264404296875,159.72284572515082,158.41702570890075,158.72426972107164,5454800
2024-11-04,158.50344848632812,159.6460429167733,158.02336777779826,159.11795120721033,5130200
2024-11-05,159.1563262939453,159.69402891005208,157.7833027149948,157.7833027149948,4397400
2024-11-06,154.63400268554688,159.42519888971717,153.44339722682855,159.0123365033678,11473700
2024-11-07,156.8999786376953,157.41845934976925,155.04685950839882,155.5077475312427,9056700
2024-11-08,161.02865600585938,161.06705601097184,157.39923285954256,157.48565851011807,7506200
2024-11-11,159.41558837890625,161.80639542388562,159.17554804048703,160.34694606404483,6364400
2024-11-12,159.23316955566406,160.404567683523,158.9739365157369,159.52122091759512,6507500
2024-11-13,159.9436798095703,160.1549164791289,159.07952580203985,159.44439180416825,5412300
2024-11-14,160.42376708984375,161.345513821409,159.8764680641205,160.0685120631884,7444300
2024-11-15,162.7857666015625,163.7747463788426,160.231748266461,161.24951706441215,9939400
2024-11-18,163.9475555419922,164.6196655774309,162.10404745154602,162.3728914657215,6681000
2024-11-19,163.95713806152344,164.3508077101337,162.90096942368697,163.88993438909412,5683700
2024-11-20,164.08197021484375,164.25480687388813,162.75694288213433,163.23702355040305,7081100
2024-11-21,165.8678741455078,166.59759150128866,163.43866708841546,164.82130178433673,6240400
2024-11-22,169.25723266601562,170.33260863292804,166.95285140808937,167.21208441024945,10609800
2024-11-25,170.32301330566406,171.69605159026332,169.85252899189672,170.40942430689722,19357000
2024-11-26,172.1665496826172,172.31058269268843,170.14060840851874,170.14060840851874,6276700
2024-11-27,172.2145233154297,173.24188824000714,171.6096170363778,172.82902593271007,5522900
2024-11-29,172.1185302734375,172.47379996020845,171.17757618737767,171.58084222426044,3823700
2024-12-02,172.54098510742188,172.98266575803163,170.9183101434475,171.98408978747867,5728200
2024-12-03,168.43150329589844,172.46417806054708,168.22026662552594,171.648049698562,8127300
2024-12-04,168.13385009765625,168.1722501042357,166.54958977279418,167.2312961085982,6823500
2024-12-05,169.0172119140625,169.4300889390355,167.50015512740197,167.89382482191334,5022200
2024-12-06,166.89524841308594,169.69891772177996,166.82803008795707,168.38348674494986,5741200
2024-12-09,163.98594665527344,166.83762696963683,163.64028799138396,166.72241229864005,7164300
2024-12-10,165.41659545898438,166.04069447330644,163.16021043631335,163.6306947700127,6219900
2024-12-11,163.83233642578125,166.48237648695223,163.61148876584232,166.11751048435713,5237500
2024-12-12,164.04356384277344,164.97492147514936,163.2466282062611,164.6004445035664,4072800
2024-12-13,164.2451934814453,164.9461071446132,163.3426394941584,163.96675314431806,3884500
2024-12-16,164.322021484375,165.89668559505205,164.28362147475374,164.61966917436575,5943600
2024-12-17,163.54429626464844,165.09975307521893,163.24664856888748,163.87074763090882,6069200
2024-12-18,162.34410095214844,163.76513580664547,162.28649360885683,162.99700371065478,7517100
2024-12-19,162.44970703125,163.32345740759524,160.68301359951238,162.27687036352563,8585200
2024-12-20,161.36473083496094,163.10262071415474,160.82704276746463,162.14245926479674,21999300
2024-12-23,161.41273498535156,161.9600193697839,159.73245252030605,161.3647239847416,6983900
2024-12-24,162.20965576171875,162.44008510196718,160.75020645291607,160.94223578675613,2460800
2024-12-26,163.38107299804688,163.51549501266587,161.37433911877045,161.60476848617395,3629400
2024-12-27,162.7761688232422,163.9571632999685,162.51692113048244,162.6705504781105,4367900
2024-12-30,160.43336486816406,162.2480693287884,160.06851349864348,161.95042163882414,4354500
2024-12-31,160.97105407714844,161.38393110076504,159.95328532953133,160.69261371542126,3957600
2025-01-02,159.36756896972656,161.98881987556433,159.30036529698393,161.393509905093,5401700
2025-01-03,158.55142211914062,159.8668382622002,157.70647558298126,159.6267979645092,5256600
2025-01-06,154.20193481445312,156.9863971606112,154.0483054661531,156.32388341560574,8731700
2025-01-07,154.8740234375,156.13183241923707,154.3363354438627,155.02765276451038,8447400
2025-01-08,155.64215087890625,155.93018754501998,154.17310527813189,154.57637126158968,4974800
2025-01-10,152.24319458007812,154.7876311698693,151.19662213358365,153.76984774341236,8501500
2025-01-13,152.5120391845703,153.71224098119575,152.09917679896355,153.00173089417004,6772200
2025-01-14,153.37615966796875,153.69301463097133,152.00312149495764,152.52161676201553,5982200
2025-01-15,153.28976440429688,154.7300065301784,152.9921167090921,154.19231848066005,8059200
2025-01-16,154.10589599609375,154.1827106618633,152.8000759798105,153.26094932352828,5774400
2025-01-17,154.71080017089844,155.30609550867175,153.24175450446486,153.3761765049588,7262700
2025-01-21,155.27728271484375,155.88218900696467,154.5475654194633,154.5475654194633,13914700
2025-01-22,158.17697143554688,161.44151386308468,157.8889201270234,160.44295259788782,14356700
2025-01-23,159.53079223632812,159.84764721966562,156.81354868245245,157.3512366599105,7614300
2025-01-24,158.54257202148438,160.2717492521424,157.65383889755577,160.2717492521424,6199800
2025-01-27,163.89431762695312,164.16480099297166,160.4649570517866,161.05422754352077,9170800
2025-01-28,160.54222106933594,163.82666997567875,160.46493801103847,163.16978609050466,6716300
2025-01-29,160.5808563232422,161.60483105725183,160.24275952365133,161.05420953095296,4850300
2025-01-30,161.72076416015625,161.90430958363365,160.29104967214096,161.78837762445843,4136500
2025-01-31,160.34902954101562,160.95760970542335,159.59553810680646,160.35868439624093,5464700
2025-02-03,163.02487182617188,163.6238118318874,159.61483617036896,159.84668534099134,8668600
2025-02-04,162.41629028320312,163.53685774747066,160.6291546167067,163.53685774747066,6410900
2025-02-05,163.26638793945312,163.39197475870145,160.94795502251762,162.3776548299533,7536800
2025-02-06,163.1408233642578,164.1551285994229,162.31970368411328,163.6141618766048,4957900
2025-02-07,162.26173400878906,163.37264668597538,162.1651264976265,163.34366738067393,4535600
2025-02-10,161.83670043945312,162.75441292468753,160.7450973650941,161.99126657639988,7062900
2025-02-11,163.67210388183594,163.80736028905244,160.8416837299496,161.99124526940025,5438100
2025-02-12,163.81703186035156,164.3000399688889,162.26174516125184,162.62883604061628,6037400
2025-02-13,165.2080841064453,165.55585050585773,163.39196904948744,163.86532226375996,6328300
2025-02-14,157.35438537597656,164.2227614595717,156.7844393297446,164.01989156265216,13179500
2025-02-18,159.8080291748047,160.12681624232442,156.6878014391202,157.79872874839845,7075300
2025-02-19,160.83204650878906,161.1991226507038,159.62452622827445,160.455300770878,7910700
2025-02-20,161.52757263183594,162.07819419185904,157.26743772222494,157.60553454252343,6162600
2025-02-21,164.44493103027344,164.75406328475907,160.28140363174143,161.7497523600738,9813700
2025-02-24,164.74440002441406,167.10148196467858,164.01988785786904,164.4352824982785,8564100
2025-02-25,166.78268432617188,168.03850828371213,164.9955632721895,165.4592469022744,7314900
2025-02-26,165.47857666015625,166.78268967539125,164.85065729112844,166.42526840117856,5519000
2025-02-27,166.1258087158203,167.2077421535119,164.83135053283394,165.04387527812872,5467000
2025-02-28,167.93223571777344,168.7147064023459,166.00987310758572,167.68107683761312,10240100
2025-03-03,169.62278747558594,170.29899589327255,167.61347193429,167.68110014617767,7615300
2025-03-04,167.29466247558594,173.87324455158458,167.0338487394466,170.74334705578843,12117600
2025-03-05,168.6761016845703,169.89327687965738,167.14013935119505,167.48790579839684,6989100
2025-03-06,168.72438049316406,169.8642724491543,166.96622406448395,168.94656007538927,6702500
2025-03-07,169.97052001953125,172.81060954775958,168.1350954317469,168.17372958780933,9566700
2025-03-10,170.27001953125,173.8732707696882,169.85463961756952,170.75302765798816,11047000
2025-03-11,167.2366943359375,170.00917043070206,166.46389328592227,169.85460432460494,11032300
2025-03-12,162.6481475830078,165.99057021741828,162.0685466903807,163.9329509350094,10158800
2025-03-13,162.86065673828125,163.53686508505072,161.5951779592763,162.000902967338,6609000
2025-03-14,162.26173400878906,162.8606593053344,160.9576063092776,162.08784343674375,6790500
2025-03-17,163.99090576171875,165.27570908403874,162.41630936989898,162.64814382549883,9931700
2025-03-18,162.0105743408203,164.4739037210748,161.88498752495727,164.29037303512285,6099900
2025-03-19,162.84136962890625,163.01524548210602,161.43097938969686,162.16514644804894,7569200
2025-03-20,161.85601806640625,163.45960850407204,160.3876693078064,163.15047624321417,8789200
2025-03-21,161.02525329589844,162.4259739297052,158.5425844237799,161.4599576663573,16027300
2025-03-24,160.02056884765625,161.1991097261651,159.74043065074227,160.7740602630653,6102100
2025-03-25,157.3157501220703,159.75010042681131,156.68783072375567,159.68248695513194,8366700
2025-03-26,160.91896057128906,161.15080973725637,157.45096637752027,157.79873275635342,7756000
2025-03-27,162.9766082763672,163.2857258119235,160.95762310814993,162.16514342252566,6211700
2025-03-28,162.3197021484375,163.94261704177538,161.92363196575081,163.62382992450833,5479100
2025-03-31,164.62844848632812,165.32398120048242,162.3872989831246,162.3872989831246,11520100
2025-04-01,164.7637176513672,165.2370708870552,163.31469337829785,164.77338724693942,7021100
2025-04-02,163.73974609375,165.0728531682034,162.59018445595177,164.2903824037155,6274500
2025-04-03,166.53152465820312,168.85962713342727,164.9279343004792,168.30899084881347,9393300
2025-04-04,158.18515014648438,167.7004154559708,157.91466679415515,165.93260407023814,13454200
2025-04-07,154.78475952148438,159.10285277777945,153.7801092375778,158.09820249387286,15708000
2025-04-08,153.00730895996094,157.73112770046947,151.384408780756,156.79409078501027,11541100
2025-04-09,156.8037567138672,159.0835407960324,151.36508078909904,152.01230987449574,10670200
2025-04-10,158.00160217285156,159.46029602114373,155.28709909760812,157.36402796393858,10581600
2025-04-11,161.23776245117188,162.31004098934048,157.09354482788368,157.81805695528848,8602800
2025-04-14,163.38232421875,164.32901596514188,160.14616406065966,161.36333916316352,9877300
2025-04-15,162.7447509765625,164.3773207188523,162.5612055394666,163.39198006405394,8765000
2025-04-16,160.73545837402344,163.91364564990437,160.15584267338298,163.53689986655996,5897500
2025-04-17,164.8313446044922,165.8166704897069,161.66281273072292,161.8366885668536,7227100
2025-04-21,161.11524963378906,165.19780502912656,159.68635302060318,165.13948513995462,8062400
2025-04-22,163.18568420410156,164.050797112827,159.93906720504756,161.22216401283848,7907400
2025-04-23,161.09579467773438,161.95119255121304,158.54906079529954,161.7470581197266,9309200
2025-04-24,155.0691680908203,156.45918966967002,152.20165993476974,156.012045815966,20077700
2025-04-25,156.5175018310547,157.27568998859715,153.35837956392203,155.40937953679128,12892800
2025-04-28,157.32431030273438,158.01444877526282,155.90512871092395,156.53694729361825,8127000
2025-04-29,157.72280883789062,157.84917846672087,154.74837628324045,156.77993121996346,8266200
2025-04-30,158.02415466308594,158.59765326891144,155.47740614725112,157.90750006900282,12475500
2025-05-01,155.506591796875,156.8382935719976,154.60260382794732,156.16758516557064,6792800
2025-05-02,156.03147888183594,157.2854008530894,155.42880548717605,156.43000302332482,5750200
2025-05-05,154.3887481689453,156.41058834513083,153.60140001274362,156.3911434383269,7576200
2025-05-06,154.7969970703125,155.2441409192219,153.24173088432573,153.62082497774384,7703800
2025-05-07,154.83587646484375,155.5746345987022,154.1068482004001,154.57343696876902,6430000
2025-05-08,154.21376037597656,155.52601707791823,153.59165690094957,153.9513209012817,7230800
2025-05-09,153.25146484375,154.6803614260288,153.008455422711,153.6013990033309,6453200
2025-05-12,156.40084838867188,156.54666293212006,152.30857828139708,153.02787663345322,7378400
2025-05-13,154.29153442382812,156.22589471688306,152.95984756895766,155.54547131775647,7780800
2025-05-14,153.60140991210938,154.70953235746146,153.16399588959757,153.69860478815696,5988900
2025-05-15,157.86863708496094,158.35465590623195,154.26237090499833,155.12748381357605,8727300
2025-05-16,158.7143096923828,158.86010941014717,157.32430294263656,158.1019212135369,7100800
2025-05-19,160.16265869140625,160.53202293781425,158.84068680375822,158.89900669360586,8119900
2025-05-20,161.00831604003906,161.35825018794822,159.99740340836675,160.0071184453218,5576600
2025-05-21,160.80419921875,161.7179170845922,160.01685100775126,160.21127042508553,6424200
2025-05-22,160.4153594970703,161.55264167770753,159.4336068878321,159.8418608886673,6245600
2025-05-23,161.22216796875,161.57210212199593,158.90871357606207,160.2209703587637,5349800
2025-05-27,163.06903076171875,163.2828802312059,160.64866650670484,160.64866650670484,11423800
2025-05-28,162.68023681640625,164.11884851911458,162.3886225278808,162.96212123497224,5385900
2025-05-29,163.84666442871094,164.2646483322331,161.78594935047548,162.07756361282063,4842500
2025-05-30,165.1394805908203,166.2087279699122,163.88555851181067,164.03135823072415,12587500
2025-06-02,163.08848571777344,164.31324789221412,161.58182430158382,164.2938178171488,7574400
2025-06-03,162.1844940185547,162.72883275016855,161.26104635015471,162.11644426104394,6223000
2025-06-04,161.3096466064453,163.35093162397465,161.28048666323355,162.02895981394332,4939000
2025-06-05,158.2477264404297,160.8139051467235,157.965827226536,160.8041752780339,10351800
2025-06-06,159.43360900878906,160.61949605027894,158.71429585558678,158.72401089188486,5697700
2025-06-09,158.0144500732422,159.43363167671023,157.53816108093878,158.8212431641846,6544200
2025-06-10,158.28662109375,158.93788459587694,157.39234815804798,158.14082136645246,7680000
2025-06-11,157.57701110839844,158.21855946447903,157.1687571087425,158.08247479792703,5960100
2025-06-12,158.61709594726562,158.74346558751714,157.15903947833547,157.4409387016477,6509900
2025-06-13,155.79820251464844,158.4713062092975,155.4385533092826,158.20885187537516,7104500
2025-06-16,156.38143920898438,157.4215118970476,155.53575627392314,156.38143920898438,6332000
2025-06-17,154.08741760253906,155.88567841612257,153.88328316305612,155.58434910764802,6809700
2025-06-18,153.60140991210938,154.21378361077825,153.25147572767614,154.11658873473067,7211200
2025-06-20,154.6317596435547,154.88448410688727,153.43615742131303,153.61111708851595,16173400
2025-06-23,156.5272216796875,156.6827512634819,154.5539864356632,154.6220361906173,6588200
2025-06-24,155.8759765625,157.2173934242528,155.18582322333347,156.67303981696412,7470100
2025-06-25,154.5248260498047,155.8565128809482,154.2721016009513,155.3510639832414,5933700
2025-06-26,154.1943359375,155.09832382538264,152.7751544536732,155.08860878852232,7410400
2025-06-27,155.3899383544922,155.65239267135047,153.86383213408064,154.24292622193488,19257000
2025-06-30,154.8650360107422,155.42880476087083,153.7083089051112,154.8067012963445,11238200
2025-07-01,156.7119140625,157.98528103477406,154.92336831262065,155.40938714674772,10664900
2025-07-02,156.6924591064453,156.83827364660206,155.38993227423248,156.63413922322934,8848700
2025-07-03,156.3328094482422,157.48953656878732,155.3218820352797,157.26595724100488,6999600
2025-07-07,156.0120391845703,156.67301765173048,154.83586712938376,156.39113326593971,7225700
2025-07-08,153.4750213623047,155.31217189636223,153.03760739364665,155.05944745121067,12034800
2025-07-09,153.11538696289062,153.77636549806186,151.58928061155683,153.6791706245995,18770900
2025-07-10,154.05824279785156,155.14692015109654,152.64877642831254,153.34864467886047,7200500
2025-07-11,152.6585235595703,153.6305612583487,152.06557997003077,153.6305612583487,8053800
2025-07-14,149.46051025390625,151.44347545252165,148.5856822635347,151.22962597360984,11491700
2025-07-15,148.4106903076172,149.74239187547778,147.65250218325457,149.26608812263814,9142600
2025-07-16,149.4313507080078,149.46051065229005,148.0121839792118,148.46904288245773,8479000
2025-07-17,151.2685089111328,151.39487856407752,149.57717272984303,149.732687496407,8320000
2025-07-18,151.7940673828125,152.2540505817674,150.35539906838767,150.50219586228826,7337300
2025-07-21,151.7255401611328,152.61614712926362,151.5885248532318,151.76469592541798,6328400
2025-07-22,154.9454345703125,154.99435687922127,151.59831833558792,151.61789621928125,8187000
2025-07-23,154.90626525878906,155.49348224984857,154.31904826772953,154.84754654639278,4804800
2025-07-24,155.42498779296875,155.63051824722876,154.68119244781664,155.48370651317148,7027400
2025-07-25,154.9258575439453,155.06287286345747,153.67314178453415,153.98631325761204,5799900
2025-07-28,153.76121520996094,154.7203224175326,152.89996755133777,154.27013563856093,7885000
2025-07-29,153.27186584472656,155.26837677032339,151.53958912972797,155.26837677032339,11466100
2025-07-30,149.62136840820312,153.65354585182126,148.8090580616741,153.65354585182126,8162900
2025-07-31,147.26275634765625,148.7601434389033,146.71469505067046,148.5644093947727,11845400
2025-08-01,147.4389190673828,150.21839637848714,147.31170014649018,148.54483811957488,8594200
2025-08-04,147.5465545654297,148.23164605564276,146.82233717704855,147.04743055990627,7679400
2025-08-05,147.3018798828125,148.83842256255264,147.11594226953406,147.49762883750319,6670100
2025-08-06,149.601806640625,150.20858663061105,147.008297070314,147.64443641894132,7376200
2025-08-07,150.21836853027344,150.72727398660254,149.44519900459755,149.85624491942409,6719000
2025-08-08,150.23794555664062,150.5119761922033,149.31799409928004,149.51372813417484,5811000
2025-08-11,151.67662048339844,152.07788497926214,150.0422180736552,150.26731147693593,7331700
2025-08-12,151.78427124023438,152.22467655625786,151.02089804351374,151.7549118814028,6938000
2025-08-13,152.0974578857422,153.6633451155789,151.6472561603649,151.90172384870633,5812400
2025-08-14,150.46304321289062,151.40257248717472,150.00306005005726,151.34385377422552,6343700
2025-08-15,151.06982421875,152.28339905123167,150.92302743534637,151.17748017109554,7121700
2025-08-18,152.40084838867188,153.57526754833222,150.88388346290026,151.12855474339406,8274500
2025-08-19,155.02371215820312,155.31732067167744,152.35190604604057,152.41062476202555,7868100
2025-08-20,156.1100616455078,157.59766724294354,155.03351694929194,155.19989163142847,7840400
2025-08-21,155.3466796875,155.66964755825543,153.82971481584852,154.56372863114285,6417500
2025-08-22,155.28794860839844,157.2551001006948,154.9356214077657,155.9828215356498,5797300
2025-08-25,152.82167053222656,155.31732049357234,152.56721778540026,155.01393050563155,4692500
2025-08-26,152.64552307128906,153.3599590448602,152.0289466519666,152.59658582738962,6338000
2025-08-27,153.6144256591797,153.78080034042733,152.4693509074782,152.82167815410557,4551200
2025-08-28,152.33233642578125,153.66334881665304,151.72555641629046,153.6535673413081,5857400
2025-08-29,153.6927032470703,154.20162368613916,152.33233154024273,152.76295537841256,5318200
2025-09-02,154.62245178222656,155.47390297142167,153.6339703539397,154.0058754405069,6432800
2025-09-03,154.79861450195312,155.2585976758883,153.16421224004372,154.28969408819634,6592500
2025-09-04,155.79689025878906,156.34495154934362,154.44629998310094,155.14117300519342,6934900
2025-09-05,156.60919189453125,157.137675271058,155.0335083061997,155.1705236211177,6436200
2025-09-08,155.62071228027344,156.8538650629951,154.87691698080363,156.2079293133361,7178400
2025-09-09,156.06112670898438,156.46237623529723,154.82797397219434,155.22923843205615,4984900
2025-09-10,153.99609375,155.55219934653158,152.5672070511561,155.21945002404337,6205500
2025-09-11,155.2488250732422,155.95347955300494,154.03525015063974,154.35821803166013,5819500
2025-09-12,154.53436279296875,155.73815615172708,154.41692536618206,154.56372214966544,5957000
2025-09-15,153.4871826171875,155.1411627888325,152.87060623914135,154.51480493608133,5995000
2025-09-16,154.68118286132812,155.0139322108882,153.54590456260016,153.79057583731483,6559600
2025-09-17,156.91256713867188,158.22400144874192,155.05305668687828,155.05305668687828,6764200
2025-09-18,153.9667510986328,155.63051282513092,153.8101578945142,154.77904661120462,7651500
2025-09-19,152.71400451660156,154.26032864596417,152.64550433039255,154.25054717180527,17224800
2025-09-22,149.8073272705078,152.75316388507665,149.78774938817966,152.75316388507665,8712900
2025-09-23,149.2494659423828,150.02262053945424,147.75207905252998,149.93454247147426,8853400
2025-09-24,149.17117309570312,150.35538857352498,148.55459673725838,148.80906440699047,6483300
2025-09-25,148.90692138671875,150.60005724129255,148.54481270424327,149.96390301146852,7511400
2025-09-26,149.2494659423828,149.42562207834277,148.30014027580313,148.98521680489458,5721100
2025-09-29,150.2575225830078,150.44347514183943,148.55460512868348,149.17118152195687,8139700
2025-09-30,150.3749542236328,151.0894050730471,149.58222171056255,150.18901660551364,7762600
2025-10-01,149.9149627685547,150.60983569690188,148.18270105179772,150.42388315550411,7566000
2025-10-02,148.80906677246094,149.54308056949685,148.3980208381467,149.46478397245383,6892100
2025-10-03,149.02438354492188,150.15964690522725,148.76013438797045,148.76013438797045,5212600
2025-10-06,147.2040252685547,149.07331734018973,147.19422886036295,148.270788413019,6737000
2025-10-07,149.2886199951172,149.90519639268422,146.85170363054203,147.54656169532586,6844400
2025-10-08,147.47805786132812,149.53328757988405,147.4193391455907,149.53328757988405,5254700
2025-10-09,147.37039184570312,147.65420393024516,146.391706827416,147.52698503268064,6134500
2025-10-10,146.49937438964844,148.28057349868007,146.26448459056263,147.72273075948178,7374000
2025-10-13,144.3462677001953,146.24490420956874,143.83734727764255,145.824076793637,7511100
2025-10-14,145.9806671142578,146.0687451855944,143.9450003977024,144.4245614531163,8585300
2025-10-15,144.2777557373047,146.22534446356136,144.13095894563563,145.3640967963042,10003100
2025-10-16,146.4113006591797,147.19423681226363,144.76710188389367,144.85517996108314,8809700
2025-10-17,148.17291259765625,148.7894889662187,147.2235868916517,147.36061713670907,8612900
2025-10-20,148.7209930419922,149.1418204631398,148.07505729769414,148.35886940340424,5601300
2025-10-21,148.3882293701172,149.03416511706473,147.65421554864483,148.72099365201555,6013400
2025-10-22,148.95587158203125,150.18902438494732,147.57592198522028,148.0750609515624,6394400
2025-10-23,148.9656524658203,150.03241554641374,147.3703911151846,149.1026677703594,8205400
2025-10-24,150.28330993652344,155.1222454891489,149.33719555968506,154.13671657234877,11968500
2025-10-27,149.54417419433594,149.56387394676975,147.95747192063496,149.41605061362142,7775300
2025-10-28,149.1795196533203,150.95347485777054,148.44037290463098,148.9331374037572,5819300
2025-10-29,146.6171417236328,148.78530234128826,146.32148003986663,148.47979078198844,7405500
2025-10-30,147.41542053222656,148.61776704110622,147.17888817314298,147.30701174739386,6760700
2025-10-31,148.19398498535156,148.91343195389567,146.3806153070593,146.55801833970665,7930300
2025-11-03,145.8780059814453,148.04616676182263,145.631623732812,147.92790809463196,8946400
2025-11-04,145.04029846191406,147.33658279430247,144.13361360312197,146.4496127257825,9295400
2025-11-05,143.6802520751953,145.28666899838325,143.54227863036783,144.74462509442617,11199900
2025-11-06,144.01535034179688,144.55737923416314,142.3695187990984,143.76896810418373,10024500
2025-11-07,144.85304260253906,145.79915702262863,143.887228430557,144.82347793672176,8500100
2025-11-10,143.3944549560547,144.49824251194846,142.0048555978814,144.26172520024414,10208100
2025-11-11,146.3904571533203,146.49886593455332,143.56199400384676,143.8478058079964,7332500
2025-11-12,145.86813354492188,146.99163593923274,145.37536907306662,146.38061280628526,7851100
2025-11-13,145.81886291503906,146.84380635611657,145.50348644825976,146.03566543847782,7566800
2025-11-14,145.53305053710938,147.21831156909852,145.47392120931636,146.942364680746,9150800
2025-11-17,143.7098388671875,145.83856997269334,142.91154778489712,145.611902524575,9902300
2025-11-18,144.86289978027344,145.2571053287713,143.4043061672803,144.212447091072,10735200
2025-11-19,144.86289978027344,145.40492864996358,143.74924730069924,144.833335116035,6367000
2025-11-20,146.0455322265625,146.50873201935462,144.0153450690368,144.51795940169347,9021300
2025-11-21,148.73602294921875,149.30763152794248,146.1539419884132,146.2327861066487,12018000
2025-11-24,144.85304260253906,148.23341476144415,144.41940745324712,147.92790318934624,13846900
2025-11-25,146.3411865234375,146.49885971291667,145.0895606547165,145.1881195563709,10477700
2025-11-26,146.1046600341797,146.81424204817648,145.47392213706894,145.77943369126635,9238500
2025-11-28,146.01597595214844,146.55801989379296,145.05014673322594,145.6611849210701,4707200
2025-12-01,145.306396484375,146.7354105102405,145.21770248451648,145.95684922596197,8240700
2025-12-02,143.74925231933594,144.0744786752911,140.4477243429854,143.18749360323747,16376800
2025-12-03,144.5869598388672,146.14408235686736,143.74925421056946,143.80838354188865,9125300
2025-12-04,143.25650024414062,145.28668763762224,142.40894467775726,144.54754086593837,10479300
2025-12-05,141.37413024902344,143.52259126151858,141.17702745911959,143.05939143435612,12791700
2025-12-08,136.33807373046875,140.84194832936856,136.1409709445997,140.84194832936856,17507500
2025-12-09,137.60940551757812,138.84131664614492,136.98851749662762,137.1757703942462,10375700
2025-12-10,137.79666137695312,139.23552518477814,137.5206994432833,137.6291082264464,13650400
2025-12-11,138.72305297851562,139.78742607508474,138.32884740407317,138.95958534596835,11798000
2025-12-12,140.77294921875,141.03904624136598,138.8018913522159,138.9595795906534,10268800
2025-12-15,143.02981567382812,143.21706857300535,141.12773705574003,141.19673129774333,13877700
2025-12-16,143.10865783691406,144.41939803729915,142.55674902235805,143.98577795425717,10251700
2025-12-17,145.67103576660156,146.30177371071878,144.3307157556051,144.5672481238911,9833300
2025-12-18,143.41416931152344,145.3655123170783,143.2466312035797,144.49824207550833,12239900
2025-12-19,142.3695068359375,143.93649412637006,141.85702761413128,143.40430011657747,19345600
2025-12-22,140.6251220703125,142.31036807910905,140.35902505493178,141.6303657655459,11731400
2025-12-23,141.10801696777344,141.65006085609454,140.02394422910842,140.42801467658208,9541600
2025-12-24,142.3990936279297,142.64547588312772,140.76311184429966,140.8320910560058,3259200
2025-12-26,142.6454620361328,143.5324320535533,142.2216767785809,142.2216767785809,4711500
2025-12-29,142.47792053222656,142.97068498306004,141.86688238736824,142.70458796897623,7662100
2025-12-30,141.96543884277344,142.36950929459834,141.49238918877063,142.20195615078617,6006400
2025-12-31,141.2361602783203,142.05415116269117,141.15731615281692,141.91617770255507,5293200
2026-01-02,139.73814392089844,141.2657168088333,139.19611502599955,141.03904935980404,8946100
2026-01-05,138.3386993408203,139.30452857715505,137.57985284681592,139.05814632996376,12297300
2026-01-06,137.88536071777344,139.3735040371015,137.49114011008558,138.35841040902034,10421800
2026-01-07,136.0424041748047,137.77694468141317,135.62848383699432,137.77694468141317,14369100
2026-01-08,139.48190307617188,139.72828529951533,135.82559930302205,135.89457850580993,9297100
2026-01-09,139.81698608398438,140.27033601367305,138.79204260178747,139.64944796852805,9528500
2026-01-12,141.3839874267578,141.7979077743001,139.65931179300915,140.2210554653958,12812000
2026-01-13,142.15269470214844,142.25123856988353,140.9010687818893,141.91616235122444,15549200
2026-01-14,144.232177734375,144.77420666364677,142.2808194522708,142.58633104163619,13475000
2026-01-15,142.53704833984375,144.23215923566787,142.26110145335866,143.57184164517412,10102800
2026-01-16,142.43849182128906,142.63559459522585,141.58108648377637,141.6796303517559,11729300
2026-01-20,144.8727569580078,144.8727569580078,142.03442874422842,142.3695200191174,12901400
2026-01-21,143.9463653564453,145.23740595850845,142.8721423404669,144.93189437029253,14126800
2026-01-22,147.76034545898438,148.72617463905098,145.36551737403482,145.93712595877486,18501900
2026-01-23,149.02780151367188,150.51659080010117,148.68042643368705,149.712647008589,14562600
2026-01-26,148.3727569580078,149.75236786197235,147.41000526839778,148.9980382071651,12655700
2026-01-27,147.23133850097656,148.5216256392456,146.82439910868234,146.96336732095224,9546000
2026-01-28,146.2388153076172,147.59858658033056,145.69292283643657,146.89388627303396,7465800
2026-01-29,148.77967834472656,149.0079702857208,146.01053677970796,146.1891842346614,11035600
2026-01-30,150.63571166992188,150.83421388895187,148.03528262295887,149.30571499844902,12651400
2026-02-02,152.0450897216797,152.58104720148043,150.1195864867234,151.28084031358154,10554900
2026-02-03,154.1591796875,155.36012793207712,151.0624875841251,151.44957220395347,12424700
2026-02-04,155.6975860595703,157.18637541610013,154.5958813299483,154.9631263363213,12178500
2026-02-05,157.42459106445312,158.45681171352453,154.95319521929093,157.65286786424556,13077700
2026-02-06,157.9803924560547,158.794271204482,156.82905843646145,157.05735036526295,10441700
2026-02-09,156.15415954589844,158.08958273935144,154.85395255811076,157.57346483951432,11439900
2026-02-10,157.8910675048828,158.95306264875933,155.54870509985648,156.35264888745172,9910100
2026-02-11,158.80419921875,159.93567853239364,157.00772913824767,157.45436291960067,10217300
2026-02-12,160.00515747070312,161.92072579242517,158.45680385674487,158.8240488540049,13512900
2026-02-13,158.87368774414062,161.35500342594642,158.51637768017062,160.531204802217,13998900
2026-02-17,158.35755920410156,160.95797301763113,157.69256846341835,158.75456362862204,13319100
2026-02-18,155.6876678466797,157.79181864584456,154.60581787124107,157.79181864584456,14434300
2026-02-19,157.3749542236328,158.76450001144985,155.65788811225167,155.65788811225167,10724600
2026-02-20,159.578369140625,159.85627527883125,156.9779552139456,157.94070688728465,11508100
2026-02-23,163.93556213378906,164.12414454817443,159.1019640471176,159.12181881303948,14772400
2026-02-24,164.04473876953125,165.6228518855779,162.7147572180737,163.66757394503628,9709500
2026-02-25,162.16885375976562,163.76682153324356,160.88850163692203,163.31025282164364,7878500
2026-02-26,162.5261688232422,163.27056348960818,161.64282109161113,162.99265735907807,7028600
2026-02-27,165.95037841796875,166.00000775715966,162.46661689113853,162.81399197597887,14878500
2026-03-02,162.2879638671875,165.30525218881115,162.22841471454672,164.05465940435903,9095500
2026-03-03,158.5262908935547,160.97783189673535,157.43450598109627,160.97783189673535,10161000
2026-03-04,157.11691284179688,158.4171198428621,156.13430637443312,158.24839219296612,8752700
2026-03-05,152.83912658691406,155.92588390891444,152.62076959476622,155.76707607012526,10060300
2026-03-06,152.4818115234375,153.27582040185652,150.7548104089041,152.5115860991408,8187900
2026-03-09,154.05992126464844,155.0623672959407,151.75725316200914,152.00538471730655,12494900
2026-03-10,154.84400939941406,155.97548867908492,152.45203273050996,154.32790667166816,7756800
2026-03-11,152.17413330078125,154.21873497118054,150.29824413229485,154.06984694547987,8855100
2026-03-12,149.3751983642578,151.9061432924026,149.20647072168128,151.0724248897603,8489300
2026-03-13,149.52407836914062,151.40988739234177,149.05758980488423,150.2386985039696,7298900
2026-03-16,150.98309326171875,151.49921116919685,149.52407841472717,150.7250418803543,6944000
2026-03-17,150.34786987304688,152.3130827230334,150.06996373876063,151.86643380137835,6147700
2026-03-18,145.613525390625,148.50176512112768,145.36539384075292,148.19408442244597,10059300
2026-03-19,143.7574920654297,146.27851711013417,143.7078627261721,145.12718307624942,10340300
2026-03-20,143.20169067382812,144.7301896282972,143.17191609696502,143.90639099733644,60620900
2026-03-23,142.9138641357422,145.05770938492896,142.4076660416259,145.05770938492896,10315600
2026-03-24,142.09005737304688,144.14457877437948,141.1670001126379,142.25878501317578,8567600
2026-03-25,142.84437561035156,143.0230382100302,141.16700383023758,142.6657281554216,8418100
2026-03-26,141.3555908203125,143.48953140674783,141.1769433595942,142.61610343501624,6443200
2026-03-27,141.6434326171875,143.0031887796008,140.9486521027654,141.65335242791525,11558300
2026-03-30,143.63839721679688,144.48205057019396,141.50447188020192,141.97094527513215,11616300
2026-03-31,143.36048889160156,143.83689723418516,141.21662863285317,143.73765369955214,10407500
2026-04-01,143.0131072998047,143.8865352679399,142.13969447641853,142.8443796504602,8061700
2026-04-02,142.05035400390625,143.1322191412683,141.51439648523746,143.0131056912039,5941700
2026-04-06,141.70297241210938,142.59623995058482,140.85931906874507,141.9411690118371,6823100
2026-04-07,140.24395751953125,141.70297227039742,139.68814526105808,141.454840716097,7207500
2026-04-08,143.81704711914062,144.0254842946808,140.8096938025878,142.08012618705075,10849700
2026-04-09,145.56390380859375,145.84180994767988,141.93125409014817,143.31086497516455,6794800
2026-04-10,144.0751190185547,145.79218524932554,143.67809941810964,145.79218524932554,9790300
2026-04-13,142.5069122314453,144.0056213268027,141.5640153795384,143.9162976044084,7121400
2026-04-14,143.3009490966797,143.63840439700792,141.70298118071463,142.16946974371214,6621600
2026-04-15,142.30841064453125,143.32077645892193,141.1967710080221,143.2810820748224,7698200
2026-04-16,142.04043579101562,143.2116095257885,141.59380199630985,142.12975952100697,6947100
2026-04-17,145.83187866210938,146.48694963990266,142.09006550070504,142.33819707004346,10886000
2026-04-20,143.41012573242188,145.56390591386355,142.51684300551244,144.9683840959239,8084700
2026-04-21,141.25634765625,143.5391459879603,141.25634765625,143.5391459879603,11197200
2026-04-22,141.78237915039062,142.22901292852262,141.15708277415672,141.43498890920546,7236300
2026-04-23,144.62100219726562,145.13710492750891,142.32825390720163,142.32825390720163,11288800
2026-04-24,148.17999267578125,152.4199981689453,147.6199951171875,152.00999450683594,13786200
2026-04-27,148.39999389648438,149.6999969482422,147.4199981689453,147.4199981689453,9166400
2026-04-28,149.1699981689453,151.19000244140625,148.42999267578125,150.02999877929688,7965700
2026-04-29,146.4600067138672,148.75,145.88999938964844,148.3000030517578,9002400
2026-04-30,147.08999633789062,147.72000122070312,145.9499969482422,147.08999633789062,9491700
2026-05-01,147.25999450683594,149.27999877929688,146.4600067138672,147.8699951171875,6814800
2026-05-04,143.4199981689453,146.05999755859375,143.27000427246094,146.05999755859375,9642800
2026-05-05,144.89999389648438,145.89999389648438,142.17999267578125,143.3800048828125,7664300
2026-05-06,147.89999389648438,148.9499969482422,145.94000244140625,146.39999389648438,9399500
2026-05-07,146.05999755859375,147.99000549316406,146.02000427246094,147.99000549316406,9545800
2026-05-08,146.4199981689453,147.52000427246094,146.2100067138672,146.5500030517578,5741000
2026-05-11,143.36000061035156,145.9499969482422,141.97000122070312,145.7899932861328,7489500
2026-05-12,143.91000366210938,145.86000061035156,142.86000061035156,144.35000610351562,9051200
2026-05-13,142.24000549316406,144.6699981689453,141.66000366210938,143.14999389648438,6685900
2026-05-14,142.7100067138672,144.27999877929688,142.6300048828125,143.17999267578125,9636200
2026-05-15,141.57000732421875,143.39999389648438,141.1999969482422,143.39999389648438,6989400
2026-05-18,142.38999938964844,144.42999267578125,141.6300048828125,142.10000610351562,7731200
2026-05-19,141.3000030517578,143.7100067138672,140.85000610351562,142.47000122070312,8355800
2026-05-20,142.44000244140625,143.22000122070312,140.6199951171875,141.4499969482422,8375600
2026-05-21,143.39999389648438,143.72000122070312,140.08999633789062,141.8800048828125,6297300
2026-05-22,144.44000244140625,144.63999938964844,143.52999877929688,143.8699951171875,4616700
2026-05-26,142.9600067138672,145.61000061035156,142.52999877929688,144.50999450683594,8157200
2026-05-27,147.49000549316406,148.5399932861328,143.4600067138672,143.4600067138672,10048900
2026-05-28,145.91000366210938,146.6999969482422,145.00999450683594,146.6999969482422,10196700
2026-05-29,143.55999755859375,145.63999938964844,143.1999969482422,145.52000427246094,12355800
2026-06-01,140.27999877929688,141.82000732421875,138.86000061035156,141.52000427246094,11093800
