Price,Close,High,Low,Open,Volume
Ticker,QQQ,QQQ,QQQ,QQQ,QQQ
Date,,,,,
2021-05-19,313.05108642578125,313.3519174298694,306.9470719461978,307.29644223121727,66319100
2021-05-20,319.1065673828125,319.9605507447365,314.3126691741592,314.53584917885684,46466100
2021-05-21,317.3403625488281,321.0764948131622,316.98130814338737,320.65921696982167,50330400
2021-05-24,322.6777648925781,323.8034675119384,317.2336359084848,319.6305997585061,32475800
2021-05-25,323.1241455078125,324.90973352546797,321.9499332557762,324.19162465292703,31280300
2021-05-26,324.2498779296875,324.71566551573625,323.10477729374134,323.7937745082266,25444900
2021-05-27,323.03680419921875,324.6477218575371,322.83302215294816,323.80345233638,27931700
2021-05-28,324.0556945800781,325.6472140532538,323.7354656991059,324.24007865599907,29927400
2021-06-01,322.9786071777344,325.8607862429022,321.62969489713447,325.3852552757995,31145400
2021-06-02,323.609375,324.4536445747608,321.89172412773416,323.3958791614827,22047900
2021-06-03,320.241943359375,322.0469291884791,318.5728023487736,320.7756680855697,37057800
2021-06-04,325.6763610839844,326.1227506563772,321.9693108395276,322.03724805700716,38736500
2021-06-07,326.64678955078125,326.7050129897003,324.4536079675706,325.1426050715648,32611900
2021-06-08,326.8020935058594,329.2572808014558,325.1232385476544,328.393583682066,27282800
2021-06-09,326.87969970703125,328.94672073790025,326.6953156028105,328.1703884365764,21485300
2021-06-10,330.2859191894531,330.3926522944531,326.7729666602912,327.21935625287307,33702100
2021-06-11,331.14959716796875,331.1593109469786,329.6454421804354,330.29561384013823,21222800
2021-06-14,334.3229064941406,334.3325906574946,330.3926465465192,331.5765725355183,27827700
2021-06-15,332.139404296875,334.284046453268,331.42126590878416,333.9735017241031,35963800
2021-06-16,330.9263916015625,333.6726958677757,327.47166267150703,332.60521679047145,55399500
2021-06-17,335.1283264160156,336.1375820099637,329.86861187050766,329.9171215293265,59722700
2021-06-18,332.49847412109375,334.61400465829917,331.7512239808977,333.46890423340926,55414900
2021-06-21,334.56500244140625,334.8856325179715,330.47476007480685,332.6899065192554,32992600
2021-06-22,337.6837158203125,338.1306232649226,334.0598013761098,334.3609813550357,28941600
2021-06-23,337.8488464355469,338.9953049558193,337.0133225753747,337.6254075494483,27188500
2021-06-24,339.9377136230469,341.46303387726124,339.2381921776648,339.78226111856935,32581600
2021-06-25,339.5198974609375,340.7440673140973,338.9175375806625,340.5011783527263,28682800
2021-06-28,343.6489562988281,343.78498832779104,340.7440142609746,340.80230523066535,39130300
2021-06-29,344.8926086425781,344.92175413268325,342.6386215588739,343.47414537490874,29426000
2021-06-30,344.3485107421875,345.1257731621185,343.76557133962166,344.73712712738813,32724000
2021-07-01,344.484619140625,344.9898175884121,342.64836406295893,343.99884113906717,29290000
2021-07-02,348.4388427734375,348.7594431935655,346.1459552963488,346.3791192382601,32727200
2021-07-06,349.9447937011719,350.22655327177733,346.35002427474393,349.0412536449128,38842400
2021-07-07,350.68310546875,352.44161923318353,348.73026866921117,352.1404392834429,35265200
2021-07-08,348.5650939941406,349.4200679163913,344.3388496163626,345.62128085020595,50890000
2021-07-09,350.7413330078125,351.2173858133208,347.3991790253446,347.98211837568704,35184500
2021-07-12,352.1112976074219,352.5679300602868,350.56649765552464,352.1404430980501,25717700
2021-07-13,352.1112976074219,355.07453120291746,351.25632368294856,351.73237657972146,39723000
2021-07-14,352.7428283691406,355.0939771809763,351.9169998759118,354.4527466915116,35336400
2021-07-15,350.26531982421875,352.8593871039803,348.263917056866,352.65536866834645,53391600
2021-07-16,347.4283447265625,352.1015255470273,347.07856923619346,351.1202447443441,47262000
2021-07-19,344.5817565917969,345.07722995707803,342.02655973823147,343.9793670063491,64404600
2021-07-20,348.58453369140625,350.03214242822906,343.7364498108535,345.5144136301292,42183700
2021-07-21,351.2757263183594,351.2757263183594,347.9335718645994,348.1570403811089,30259900
2021-07-22,353.5977478027344,353.6074431991234,351.4797336099196,351.4797336099196,30252200
2021-07-23,357.72686767578125,358.0085975181968,353.5686099185459,354.91905710150735,31960800
2021-07-26,358.00860595703125,358.3972520169587,356.17238081685986,357.0370501062758,28438100
2021-07-27,354.0641174316406,357.746322676778,349.91558431978564,357.746322676778,57933100
2021-07-28,355.4241638183594,356.9981087592756,352.9078384309501,355.20072501126236,42066200
2021-07-29,356.05584716796875,357.2216965573375,354.8608226355685,354.8608226355685,25672500
2021-07-30,354.20013427734375,354.78307373523353,352.10157001865997,352.1307155090778,36484600
2021-08-02,354.22918701171875,356.44433265203105,353.5199407312258,355.8613933467858,27334100
2021-08-03,356.3763732910156,356.4929552406913,351.7031923611625,354.8898941335919,35558500
2021-08-04,356.891357421875,357.8434929221903,355.23000505712656,356.33756341711404,29602200
2021-08-05,359.15496826171875,359.38813211564036,356.9981136643726,357.70733026989217,21443900
2021-08-06,357.5810852050781,358.8635459227193,356.4735270576817,357.89199016381457,33332100
2021-08-09,358.2418518066406,358.7664706949516,356.9399703345685,358.03780370053937,25960200
2021-08-10,356.40557861328125,359.0482119645274,355.2202791767032,358.7567570414076,35130800
2021-08-11,355.79345703125,358.1640556605862,354.4624302700103,357.66858234224264,34249800
2021-08-12,357.07586669921875,357.43533756576846,353.937731101521,355.28820776183164,25969200
2021-08-13,358.32916259765625,358.65948796131124,356.9301200871612,357.42562295740646,19336200
2021-08-16,358.4847106933594,358.523551582133,353.3548966695648,357.2119748219875,34856900
2021-08-17,355.3271179199219,356.7067105697037,352.89822838907884,355.7351547573665,44793900
2021-08-18,351.9072570800781,356.19182219163577,351.5769316293535,354.79277931237067,38541900
2021-08-19,353.6073913574219,355.27846828638013,349.7211686993354,349.97378265995934,48499400
2021-08-20,357.270263671875,357.6686051509274,354.3652913538164,354.67619635934994,39486000
2021-08-23,362.6138000488281,363.30359639946914,358.30008970905754,358.3097851058622,34034700
2021-08-24,363.7213134765625,364.32367328454313,362.74003270254565,363.2063901262377,21732900
2021-08-25,364.1391296386719,364.7123736957995,363.2258647453417,363.9739817438647,20441900
2021-08-26,361.8267517089844,363.96415625174143,361.3895398266238,363.2840851174877,29133300
2021-08-27,365.3438415527344,365.8490398813782,361.97254183101103,362.45831971800555,27104700
2021-08-30,369.4438781738281,369.92965615295554,366.1114187033676,366.130868798235,27295700
2021-08-31,369.14263916015625,369.75469441035887,367.5978393420069,369.6867080378009,29628200
2021-09-01,369.75469970703125,371.8241183407126,369.5506812873745,370.20163673041526,28138300
2021-09-02,369.5799255371094,371.4356012010004,368.36548044159474,371.105275692965,25453400
2021-09-03,370.71649169921875,371.1148330685179,368.41390958237673,368.43333002129674,24605400
2021-09-07,371.2411804199219,371.8921358655914,369.66726473429577,370.8234185329037,23970200
2021-09-08,369.9490661621094,371.06634955267714,367.6853538890298,371.06634955267714,32949200
2021-09-09,368.6763000488281,371.2800626142129,368.43341108602283,370.17250436157735,29399000
2021-09-10,365.8782043457031,371.1051794247979,365.54787892335725,370.3862376026058,40249400
2021-09-13,365.6255798339844,368.63740873289976,363.57561133523944,368.20992181049735,48741800
2021-09-14,364.5860900878906,367.84077875436924,363.6339545966303,367.112111802256,41826600
2021-09-15,367.296630859375,367.6464063389702,362.7497571713315,365.0426441055978,34097900
2021-09-16,367.5492858886719,368.12250027388,364.0419835530262,365.96564513231044,35193100
2021-09-17,363.1966857910156,367.12177946136876,362.15714363548017,367.0732135319667,60912300
2021-09-20,355.69189453125,359.1447297554638,351.0524161954908,357.4037084010266,76203200
2021-09-21,356.129638671875,358.71684653434653,355.001380602965,357.5204970179587,41927500
2021-09-22,359.45599365234375,360.91494318773044,355.9447730023296,357.04385306817227,46972900
2021-09-23,362.7726745605469,363.8036631873685,359.9714867131809,360.6134280684026,44652000
2021-09-24,363.1130676269531,363.53132237880186,360.1368129986181,360.5064182906499,36056800
2021-09-27,360.2146911621094,361.0900550560667,357.66639707157236,360.06880212685115,43338100
2021-09-28,350.021484375,360.1660409313434,349.5157258263751,355.66277441308364,97701600
2021-09-29,349.4475402832031,353.4256052044323,348.82507067423813,351.2858306757652,58076600
2021-09-30,348.1636962890625,352.75452518256225,347.3272461664179,351.09133108312494,61384600
2021-10-01,350.3229064941406,351.3636308081304,344.6816476164096,348.7861595912774,56375500
2021-10-04,342.9698181152344,349.0390380839239,340.7327742551447,348.7083464504916,76766000
2021-10-05,347.59954833984375,349.84632794995827,343.80628599045565,344.02997255929625,47232900
2021-10-06,349.826904296875,350.09924033410766,343.48531850039706,344.3898600152339,56806500
2021-10-07,353.0365905761719,355.68215344387613,352.3362936499442,352.87122991088916,39411200
2021-10-08,351.276123046875,354.3496467593131,350.74115710996455,354.11619466511115,41822300
2021-10-11,348.58197021484375,353.2603327728741,348.4944071205362,349.7393762271604,34847200
2021-10-12,347.36614990234375,350.4688217397953,346.7242085862634,350.03115471683304,43905100
2021-10-13,350.14788818359375,350.8190073438713,347.64821419139497,349.67130750082435,40120800
2021-10-14,356.5964050292969,356.81038545468476,353.07547867896915,353.73686192747704,43433900
2021-10-15,358.8432312011719,358.95994241517684,356.7812539340061,357.81224256758895,40419900
2021-10-18,362.45159912109375,362.6655795197479,356.9464940306247,357.54952160436005,34513500
2021-10-19,365.1944274902344,365.24304725579583,362.50024540188286,363.5214979378466,29091000
2021-10-20,364.7178955078125,366.26437825684025,363.23947450315666,365.65161478068956,31390300
2021-10-21,366.94525146484375,367.13978994323423,363.6188631341587,363.9203769979809,25469300
2021-10-22,363.8619384765625,366.65338987918335,362.19874469021727,365.6904929000989,36275800
2021-10-25,367.5871887207031,368.5014661306031,363.33678718872363,365.28205322129304,32597800
2021-10-26,368.74462890625,372.2363779156397,367.5677512531877,369.82426700241473,47191300
2021-10-27,369.60052490234375,372.6643127907117,368.9294057851657,369.1920059987736,45760500
2021-10-28,373.705078125,373.9579722207458,370.7288233150904,371.49721174896024,38007000
2021-10-29,375.5433044433594,375.70866510968085,370.2813861591244,370.6315197832364,37310100
2021-11-01,376.82720947265625,376.95365651633944,373.8996042225349,375.981023481736,30765300
2021-11-02,378.4028625488281,378.8794729101323,376.1658184876678,376.214438265448,25135300
2021-11-03,382.4197998046875,382.8380248315274,377.8484429446031,378.88913759797674,33748900
2021-11-04,387.3219299316406,388.2751209954125,383.1396197374018,383.6842918645844,40265300
2021-11-05,387.6914367675781,390.0160137052512,386.2908431727235,389.0920303624328,43383800
2021-11-08,387.1663513183594,388.6836566656202,386.52440987414775,387.66240372579756,29256300
2021-11-09,384.5012512207031,388.63494111094883,383.1395710756906,388.2361580537664,50490700
2021-11-10,378.8502502441406,384.5401289612193,376.92442641715365,381.729235316056,54937400
2021-11-11,379.9006652832031,382.0015558230101,379.56023784567157,381.82648903195934,32243000
2021-11-12,383.89825439453125,384.433190667977,379.4533144906086,381.04841716504535,34730600
2021-11-15,383.8107604980469,385.3961573123987,381.36947142836226,385.07520142695,33716900
2021-11-16,386.5437927246094,387.03981533567685,382.88668340353956,383.0811921804126,27872900
2021-11-17,386.748046875,388.7808461902663,385.78514974734816,386.8647580804848,28703300
2021-11-18,390.7553405761719,391.26109909299385,386.5730301977901,388.790632436788,45721500
2021-11-19,392.9340515136719,394.20819854853437,391.56263522862895,392.38937933155086,45191700
2021-11-22,388.3722839355469,397.5247625877379,388.265308569928,394.47071088299424,61715400
2021-11-23,386.6021423339844,389.2768828543448,382.16693860936056,387.2148761381592,70098700
2021-11-24,387.84710693359375,388.1291491048879,381.79732907349427,384.121906283019,46954400
2021-11-26,380.4940490722656,386.66053885353557,379.1031612958598,385.26965107712977,51533300
2021-11-29,388.751708984375,389.763255674878,384.3262404473331,385.0557152401909,54447100
2021-11-30,383.0423278808594,390.21062820500714,381.02897048546834,387.8665791578093,81332700
2021-12-01,376.5256042480469,389.51999387229995,376.0587595014493,387.3801898424028,77766500
2021-12-02,379.2393493652344,381.01925475492664,373.8217762489856,375.2418121657415,84416600
2021-12-03,372.6449279785156,381.60287060561444,368.5306792398121,380.6010596901618,105349100
2021-12-06,375.6308898925781,376.9925702047442,368.91969820689434,373.1312158694991,67588800
2021-12-07,386.9425354003906,387.55529887951013,382.23499570372724,382.27390933098576,56005300
2021-12-08,388.6738586425781,388.87813294378265,385.37664820946287,387.27329443125376,39204000
2021-12-09,382.9548034667969,389.24774019188266,382.7602649929764,387.4483631974559,49973700
2021-12-10,387.1176452636719,387.3802454713432,382.5948783547429,385.7656712319082,52545800
2021-12-13,381.5249938964844,387.42885308796576,381.1553886423513,387.10789728866115,50166400
2021-12-14,377.576171875,379.4144329532964,373.1312315950935,376.70077836090985,75199200
2021-12-15,386.1839294433594,386.5438285946548,373.3743691680471,377.3232568620715,73858000
2021-12-16,376.2532958984375,387.5747567536777,374.6678995710291,387.1467959162522,82591400
2021-12-17,374.3761291503906,378.5389967311671,371.3220476290657,372.83935256246275,80492500
2021-12-20,370.7445983886719,371.5334350211833,367.6087186657355,369.6538627842273,65336800
2021-12-21,379.0419616699219,379.353608869592,370.26736624903543,374.0167620264136,48899500
2021-12-22,383.6581726074219,383.8626780914225,378.0876049017559,378.7498329492057,37042200
2021-12-23,386.5506591796875,388.0211909088376,383.8432866000693,384.00882878425585,29595500
2021-12-27,392.939208984375,392.939208984375,387.81661549702426,387.84583056663473,32820700
2021-12-28,391.1180114746094,394.010422056736,390.2415297237283,393.8351316506224,33113700
2021-12-29,391.0595397949219,392.52035246463817,388.6832821412253,391.25432670567466,32248500
2021-12-30,389.8909606933594,393.02684017439805,389.3066296016768,390.84533941347075,23850100
2021-12-31,387.45623779296875,390.58236873038675,386.95955195158325,389.2189494524094,34752900
2022-01-03,391.1861877441406,391.4394048095801,386.51159861800147,388.6248911831583,40575900
2022-01-04,386.1123352050781,391.7705482299664,383.01541893347996,391.7315848969011,58027200
2022-01-05,374.25054931640625,385.5475087995641,373.9973322265807,384.42752842245307,75739800
2022-01-06,373.9875793457031,377.2306007150052,370.199219910222,372.42940265304225,70814300
2022-01-07,369.9363098144531,375.6821986780391,368.1638791037706,373.99738347006615,72652300
2022-01-10,370.17974853515625,370.6959310070584,359.6619065434857,365.02796928340246,91770500
2022-01-11,375.7405700683594,375.906112223643,367.3652366626688,369.4493143206494,68295700
2022-01-12,377.2305908203125,380.0061412768249,374.95172626073906,378.3115781015155,54576400
2022-01-13,367.7937316894531,379.2951960521045,366.85881976807036,378.61347148673974,77994000
2022-01-14,370.0823974609375,370.4135115279909,365.0669154126775,365.2714506437574,80121200
2022-01-18,360.8694763183594,366.39136228190114,360.1098547820308,364.2683212855361,75450900
2022-01-19,356.9058837890625,364.9013928709606,356.6429183979032,362.4277409189284,81791500
2022-01-20,352.2701721191406,364.1027509832261,351.73455259619834,360.1293528653298,88610700
2022-01-21,342.502197265625,352.7181393726713,342.21976511466244,350.07894570355364,143388900
2022-01-24,344.070068359375,344.73232602908723,325.42036573638467,336.8731466697839,198685800
2022-01-25,336.0941467285156,341.859502545702,332.7537610237166,337.6134197933022,124398400
2022-01-26,335.56817626953125,347.5565772992611,331.87718103363807,343.6902916646973,146559500
2022-01-27,332.18890380859375,342.0931999511499,331.16631680971324,340.2720577142969,95255700
2022-01-28,342.60931396484375,342.8235677167253,329.12116502061934,334.0684383999999,108167900
2022-01-31,353.5654296875,354.1497608345529,342.3366482255291,343.97278138134067,94326400
2022-02-01,355.9708557128906,356.6233651798922,349.75755684421006,354.90933530146293,74433000
2022-02-02,358.8632507324219,360.43120520565765,354.7729928637206,360.1000912153565,78777100
2022-02-03,344.3136291503906,352.47470960045916,343.25210855127375,349.16353924829605,95384800
2022-02-04,348.65704345703125,351.9584646804363,342.774829372832,344.82969162345745,86318300
2022-02-07,345.8523254394531,351.61765032861587,344.5960180338166,349.25114058242553,58198100
2022-02-08,349.7380676269531,350.8288031286312,343.5831690442686,344.71286787681044,64720900
2022-02-09,357.1492614746094,357.22715841338385,352.6596813646489,354.25685095249275,55766400
2022-02-10,349.0660400390625,356.91547085677803,347.2254315805719,350.12756031666027,112468500
2022-02-11,337.9931640625,350.6632914067648,336.7660716564922,349.0661216262267,101569100
2022-02-14,338.4118957519531,341.81074053043295,334.9059686837341,337.43802051737816,80254400
2022-02-15,346.8262023925781,347.05992294534923,342.6288023839486,343.6903228548699,55128800
2022-02-16,346.738525390625,347.76108243554825,341.54775406806425,344.5765213147969,58947100
2022-02-17,336.4252014160156,344.2259215973404,336.006412490477,343.5247302610099,61801400
2022-02-18,332.5881652832031,337.74969251719716,330.2800855630904,337.36014833883615,80001500
2022-02-22,329.24774169921875,335.05205976865096,325.61520592456526,329.64703413059453,85967100
2022-02-23,320.8139343261719,333.24055984260923,320.50228717508486,332.4030415594095,86215400
2022-02-24,331.5947570800781,332.1304062718498,309.9455304218847,310.51036496050875,130614100
2022-02-25,336.73681640625,336.94135159639,328.5757672146632,332.3933413462363,78842100
2022-02-28,337.7399597167969,339.43452303674104,332.4031418162457,333.5620558611428,77515500
2022-03-01,332.568603515625,338.9864369571299,330.04627053417596,336.7173210160837,67407000
2022-03-02,338.14898681640625,339.4831912377867,331.35132644345447,334.11712876141945,70609000
2022-03-03,333.31854248046875,340.89529050718346,331.45843724286703,340.78814877836516,71089400
2022-03-04,328.48809814453125,332.3933472673378,326.17030009780126,330.96174951241795,76936300
2022-03-07,316.3730773925781,329.63728233789755,316.1685719260236,328.4783684935688,89933800
2022-03-08,314.9025573730469,324.5049527472836,311.5816393165124,315.58425219278513,116153900
2022-03-09,326.23846435546875,327.59216523477136,320.49260625639835,323.08311801855376,64723400
2022-03-10,322.6156921386719,323.82331784104474,318.17482270496157,322.17746604211277,69362700
2022-03-11,315.9251708984375,325.8976751121603,315.43823320293427,325.58602785416184,66228400
2022-03-14,309.8578186035156,318.0578293748402,309.15662742199777,314.68823023157955,79802600
2022-03-15,319.5771789550781,320.356297039955,310.8902277809926,312.49711610809675,76471000
2022-03-16,331.42913818359375,331.5459984251892,319.82053542011545,323.4920630919726,105243000
2022-03-17,335.4415283203125,335.499958446336,328.2348588144383,329.53009956836956,67810000
2022-03-18,342.3074035644531,342.5995839728813,332.62708116075316,333.7859950907957,85446300
2022-03-21,341.355712890625,343.6959267738545,336.96785649515317,341.472747390431,73799100
2022-03-22,348.06427001953125,348.9321048086692,341.47275472750243,341.85302014961167,63345900
2022-03-23,343.0621337890625,348.7468627183793,343.0036314121792,345.1878292583709,70615500
2022-03-24,350.6872253417969,350.7359971556149,342.82808943729736,344.98300611896843,53555300
2022-03-25,350.3947448730469,351.6818566630685,346.09464168165056,350.628754377757,57584200
2022-03-28,355.816162109375,355.9136759828872,349.1466238085177,350.38496370665933,56833900
2022-03-29,361.9396057128906,362.5636408497807,356.9374452765156,359.70666629001647,68073000
2022-03-30,357.9417724609375,361.7348443290117,356.45966298614246,360.07719800614683,68757700
2022-03-31,353.50518798828125,358.4390858919916,352.6666044821086,358.08804193960106,67011400
2022-04-01,352.8324279785156,354.5485472014141,349.65366014256847,353.7684957143745,54527800
2022-04-04,360.0967712402344,360.10653155542957,353.4077415692185,353.6710022659616,45950200
2022-04-05,352.10113525390625,359.3557275043423,350.96027939900637,358.6439089147844,62738700
2022-04-06,344.45654296875,347.8888115907823,341.8238168036105,346.78696715690586,90077100
2022-04-07,345.27557373046875,347.46950207698916,340.00039133532164,343.4619108236752,63777400
2022-04-08,340.448974609375,344.2907899167895,339.8151789357996,343.5399894735771,61956100
2022-04-11,332.3948059082031,337.13367715180743,332.0535221925016,336.2171002042934,66107400
2022-04-12,330.99066162109375,339.0253050777088,329.61579631478435,337.14340927653535,72790200
2022-04-13,337.7186584472656,338.77173080152915,330.6103233455642,331.3318723705771,61367800
2022-04-14,329.9960632324219,338.3232483542657,329.7815446072718,337.80645754236645,73519400
2022-04-18,330.2495422363281,332.54098406910816,327.4218188022188,328.9429398152446,58560600
2022-04-19,337.63092041015625,338.2062135453221,328.58218697027695,329.6060081883247,56515700
2022-04-20,332.706787109375,338.89854638294173,331.4879380302106,338.44025793889364,65500000
2022-04-21,325.8227844238281,339.2008753461121,324.8964768228615,336.5876696247048,75801000
2022-04-22,317.2908020019531,327.1976113773675,316.8617647243402,325.97876223802604,82562100
2022-04-25,321.36663818359375,321.6786707164179,314.39482680195033,315.66244780765106,101755900
2022-04-26,309.2366638183594,319.49448735286336,308.963613047289,319.3092199050992,105819600
2022-04-27,308.86614990234375,314.83363086897674,307.15000069366886,309.33416895411995,111204200
2022-04-28,319.8357238769531,321.6688774536265,309.60712328307943,313.82923269772596,99450000
2022-04-29,305.443603515625,319.075223412998,304.8098078954962,315.63319453014344,91977900
2022-05-02,310.54327392578125,310.77728344136193,301.9333068279768,305.03405193765815,115511800
2022-05-03,310.8747863769531,313.16622865984607,308.1055647642228,310.56275386246165,78185500
2022-05-04,321.3861389160156,322.0589460045462,306.06765165068026,311.35256472176445,116083400
2022-05-05,305.1997985839844,317.144519135594,301.90402602983977,317.06652589040266,154607400
2022-05-06,301.5433349609375,307.2377956622704,297.5064915530895,303.2009820114872,139572800
2022-05-09,289.7448425292969,301.64082330799135,288.3504861060333,295.91711189687913,113387300
2022-05-10,293.264892578125,298.14028962320856,289.17930747378006,296.92144036193764,124124600
2022-05-11,284.56707763671875,296.51179647167174,283.69927272156076,291.0026055726753,140326100
2022-05-12,283.8943176269531,288.37968812743026,277.83908381769044,280.28654225693896,120910900
2022-05-13,294.4154357910156,295.4490174318297,286.7512972908962,288.3504415696245,83684900
2022-05-16,291.0026550292969,294.72746492235825,289.72530358674845,292.6700322221477,59190400
2022-05-17,298.5400085449219,298.9202739551614,293.0600385039576,296.86287114868503,62715300
2022-05-18,283.8845520019531,294.71766684563096,282.6266915931184,294.0253689957684,79477100
2022-05-19,282.36346435546875,287.0536233934312,280.413305660472,282.08071276977756,79920700
2022-05-20,281.48590087890625,286.47830241216997,273.22697755707856,285.8250159086934,91764200
2022-05-23,286.1662902832031,286.5465557453117,280.13054689629246,282.52923369769405,63648400
2022-05-24,280.0817565917969,281.6613802288879,275.2161206158338,280.9495914149474,73491100
2022-05-25,284.0015563964844,286.0784797006402,278.3850910959002,278.58984938084336,67144500
2022-05-26,291.8704833984375,293.42088572276367,282.91926227102294,283.20204360932223,59462200
2022-05-27,301.39697265625,301.5432285780379,294.8834510448265,295.0004557822568,66985600
2022-05-31,300.597412109375,303.57139174205287,296.7458373982823,301.3677330030046,60968300
2022-06-01,298.374267578125,304.85853901035546,296.1608482664755,302.7328732653819,65341700
2022-06-02,306.5453796386719,306.7208867392272,295.83900014899854,297.2528767810407,59291300
2022-06-03,298.56927490234375,302.7328525405804,297.321174666632,301.32873605577254,60914700
2022-06-06,299.5638427734375,304.5660039935262,298.0037100512005,303.00587127128927,51785000
2022-06-07,302.1478271484375,302.92790846647307,295.14676470252834,296.2388487907185,44900300
2022-06-08,299.973388671875,303.95169883811553,299.1250447456459,301.3482242002919,38342100
2022-06-09,291.93865966796875,301.3481664861879,291.77291289452484,298.2864337633117,55900500
2022-06-10,281.641845703125,287.52157152822184,281.1933176458669,286.3319738273655,85963500
2022-06-13,268.546630859375,275.3039242046248,267.68855619514085,272.7784720379273,94442000
2022-06-14,269.03411865234375,271.7155865820096,266.52815784547136,270.7405073348584,64697500
2022-06-15,275.75238037109375,279.68194827863294,269.7166378626102,272.4566377365892,86051400
2022-06-16,264.62677001953125,269.1803734200172,262.56933734329976,268.7220849855624,81910300
2022-06-17,267.8445129394531,270.2822109859682,263.76868894737345,265.397054578494,82703400
2022-06-21,274.60211181640625,276.91751695179937,272.2183724003533,272.32582298826685,51633700
2022-06-22,274.2016296386719,278.607670898115,271.50522767427793,272.10115516724903,67472900
2022-06-23,278.2852478027344,279.1351926915743,273.8498699692125,276.683029536765,57457800
2022-06-24,287.8202819824219,288.2403946837072,280.8741562890391,281.1086156093789,58422300
2022-06-27,285.7101135253906,289.74490714992544,284.57684368727377,289.178287137997,54151500
2022-06-28,277.0054931640625,288.83638955760506,276.81986955399697,286.24746790967083,61609800
2022-06-29,277.2594299316406,278.76394687885903,274.36765551748465,276.868654440148,57302700
2022-06-30,273.820556640625,277.39621043122844,269.4242653952654,274.2797260299329,79313600
2022-07-01,275.6279296875,276.01870517279946,270.645460260721,272.5212243301203,56675100
2022-07-05,280.3465881347656,280.46381779289936,270.3719005317924,271.89594571604516,61829300
2022-07-06,282.1441650390625,284.24463896136103,279.0081525835329,280.72760032166383,63194700
2022-07-07,288.18170166015625,288.8851092445747,282.95499542454354,282.95499542454354,56620100
2022-07-08,288.5433044433594,289.91103377040923,284.410779227162,285.34864650653003,59895500
2022-07-11,282.3786926269531,286.3548713416814,281.4994403008102,286.13019108228656,55273900
2022-07-12,279.6431579589844,285.5439653975893,278.0507189970314,283.6291449016066,55797100
2022-07-13,279.0667419433594,281.41142421777437,273.56648934982684,274.1331390364809,73939400
2022-07-14,280.06329345703125,280.9327666322429,273.35159737692584,276.4680816551164,63741800
2022-07-15,285.1434326171875,285.2509130128908,281.44077025302914,283.05276748878146,63818100
2022-07-18,282.7303466796875,289.33456210782214,281.55802032784345,287.9277466342046,59519600
2022-07-19,291.4252014160156,291.7183053387697,284.75262248895035,286.3548106391774,55172600
2022-07-20,296.04620361328125,297.2283089431938,291.06373504108547,291.8453156918877,67769400
2022-07-21,300.2960205078125,300.3546353422184,293.8481203948282,296.50543554018043,55049400
2022-07-22,295.0302429199219,301.4390569066502,293.2033442427349,299.3679198006572,57127700
2022-07-25,293.3498229980469,295.52844008286405,291.3470802058321,295.05949165968326,40582400
2022-07-26,287.5858154296875,291.9039632943132,286.77495709106614,291.649945827495,50074100
2022-07-27,299.7391357421875,301.42927622650285,291.58156710744385,292.1482168992006,69304400
2022-07-28,302.66998291015625,303.24638193831424,295.7726930962561,299.5241912245391,55139900
2022-07-29,308.18975830078125,309.0983477604255,302.7872063659575,304.21358001413796,57501000
2022-08-01,308.0041809082031,311.4626053389517,305.32733732256594,306.4215206914611,46358800
2022-08-02,307.0858459472656,311.2085917879975,304.6532407546723,305.7083674554013,48676500
2022-08-03,315.44854736328125,316.26918477093403,308.70754398924663,308.7661588173464,53735700
2022-08-04,316.9237976074219,317.23642996981937,313.37745064552416,315.52676086917825,38973700
2022-08-05,314.3348083496094,316.36685863884907,311.0522586944706,311.8338096178113,53894000
2022-08-08,313.3188171386719,318.94608006953575,311.85338656828117,315.25319622472165,43878500
2022-08-09,309.7724609375,311.67753254659243,308.1507440589596,311.42351504824404,39764200
2022-08-10,318.4184265136719,318.7115304332754,314.6376214833835,317.1093124860173,51459600
2022-08-11,316.6111755371094,322.7464442308503,315.9077676059808,320.7437008592727,45897700
2022-08-12,322.77569580078125,322.97106862108075,317.6076032036241,318.66269991315835,40928400
2022-08-15,325.3841857910156,325.8824417015116,321.80853179378624,321.82808994824325,38266600
2022-08-16,324.6221008300781,326.7127955861123,321.57401074568605,324.40716987211437,41186900
2022-08-17,320.91943359375,323.7916791607676,318.8385179468032,321.4860832984017,47842200
2022-08-18,321.6912536621094,322.87335907254277,319.25864893946607,320.8706162835581,41937200
2022-08-19,315.4192199707031,319.307505970021,314.6571973673879,318.6529637644111,51770600
2022-08-22,307.1151123046875,311.39417374431594,306.30425395365506,311.15971442628387,51098900
2022-08-23,306.8611145019531,309.69427382010605,306.10884119104537,306.8806428397244,39497100
2022-08-24,307.75018310546875,309.5673026088862,305.77671762390725,306.3824241250464,38057100
2022-08-25,313.1917419433594,313.21130009460927,308.4828487016471,309.52816629459426,38098300
2022-08-26,300.3546142578125,314.1003584319973,300.2666920123757,312.89869478251217,69047700
2022-08-29,297.39447021484375,300.13970764196387,296.2905077976387,297.59962213751817,48321900
2022-08-30,294.08258056640625,299.66100744201606,291.56205323702653,299.0455218647492,51184500
2022-08-31,292.37286376953125,297.8828958308832,292.2654131951686,296.98408549089675,50044000
2022-09-01,292.4999084472656,292.8711555938858,286.1985754742801,289.88167989587697,57990700
2022-09-02,288.3673095703125,296.7495555012644,286.7553128248334,295.37204781406734,64666800
2022-09-06,286.2962646484375,289.7644681088695,284.16651277662356,288.84612926244324,57005400
2022-09-07,292.079833984375,293.0763159744167,286.5111862526931,286.77498281936545,49260400
2022-09-08,293.5940856933594,294.91297901870183,288.64095359084064,290.0086826705722,55649800
2022-09-09,300.0126647949219,300.5109206504732,293.59407275816847,295.8508330938615,56125200
2022-09-12,303.57855224609375,303.91071289251704,301.07755341422387,301.39018572177207,45905700
2022-09-13,286.9312744140625,296.0364589952393,286.04224309081405,294.84457445150866,79562200
2022-09-14,289.20751953125,290.0867716457952,286.3059666832742,288.07424998711866,54907200
2022-09-15,284.3912048339844,289.696055836825,282.7889865858382,287.2927582788641,65299400
2022-09-16,282.6522216796875,283.04299715541504,279.0374814471277,281.08908996251955,79920400
2022-09-19,284.85333251953125,285.009929593157,279.95001919015573,280.00873935928564,52613800
2022-09-20,282.58270263671875,284.8728784555132,280.2827301687522,282.3477921314196,51271100
2022-09-21,277.5228271484375,287.6916318605769,277.3858233676275,283.42444346717195,82931000
2022-09-22,274.1070861816406,277.0040569805694,272.8836997112343,275.9959877236679,62757100
2022-09-23,269.6441955566406,271.93437162201394,266.22847995728023,271.6407409257336,74815200
2022-09-26,268.5284423828125,273.53942878181266,267.7356903085554,269.1743940484729,71176700
2022-09-27,268.6361389160156,274.24412407915327,266.3165727903529,271.8952277370962,69780100
2022-09-28,273.9798583984375,275.26196507299517,267.1386905841971,268.6165211798836,79652100
2022-09-29,266.08172607421875,270.3684781261688,263.1162377169965,269.98676711460337,81216000
2022-09-30,261.5697937011719,269.33094940147635,261.41319666697257,265.2595161157846,78482400
2022-10-03,267.7063903808594,269.30169153769157,261.83413377480724,263.34135466668965,61267400
2022-10-04,276.12322998046875,276.82790179562363,273.0500687714272,273.0500687714272,66696900
2022-10-05,275.9764404296875,277.76746518524186,269.55611024700687,272.35520431840735,55766300
2022-10-06,273.8036804199219,278.129558122056,273.4806896755464,274.9781134751825,53489400
2022-10-07,263.3706970214844,269.29187675342655,262.0396367491258,269.16463975667466,71354700
2022-10-10,260.7380065917969,263.9579692729314,258.02699197606194,263.56646157097964,60393000
2022-10-11,257.1558532714844,261.93195915010915,255.47247218095,259.06434824004356,66522500
2022-10-12,257.0677795410156,259.7102766400486,256.37290432474623,257.7920148405686,50580200
2022-10-13,263.0965881347656,264.4178513968698,248.8465710561196,249.72741820882763,112894100
2022-10-14,255.18869018554688,266.0230108698136,254.6014884149973,265.4260124471409,77244300
2022-10-17,263.6153564453125,264.4863921927444,261.0609096360297,261.15878653978905,64576500
2022-10-18,265.6999816894531,271.30796623349556,263.0182981983642,270.642451152486,69781000
2022-10-19,264.7310485839844,267.85313339964506,262.3625889866223,264.18297380767734,53115400
2022-10-20,263.38043212890625,268.9884468880424,262.21579559893996,263.8404266714654,60605500
2022-10-21,269.5561218261719,270.0943999806143,261.1392160824891,262.2745224263195,77897700
2022-10-24,272.5216064453125,273.451362325197,266.1795596636287,269.8203593195856,63963600
2022-10-25,278.158935546875,278.5406464744242,271.98328283594896,273.461143297227,59014500
2022-10-26,272.01263427734375,277.93384271632567,271.523279689056,272.5313489462154,63492400
2022-10-27,267.0604248046875,272.3552461557025,266.54171002593654,270.89697873140716,57760300
2022-10-28,275.23260498046875,275.70239615326176,266.2676250408862,266.434018748282,62651300
2022-10-31,272.03228759765625,273.8037492086875,270.1139956834749,272.9816369031128,47742000
2022-11-01,269.2527160644531,276.0645546736958,268.8905983822977,275.50668317358867,45895900
2022-11-02,260.0234375,272.28666184613866,259.9549206918271,269.2232974549257,79803100
2022-11-03,254.94395446777344,258.86858798702303,254.56227340428416,257.41032081089025,70038900
2022-11-04,259.04473876953125,260.9336403199302,253.5639613842532,259.87664754666133,78313200
2022-11-07,261.892822265625,262.43113031008943,257.9584215680072,260.09200070845395,47333800
2022-11-08,263.80126953125,267.04079438997553,259.86683967941065,263.4097918494507,63213800
2022-11-09,257.71368408203125,262.842110142691,257.429850083671,262.0591548198439,64862100
2022-11-10,276.73004150390625,277.02364233290325,268.0195351189067,270.13355069119353,99256700
2022-11-11,281.8291015625,282.49464653858405,275.2032508265349,276.54407769304146,66961800
2022-11-14,279.3627624511719,283.0524854621789,278.3840532301036,279.77380359803294,55290700
2022-11-15,283.2287292480469,287.01632986919736,279.8815299387507,285.98866707252256,73985400
2022-11-16,279.3627624511719,283.3167560672818,278.5406502896147,281.27125737938917,48859800
2022-11-17,278.7462158203125,280.224076540188,274.74329804467715,274.8998951294449,55462100
2022-11-18,278.7559509277344,281.85844224794346,276.30917802063993,281.76059522592635,53588600
2022-11-21,275.88836669921875,278.5210671212513,275.05645785748214,277.3661973666616,40083500
2022-11-22,279.8619689941406,280.01853621674417,274.48883399896573,276.62244322191174,41873400
2022-11-23,282.6707458496094,283.2971040900856,279.70525871870643,279.88141917373144,46390000
2022-11-25,280.81134033203125,281.7802531705234,280.3219855864747,281.0755811422082,15498800
2022-11-28,276.6908874511719,280.85040181999574,275.76113157178366,278.83426312712214,38714200
2022-11-29,274.5964660644531,277.31727663055284,273.22627906494904,276.91600224715586,35618900
2022-11-30,287.1141662597656,287.2218398216722,274.0092633352717,274.8607357077632,74718100
2022-12-01,287.46649169921875,289.4532703483162,284.68696092058923,287.43713161545224,51547300
2022-12-02,286.3214416503906,287.2023040619703,282.22064660817347,282.3968370111949,53583200
2022-12-05,281.5159606933594,285.4699248069331,280.05766350911045,284.19761464913205,41482100
2022-12-06,275.68280029296875,281.4963353305062,274.2930499549296,281.3593315737775,53937600
2022-12-07,274.5572509765625,276.5538258188242,272.8445101242482,274.498530822481,45614300
2022-12-08,277.806640625,278.77555327375643,273.83308325862356,275.9079421946226,42594900
2022-12-09,276.03521728515625,279.558577223126,275.5947860924694,276.78881279734134,47860500
2022-12-12,279.4997863769531,279.5585364128644,275.1739080337036,276.2113374934605,35732500
2022-12-13,282.5044250488281,290.5592131001037,279.82277120448714,290.33409921539373,80667700
2022-12-14,280.40997314453125,285.205642091824,277.1606515400771,281.91716375767555,64984400
2022-12-15,270.9947814941406,276.9844765058339,269.80075517778243,276.31893160733205,60554100
2022-12-16,268.4110412597656,271.8560874452993,266.80594357710976,270.31953645378024,68300400
2022-12-19,264.638916015625,268.7691387222308,263.4027802656932,268.68084758857094,44167900
2022-12-20,264.4328308105469,266.17910261112206,261.89190908573653,263.47138883115707,51064200
2022-12-21,268.2687683105469,269.57355472006856,264.62904265474396,265.47276321661104,46394700
2022-12-22,261.70550537109375,265.3844512745815,257.4869627714914,265.2569096929665,60278400
2022-12-23,262.2941589355469,262.96129733071217,258.5367413646793,260.4399854422568,39373600
2022-12-27,258.58575439453125,261.793814605663,258.0461876003975,261.685883283232,38009000
2022-12-28,255.17169189453125,260.4399375975812,254.80870735846833,258.18352943650245,47139000
2022-12-29,261.39154052734375,262.33334222017004,257.2809295720186,257.97746822426143,45893600
2022-12-30,261.2346496582031,261.3621912691805,257.32025989631745,258.6250465038309,37858300
2023-01-03,259.4687194824219,265.0312691802193,257.16324062153893,263.55969075063524,42335300
2023-01-04,260.704833984375,262.38245500821034,257.55566441960866,261.5878050240108,47754900
2023-01-05,256.6236267089844,259.2037988396348,256.3097127522674,259.0370367281505,45396700
2023-01-06,263.706787109375,264.825200851375,255.40709489618297,258.3600712373581,54659700
2023-01-09,265.41387939453125,270.07387749944996,264.8056318006044,265.698362985666,45568700
2023-01-10,267.6604919433594,267.76842326727916,263.8736443498317,264.38378077930986,35247800
2023-01-11,272.291015625,272.39894693128963,267.94496173217993,268.72982142549,44077000
2023-01-12,273.76263427734375,274.79275716324054,268.55324892261154,272.8502628173263,60600000
2023-01-13,275.646240234375,275.89150328651294,270.9273815063878,271.26093566457496,44802900
2023-01-17,276.2054748535156,277.4906509803417,274.28259077576485,275.4500454160634,36269700
2023-01-18,272.6148681640625,279.29583316338494,272.40885552610445,277.7457534776358,47754500
2023-01-19,269.9365539550781,272.12431152107627,268.7004483260857,270.98628717773255,44150400
2023-01-20,277.32391357421875,277.65746783156897,270.48597645017384,271.5455299164357,60613600
2023-01-23,283.48486328125,284.7111786521675,277.3729266337747,278.167576598982,52799900
2023-01-24,282.9060363769531,284.06367086220337,281.34616687102994,281.86612337300437,44875100
2023-01-25,282.2781982421875,282.896236062252,275.85228750449124,278.39320945144925,50872000
2023-01-26,287.7819519042969,287.95853417814794,283.053271419966,285.7021252851234,51596300
2023-01-27,290.6466064453125,292.608711331998,286.3495919531761,286.46731345608214,56441900
2023-01-30,284.77008056640625,288.8022216574002,284.3973057887979,287.37968364573163,49405800
2023-01-31,289.0376281738281,289.1357393931687,284.7013937087767,284.8092950925129,46705100
2023-02-01,295.21826171875,297.6806825531704,286.76156601785834,288.8316018722076,67562200
2023-02-02,305.8135986328125,307.7364525973312,300.9181576449358,301.7422379154438,83070600
2023-02-03,300.3786315917969,306.47098885524724,298.76972114420454,299.1621361358604,76170800
2023-02-06,297.837646484375,300.1136948707084,296.49360970345265,297.7591754783428,40802300
2023-02-07,304.00848388671875,305.13668801554405,296.59173107995235,297.7101151054352,67584000
2023-02-08,298.6029052734375,303.63570872531835,297.91618657756726,302.69390683248184,56720900
2023-02-09,295.9638977050781,303.1353887624289,294.51195923155336,302.98823688191555,49137800
2023-02-10,294.0213928222656,295.8559558737562,291.6178026580942,293.80556011389376,50050100
2023-02-13,298.73040771484375,299.31904504796233,294.24699178307463,295.42426644931186,39636700
2023-02-14,300.9378662109375,301.8894883709388,295.208522978323,297.15101778288636,64079100
2023-02-15,303.2432556152344,303.41001773123855,298.43610559153916,299.12282420101644,43100600
2023-02-16,297.5531311035156,302.585933862806,297.4059792560325,298.61268428407055,59498600
2023-02-17,295.4537048339844,296.20910430272016,292.45168728691385,295.36541372252225,58230700
2023-02-21,288.4588317871094,293.06978997591324,288.3215000215614,291.627641771274,46526700
2023-02-22,288.6746826171875,290.74468891009906,287.01670158610773,289.0376672323923,51389200
2023-02-23,291.1960144042969,292.48119080254816,287.00690100814256,292.3242188075793,69294400
2023-02-24,286.32012939453125,287.4189032172758,284.5542172313994,286.23183827727587,74332000
2023-02-27,288.37054443359375,290.8722160742341,287.7819070065774,289.47913843428347,48995000
2023-02-28,287.99774169921875,290.5092334615913,287.40910426818135,287.74265849325576,48243100
2023-03-01,285.6824951171875,288.36074923545726,284.7014426338721,287.7034608376696,58287000
2023-03-02,288.04681396484375,288.85128421092963,282.90610837742537,283.1906219892063,53565900
2023-03-03,294.0017395019531,294.23721240743714,289.2828804396578,289.7930467854235,60511500
2023-03-06,294.33538818359375,298.23998828203077,294.13919562859667,295.23796974249774,56736300
2023-03-07,290.7250671386719,295.3065950596229,290.11681943570414,294.3844034004965,65955800
2023-03-08,292.1769714355469,292.77539890266314,289.29267559168824,291.1468486688334,50876300
2023-03-09,287.11474609375,295.27710774378676,286.3004559856999,292.6772954111653,71456700
2023-03-10,283.08270263671875,288.77282541665835,281.9348879139421,287.28160637257514,98593600
2023-03-13,285.1820983886719,288.89047492289336,279.786310683679,281.2971396240923,97123600
2023-03-14,291.7355651855469,292.2849521678969,287.8898563090967,288.73354705365387,73602500
2023-03-15,293.2660217285156,293.5995759915821,287.6838305115018,289.1259789091008,83631500
2023-03-16,300.9966735839844,301.35965816858703,291.5589546269461,292.3536046471147,98198100
2023-03-17,299.57415771484375,303.29235483313954,297.6218729463031,300.90840459728173,89923700
2023-03-20,300.6372985839844,300.9615338726046,296.74632519208114,298.9571102988408,56359500
2023-03-21,304.9311218261719,305.383096151372,301.05978916317935,302.5729571040387,49757000
2023-03-22,300.7846984863281,309.75557856492014,300.6176781701295,304.8623630714079,75791900
2023-03-23,304.3514099121094,308.6747169209865,301.6591745901483,304.51846019922783,74576000
2023-03-24,305.4715881347656,305.5698212705116,301.6002550384221,303.92894408666183,57195200
2023-03-27,303.3786315917969,307.24996373111605,302.5237996194043,306.169129633849,50287400
2023-03-28,301.7673034667969,302.8284973000927,299.4582548334839,302.79902135948436,48585900
2023-03-29,307.2696228027344,307.88864736768073,304.6461448812209,305.4616956522639,53274300
2023-03-30,310.1780700683594,310.8069300312133,307.3580955143523,309.74573634032066,58354800
2023-03-31,315.3365478515625,315.57238531475065,310.0994568842144,310.4040515378781,62138100
2023-04-03,314.5701599121094,314.8354733237728,311.88775975910704,313.21420687465223,47126800
2023-04-04,313.509033203125,316.0244133428244,312.2906243957387,315.0123660990055,45875400
2023-04-05,310.41387939453125,313.4991370985997,308.5961168372781,312.55587722556044,62795700
2023-04-06,312.5067443847656,312.99802996310086,307.36791642622194,308.76315067670646,46916500
2023-04-10,312.32989501953125,312.3790415697629,307.7904209826378,309.57870772010875,45134700
2023-04-11,310.32537841796875,312.3495022170666,309.8144523048652,312.2905203716253,40113600
2023-04-12,307.58404541015625,312.87028237990893,307.12223582395177,312.2807337613539,62813300
2023-04-13,313.6072082519531,314.0788231546302,308.1637563599467,309.3428236023274,54613800
2023-04-14,313.0177307128906,314.7765116629593,310.10929821943813,312.0548000917982,56278300
2023-04-17,313.282958984375,313.6367001650962,310.5317719596086,312.6049825415416,43007000
2023-04-18,313.30267333984375,315.8180834788908,312.1039651285769,315.39555502669543,46746900
2023-04-19,313.1551818847656,314.21637531225923,310.767541651434,310.8952806737884,38960100
2023-04-20,310.7676086425781,313.70548684729437,309.48044280792834,310.1878952501986,62462100
2023-04-21,311.091796875,311.8680363783544,308.62556400010556,310.4040151510289,59002300
2023-04-24,310.443359375,312.2021401015281,308.2718555959959,310.86585776277883,44043100
2023-04-25,304.5872497558594,309.4804653365715,304.489016620201,308.8123240884824,57121600
2023-04-26,306.43450927734375,309.45101039192303,305.9137476831083,307.97715342872493,55400500
2023-04-27,314.7667236328125,315.26781460821445,309.5590777235888,310.1977730605562,65430400
2023-04-28,316.93817138671875,317.02659919853187,313.4009089857231,314.53085989537186,59712600
2023-05-01,316.5745849609375,317.98948974313606,315.493750754301,316.47632185384504,41013400
2023-05-02,313.8135681152344,316.8300686407024,312.07439804746815,316.50580338013646,56519400
2023-05-03,311.7600402832031,316.8497521612235,311.65194185315056,314.17715716201246,59882100
2023-05-04,310.6595153808594,312.6836094317165,309.6277977427473,311.5339880602636,50224500
2023-05-05,317.26239013671875,318.1172221778604,310.6987925389379,312.9194127732155,51806100
2023-05-08,318.0484924316406,318.3923983685723,315.7198033513275,316.8006377306719,36465800
2023-05-09,316.0342102050781,317.2525888785496,315.7197802294426,316.3879214383984,31768800
2023-05-10,319.4731750488281,320.32800708992704,315.9948650328523,318.47093335731375,60446600
2023-05-11,320.5147399902344,321.0551421602665,318.470975085948,320.0234543863166,44278500
2023-05-12,319.3651123046875,321.4678290419078,317.3115421183243,321.0453006415859,48432800
2023-05-15,321.09442138671875,321.3302288576638,318.3137283538319,319.8367315655272,33375600
2023-05-16,321.4580078125,323.1676721605084,320.33786221505017,320.37717346031883,40019200
2023-05-17,325.3489685058594,325.9286819112278,321.3400912336349,322.51915867337476,47486100
2023-05-18,331.3918151855469,331.6079820733422,325.7223895173061,325.74203014867055,64213500
2023-05-19,330.64508056640625,332.3154337991738,329.58388676140413,331.6079812577379,61554900
2023-05-22,331.7553405761719,332.76738767069196,330.37971696477655,330.38955227178974,43015900
2023-05-23,327.5499267578125,331.18545225778513,327.19621551255364,330.03586072499985,48216700
2023-05-24,325.8697204589844,327.10776972072495,323.8161503250398,325.5946017325634,62891200
2023-05-25,333.79901123046875,335.06653617815067,330.8021817653218,333.22913326139553,66862800
2023-05-26,342.3277893066406,343.1629807974881,334.722698053465,334.82096116751046,63007000
2023-05-30,343.8802490234375,347.7613869295113,342.4555089148934,346.56264897187214,72652200
2023-05-31,341.9249267578125,344.48945306585824,340.4707406387247,342.2983085945595,65105400
2023-06-01,345.8748779296875,347.20132498528426,340.6181163131397,341.6694746335876,50488600
2023-06-02,348.4688720703125,349.62829889635873,345.8748996800786,347.6336805484104,53372100
2023-06-05,348.71453857421875,351.26922987957295,347.68285073248705,348.25272887676743,47266200
2023-06-06,348.6555480957031,349.61847863088633,346.77883357493243,348.10531064293906,41390400
2023-06-07,342.7405090332031,350.8958383761309,342.1116490429839,348.94053119311474,69225900
2023-06-08,346.9949951171875,347.4568047564389,342.809262414588,343.03523458791426,47153900
2023-06-09,348.3214416503906,351.4263698061211,346.87706098911235,348.44918068622377,53196900
2023-06-12,354.20703125,354.3052943529786,349.00925194071897,349.98198769312216,44606500
2023-06-13,356.92877197265625,357.76393338304973,353.75505666181834,356.9582479049561,57097800
2023-06-14,359.5227966308594,359.8077506752878,354.1383256374959,356.93862957320954,69525600
2023-06-15,363.8067932128906,365.2904552167826,357.63624776639995,358.2552423852553,71138800
2023-06-16,361.5174255371094,366.35168918348165,361.0752864749284,366.2239501258424,80932000
2023-06-20,360.9998779296875,362.397056132463,358.03830213467023,360.0651728884419,49204700
2023-06-21,356.0802307128906,360.291402247806,355.15534457900924,359.8584755456989,53378300
2023-06-22,360.2815856933594,360.438986288893,354.4272564085089,354.8306667482636,47603000
2023-06-23,356.7100524902344,359.0124196685937,355.01771037278706,356.38534235985924,48922900
2023-06-26,351.9281005859375,358.97296342588555,351.83955148925304,356.1786373877198,52685500
2023-06-27,357.97918701171875,358.7073073891835,352.74476147658174,353.47285182722567,49428100
2023-06-28,358.6778564453125,360.62599693384084,356.080295758173,356.15902609665824,46498000
2023-06-29,357.95953369140625,359.02218292164616,356.3164059384481,358.38261161325084,46151000
2023-06-30,363.4793701171875,364.5321406265844,361.32458510548383,361.6394163650322,58712500
2023-07-03,364.33538818359375,364.965080752573,363.0366078498649,364.11892479463893,19432900
2023-07-05,364.3254699707031,366.02766038802605,362.73152624064664,362.77089140209085,34460900
2023-07-06,361.5508728027344,361.9936483701635,358.6581484968216,360.6161677546873,49374700
2023-07-07,360.3504638671875,364.5223006013329,360.1241817275953,361.32456403843355,47133700
2023-07-10,360.4685363769531,361.14744286263704,357.565993456182,360.0749747976582,48498800
2023-07-11,362.2494201660156,362.7020144344407,358.75649019433894,360.89160733391975,38214100
2023-07-12,366.82464599609375,368.17261006456084,364.34515118816057,366.35235412152997,61975400
2023-07-13,373.0528259277344,373.87931415841757,369.4221629695209,370.0026714877334,46960000
2023-07-14,372.97418212890625,376.70321351551775,372.09847980698714,373.4858091986902,55148500
2023-07-17,376.4572448730469,377.33294722080336,373.2103240915252,373.69243480663897,40868900
2023-07-18,379.5368957519531,380.9045575398771,373.8892104448696,375.8176832280745,55262000
2023-07-19,379.4482727050781,381.74082028476727,378.11997634250173,380.59947089312925,54093000
2023-07-20,370.7013244628906,377.923286171888,369.6780403163192,376.45722647364715,71941700
2023-07-21,369.58941650390625,373.8104364818207,369.1564898381295,373.0823161656589,60499600
2023-07-24,370.1798400878906,371.50810665869074,368.3202188458526,370.5635528672616,40380100
2023-07-25,372.68878173828125,374.3516070011046,370.8685258558439,370.88822345005843,38894400
2023-07-26,371.4490966796875,373.141438590873,369.14672978193954,371.6458924939192,47075700
2023-07-27,370.5635070800781,378.5234068573083,369.2745758075157,376.90979558078055,63940200
2023-07-28,377.3132629394531,378.33651706389406,374.1056774417926,374.6173045040131,56902900
2023-07-31,377.510009765625,378.69072449832686,376.19156199597427,377.61825646242045,44019900
2023-08-01,376.6343688964844,377.39197572985995,374.5681329555754,376.1620769587029,41060600
2023-08-02,368.3694152832031,373.16109557263337,367.12966784749693,373.16109557263337,72687100
2023-08-03,367.77899169921875,369.9042597662001,365.791456640944,365.9587360373914,47666400
2023-08-04,366.0572204589844,372.0197669898347,365.55541217782184,369.70755141474365,61702800
2023-08-07,369.15655517578125,369.2549530766585,365.53574062735606,367.86762374671235,37230400
2023-08-08,366.01788330078125,366.6672734711469,362.8890279564225,366.6476058999817,44726500
2023-08-09,361.9935607910156,366.4605604453856,361.2359541425021,366.30312983787275,51150900
2023-08-10,362.6626892089844,368.33989085090377,361.13762681764416,365.0044211596802,72035300
2023-08-11,360.3504638671875,362.0821708144487,358.82540151714943,360.10448413157985,48707200
2023-08-14,364.3944091796875,364.5124746558894,358.83527281179767,359.5535144676342,42130800
2023-08-15,360.527587890625,364.21728388168873,359.8585001971934,363.42028192294197,45539900
2023-08-16,356.7100524902344,361.52140145830043,356.6116545711259,359.9864900060609,53190500
2023-08-17,352.8136901855469,358.45155731866623,352.40046098733217,358.1071796356024,62604300
2023-08-18,352.37091064453125,353.6303257433368,349.0058945064905,349.54706796393924,61191400
2023-08-21,358.048095703125,358.72700217281374,353.3744807454022,353.83692384755506,50696500
2023-08-22,357.53643798828125,360.6652927377172,356.8476827797194,360.6554439405942,44530200
2023-08-23,363.1742858886719,364.26645146695137,358.5006711764388,358.7171345326046,51770600
2023-08-24,355.41119384765625,366.7459290080147,355.20457928175483,366.6475611373719,66842500
2023-08-25,358.16607666015625,359.8584180360766,352.81355649570185,356.24745319894754,69960500
2023-08-28,360.8620910644531,361.7967959662991,358.39244511479126,361.08837318531505,40910000
2023-08-29,368.7432861328125,369.0975125611246,360.3406401002619,360.66532013496044,58492400
2023-08-30,370.7996520996094,371.3801906583347,367.8478954803411,368.8515119480578,41731500
2023-08-31,371.9114990234375,373.6136895466663,370.8095146489998,370.8783961791077,35730700
2023-09-01,371.51800537109375,374.70589361223153,370.03227793748385,374.28281561021936,39801200
2023-09-05,371.9902038574219,373.21025361310325,369.78620523277215,370.7110913465371,32344200
2023-09-06,368.7137756347656,371.5573157971025,366.70660260739953,371.2129381611802,42998700
2023-09-07,366.076904296875,366.854208721943,363.2136963758197,364.25664812381336,52060700
2023-09-08,366.5885009765625,368.82201616025327,365.6242796443045,366.0276900079968,35800100
2023-09-11,370.9078674316406,371.4194943927367,367.65109863919986,369.61893621901027,39936600
2023-09-12,366.795166015625,370.88827258740463,366.5098211030943,369.23526587586855,41391000
2023-09-13,368.19232177734375,369.79611455684034,365.8998037117071,367.031304560014,46300700
2023-09-14,371.20306396484375,372.1869828419729,367.8774433826772,369.94364900319135,48039400
2023-09-15,364.8469543457031,370.2683569363539,363.91221940703196,369.8649465958127,69811200
2023-09-18,365.2273254394531,366.3407681012067,363.6212111624308,363.9069691189676,36903500
2023-09-19,364.44891357421875,365.24703922410754,361.4239024926307,363.9069867992095,37621700
2023-09-20,359.19708251953125,365.86784634626923,359.118238210128,365.513137164835,45514200
2023-09-21,352.61492919921875,356.30013348758865,352.44743768219166,355.5118408271102,69734800
2023-09-22,352.6641845703125,356.49715394100406,352.34886753279636,354.35897605910213,51589700
2023-09-25,354.3392639160156,354.4279712684221,350.7132080525282,351.698551280886,39168000
2023-09-26,349.01837158203125,352.2995809495682,348.0330284804765,351.75762420154206,53657700
2023-09-27,349.8362731933594,351.74784148919474,346.21018720799054,350.171286287333,56066000
2023-09-28,352.76275634765625,354.89110143517365,348.0626496696963,348.919893509747,56453300
2023-09-29,353.0189208984375,357.6303502343073,351.78724181658674,356.24101262154477,64829600
2023-10-02,355.96514892578125,357.3643196460992,352.67410573890834,353.2850138058325,51625100
2023-10-03,349.718017578125,355.7187539856784,348.1020403157793,353.52142785074375,60478500
2023-10-04,354.4772033691406,355.3245840567301,350.0924142597397,350.55552674978816,54786700
2023-10-05,353.4327697753906,354.87136248860946,349.93481329542783,354.4673681510727,45897400
2023-10-06,359.3547058105469,360.54696275822704,349.64906850019884,350.4373310951315,75049100
2023-10-09,361.1874084472656,361.7293351903447,355.4921258364322,356.98983670606606,45304800
2023-10-10,363.1876525878906,365.8382282460928,361.0199155536051,361.52242014626063,46968800
2023-10-11,365.77911376953125,365.9663313882023,362.7935249958405,364.51787564233524,38215100
2023-10-12,364.5079345703125,368.2620890543965,362.1135582590997,366.2815700406898,49587900
2023-10-13,359.9261779785156,365.72000104859404,358.5269773449452,365.13865214466296,52469900
2023-10-16,363.99566650390625,365.04999103567854,361.0987548405133,361.24655031919855,44201100
2023-10-17,362.80340576171875,364.49819739696323,358.3299388750343,360.44842090151735,50999100
2023-10-18,358.0441589355469,362.5176255477324,356.7139395823082,360.31046637039856,54280500
2023-10-19,354.6940002441406,360.6553146993433,353.89587464125333,359.4630578223605,72274200
2023-10-20,349.4026794433594,354.76294846899185,349.17603969846044,354.19143261499835,72559700
2023-10-23,350.4570617675781,353.99444057612124,345.9737317484537,348.08238082629725,60665200
2023-10-24,353.86627197265625,354.63483838710295,350.57522963026736,352.27002096344273,47082100
2023-10-25,345.20513916015625,351.64929222134697,344.6237902703507,351.47193765909213,71190500
2023-10-26,338.62310791015625,344.93916255325956,337.3323104943421,344.0030743187561,78621400
2023-10-27,340.2489013671875,343.72716210384476,339.0369182513592,341.3524810806448,63476700
2023-10-30,344.0818176269531,345.40217375363477,341.37212414070797,342.731872340221,55298500
2023-10-31,345.72735595703125,346.10179117581265,341.5396474517011,344.1114087821121,47671900
2023-11-01,351.72808837890625,352.28974120081546,346.4663594769629,346.5648998076941,58992700
2023-11-02,358.1131591796875,358.3496319411529,355.0191668891615,356.2410129874096,58162400
2023-11-03,362.3205871582031,363.61138451382374,359.17733953245124,359.403979323471,53280500
2023-11-06,363.7985534667969,364.3602063061445,361.5322761410514,363.08910516190724,38848700
2023-11-07,367.2374267578125,368.1045035244266,363.6408999815297,364.8430199017285,50777400
2023-11-08,367.4739074707031,368.3114552322413,365.1879039548286,367.611839886679,35663400
2023-11-09,364.64599609375,369.3066505791059,364.1533244520648,368.163678832252,53859400
2023-11-10,372.8440856933594,372.9918811822183,365.8382788185189,366.3703726487038,58309800
2023-11-13,371.6812744140625,372.7355987822053,369.7401472411483,371.26744713796927,40733500
2023-11-14,379.68231201171875,380.5987041135127,377.56382997846237,378.0860607128957,67792600
2023-11-15,379.9681396484375,382.0669260262507,378.6083608644855,381.57425429700993,54141400
2023-11-16,380.293212890625,380.52968563166974,377.93822825333365,379.1994663227181,45343500
2023-11-17,380.3819580078125,381.39686046284913,378.6576071328274,379.564106182027,46571900
2023-11-20,385.01300048828125,385.6731936771707,380.3917383769215,380.3917383769215,44429600
2023-11-21,382.7763366699219,383.52520724681364,381.0322897461688,383.30843050457094,43337000
2023-11-22,384.3429870605469,387.30887987612056,383.3379477672656,384.8455217423324,44121000
2023-11-24,383.8010559082031,384.5302002849697,382.805849611046,383.9389883255665,15718800
2023-11-27,383.4660339355469,385.4169942650287,382.58906403651775,383.30837541200384,34139700
2023-11-28,384.4710693359375,385.05241822113135,382.362420433784,382.71715962576826,35491100
2023-11-29,384.09661865234375,388.3631714173632,383.751742528822,386.9344117928961,38811700
2023-11-30,383.1309814453125,384.82577294425124,380.16511887488576,384.36266043959097,52834400
2023-12-01,384.2247619628906,384.81597394641676,380.4114882710684,382.0668577687091,40490100
2023-12-04,380.6578063964844,380.93370129993264,377.05144654193924,380.43116662675254,51186900
2023-12-05,381.6136169433594,382.8058739225098,378.57874272515113,378.75612737344005,42933000
2023-12-06,379.4064025878906,384.64843584230624,379.061556510073,384.5498955042343,41994100
2023-12-07,384.70758056640625,385.5352653367791,381.28843808447164,382.3821847930193,49593500
2023-12-08,386.4220886230469,386.865475058335,382.7861695022315,382.9733871316722,46687500
2023-12-11,389.7229309082031,389.9889928166888,385.7914211700645,385.998334821996,41198000
2023-12-12,392.8267822265625,392.9450185979474,388.6292106206721,389.7623492734944,39221200
2023-12-13,397.8224792480469,398.4333872596561,392.99430327502,393.7628698170913,55408100
2023-12-14,397.4776306152344,400.3449530293757,394.47231564117436,399.04432278440584,55447800
2023-12-15,399.3990478515625,400.58147183446255,397.6550010435614,398.25604602017006,62896600
2023-12-18,401.9147033691406,402.8131603407083,399.4661904298243,399.7919899279148,46610000
2023-12-19,403.9683532714844,404.0868258236816,402.18132197168427,402.3689135561145,35711900
2023-12-20,397.9654235839844,405.2616685175691,397.78771478214475,403.16857339274765,54042400
2023-12-21,402.595947265625,402.96127778271716,399.3378317905533,401.8949646280869,45568900
2023-12-22,403.1982421875,404.76806372836126,401.3223565171198,403.810370446538,34314000
2023-12-26,405.66650390625,406.33786841215897,403.95844437499267,404.0571815388857,22722500
2023-12-27,406.49237060546875,406.7788499758725,405.08963761754325,405.94907572875445,31980500
2023-12-28,406.2947692871094,407.8950804007767,405.9391646926511,407.6481227170023,27029200
2023-12-29,404.5364074707031,406.6306338260502,402.62001354809854,406.2749991067649,42662100
2024-01-02,397.69073486328125,401.1481421130462,395.369326823485,400.90118445234873,58026900
2024-01-03,393.4825744628906,396.12009559564825,393.04795670596747,395.06310955186376,47002800
2024-01-04,391.4575500488281,394.72726726631595,391.2402260881703,391.61560657896115,39432800
2024-01-05,391.9218444824219,394.69764643870457,390.52899952720855,391.62550732012187,44922800
2024-01-08,400.0220947265625,400.3085439534449,392.99860205888314,393.14677064971954,42473800
2024-01-09,400.8122863769531,401.74084959997214,396.82144210862884,397.01902029717724,39132900
2024-01-10,403.52880859375,404.53638497432706,400.2393458908381,401.1283874203117,33962800
2024-01-11,404.36846923828125,406.195961909604,399.3206391076395,404.80311712160767,54536200
2024-01-12,404.575927734375,406.24536398225337,403.18308286889186,405.40570188156073,39595000
2024-01-16,404.5364074707031,406.11694258110475,401.879140541304,403.3411407940105,43903000
2024-01-17,402.2545166015625,402.62989707760573,398.0167447545256,401.22719441535935,54386000
2024-01-18,407.9642333984375,408.5470499542549,404.1808546899271,405.5242901108884,59562500
2024-01-19,416.0544738769531,416.21253038631954,409.58419567643597,410.1670120974889,70325100
2024-01-22,416.59783935546875,419.5613313657799,415.9952469706817,418.2573876461551,44880600
2024-01-23,418.3265380859375,418.5438620366408,415.4519472523529,417.28929780686303,33003800
2024-01-24,420.64794921875,424.6190480726647,420.1540338505478,422.23837238038595,46948000
2024-01-25,421.16162109375,423.81888806396256,418.820467179713,423.1471402830395,44367200
2024-01-26,418.65252685546875,421.02331450792843,418.0005549754572,419.274865020307,37137000
2024-01-29,422.939697265625,423.1372754590085,418.45493756237755,419.10690942510337,38694700
2024-01-30,420.1243896484375,422.47543156579263,419.21560227550077,421.9025030173065,36739000
2024-01-31,411.895751953125,417.7239468242111,411.7179496692199,415.72853974147705,64010600
2024-02-01,416.7459716796875,417.2398869717804,412.7254939669641,413.69357879209707,51008600
2024-02-02,423.78924560546875,425.0042580366374,417.6449376290023,418.64262610680913,59602400
2024-02-05,423.236083984375,424.3819410907607,419.8280559423624,423.84853420729877,39889200
2024-02-06,422.386474609375,424.9844738613939,420.04532095525815,424.3818815308229,35846100
2024-02-07,426.73297119140625,427.56274535553325,423.8682682124962,425.1722119616388,37712700
2024-02-08,427.52325439453125,428.28387317609645,426.1699311674683,426.8515066116603,29889900
2024-02-09,431.7314453125,432.521728051628,427.86905335741505,428.659305950339,36943900
2024-02-12,430.04217529296875,433.7959497087528,429.3605697585453,431.62271030244636,33203300
2024-02-13,423.3348388671875,426.0217396052204,420.15402277397357,422.08030471765994,64491700
2024-02-14,427.9480285644531,428.3727885417839,423.6608468287441,426.0118887813397,45092700
2024-02-15,429.2223205566406,429.6866021844067,426.0809960674444,428.6395040700747,38796100
2024-02-16,425.3302307128906,429.6964251039184,424.6189914716384,429.5976661604037,53716500
2024-02-20,422.1198425292969,424.84623489473955,418.3463218363223,423.33485505593694,53999500
2024-02-21,420.43060302734375,420.51953431757676,416.49905619784107,419.3835049137998,49779000
2024-02-22,432.7389831542969,433.7761932856845,428.43202581368143,429.2025325203063,53887800
2024-02-23,431.4647521972656,435.22838527818766,430.48680931447313,434.29982187881114,39853900
2024-02-26,431.2374572753906,433.26252819127274,431.0497670405967,432.27469754338847,33043200
2024-02-27,432.27471923828125,432.6599575342669,429.7359871107177,432.34387462219166,33713200
2024-02-28,429.97308349609375,431.3560706752658,429.0148864542858,430.13114003503347,32938800
2024-02-29,433.65765380859375,434.7343855957227,429.7260769829366,432.897035063429,42495200
2024-03-01,440.18719482421875,441.1453917460865,434.48742291248533,434.54669033889377,43853000
2024-03-04,438.61651611328125,440.6119531458478,438.3695584723158,440.1871630922779,34325700
2024-03-05,430.7435607910156,435.5839552943135,428.37277316164136,435.5740673406185,57917100
2024-03-06,433.4501953125,436.61123512944897,431.57332321084317,434.9615749173212,46234500
2024-03-07,440.0291748046875,441.2837088767111,435.4950055955854,437.0360491430509,44526700
2024-03-08,433.6773986816406,443.18035480422833,433.0056810784902,440.38477719851295,72096000
2024-03-11,432.0672912597656,433.32182541621614,430.14100930544924,432.18582612227107,45860000
2024-03-12,438.26092529296875,438.61652983691107,431.1485329521496,434.3787582906121,55300900
2024-03-13,434.8923645019531,437.2829275041425,433.77611124724535,437.2631516011748,37928700
2024-03-14,433.7959899902344,436.6508050498592,431.079455553198,436.12725598238745,52195200
2024-03-15,428.6394958496094,433.52923955852765,427.4738327526326,430.76332575224257,73069800
2024-03-18,432.72760009765625,436.24892486952547,432.4901867270838,433.96402116042105,47323800
2024-03-19,433.8057861328125,434.2113358922314,428.6226881468784,430.71968377300954,43004100
2024-03-20,438.9493103027344,439.28561325633035,433.30134655328885,435.00266338011073,43653500
2024-03-21,441.0264587402344,444.4587649437248,440.82864947457784,444.00377042804644,39345700
2024-03-22,441.5309143066406,442.62884172673427,439.6614311607801,440.51210455310553,28253900
2024-03-25,439.92852783203125,441.4122331500876,437.73264275386543,438.7316504748345,27789200
2024-03-26,438.5041809082031,442.371709837362,438.2766685525834,441.4517895723345,34142000
2024-03-27,439.9977722167969,441.6892181200022,437.1292811248904,441.59029838868184,41359200
2024-03-28,439.1866760253906,440.79897397057766,438.83057105161373,439.9483005564888,36839600
2024-04-01,440.116455078125,442.6684148785135,438.2073980092949,440.13622694821476,38729000
2024-04-02,436.31817626953125,436.63470733147204,433.27164781002574,435.2993664400859,44259700
2024-04-03,437.2973937988281,439.17674771806725,434.1816188556079,434.1914896972789,39949800
2024-04-04,430.6108093261719,442.0947032292261,430.3832969960165,441.48141305916283,57267700
2024-04-05,435.68511962890625,438.35580126025417,431.22410267243185,432.03520215289296,54744600
2024-04-08,435.8136901855469,437.6930441117525,434.42890467076694,436.6148885971717,28144900
2024-04-09,437.4260559082031,438.4250637277695,432.68808133949716,438.14810658184047,39443600
2024-04-10,433.6079406738281,434.46848495231853,431.54064816251855,432.2528279423145,61502200
2024-04-11,440.5318603515625,441.48142324592834,433.20235289872653,435.47738569459614,45474600
2024-04-12,433.50897216796875,437.4358464505674,432.13408772001753,436.30824620130363,53665000
2024-04-15,426.3773193359375,437.34684315344833,425.53654699359805,437.2578244611151,63453600
2024-04-16,426.41693115234375,429.04803897510334,425.0321455051185,426.21909169442733,47619000
2024-04-17,421.21405029296875,428.4149656563119,420.2842591999878,428.3951937854625,56880500
2024-04-18,418.81048583984375,423.5880040974066,418.23676949612997,421.8570144092069,46549400
2024-04-19,410.1455993652344,418.1576140935352,408.58277638390166,417.63337275699286,75231000
2024-04-22,414.270263671875,416.60461192830087,409.44327146957136,412.7766575097694,47807700
2024-04-23,420.452392578125,421.6492396704174,414.31973225972354,416.19908616824654,44384700
2024-04-24,421.8768005371094,425.06182265057004,419.59189664985104,423.5484443591903,48440300
2024-04-25,419.8391418457031,420.6996860627022,413.59769082942586,414.6857171994804,57392200
2024-04-26,426.3179931640625,427.85114324602824,422.28232799555997,422.9747056964863,41874900
2024-04-29,428.0489807128906,429.04801861164475,425.30908244856215,428.42485755345405,30022200
2024-04-30,419.9776916503906,427.8611150564804,419.89857396916193,426.46642820954855,43665900
2024-05-01,416.94097900390625,425.4673645155584,416.09033575149846,418.5532769953046,52251700
2024-05-02,422.2625427246094,423.16266093905045,416.0606651382385,420.67991762434,36559000
2024-05-03,430.74932861328125,431.73846546858186,427.92038151036974,429.7206178316715,48515300
2024-05-06,435.4674987792969,435.5565174735854,431.7780074570127,432.5495329935745,30227200
2024-05-07,435.53680419921875,437.1688741862041,434.80482230426605,435.912681083047,30996100
2024-05-08,435.279541015625,436.68412856388983,432.79679796970544,432.91551974287444,24896700
2024-05-09,436.2291259765625,436.8028422580396,433.69693803654405,435.54661913008255,24580100
2024-05-10,437.2578430175781,439.4834009785405,435.71479191286244,437.73263958289897,27116600
2024-05-13,438.26678466796875,439.2658226427781,436.8523260801147,439.1669029109842,22994200
2024-05-14,441.08575439453125,441.61989670459906,437.65344858123603,437.8413869831847,34478300
2024-05-15,447.9801330566406,448.22741730211084,442.0453111653553,443.55868954019047,41464700
2024-05-16,447.0700988769531,449.75065137557704,446.90193232511433,447.7921494818684,34780400
2024-05-17,446.8525085449219,447.80207154432486,444.65662335588394,447.1986823210974,35803700
2024-05-20,449.96826171875,450.6309665241783,446.88215948281277,447.07009790490423,24474200
2024-05-21,450.8486022949219,451.0365407272053,447.92076542333984,448.1186048845004,23167700
2024-05-22,450.75958251953125,451.857540210049,448.1581475603907,451.1057864827058,25120000
2024-05-23,448.7318115234375,455.5766213852706,446.9414763015437,455.546948488236,40899200
2024-05-24,452.9752502441406,454.24134425420493,448.6428258419646,450.34414249793184,29669500
2024-05-28,454.6864013671875,454.7457471608754,451.7288919661858,454.19183296241476,26216800
2024-05-29,451.4816589355469,453.26209332010234,450.3936022845126,450.5320959428548,29739200
2024-05-30,446.6447448730469,450.69034126496246,445.31930507978444,450.5518476128299,30536800
2024-05-31,445.8138732910156,447.5646648820336,438.2469822206981,446.8722569938479,55941300
2024-06-03,448.20758056640625,450.63094770967405,443.03438403283286,449.63194002907153,32997500
2024-06-04,449.4340515136719,450.63089850576347,446.22925816563327,447.95034641757144,23767400
2024-06-05,458.4945983886719,458.5737160540312,449.4736752346723,453.00490099928925,33817400
2024-06-06,458.3363342285156,459.4936376169888,457.16915999813136,459.17710658249314,21966800
2024-06-07,457.9307861328125,460.6805853594163,456.82295769418954,457.9703600587807,25829700
2024-06-10,459.78045654296875,460.13656149630197,456.51631709872595,456.803175229736,20660800
2024-06-11,462.9358215332031,463.0545433124852,457.0109014117994,458.50450772730306,22053300
2024-06-12,468.9992370605469,471.32371472336234,466.17032012465427,466.86269781638856,34532600
2024-06-13,471.5413513183594,473.1932232482495,469.26634848832265,472.53048823334285,25859000
2024-06-14,473.9844970703125,474.05374389556346,470.87859282283176,471.3434883571342,23372600
2024-06-17,479.7907409667969,481.5711753074278,472.94593054199913,474.25156830496593,37054500
2024-06-18,479.9391174316406,480.6216243226489,478.17845491806946,479.74130815889504,24438600
2024-06-20,476.2397766113281,481.5514372932592,474.40986718554024,481.1360166714005,33918700
2024-06-21,474.9637451171875,477.2981238769037,473.4701689381695,475.96278303672466,37456800
2024-06-24,469.55645751953125,475.47099181592733,469.41777397286,473.73725096126896,37751000
2024-06-25,474.9260559082031,475.22325649622115,470.70562615412257,471.64681173957536,29014700
2024-06-26,475.9068908691406,476.45179897488026,473.6877123216575,474.10379318229053,22737100
2024-06-27,477.1353759765625,478.611553035427,474.84684046619515,475.65922915173917,26222100
2024-06-28,474.6585998535156,482.67346269795496,474.0146450158968,477.92795786872324,34881600
2024-07-01,477.4425048828125,478.00718604712443,471.83508819375936,475.5799670851858,24898300
2024-07-02,482.4555358886719,482.51497601687083,475.81777272205466,475.94656974450004,26723600
2024-07-03,486.4778137207031,486.6066107434774,481.70258851623953,481.70258851623953,18064900
2024-07-05,491.5502014160156,491.9861158127836,487.02265384242645,487.31988469515403,28495900
2024-07-08,492.71923828125,493.27403293388477,490.8963372463012,491.916766364616,22109400
2024-07-09,493.1452331542969,495.3545252210374,491.6294495164821,494.2350191565913,25614500
2024-07-10,498.2869873046875,498.8417819227691,493.7594701786326,495.06718307323126,28046900
2024-07-11,487.3594665527344,498.6040196443068,486.170633904284,498.3959792217848,49966600
2024-07-12,490.22265625,494.97804756604864,487.4684863179307,487.934120777822,37109400
2024-07-15,491.540283203125,496.3551448499589,489.49942500337625,491.99600089511654,31151400
2024-07-16,491.728515625,493.80901063185854,488.56815140505716,492.99662197224063,25950600
2024-07-17,477.29388427734375,484.2585676332021,477.224557622275,483.74340981561966,56268800
2024-07-18,475.03509521484375,481.197307007146,471.8450107133488,481.0189866258677,49347400
2024-07-19,470.8245544433594,477.2146398442787,469.53664478511604,474.69823041742177,42042900
2024-07-22,477.8387756347656,478.85920470287533,473.2715913896256,476.6895495582666,40300000
2024-07-23,476.1545715332031,479.92917053758373,475.67905054621997,476.9372401363334,23282500
2024-07-24,459.0747375488281,469.7842993335882,458.21282556323735,469.4177418439957,58818600
2024-07-25,454.01220703125,463.59237645887646,451.3967509671105,459.4115832282099,59256800
2024-07-26,458.6685791015625,461.60106948166003,455.4982979856442,458.3515449431624,39992100
2024-07-29,459.58990478515625,463.56265759959666,457.3310894463461,461.3830856787975,28218500
2024-07-30,453.2791442871094,462.2252464673246,449.93054261059604,461.5218514548279,41317200
2024-07-31,466.6933288574219,468.39734966717026,462.076620963173,463.5230477398301,44552100
2024-08-01,455.3893127441406,471.1316633842162,451.74351079884156,467.37689795882113,56653900
2024-08-02,444.5806884765625,449.35591337831903,440.340454930092,446.7008203668183,66323200
2024-08-05,431.3249816894531,438.1807014186111,419.51574708871345,420.76401989618296,87483500
2024-08-06,435.44635009765625,442.91630484411263,430.5225248808415,433.16773136287384,63164400
2024-08-07,430.7305908203125,444.82839240368696,430.33431322132714,442.34170285143637,54929200
2024-08-08,443.90704345703125,444.8184789180148,433.0884865440954,436.9621628383831,47890100
2024-08-09,446.2253112792969,447.8599753277891,441.4698892252678,442.58939540070884,33574000
2024-08-12,447.1862487792969,450.1484591172227,444.3825252809175,447.19616554453364,27795000
2024-08-13,458.2821960449219,458.5497068481307,451.4463093931689,451.5850231776538,40084500
2024-08-14,458.4308166503906,460.78867882910635,454.1410294667669,459.203568511929,34733700
2024-08-15,470.0122375488281,470.40851515300034,464.02834595348503,464.40482025936376,38280600
2024-08-16,470.6165466308594,471.9837300381218,467.2679450064729,468.2289340511398,38383600
2024-08-19,476.79852294921875,476.838159775864,468.9719276760101,470.75522206656456,23737700
2024-08-20,475.7979431152344,478.4530361414534,474.1038088531109,475.8871033026028,29209300
2024-08-21,478.0171203613281,479.86974146186225,474.86667281387304,476.58058013398335,25658800
2024-08-22,470.438232421875,481.0289153501266,469.4078864699155,480.335406871414,37739600
2024-08-23,475.54034423828125,478.25487736174836,470.8641963105765,474.7873956850109,36061500
2024-08-26,470.92364501953125,475.91682719058724,468.8431499287544,474.9954750129997,27452600
2024-08-27,472.3304443359375,473.400396779738,467.32734562030106,469.28896037364865,27510000
2024-08-28,466.970703125,472.5880063433666,463.5428583776521,471.86480810777596,37372400
2024-08-29,466.28717041015625,473.48961501926226,465.00914714593944,468.88282353592905,41081500
2024-08-30,471.8450012207031,472.4691527766626,466.1385374963052,470.62644840577417,33466500
2024-09-03,457.51934814453125,468.9323056206166,455.1416524496019,468.8035388395337,44985200
2024-09-04,456.3304748535156,460.1348241601613,453.477258224592,454.40852713775496,32505100
2024-09-05,456.7565612792969,461.036401888434,453.68535682514226,454.7057860543502,34452400
2024-09-06,444.521240234375,456.9348232587385,444.0258857158704,456.05307770346093,50624400
2024-09-09,450.23760986328125,451.2283188768992,445.64073576179464,448.8506232910241,32981200
2024-09-10,454.3985900878906,454.9038613489134,448.0283385228492,452.0010610232758,29680300
2024-09-11,464.2660827636719,465.0091145713216,447.08719099889396,455.6370151696974,57843000
2024-09-12,468.82330322265625,469.6356918398223,462.51249187772487,464.2957559423951,40067800
2024-09-13,470.92364501953125,472.1025912298367,467.86235762577684,468.0902315957997,29111800
2024-09-16,468.8431396484375,469.4573744200276,465.524288528779,468.79361628971213,22585600
2024-09-17,469.0908203125,473.16265024621885,466.59424438062723,471.86482380417743,30084400
2024-09-18,467.05987548828125,474.38119962315574,466.4555272479723,470.2895966560615,39909200
2024-09-19,478.869140625,481.71250116567927,476.0258103183634,478.1261087929225,52782500
2024-09-20,477.9576110839844,479.19599722698985,473.8560616660125,478.00713443608987,34577700
2024-09-23,479.224609375,480.315926835132,477.7959811138323,479.135323893243,24843000
2024-09-24,481.53619384765625,482.48860259985565,476.3772853530918,480.6333780488886,25952600
2024-09-25,481.9826354980469,483.93707616737726,480.732578237264,480.91114919551086,26549900
2024-09-26,485.6037902832031,489.80038938586057,481.96276544725106,489.47297902508933,32020200
2024-09-27,482.9052734375,486.76456175281504,481.72467055232573,486.6256530479584,22851100
2024-09-30,484.2148742675781,484.55218506630086,479.10555878077656,481.9429538811356,30281100
2024-10-01,477.4685363769531,484.14538839099305,473.62910955506385,483.8477701398877,42735400
2024-10-02,478.1431884765625,480.05793653831387,473.9465894744548,476.5657209152366,23744000
2024-10-03,477.7860412597656,480.72265250634194,475.2065719333754,475.95064787695753,25337200
2024-10-04,483.47076416015625,484.0263384101603,478.57971250941176,483.5997421604296,30686600
2024-10-07,478.2920227050781,482.72671654095666,477.0717272577596,481.55604432247213,24975100
2024-10-08,485.4351501464844,486.11970246020155,480.0282162700938,480.83181589462646,28272000
2024-10-09,489.25469970703125,489.8301353566888,484.09579164367744,485.1374857909003,24995000
2024-10-10,488.6991271972656,490.56428230026705,485.6632999428998,486.97288079520195,25750400
2024-10-11,489.46307373046875,490.48496711592765,486.29829849674525,486.86377321706453,20644500
2024-10-14,493.57037353515625,494.8898548804224,491.34807641617016,491.85402746733337,26060100
2024-10-15,486.9728698730469,494.5624378387375,484.81999699247893,493.89771672699226,34784500
2024-10-16,487.03240966796875,487.8062474023501,483.718795252719,487.30026609568785,22996800
2024-10-17,487.3697509765625,492.56835196515686,487.3102273222296,492.51875901205545,27210700
2024-10-18,490.56427001953125,491.65558736912976,489.4034983212025,490.1575049039297,25335000
2024-10-21,491.50677490234375,492.31037442782247,487.42922335035456,489.3539020420387,30336500
2024-10-22,492.0425109863281,493.5207623873369,488.0840368199485,488.8380434331737,26685800
2024-10-23,484.50250244140625,490.3459927399207,481.218650061365,489.6912023486025,39346600
2024-10-24,488.43133544921875,489.10595708918146,485.57407876640025,488.2229723702212,22024900
2024-10-25,491.4075927734375,496.32840643950317,490.52460813834386,491.22902181685464,38762100
2024-10-28,491.4869384765625,494.58228943962433,491.189320221086,494.52276578852906,20477800
2024-10-29,496.2093505859375,497.38995346166206,489.94919430030234,491.8044187402905,28014100
2024-10-30,492.459228515625,496.39787173074626,491.9731085864843,495.4454629981242,29756000
2024-10-31,480.0281982421875,488.5404136876197,479.92898206139125,488.4908207354854,41245200
2024-11-01,483.57989501953125,486.8736783677744,481.36752865476586,481.6651469129995,33655800
2024-11-04,482.171142578125,485.5145189767317,480.4250346737851,482.97474217579787,23291600
2024-11-05,488.3221435546875,488.986864708101,483.66918631037436,483.7584717889176,24353600
2024-11-06,501.5865783691406,502.4100394299814,495.6538317777052,496.6062405794872,43082200
2024-11-07,509.4836730957031,510.2674718663417,504.32476456953594,504.38428822463,32853100
2024-11-08,510.0789489746094,510.8527564586331,508.36257264354634,508.9876012725544,22924500
2024-11-11,509.7813415527344,511.5075880683992,506.8843925321375,511.2992250032805,24167500
2024-11-12,508.858642578125,510.59481982391384,505.80298394720904,509.711895702093,25835300
2024-11-13,508.203857421875,510.9122744153452,505.9220366929146,508.35269682828596,24567400
2024-11-14,504.6719665527344,508.73955728941615,503.7592201185579,507.8665336575629,28679500
2024-11-15,492.6477355957031,499.3543196021951,490.58414799637626,498.9674158501514,51461100
2024-11-18,496.0704650878906,498.17374520817333,492.80647371552027,494.1954094353085,27080800
2024-11-19,499.4833068847656,499.9694571048066,493.1536958116036,493.49103689348044,24523000
2024-11-20,499.1955871582031,499.5031361161102,492.6377823112046,499.1856564574556,29565500
2024-11-21,500.9913024902344,502.95564359753246,493.6298978588017,502.24132948309835,34526700
2024-11-22,501.7948913574219,502.5290365817057,498.8086569561695,500.4357175118036,23826600
2024-11-25,502.58856201171875,507.41018976726633,500.2769794512125,505.87241468402135,26375200
2024-11-26,505.28704833984375,506.11050927210346,503.22349121211295,504.0667529918503,26557100
2024-11-27,501.3087158203125,504.2254957213914,497.9653396767726,504.15607164871835,24957400
2024-11-29,505.7136535644531,506.308920336892,501.31865253598164,501.93375043277575,15334000
2024-12-02,511.2198791503906,512.1822489405321,506.58678283420767,506.9737168906479,25147200
2024-12-03,512.787353515625,513.0651709231122,509.31499924035353,509.890434903682,18597900
2024-12-04,519.1268920898438,519.3848480945504,515.4957677287545,516.2101120920232,26086200
2024-12-05,517.6883544921875,519.9007209183162,517.3014204692249,519.1765063776851,18169600
2024-12-06,522.3214721679688,522.5595667910787,518.2240889616199,518.3530669746475,23762600
2024-12-09,518.2538452148438,522.1924580312864,517.102973878682,521.3987891581372,20674400
2024-12-10,516.4879150390625,521.2301883413037,515.0592867380795,519.4840803564292,24350000
2024-12-11,525.7342529296875,526.4188051823884,520.4463971119644,520.8531319621538,32168600
2024-12-12,522.3412475585938,524.7818381497026,521.8650583907863,523.5119196314856,23577500
2024-12-13,526.3394165039062,528.9585173420876,523.1348888305102,526.2699621617475,28780400
2024-12-16,533.9191284179688,534.8914288475645,528.7899817598816,528.8693668170654,31979900
2024-12-17,531.5677490234375,533.234471579217,529.9109571669914,532.1233232086973,28579100
2024-12-18,512.3905639648438,532.6393867756537,510.9421347229387,530.9230707876706,54703200
2024-12-19,510.1086730957031,517.6387480839205,509.7713925868022,517.0732431157651,46441800
2024-12-20,514.563232421875,520.674610325421,505.2672783831969,506.4081888202465,60530000
2024-12-23,519.576416015625,519.9540272324169,512.8788812504641,516.2773215508976,29672800
2024-12-24,526.621826171875,526.7112253012842,520.8881517500126,521.5241349732042,17558200
2024-12-26,526.2639770507812,527.8936610974116,522.994722895012,524.9920714258506,19090500
2024-12-27,519.2684326171875,523.1339443647176,514.598025422934,522.6967134646023,33839600
2024-12-30,512.3621215820312,516.088500066774,508.60593328242436,512.2627757493814,34584000
2024-12-31,508.009765625,514.3992253569596,507.04587445625845,513.6440635547258,29117000
2025-01-02,507.0160827636719,513.3857099460889,502.52453474139946,511.06042287109295,36389800
2025-01-03,515.3134765625,516.3767439002675,509.3015977009679,510.11637914045036,29059500
2025-01-06,521.2359619140625,524.5946765405293,518.7418230577623,520.719278575862,36109700
2025-01-07,511.93487548828125,522.67678090554,510.0468799728483,522.2793368947259,36690300
2025-01-08,512.0243530273438,513.6639233488847,507.35394602071244,511.83554740418106,30777800
2025-01-10,503.9952392578125,508.35757110922964,500.74584773317105,508.2582252642564,40532500
2025-01-13,502.3755187988281,502.83261280745984,496.55244498887237,498.0429966184263,31694200
2025-01-14,501.89849853515625,506.94651670595886,498.4304916746537,505.5354479124467,33737200
2025-01-15,513.4453735351562,514.5880934164899,508.2383591191385,509.7985074587959,34957600
2025-01-16,509.8481140136719,515.790426445023,509.7189280346691,515.710913384707,28229000
2025-01-17,518.4535522460938,520.768892568159,509.8779077274795,519.5565458046289,51837900
2025-01-21,521.4942626953125,522.6568758608805,516.7841297495139,521.1762711033113,23628000
2025-01-22,528.1620483398438,530.4574953112844,525.926221004647,526.2342659003573,33593000
2025-01-23,529.2849731445312,529.4042124255304,525.1213630726537,525.7076127624492,23096600
2025-01-24,526.2938842773438,530.427653898665,524.8232261530454,529.6625453438141,19878300
2025-01-27,510.97100830078125,514.7271665075501,506.936554378914,507.7812062861425,60771700
2025-01-28,518.5231323242188,519.7056389765987,508.5563122008364,511.9746158466005,33194200
2025-01-29,517.54931640625,519.2982398960235,513.6440786970315,519.1690539120722,26649000
2025-01-30,519.7552490234375,522.7860246698378,514.9457705817763,520.4111255886488,27431300
2025-01-31,519.0000610351562,528.1719622881295,517.9070142215932,523.6009014071057,38755200
2025-02-03,514.846435546875,517.5691667149378,507.8309085723365,510.2356481268789,40580800
2025-02-04,521.1663208007812,521.8023039804046,514.9656364261884,515.3631410761267,26046800
2025-02-05,523.5313110351562,523.6903371484422,517.3405736456352,518.5330268925136,21134100
2025-02-06,526.2639770507812,526.472676075882,522.4283060989018,524.038096719135,19434500
2025-02-07,519.6261596679688,528.7483284429109,518.9007772767695,526.8007131129621,29605500
2025-02-10,525.916259765625,527.0192533310259,523.432007239571,523.8990176021349,20852800
2025-02-11,524.6641845703125,526.5820202342347,522.5178170831823,522.6470030660466,19325500
2025-02-12,524.9722290039062,525.8566374548477,518.6622518801204,519.0100229717194,25009400
2025-02-13,532.5244140625,532.8423450241579,525.856658218969,526.6416602099531,28714800
2025-02-14,534.76025390625,535.445910069072,532.2958340155867,532.6337190649526,17862600
2025-02-18,535.9724731445312,536.5985095911096,532.6634320198589,536.3301909280925,20565000
2025-02-19,536.1216430664062,537.4034956659445,533.0809200913482,535.177614880373,19666900
2025-02-20,533.845947265625,535.7041632085364,529.106034929491,535.3364987054381,26550800
2025-02-21,522.7662353515625,535.0086388627485,522.3985708362279,534.9887454346671,47093800
2025-02-24,516.5953369140625,525.7373982954535,516.2575125365582,524.5548916727963,39268400
2025-02-25,510.08660888671875,516.048814936847,506.2310441222468,515.9693018739836,48940000
2025-02-26,511.3188171386719,516.3866683055141,508.14890831803217,512.2827387092531,34457600
2025-02-27,497.1188049316406,515.8004025498751,496.90018949133594,514.866321152696,52448000
2025-02-28,504.96905517578125,505.5751982352111,493.7998352114138,496.9796905709141,47654000
2025-03-03,493.9190673828125,509.80833658708485,490.4709237175102,508.29792199196845,44587200
2025-03-04,492.42852783203125,500.5669416036149,484.6677252997208,491.0671622880661,67875400
2025-03-05,498.8478698730469,500.45766070927147,488.1655836699512,493.0744692441924,46323700
2025-03-06,485.1248474121094,495.43943846939203,483.1374453830968,490.58025627763743,57574300
2025-03-07,488.6922302246094,490.172835031535,477.5031471015196,484.0913896771833,54714700
2025-03-10,469.7523193359375,480.9215096966139,465.7079486891979,480.4047960555825,76668000
2025-03-11,468.62939453125,475.7939702022416,464.0683106107926,469.37467027626616,68760800
2025-03-12,473.9158935546875,478.0297999193566,468.8182025802525,476.1417740872487,46971100
2025-03-13,465.38995361328125,473.27994250338116,463.4919809381716,473.25013268441506,46563300
2025-03-14,476.6386413574219,477.5329662224829,470.13982810737366,470.7460015069771,43563000
2025-03-17,479.7290344238281,482.77970385821135,474.7903391011045,476.58893553595675,41744400
2025-03-18,471.5509033203125,476.5889445811857,469.4343152382102,476.3902225670012,39072300
2025-03-19,477.86090087890625,482.27290553437547,471.8788012950444,473.80658371122826,40430300
2025-03-20,476.2411804199219,481.4978372007988,473.18056416842603,473.87616704158864,36780500
2025-03-21,477.81121826171875,478.57635716753504,469.9311760645656,471.0937893328144,42234900
2025-03-24,488.2964782714844,489.1423898676164,482.0666231789857,485.39053064456095,34567200
2025-03-25,491.0829772949219,491.24221021375496,488.0576429488141,489.02297163947037,26035200
2025-03-26,482.0467224121094,490.7844275024884,480.49423943900865,489.92855437237864,34627100
2025-03-27,479.2999572753906,484.23605568618603,477.9365616361051,480.08616022723464,33469800
2025-03-28,466.68109130859375,478.2052964153207,465.79536391222956,477.49872503017417,46363800
2025-03-31,466.6611633300781,467.5966072840796,455.12696717610356,459.6948832614754,53000300
2025-04-01,470.4229431152344,471.34845587241415,462.1828303710836,465.0489314542302,41156200
2025-04-02,473.8563537597656,477.2499312507818,463.6159127395909,463.87467002418674,49894500
2025-04-03,448.48907470703125,457.85374829935085,447.9715905954961,454.2412299532692,70456300
2025-04-04,420.63397216796875,438.24869137872236,420.63397216796875,436.0294529358994,117088400
2025-04-07,421.6490173339844,441.0053356019918,400.4516351196774,406.69142055496206,161557000
2025-04-08,414.0557861328125,441.0053554988176,407.81600041600757,436.0493338288811,101248100
2025-04-09,463.7552490234375,465.57642043659325,413.42884056901664,413.5681807581863,142876900
2025-04-10,444.03070068359375,453.3953754518723,430.5459844866977,451.3751553721857,108384100
2025-04-11,452.21112060546875,453.5944394661005,439.2040723268698,442.5080869674275,52483800
2025-04-14,455.2762756347656,462.80978696729005,450.4496325846052,462.2226327115798,43941200
2025-04-15,455.7838134765625,460.15268105084914,453.9526805576148,456.33118230210107,35404200
2025-04-16,442.04034423828125,450.4396905530406,435.6512868687369,446.86698749756175,48980600
2025-04-17,441.9607238769531,445.59313532137156,439.2339021288606,445.0159426129849,44837000
2025-04-21,431.02362060546875,436.9648633110088,425.86858083880827,436.1189822025886,44149300
2025-04-22,442.33892822265625,445.42397106891866,435.5119573980011,436.7061890853483,52304400
2025-04-23,452.3703308105469,461.14785116525866,450.6984308488603,455.9629568263105,55801100
2025-04-24,465.0987243652344,465.4072286279397,453.6341981671536,454.28109133466916,45956100
2025-04-25,470.28363037109375,470.81107609503925,463.1481859616907,464.72056158591084,38697100
2025-04-28,470.13433837890625,472.5227711679886,463.785066874951,470.7513468926074,33550800
2025-04-29,473.23931884765625,474.1250461983433,467.32793004665405,467.9051531308386,30613100
2025-04-30,473.1795959472656,474.90127322951986,460.2024029412006,464.87977453427817,46810600
2025-05-01,479.35968017578125,484.83318599096134,478.4242058431775,481.08135748377987,43316500
2025-05-02,486.4752502441406,488.54524771174533,482.49451859013254,484.19630323903306,39218100
2025-05-05,483.5892028808594,486.6742758401759,481.768031598775,482.26562303187217,28309500
2025-05-06,479.09100341796875,482.71345338039805,475.88651326591844,477.2499089792982,32786300
2025-05-07,480.97186279296875,483.4598199362607,474.4832814966688,479.75773849221946,38006300
2025-05-08,485.9378356933594,490.3265956463865,481.83768726665016,486.1766698555149,39577600
2025-05-09,485.619384765625,489.172194889319,483.8579220246552,487.8485846688506,27767400
2025-05-12,505.40362548828125,505.44344130675324,499.0643154796623,504.5477524292731,45090600
2025-05-13,513.1063842773438,514.8977013705513,505.97090943590337,506.707335072133,53269600
2025-05-14,516.181396484375,516.728734864557,513.2655182310583,514.2806241027265,47014500
2025-05-15,516.748779296875,519.4158624817272,512.6884155979109,514.0319491096225,50153300
2025-05-16,518.9978637695312,519.1869509574169,514.6090729974479,518.1519218274547,48394600
2025-05-19,519.4954223632812,520.0129368955124,511.76283198638407,511.76283198638407,52536200
2025-05-20,517.7638549804688,518.4206490040874,514.171198352801,516.96766002425,42517600
2025-05-21,510.5686340332031,520.4806779894516,508.77731688816084,513.7831162356644,71292800
2025-05-22,511.5240173339844,515.2161678084017,509.8321942334835,511.18562841742636,55607200
2025-05-23,506.78692626953125,509.37440786318274,503.14455323986806,503.74166904926017,58368100
2025-05-27,518.7091674804688,519.1968580915909,512.1111611741854,513.6636439652767,47226300
2025-05-28,516.4103393554688,521.1573812940497,515.8928855439889,519.6646069225357,46637200
2025-05-29,517.4254760742188,523.9439124018006,514.8280630915039,523.7946714004786,58513300
2025-05-30,516.6093139648438,518.1717582051239,509.4639089540041,516.9377412869756,67662800
2025-06-02,520.689697265625,520.9285314569356,513.4845216279213,514.7484234216115,44762800
2025-06-03,524.7598876953125,526.192953382638,520.172109482974,521.0379136751978,44070300
2025-06-04,526.2228393554688,527.2876922621837,523.4362788655679,525.4664906934179,41359300
2025-06-05,522.2620239257812,530.4822445825432,520.1422794419956,527.6260744548405,61031200
2025-06-06,527.3672485351562,529.2381970448477,525.6655248338539,527.446880166096,42467000
2025-06-09,528.1436157226562,529.7856311828058,526.4617540692666,527.5863156876297,33688700
2025-06-10,531.6366577148438,532.3233363181573,526.342277608641,528.6112629449328,40664800
2025-06-11,529.8452758789062,534.1942808270467,527.5563674659288,533.039834702878,53701000
2025-06-12,531.0892333984375,532.0645538594068,528.282871317245,528.5316670205602,34104900
2025-06-13,524.421630859375,529.3079524332428,523.197514523019,525.1381334298933,55814400
2025-06-16,531.7162475585938,532.7910620936354,527.8947792535579,527.9445262501218,37622100
2025-06-17,526.5313110351562,530.7608377600702,525.3669034737391,529.1486465500997,42180900
2025-06-18,526.4417724609375,529.9846210200801,524.8594657253662,527.5464108599048,43983500
2025-06-20,524.292236328125,530.989797962704,522.3516174800588,529.6960723110417,61643500
2025-06-23,529.6832275390625,530.2012624901581,521.7128229011945,524.8611059770333,50666100
2025-06-24,537.7831420898438,538.6997215726698,534.2861174166954,534.9038188952696,45442000
2025-06-25,539.157958984375,541.3000294115662,537.3845756916884,540.0546537700266,44804200
2025-06-26,544.1992797851562,544.6476272131085,539.5167156535897,541.339901952907,43811400
2025-06-27,546.0623779296875,547.9553124291843,542.5254624415982,545.2354314727291,57577100
2025-06-30,549.5992431640625,550.7549250315776,546.9789678853869,549.2206440950201,45548700
2025-07-01,544.9664306640625,548.6727003482655,542.6450333450836,547.6962844543337,56166700
2025-07-02,548.7623291015625,548.9616013728256,544.099649838931,544.1394799694398,36538300
2025-07-03,554.1622924804688,555.1387084222483,551.1335605372531,551.1335605372531,26443500
2025-07-07,549.9878540039062,552.2893059767699,547.5469053516296,551.4723321808171,45349300
2025-07-08,550.2967529296875,551.960558064613,549.0612889873505,551.3328837616745,36153300
2025-07-09,554.1921997070312,555.5670993773455,551.0538285444961,552.4287282148103,43045500
2025-07-10,553.3952026367188,555.2383344969288,550.7051787469096,554.8298779906593,34710900
2025-07-11,552.1497192382812,553.7338028939057,550.0076489560154,551.2530245132971,39618600
2025-07-14,554.15234375,554.8895964181139,549.5892702624878,551.9405249362994,36453300
2025-07-15,554.660400390625,558.7253235687808,554.6006247913591,558.177370440617,43277700
2025-07-16,555.2283325195312,558.1375740177878,549.519549612121,555.2184205935204,52314700
2025-07-17,559.7216186523438,560.229741645841,555.1486333295833,555.9556343165032,40423800
2025-07-18,559.1836547851562,562.6407884950407,557.9083608963978,561.0367592084838,50484700
2025-07-21,562.0828857421875,563.9659084478778,559.9807060956166,560.0106243017523,39595200
2025-07-22,559.1737060546875,562.2622135594852,556.5434579032301,562.212410691865,43270600
2025-07-23,561.7241821289062,561.7640122575135,557.5098504754792,560.2596495832936,40215300
2025-07-24,562.9197998046875,564.145230057719,561.2061311881392,563.0393510094046,42275500
2025-07-25,564.2747802734375,565.599877131678,562.1825732841013,562.8401049406639,30630800
2025-07-28,566.0381469726562,566.934780883673,564.7728259539763,565.6396024726357,31498700
2025-07-29,565.1614379882812,569.9934711462136,564.4341580737452,568.648489779181,45463300
2025-07-30,565.918701171875,568.5090584763351,562.9596566910935,566.078082515952,43433800
2025-07-31,562.9197998046875,572.5042065088016,561.784002550513,572.414512700583,64613600
2025-08-01,551.8309326171875,556.9519318446527,549.6390593282571,556.7626323149415,69400800
2025-08-04,562.0131225585938,562.2323403030458,556.8822111512052,556.9818168836358,47669800
2025-08-05,558.197265625,564.4639734860455,557.659224470718,563.2983190006893,48666600
2025-08-06,565.2212524414062,565.6596271290572,558.5559991276681,559.0342039471559,41823700
2025-08-07,567.1340942382812,571.1990173575662,563.0193682552224,569.5550971875249,44463000
2025-08-08,572.4244384765625,572.6436562068012,568.0407527747095,568.3396307619837,35255500
2025-08-11,570.730712890625,574.6661119984625,569.4554798808987,572.5639325532171,33112900
2025-08-12,577.9041137695312,578.2029917684722,570.372084149425,573.0321895540377,42143300
2025-08-13,578.1930541992188,581.1620102059526,576.7982091868794,580.604084362888,41209300
2025-08-14,577.7447509765625,579.7273793774012,575.7720345015408,576.1407216563158,45425000
2025-08-15,575.2041625976562,577.6949138700501,573.4406912378071,577.6550229317031,49480200
2025-08-18,574.9749755859375,575.6325679790418,573.1118984877381,574.3074712675442,29831000
2025-08-19,567.1740112304688,574.4270476767487,566.1477924665415,574.2576936083949,53752600
2025-08-20,563.8065185546875,566.3470728538312,556.7726389420532,566.2275216498264,76781100
2025-08-21,561.1961669921875,564.3942526345425,558.9046272267002,562.2621550000686,46436900
2025-08-22,569.85400390625,571.8665505027725,561.186237654488,562.5810219572568,51502100
2025-08-25,568.2100830078125,571.1690661717927,567.0543404263368,568.2898040708618,34044700
2025-08-26,570.4916381835938,570.8004889189272,566.6957355547859,567.7219543005008,34103000
2025-08-27,571.368408203125,572.2849877073902,568.2599552674767,569.4754735923461,36927100
2025-08-28,574.9451293945312,575.8617088595212,570.3422257905413,571.9860851866184,46787900
2025-08-29,568.2898559570312,572.9027323513419,566.4366907257225,572.5340452045847,56030400
2025-09-02,563.5275268554688,563.8762077332766,557.4700023275942,559.2334738058692,65876800
2025-09-03,567.9611206054688,569.5850955347586,564.6334496680194,567.1242013007502,54230200
2025-09-04,573.1019287109375,573.4705550386212,566.9249141338813,568.6285491052419,47526300
2025-09-05,573.9288330078125,578.9701108367434,569.4156236042274,578.3424366904492,68342500
2025-09-08,576.7284545898438,578.6911981583403,575.6325483844515,576.2303043493281,46371400
2025-09-09,578.3624877929688,578.7908897662577,574.9052929899314,577.5255685086003,44007600
2025-09-10,578.5517578125,581.6104078841153,576.4096872460331,581.5804896782814,49308000
2025-09-11,581.919189453125,582.7162176589113,579.4682684312116,581.0822703109691,44745800
2025-09-12,584.4896240234375,585.6851967841828,581.9390971782137,582.875622079706,50745900
2025-09-15,589.4910888671875,589.6006673309763,586.1136154844122,586.263084887294,44360300
2025-09-16,588.9929809570312,590.666758666618,588.3055311111864,590.4176835168099,36942100
2025-09-17,587.8173217773438,589.560847731768,582.2081448420756,588.9132280535239,69384800
2025-09-18,593.1176147460938,595.9271894237951,590.7663601849613,592.709097492132,61069300
2025-09-19,597.1326904296875,597.83011295333,593.6456386208329,595.1202047360832,58196100
2025-09-22,600.667724609375,601.3360027595129,596.1990824942005,596.2190510860968,57154800
2025-09-23,596.6779174804688,601.0367933292055,595.4609900615409,600.8372900448078,64635500
2025-09-24,594.583251953125,598.3736318933126,591.8502333814113,598.0544387994095,49850300
2025-09-25,592.0198364257812,593.6057566967052,587.0026056631178,590.6932034651784,70920200
2025-09-26,594.4535522460938,594.7827296224774,589.5560723046866,592.8376791327265,54337400
2025-09-29,597.20654296875,600.5181027058711,595.8898943349653,597.5855809487724,48332900
2025-09-30,598.8424072265625,599.1815689140329,594.5832523790604,596.9073409482912,46533800
2025-10-01,601.7150268554688,602.2536309055715,594.8226361779185,595.6504804045827,46899600
2025-10-02,604.188720703125,605.6150748101588,601.3958573858611,605.5153536087707,43765400
2025-10-03,601.645263671875,605.7847287787447,599.859840058186,604.9668078782124,46482100
2025-10-06,606.1636962890625,607.8094613156995,604.4280726015548,606.9018036091138,41962100
2025-10-07,602.9718627929688,608.1586438162234,601.4956480641417,607.4703970532165,58209500
2025-10-08,609.88427734375,610.1934861561377,603.7200088104369,603.8695906281247,50629800
2025-10-09,609.1461181640625,610.0537759298148,605.9342796270852,609.9241018375851,45551000
2025-10-10,588.0000610351562,611.6198017284072,587.5511938507611,609.8443624637231,97614800
2025-10-13,600.4782104492188,601.415821078074,595.7103438165695,598.1541220292103,65872600
2025-10-14,596.4783935546875,601.1564623206032,588.6284235801336,593.7952358040048,69203200
2025-10-15,600.6876220703125,605.1562641092269,594.4136488911962,602.4731063786636,62805500
2025-10-16,598.4633178710938,606.7621549667239,593.9847524006545,603.5702851791965,70982000
2025-10-17,602.393310546875,603.9693073296388,594.8525491800316,596.4285459627954,72024900
2025-10-20,609.98388671875,611.2406903321764,605.5252900595317,605.5951192469275,45761700
2025-10-21,609.8244018554688,611.1609582497778,607.7696457807522,610.0837500489531,44538200
2025-10-22,603.9493408203125,609.8542605281881,598.2139715066553,609.2657958565487,61478800
2025-10-23,609.0264282226562,609.8143961922938,602.9818500103868,603.3708114071275,42844300
2025-10-24,615.52978515625,616.8464337655934,613.5648269782704,614.4226241256162,47632500
2025-10-27,626.4918823242188,626.9506729134798,622.4422152319877,622.930958710038,54098600
2025-10-28,631.3095703125,633.0651018787079,627.648925370604,628.7560864561588,61195700
2025-10-29,634.15234375,635.3891789092543,628.6463695521778,633.9728090539653,67422800
2025-10-30,624.45703125,631.8880872300178,624.3473257513068,630.5614543099158,61628600
2025-10-31,627.4693603515625,632.5863121135939,625.0954113092228,632.5563592252307,66305100
2025-11-03,630.4716796875,634.2021534587442,628.2473125587718,633.4939381480045,37154300
2025-11-04,617.6743774414062,625.354797701833,616.8864094378021,621.6941527131348,63830800
2025-11-05,621.6941528320312,625.0056518350635,615.6395900613109,616.9163015661201,48688500
2025-11-06,610.1136474609375,620.4572571227977,608.7471381645778,620.2078932237561,72115100
2025-11-07,608.1885375976562,608.3980251800011,597.1466973484642,606.7621834660789,81835400
2025-11-10,621.6442260742188,622.7214951546598,615.3203917446493,617.3451949289606,55919900
2025-11-11,619.9884643554688,621.1355017301039,615.9487814833327,618.9910087880348,44868800
2025-11-12,619.4996948242188,623.2700450530867,616.2379957742788,623.2501373408774,47444400
2025-11-13,606.8519897460938,616.5472286099415,604.5378855310528,615.9686873362173,71333600
2025-11-14,607.310791015625,611.7893568378086,595.6505328274214,598.0244819828539,80087300
2025-11-17,602.1240234375,610.9215891749508,598.3436886131177,604.7573208445992,63850400
2025-11-18,594.792724609375,600.7774579901122,589.8353996813287,598.0943000892208,83327300
2025-11-19,598.3436889648438,604.6176628042144,593.077155027408,595.5508254465173,73111500
2025-11-20,584.1798095703125,612.4676969147798,583.262167456246,610.0637948039835,117743200
2025-11-21,588.568603515625,595.4609945768989,579.2623261905873,585.9751825584982,103344200
2025-11-24,603.6201782226562,605.1363301511908,593.6456226504143,593.7653733267485,60168100
2025-11-25,607.3406982421875,608.7072074163303,595.8001307211132,601.9743827443708,57560900
2025-11-26,612.70703125,614.6221288317284,608.8368989020178,610.9514997668095,42393600
2025-11-28,617.6743774414062,617.7442066386661,613.8541054647261,614.5423522607352,23034400
2025-12-01,615.599609375,617.8638528985133,610.961477711232,612.0686387329198,40957600
2025-12-02,620.4173583984375,622.1629056286581,616.018606165418,617.8838431924653,54541800
2025-12-03,621.9335327148438,622.6317029281745,616.4575112334458,618.0434315384043,47841600
2025-12-04,621.35498046875,623.3498916256304,617.9636071501104,623.339907329069,47067800
2025-12-05,623.8884887695312,627.3197383563271,622.1230338136666,622.7913119974152,53614200
2025-12-08,622.6915893554688,627.2399842967836,620.10815265492,625.6141268554061,43462400
2025-12-09,623.4595947265625,624.2775156033157,619.4199118254116,621.4248072711308,37156000
2025-12-10,626.0130615234375,627.6090269272694,619.4099106697121,622.2626189242517,55031400
2025-12-11,623.98828125,624.1877845427603,616.148234091509,622.2327496814814,58272800
2025-12-12,612.0587158203125,621.953458575216,609.8044563667469,620.4972123256402,75158700
2025-12-15,608.9865112304688,616.8464661142882,607.7696446385382,616.7966055109866,49538200
2025-12-16,610.1934204101562,611.9489518835392,605.3657088583533,606.7123103516171,55152800
2025-12-17,598.8822631835938,612.0886258751325,598.7526499708691,611.5001003103562,70654300
2025-12-18,607.5601806640625,611.3704684542074,605.3757504118026,608.2484274799762,78875800
2025-12-19,615.4799194335938,616.0484763883416,610.3131071204459,610.392920608793,60369800
2025-12-22,618.4302368164062,620.8671665076671,616.9920478025754,620.5674955378034,43703100
2025-12-23,621.3265380859375,621.6261480926279,617.0020349130734,617.42148892244,41120400
2025-12-24,623.144287109375,623.4938829346665,620.9370481838333,621.2067276835874,18468700
2025-12-26,623.1043090820312,624.7322611929134,622.3552536061636,623.873297918951,28959800
2025-12-29,620.088134765625,621.995763643064,617.9508150333834,619.3190849184411,32458300
2025-12-30,618.64990234375,621.3964390816567,618.4401448660525,619.0594201394988,31226800
2025-12-31,613.536376953125,619.1792861072609,613.2766946262738,618.8696789386981,40746500
2026-01-02,612.347900390625,622.0656280105537,609.381669736326,619.2791633693975,61859200
2026-01-05,617.2117309570312,620.0281869343077,615.9433108116908,618.5400731036631,46828400
2026-01-06,622.6348876953125,623.2341686687002,617.7610283782293,618.4501618747352,43137500
2026-01-07,623.2341918945312,627.1492383750701,621.7760085257346,622.2553845556755,44880300
2026-01-08,619.6885986328125,622.6348958217857,617.0219780933957,622.2454332860368,50435900
2026-01-09,625.86083984375,627.0992684709724,618.280371644388,620.6273877403378,49688700
2026-01-12,626.3801879882812,628.0580650499223,621.4763979710708,621.5263228144307,37388700
2026-01-13,625.4513549804688,628.6772678768714,622.9145755930199,626.4800871429724,44481400
2026-01-14,618.769775390625,622.6648884214621,613.7860691564842,621.4563902550666,72598700
2026-01-15,620.9970092773438,629.206628407055,619.9682771169513,625.8108857116995,53934900
2026-01-16,620.4776611328125,625.2915986535979,618.1006533744517,624.7123119754499,61058100
2026-01-20,607.2942504882812,614.2854351912486,606.2855126563834,609.7611716460692,81988900
2026-01-21,615.50390625,619.6386461402016,607.0944662344775,608.7024240227943,79837900
2026-01-22,619.978271484375,621.6761428244047,617.0020437780021,621.5662350217955,42254800
2026-01-23,621.935791015625,624.612469784726,617.8709699342951,618.949566020391,43645800
2026-01-26,624.67236328125,626.81961915323,621.3365426117721,622.425196766994,35983000
2026-01-27,630.335205078125,631.2440322678261,626.5499998769385,628.1179690883873,38997200
2026-01-28,632.4225463867188,635.7982947738302,631.014348844542,634.6597767228699,50691700
2026-01-29,628.6373291015625,632.8719797654484,617.4914101080947,631.8533057393616,79944000
2026-01-30,621.0868530273438,627.4688205124429,618.5200822009824,624.9220440060533,65650700
2026-02-02,625.3515014648438,627.6985176699922,617.8808797571519,617.9208683974972,49020300
2026-02-03,615.7435913085938,629.1866011443993,610.1905958568021,627.5087242048245,81234000
2026-02-04,604.9871826171875,614.3253838343164,599.7138024298947,614.2455284678144,81850700
2026-02-05,596.2781982421875,604.0483693053457,594.0110373128413,599.4541864003901,89354500
2026-02-06,608.8822631835938,610.6399955270392,598.0159600076653,599.434154665902,78019300
2026-02-09,613.54638671875,615.6837064208919,604.3080353554789,606.7748955946631,56797600
2026-02-10,610.699951171875,616.2430108652889,610.2405694597212,614.5351423104305,53938900
2026-02-11,612.337890625,616.7423712103644,606.9247331463698,615.6037921922693,58575100
2026-02-12,599.8836059570312,615.0344847338599,598.8149461335121,613.9358943887876,81378900
2026-02-13,601.1619873046875,605.7162424752422,595.6689134343201,599.673873409497,69237500
2026-02-17,600.542724609375,603.1894116444834,592.5927882610704,597.626419057608,69013800
2026-02-18,605.027099609375,609.0021290003773,599.9634770047899,601.3517411914925,64250700
2026-02-19,602.7100219726562,605.0570991965415,599.993476524114,602.0508799312083,60960800
2026-02-20,608.0433349609375,609.581373723881,598.4753818004266,599.3642756707148,74127300
2026-02-23,600.652587890625,607.2443127599432,598.2955745850619,605.8460514657053,63859100
2026-02-24,607.1044921875,608.2230768722754,598.9747284234804,601.6414099286677,55023700
2026-02-25,615.9033813476562,616.053216829597,610.2305417280922,610.3004608891118,55710700
2026-02-26,608.4727783203125,614.8148183820397,603.2193924504018,614.8148183820397,96178900
2026-02-27,606.5252075195312,607.5539396831472,601.4316544188312,602.2206376135266,68125200
2026-03-02,607.32421875,609.1518702196468,597.2369017749593,598.1058012495889,75264600
2026-03-03,600.8224487304688,603.1994564784976,591.1246545665933,595.5790600436336,97015500
2026-03-04,609.9808959960938,612.108218610738,602.6701065956436,603.3991678160902,70943900
2026-03-05,608.1431274414062,611.9883154244911,601.5015388569162,606.6350803018902,89602400
2026-03-06,598.9946899414062,605.2368188486739,597.5764953219963,599.5539822531658,86302300
2026-03-09,606.99462890625,608.5027370453225,590.5853272955466,593.4816386137257,93068200
2026-03-10,607.004638671875,612.5176457382476,604.65756151405,607.0146358319374,64078900
2026-03-11,606.9247436523438,611.6587648578186,604.2681201890963,608.1831666985171,60114800
2026-03-12,596.5078735351562,603.3792143506387,596.2981160455262,602.0009473234562,71836600
2026-03-13,592.9722900390625,602.8398528802119,591.8237748266745,598.9747313072235,63145500
2026-03-16,599.6239013671875,603.099499235842,598.3554812666724,599.2843027330098,49077200
2026-03-17,602.5502319335938,605.1369970937805,601.1120429286618,602.3804630878033,47106600
2026-03-18,594.15087890625,602.400426051188,593.8112802396884,600.7325461165636,56128000
2026-03-19,592.273193359375,595.0496606380132,586.3406715242521,588.7676039624899,75597600
2026-03-20,581.3269653320312,590.4254777892629,577.8113788279011,590.3156309505814,91964700
2026-03-23,588.0,595.0800170898438,585.9600219726562,590.52001953125,89936100
2026-03-24,583.97998046875,587.9299926757812,581.9299926757812,584.8099975585938,57750900
2026-03-25,587.8200073242188,591.3699951171875,585.6900024414062,589.1400146484375,60475500
2026-03-26,573.7899780273438,584.6300048828125,573.4299926757812,582.5999755859375,81492100
2026-03-27,562.5800170898438,571.02001953125,561.5700073242188,570.8099975585938,82702200
2026-03-30,558.280029296875,568.0499877929688,555.5999755859375,567.3800048828125,70602600
2026-03-31,577.1799926757812,578.6400146484375,564.2100219726562,564.2899780273438,95878000
2026-04-01,584.3099975585938,587.739990234375,580.4199829101562,581.47998046875,79435100
2026-04-02,584.97998046875,586.0499877929688,571.9199829101562,573.969970703125,50941700
2026-04-06,588.5,590.6099853515625,584.6900024414062,586.22998046875,35108500
2026-04-07,588.5900268554688,588.97998046875,578.4000244140625,585.6400146484375,49948200
2026-04-08,606.0900268554688,609.9000244140625,602.1199951171875,608.7100219726562,63086000
2026-04-09,610.1900024414062,610.5,603.030029296875,605.9299926757812,37837500
2026-04-10,611.0700073242188,613.6699829101562,609.5800170898438,611.8400268554688,34038500
2026-04-13,617.3900146484375,626.739990234375,608.1099853515625,609.47998046875,32972100
2026-04-14,628.5999755859375,628.5999755859375,620.0999755859375,620.219970703125,49921100
2026-04-15,637.4000244140625,637.8300170898438,628.2000122070312,629.0800170898438,50102400
2026-04-16,640.469970703125,642.1799926757812,635.260009765625,639.2100219726562,42320600
2026-04-17,648.8499755859375,650.0,644.0700073242188,645.5900268554688,53488900
2026-04-20,646.7899780273438,648.760009765625,642.52001953125,648.0399780273438,37138500
2026-04-21,644.3300170898438,650.2000122070312,642.2100219726562,648.4099731445312,39580500
2026-04-22,655.1099853515625,655.3300170898438,648.52001953125,650.1500244140625,37368400
2026-04-23,651.4199829101562,656.9199829101562,645.52001953125,653.5499877929688,40099800
2026-04-24,663.8800048828125,664.510009765625,656.530029296875,658.510009765625,45563100
2026-04-27,664.22998046875,664.4299926757812,660.6900024414062,663.4000244140625,32717000
2026-04-28,657.5499877929688,659.6400146484375,653.8099975585938,657.4099731445312,34147900
2026-04-29,661.5700073242188,661.719970703125,656.5900268554688,658.6300048828125,31724900
2026-04-30,667.739990234375,668.9000244140625,657.5599975585938,665.3499755859375,40622200
2026-05-01,674.1500244140625,675.969970703125,668.7999877929688,669.1599731445312,39172600
2026-05-04,672.8800048828125,676.72998046875,668.9000244140625,674.6599731445312,34542000
2026-05-05,681.6099853515625,682.77001953125,677.510009765625,677.9600219726562,37101100
2026-05-06,695.77001953125,695.9299926757812,686.47998046875,687.780029296875,38778500
2026-05-07,694.9400024414062,701.239990234375,691.77001953125,696.5800170898438,43779100
2026-05-08,711.22998046875,711.22998046875,699.5,699.9199829101562,44320400
2026-05-11,713.2899780273438,714.5900268554688,708.9099731445312,710.3599853515625,36019100
2026-05-12,707.239990234375,710.1799926757812,696.6400146484375,708.219970703125,45873000
2026-05-13,714.7100219726562,716.6500244140625,704.8300170898438,709.9600219726562,40012500
2026-05-14,719.7899780273438,722.030029296875,714.219970703125,714.6199951171875,33327500
2026-05-15,708.9299926757812,715.1300048828125,705.5499877929688,710.1400146484375,51792700
2026-05-18,705.8800048828125,712.0700073242188,698.8499755859375,711.5399780273438,49834500
