Price,Close,High,Low,Open,Volume
Ticker,SOXS,SOXS,SOXS,SOXS,SOXS
Date,,,,,
2021-07-02,12445.4853515625,12754.476712015086,12325.322044719827,12359.65441810345,2413
2021-07-06,12531.3154296875,13011.968624250856,12205.157904805223,12325.321203446061,4172
2021-07-07,13046.302734375,13217.964612458882,12256.658095189145,12290.99047080592,3533
2021-07-08,13509.7880859375,14144.936954018423,13320.960044075604,13921.77654090891,4866
2021-07-09,12823.1396484375,13681.448861853663,12771.641095632529,13389.623729292169,3030
2021-07-12,12359.65234375,12823.139306640625,12342.486159939235,12702.976019965277,2506
2021-07-13,12565.650390625,12702.979903090847,12342.489932867999,12496.985634392076,3298
2021-07-14,12702.978515625,12771.643264358108,11913.333905194257,12290.990023226352,5775
2021-07-15,13509.7880859375,13784.447055918441,12771.642104113724,12788.808289737532,5313
2021-07-16,14436.763671875,14471.096046837842,13149.29961076843,13286.629110619797,5908
2021-07-19,14419.5986328125,15226.409508696057,14333.76768856957,15054.747620210193,7851
2021-07-20,13801.6142578125,14762.920723530784,13509.78908071945,14282.267490671642,5489
2021-07-21,12531.3154296875,13698.61604505565,12531.3154296875,13664.28367401541,5245
2021-07-22,12891.8056640625,13114.966081682756,12599.980502559087,12805.974734208556,3336
2021-07-23,12599.9814453125,13114.967062968324,12565.649070802112,12634.313819822888,2750
2021-07-26,12651.48046875,12891.807099092604,12514.150965697083,12805.976159684531,2437
2021-07-27,13338.126953125,14093.43916153877,12788.80898336953,12788.80898336953,6083
2021-07-28,12634.3134765625,13372.459508481234,12514.150169040846,13200.797640593155,5044
2021-07-29,11964.830078125,12634.3112446198,11861.832975587338,12634.3112446198,6676
2021-07-30,11707.3388671875,12308.155377966918,11638.674123098423,12290.989191944647,6220
2021-08-02,11484.177734375,11552.842474191892,11020.690740610986,11484.177734375,6764
2021-08-03,11278.1845703125,11861.834913372812,11261.018383751902,11449.846435918475,6173
2021-08-04,10900.5283203125,11278.184419598918,10728.866457000493,11278.184419598918,7766
2021-08-05,10952.0263671875,11123.68822247257,10728.86595531691,10763.198326373922,4458
2021-08-06,11072.1904296875,11192.353736676356,10934.86093598595,11140.855176538274,3170
2021-08-09,11209.521484375,11346.850997200421,10934.862458724157,10986.361026033692,2921
2021-08-10,11587.1767578125,11827.503386863425,11089.357311921296,11123.6896875,3755
2021-08-11,11690.1728515625,12136.493694647117,11432.68005747522,11432.68005747522,4429
2021-08-12,12084.9951171875,12376.820283369583,11844.66850974343,11844.66850974343,3578
2021-08-13,11844.6689453125,12187.99268285779,11810.336571557971,12084.995561594204,2525
2021-08-16,11981.9990234375,12256.658026840078,11861.835709448871,11999.16521115016,3108
2021-08-17,12668.6474609375,12994.80505139524,12256.65892562246,12256.65892562246,6486
2021-08-18,13252.2958984375,13269.46208483444,12531.31606976603,12702.977933735427,4190
2021-08-19,12926.138671875,13732.949452191235,12685.812056461653,13389.625715886454,7593
2021-08-20,12634.3134765625,13114.966706649117,12565.648729407269,12823.141531239386,3278
2021-08-23,11638.6748046875,12273.82372470732,11552.843869549686,12273.82372470732,4011
2021-08-24,11587.1767578125,11690.17388454861,11415.514879918981,11518.512006655094,2270
2021-08-25,11346.84765625,11501.343312689107,11072.188711469364,11484.177128640318,3511
2021-08-26,11329.68359375,11587.176402698864,11175.187908380682,11415.514530066288,3301
2021-08-27,10677.369140625,11329.684297126205,10608.704387309084,11278.185732139269,4971
2021-08-30,10574.3701171875,10711.699599228896,10282.544967849533,10522.871561421976,4590
2021-08-31,10814.6982421875,11089.35724516369,10540.03923921131,10574.371614583333,5497
2021-09-01,10986.3603515625,11003.526539611816,10643.036590576172,10677.368966674805,3538
2021-09-02,10900.5283203125,11037.857810962107,10780.365015994095,10883.3621339813,3052
2021-09-03,10660.201171875,10969.192510190218,10522.871688179348,10917.693953804348,3814
2021-09-07,10780.3671875,10969.19527517914,10643.037669187897,10660.20385897691,2626
2021-09-08,11175.1875,11467.012672811059,10866.196140552995,10952.02707373272,6022
2021-09-09,11055.0244140625,11209.520096867722,10849.030170322205,11209.520096867722,3964
2021-09-10,10780.3671875,10814.699567078025,10282.54768361863,10814.699567078025,10852
2021-09-13,10505.705078125,10934.859697329453,10419.87415428411,10471.372708588644,7129
2021-09-14,10454.208984375,10643.037061268473,10231.048529864533,10402.710417949507,8263
2021-09-15,10334.044921875,10728.867236165905,10299.712546719269,10454.208234920057,5533
2021-09-16,10248.212890625,10660.201348539573,10128.049590399916,10505.705676821608,7211
2021-09-17,10711.69921875,10866.194880558895,10299.710787259615,10316.876971905047,7489
2021-09-20,11518.51171875,11981.998777477645,11278.185095706036,11364.016032507452,9433
2021-09-21,11398.3486328125,11741.672386812876,11158.022005012235,11261.01913121235,6074
2021-09-22,10694.5341796875,11278.184520151986,10625.869433750502,11158.021214762239,6856
2021-09-23,10265.3798828125,10677.3683730926,10179.548947337478,10557.205063427571,5644
2021-09-24,10316.87890625,10557.205536345673,10248.214154794094,10540.039348481698,4313
2021-09-27,10351.2099609375,10831.863159787003,10265.379032571516,10625.868931708645,5401
2021-09-28,11570.0078125,11604.340179896142,10780.363362388724,10900.526648275221,10048
2021-09-29,12153.6611328125,12222.325884975284,11415.515047062589,11535.678363347459,7302
2021-09-30,12153.6611328125,12170.827320853195,11570.01073942885,11861.835936120675,6484
2021-10-01,12153.6611328125,12737.311526196152,11930.500688283457,11981.999252405545,5255
2021-10-04,13080.634765625,13183.63188976378,12308.156334584153,12359.654896653543,7442
2021-10-05,12479.8173828125,12960.470597006104,12205.158403273297,12840.307293457703,6343
2021-10-06,12359.65234375,13029.133512369792,12308.153792317707,12874.637858072916,6399
2021-10-07,11896.1669921875,11947.665550595237,11398.347594246032,11861.834619915675,5551
2021-10-08,12222.326171875,12308.157114093223,11724.506707009305,11758.839083896595,4095
2021-10-11,12514.1484375,12531.314621913582,11896.165798611111,12462.64988425926,3554
2021-10-12,12943.3046875,13149.298926558355,12222.324850795756,12239.491037383952,6558
2021-10-13,12720.1455078125,12891.807390509024,12514.151248576669,12737.311696082152,4552
2021-10-14,11587.1767578125,12170.827142650463,11587.1767578125,12016.331452546296,6464
2021-10-15,11329.68359375,11518.511653645834,11226.686470170454,11329.68359375,4183
2021-10-18,11055.0244140625,11741.671893196817,11055.0244140625,11570.010023413239,3888
2021-10-19,10677.369140625,11158.022413836416,10660.20295229602,11003.526718875602,4090
2021-10-20,10746.033203125,10866.196513703075,10608.703705321486,10763.199390350439,3724
2021-10-21,10385.54296875,10952.027130681818,10351.210595299586,10952.027130681818,4578
2021-10-22,10746.033203125,10797.531764801319,10231.047586361821,10574.371330870608,5303
2021-10-25,10522.8720703125,10711.700117251225,10334.044023373777,10608.703000739193,3944
2021-10-26,10505.705078125,10608.70218673407,10162.381382761438,10265.378491370508,6902
2021-10-27,10746.033203125,10831.864139252197,10351.210896939896,10694.534641448683,5547
2021-10-28,9973.5556640625,10351.211816574332,9973.5556640625,10299.713250322719,7782
2021-10-29,9870.55859375,10299.713315217392,9853.392404891305,10248.214748641305,6162
2021-11-01,9407.0712890625,9887.72456660584,9372.73891209512,9853.392189638458,6022
2021-11-02,9063.7451171875,9441.401163736979,9029.412749319365,9424.234979802912,6693
2021-11-03,8720.421875,9098.077940452757,8668.923320620079,9012.24701648622,6331
2021-11-04,7862.1142578125,8565.927979581742,7724.784751125819,8428.59847289506,15080
2021-11-05,7587.45361328125,7810.614013671875,7398.62558218149,7673.284536508413,14247
2021-11-08,7261.2978515625,7518.790683178191,7106.802152593084,7450.1259280806735,13382
2021-11-09,7261.2978515625,7501.624494403812,7020.971208721187,7055.303586269946,16218
2021-11-10,7896.44482421875,7999.441930621603,7381.459292204484,7673.284427012568,17842
2021-11-11,7398.62646484375,7690.45163863109,7347.127904763631,7501.6235850039875,11382
2021-11-12,7192.6318359375,7450.124622426909,7072.468535575776,7295.628950533263,8959
2021-11-15,7175.46533203125,7415.791922099282,7003.803481982655,7055.302036997234,7553
2021-11-16,6883.64111328125,7329.961983469061,6832.142551336502,7312.795796154146,9191
2021-11-17,7020.97021484375,7123.967332909918,6866.474537744499,6866.474537744499,7767
2021-11-18,6677.646484375,6866.474534061696,6557.48318002892,6660.480298039845,10768
2021-11-19,6591.81689453125,6763.478792826334,6471.65356572469,6694.814033508301,8809
2021-11-22,6900.80712890625,6917.973315794077,6214.159653393191,6471.652456710588,14454
2021-11-23,6952.30615234375,7329.962289014275,6763.478084008488,6952.30615234375,15483
2021-11-24,6746.31103515625,7347.1275395594785,6729.144849316158,7141.133309478371,10304
2021-11-26,7295.63037109375,7450.126073069853,6917.974210707721,7123.968480009191,10446
2021-11-29,6402.9873046875,7055.302365218667,6402.9873046875,6969.471436201407,12266
2021-11-30,6763.47705078125,6952.305090270067,6351.488600987469,6523.150455068211,13885
2021-12-01,6917.97265625,6952.305026752481,6111.161949441687,6505.984210220224,19069
2021-12-02,6917.97265625,7312.7949170285365,6763.476988988834,7141.13306451613,16887
2021-12-03,6969.47216796875,7209.798794450431,6402.9879769762165,6626.1484158520625,16266
2021-12-06,6986.63818359375,7656.119483741554,6917.973434860642,7055.302932326857,18499
2021-12-07,5939.50048828125,6523.150825279986,5888.001929134302,6523.150825279986,22849
2021-12-08,6042.49755859375,6248.49179354581,6008.16518610174,6025.331372347745,11222
2021-12-09,6454.486328125,6488.818702210771,5973.833090924202,6162.661148395944,13856
2021-12-10,6282.8251953125,6540.318031185963,6008.166170380806,6111.163304730191,11617
2021-12-13,6780.6435546875,6814.9759271162975,6196.9932233979425,6231.32559582674,12312
2021-12-14,6849.30810546875,7141.133262844612,6763.47717682879,7020.969962748668,18201
2021-12-15,6111.1630859375,7123.968204112535,6111.1630859375,6797.810623683286,13623
2021-12-16,6952.30615234375,7038.137092496142,6025.331998697917,6059.664374758873,13786
2021-12-17,6935.1396484375,7192.6324571666155,6626.148277962562,7141.133895420792,14856
2021-12-20,7089.63525390625,7364.294246793659,6969.471944518009,7261.297124460881,10584
2021-12-21,6385.82080078125,6952.304904076361,6351.488430884577,6660.479759954637,10147
2021-12-22,6214.1591796875,6557.482891272444,6214.1591796875,6488.818148955455,7171
2021-12-23,5973.83349609375,6145.495378165409,5870.8363668507545,6145.495378165409,11222
2021-12-27,5493.18017578125,5922.33487701416,5493.18017578125,5922.33487701416,11986
2021-12-28,5664.841796875,5750.672733191288,5407.348987926136,5407.348987926136,14001
2021-12-29,5664.841796875,5750.672733191288,5527.512298768939,5699.174171401515,5986
2021-12-30,5870.8359375,5888.002124451754,5613.343133223684,5664.8416940789475,7775
2021-12-31,5870.8359375,5888.002124451754,5699.174067982456,5836.503563596491,7980
2022-01-03,5527.51220703125,5836.503572641693,5527.51220703125,5785.005011706619,10773
2022-01-04,5596.177734375,5991.000089867714,5355.851083205522,5476.014408790261,17342
2022-01-05,6145.49462890625,6162.660815020514,5561.8443010212995,5733.506162163932,19022
2022-01-06,5990.99951171875,6368.655641397296,5922.334760868105,6179.827576558023,17059
2022-01-07,6523.1513671875,6591.816118421053,5956.667169510691,6042.4981085526315,15756
2022-01-10,6488.818359375,7192.6319909474205,6471.6521732390875,6746.31115141369,26721
2022-01-11,6128.330078125,6729.146752450981,6128.330078125,6608.983417585785,15670
2022-01-12,6008.166015625,6214.160279017858,5836.504129464286,5973.833638392857,19461
2022-01-13,6420.15380859375,6488.818555209727,5596.176849202039,5750.672529087985,27228
2022-01-14,5973.83349609375,6608.98245975889,5956.667307886584,6591.816271551725,26642
2022-01-18,6746.31103515625,6814.975778516618,6265.657831633667,6299.990203313851,25028
2022-01-19,7364.29345703125,7381.459642245775,6471.651825875947,6626.147492806673,31159
2022-01-20,8085.2744140625,8102.440601778132,7020.9707756933385,7175.466465134024,31335
2022-01-21,8497.2626953125,8531.595069839015,7535.956208570075,8171.105137310606,35735
2022-01-24,8119.60595703125,9853.390738553779,8119.60595703125,9063.746184593023,38262
2022-01-25,9098.0791015625,9235.408597435142,8497.262557119693,8823.420109817218,29122
2022-01-26,8617.4248046875,9098.077981044571,7518.788973014193,8308.433477029383,36198
2022-01-27,9819.05859375,9904.88952551355,8342.766567416958,8342.766567416958,27398
2022-01-28,9269.7392578125,10694.532514105902,9252.573074001735,9904.888058810764,28710
2022-01-31,7741.94921875,9269.739641075388,7724.78303422949,9098.077795870287,26640
2022-02-01,7501.62353515625,8136.772438590532,7467.29116199764,7535.955908314861,32309
2022-02-02,6952.30615234375,7432.959417197145,6917.973776282794,7089.635656587578,41329
2022-02-03,7879.28076171875,7965.1117068355115,7158.30082273795,7501.624603204997,32954
2022-02-04,7724.7841796875,8308.434539930557,7518.7899348958335,8033.775546875,27977
2022-02-07,7724.7841796875,7844.9474891493055,7381.460438368055,7673.285618489584,23870
2022-02-08,7209.79931640625,7896.446870349702,7106.802183314732,7862.11449265253,29790
2022-02-09,6488.818359375,7158.2996186755945,6454.485987103174,6900.806826636905,28499
2022-02-10,7089.63525390625,7175.466189183566,6334.323023465875,6935.139570407083,44325
2022-02-11,8119.60595703125,8291.267816587937,6866.474382267442,7020.970055868459,38901
2022-02-14,8119.60595703125,8445.763490188954,7621.786564316861,8050.941213208575,32151
2022-02-15,6746.31103515625,7638.952698841046,6746.31103515625,7604.620327160862,35583
2022-02-16,6763.47705078125,7192.631685983106,6694.812309148953,6986.637461086216,32039
2022-02-17,7518.78857421875,7553.120942137557,7003.803055436643,7038.13542335545,38466
2022-02-18,7724.7841796875,8085.2741080729165,7415.7928125,7484.457560763889,40391
2022-02-22,7913.61328125,8291.269446515727,7347.12903335141,8016.610417231562,47290
2022-02-23,8497.2626953125,8548.761257102273,7381.460523200757,7638.953332149621,40218
2022-02-24,7553.12158203125,9527.2329046076,7501.623025790128,9424.235792125355,44789
2022-02-25,7192.6318359375,7862.113080809964,7175.465650171539,7501.623179724791,33752
2022-02-28,7329.9619140625,7724.784218567038,7089.635293929304,7432.9590369767275,37439
2022-03-01,8085.2744140625,8325.601042081344,7244.13121599655,7364.294530005972,30805
2022-03-02,7295.63037109375,7947.945557215074,7141.134669117647,7913.613178998162,26708
2022-03-03,7759.1162109375,7896.445701396571,7158.299690179066,7158.299690179066,34554
2022-03-04,8325.6025390625,8634.593973501933,7776.284433392397,7999.4449138208765,30139
2022-03-07,9595.8984375,9630.230811158319,8136.772557021467,8274.102051654741,25427
2022-03-08,9063.7451171875,9922.054313890862,7999.441713275331,9441.401163736979,45597
2022-03-09,7947.94482421875,8480.096637503375,7741.950573915024,8188.271449573096,33078
2022-03-10,8428.5966796875,8892.083666146895,8325.599571585411,8377.098125636456,31939
2022-03-11,8960.7490234375,9012.247581043463,7999.442614792863,8050.941172398826,27322
2022-03-14,9784.7255859375,9973.553623560854,8909.25013877467,9029.41343544408,31539
2022-03-15,8514.4287109375,9733.227982059603,8428.597776351437,9492.901365218624,30377
2022-03-16,7244.13134765625,8342.767381424022,7226.9651596286285,8102.440749037322,49648
2022-03-17,7072.46923828125,7587.454862427942,7055.303050809694,7381.460612769265,29061
2022-03-18,6626.14794921875,7329.96159149328,6540.3170172340515,7175.4659139208225,34032
2022-03-21,6660.47998046875,7020.969876318863,6505.9843108187015,6677.646165985422,43280
2022-03-22,6557.48388671875,6729.145768570026,6317.157252126964,6660.481015829516,31981
2022-03-23,7038.13623046875,7055.302416396723,6488.818280773628,6746.311069693216,40003
2022-03-24,6008.166015625,6917.974012276786,5990.999827008929,6832.143069196429,42460
2022-03-25,5990.99951171875,6334.323265971973,5939.500948580766,5990.99951171875,37164
2022-03-28,5882.85205078125,6385.8213098646775,5882.85205078125,6154.077794587331,64209
2022-03-29,5488.0302734375,5841.653744293967,5446.831422463931,5599.610494824249,62479
2022-03-30,6008.166015625,6090.563720982143,5546.395541852678,5613.3436774553575,51155
2022-03-31,6427.01904296875,6457.9181729830225,5930.916344406258,6030.480207785582,62155
2022-04-01,6789.22802734375,7067.320300524455,6274.24233626837,6327.4575243461595,72758
2022-04-04,6469.9365234375,6809.827059823975,6423.587813930253,6725.712735162675,27578
2022-04-05,7357.42822265625,7395.19383649163,6593.53285189516,6622.7153716770445,55467
2022-04-06,7870.697265625,8074.974904580153,7498.190982824427,7822.631938812023,68887
2022-04-07,7862.1142578125,8339.334293548718,7621.787621110808,7930.779011155841,52506
2022-04-08,8425.1640625,8464.646290176752,8016.608836975347,8037.208260111043,49690
2022-04-11,8953.8828125,9005.381371620973,8591.676280015816,8819.986558785467,36203
2022-04-12,9058.5966796875,9166.743655397244,8162.521738092489,8421.731156063459,47455
2022-04-13,8402.8486328125,9012.24827829737,8248.352948041687,8864.61906840526,33382
2022-04-14,9140.9931640625,9165.02582214642,8267.234380868544,8280.96732834507,32456
2022-04-18,8626.0087890625,9304.073161536071,8404.564981343285,9271.457406910758,41939
2022-04-19,8071.53857421875,8888.64881695123,8030.339738450725,8754.752600705151,33910
2022-04-20,8140.20556640625,8220.88664224368,7486.173866532614,7692.168102713286,37143
2022-04-21,8809.685546875,8921.265741837367,7553.120889760327,7831.21306797423,48710
2022-04-22,9386.47265625,9420.805036119238,8677.50901195021,8897.23624311334,36678
2022-04-25,8912.6826171875,9693.74397905582,8878.35024963285,9573.58069261454,44019
2022-04-26,10069.685546875,10114.317634194937,9187.343512934707,9243.991931456167,55253
2022-04-27,10251.646484375,10479.956762744368,9498.050903892645,10464.507195035163,39329
2022-04-28,8529.876953125,10023.33498275244,8200.286215552047,9631.945981884559,54270
2022-04-29,9652.544921875,9704.043472053952,8414.86309924084,8971.047441173529,51858
2022-05-02,8653.474609375,9825.925146610296,8617.425617746974,9597.61486629947,40291
2022-05-03,8418.2978515625,8907.534166345393,8229.469800242787,8703.25654719043,35258
2022-05-04,7446.6923828125,9034.564778870952,7412.360006681506,8241.486890245,47180
2022-05-05,8492.1123046875,8849.168977292109,7814.047950462402,7834.647373881899,64997
2022-05-06,8749.60546875,9230.258702269717,8179.688063290907,8773.638130425987,55021
2022-05-09,10095.4345703125,10236.197303651325,9010.531552384002,9321.239536948968,66573
2022-05-10,9334.970703125,10073.116602783652,8814.835336621345,9192.491378307168,46877
2022-05-11,10213.8818359375,10292.84630055147,8953.883639705882,9654.264108455882,54837
2022-05-12,10054.2353515625,10850.746398706942,9758.976946155508,10540.038425575167,44075
2022-05-13,8469.796875,9666.280138452574,8267.235863396838,9467.152364334212,49784
2022-05-16,8878.3515625,8957.316019552398,8464.6464722907,8735.87221607937,41481
2022-05-17,7554.8388671875,8270.668862101653,7501.62368770947,8164.238503145592,70705
2022-05-18,8682.65625,8782.22012158956,7621.786032028469,7913.611172894424,68769
2022-05-19,8832.00390625,9075.763780824831,8176.255511267007,8888.652327806123,63904
2022-05-20,8883.5009765625,10047.368350883153,8327.31656759511,8349.632608695652,87839
2022-05-23,8761.62109375,9274.890041052362,8672.356929001764,9055.162866287472,49191
2022-05-24,9420.802734375,9695.461706222668,9075.762400991367,9125.544339638756,58567
2022-05-25,8857.751953125,9611.347516578851,8610.558875363373,9609.630897983285,49537
2022-05-26,7826.06494140625,9183.910383093538,7724.784434377742,9094.646207407395,65882
2022-05-27,6890.50732421875,7481.02414522803,6835.575526915561,7481.02414522803,61515
2022-05-31,6983.2041015625,7295.628670511462,6794.376065384557,6921.405835176991,61105
2022-06-01,7323.09619140625,7599.471832947836,6754.895338299014,6857.892471792773,62879
2022-06-02,6540.3173828125,7438.108981555528,6526.5844329273295,7415.792937992126,54325
2022-06-03,7103.3671875,7213.23076894031,6857.890747719309,6964.321092239608,61341
2022-06-06,7093.06884765625,7235.548207374418,6608.982348372837,6701.679763129236,48019
2022-06-07,6902.52392578125,7508.490338564335,6859.608457453836,7369.444221183513,44755
2022-06-08,7381.458984375,7510.2053620094475,6940.28806368096,7024.402363735466,50311
2022-06-09,7977.12744140625,7982.277297727364,7165.166761443875,7568.572173264505,50340
2022-06-10,8849.169921875,8883.502297905554,8176.2553516761645,8380.532989057954,64321
2022-06-13,10385.54296875,10466.224046358471,9479.168309659091,9721.211542484503,69331
2022-06-14,10176.1142578125,10569.219886192908,9882.5725003756,10040.501399113582,46653
2022-06-15,9618.212890625,10376.958223064095,9122.110173260977,9805.324296136,39177
2022-06-16,11405.2158203125,11748.53959575839,10478.241626608593,10503.990909767035,51558
2022-06-17,11266.16796875,12060.962387389533,11005.241939304624,11333.116094726116,43281
2022-06-21,10349.4931640625,10582.953285195772,9844.807313965572,10579.520048120283,21376
2022-06-22,10692.8154296875,10955.45803054513,10236.194960222598,10871.343733538439,31676
2022-06-23,10915.9794921875,11418.948825606423,10461.075487559463,10502.274340808794,30053
2022-06-24,9474.017578125,10471.372934691519,9467.151104069464,10376.958916427908,30704
2022-06-27,9477.4521484375,9750.394530542473,9108.379116031403,9192.493435044886,27391
2022-06-28,10241.34765625,10270.530175552087,9024.264939474731,9369.305314752346,36016
2022-06-29,10960.611328125,11326.251142203406,10613.854321346418,10641.320222873434,37369
2022-06-30,11351.9990234375,11896.167130261889,10730.583078104915,11415.51391287757,42706
2022-07-01,12606.84765625,13025.70261650667,11758.838023599195,12016.330827035676,43296
2022-07-05,12308.154296875,13786.162783570868,12297.854586166317,13588.751661654462,32542
2022-07-06,12098.7275390625,12665.211660499876,11673.006138709563,12287.555579541624,22767
2022-07-07,10473.087890625,11267.882136381331,10303.142684728939,11228.399916829721,38515
2022-07-08,10310.0107421875,11044.723462409986,10119.466088111107,10946.876207614,43172
2022-07-11,11056.7421875,11250.720120614034,10649.903513623662,10807.832450318274,35339
2022-07-12,10970.91015625,11200.93706298408,10581.237709767642,10806.11476038081,31490
2022-07-13,10739.1650390625,11710.771083197631,10502.271692612592,11652.406055811422,37621
2022-07-14,10069.685546875,11326.250466805532,9940.939141144412,10843.880600001597,41524
2022-07-15,9334.970703125,10109.165588580936,9322.954374525905,9623.362589503264,29299
2022-07-18,9472.30078125,9631.946300035113,8686.089516695361,8912.683156261326,46329
2022-07-19,8208.87109375,9089.496537307872,8038.925832712515,9007.098834986667,63379
2022-07-20,7532.52294921875,8378.815978836992,7448.408631873327,8234.620006244837,76281
2022-07-21,7201.21435546875,7776.281532842298,7182.331552629618,7444.974173937537,76949
2022-07-22,7752.25146484375,7925.629985204516,7256.148569950074,7278.464617125222,94028
2022-07-25,7903.31201171875,8267.235153874348,7858.679928246836,7913.611723289191,64186
2022-07-26,8296.41796875,8363.366096368714,7915.328626920391,8045.791644844041,59822
2022-07-27,7134.26708984375,7903.312242935665,6924.839615117827,7838.080734414476,70759
2022-07-28,6873.34130859375,7549.689079719109,6821.84274734055,7098.21835939939,69187
2022-07-29,6708.5458984375,7240.697696931775,6651.897481178432,7156.583380395583,68311
2022-08-01,6645.0302734375,6984.920739503278,6449.3357626723555,6854.457732326515,70694
2022-08-02,6675.9306640625,6948.873059430445,6360.0727977247525,6849.309166780503,67486
2022-08-03,6130.04541015625,6693.09634673739,6073.3969927563185,6658.763972555613,60730
2022-08-04,5970.3994140625,6221.025726441201,5927.483949614092,6159.227457635494,60297
2022-08-05,6119.74560546875,6385.821501358696,5973.83301740007,6287.974236418522,85167
2022-08-08,6416.72119140625,6686.2303479206375,6172.96131736139,6390.971908936723,82199
2022-08-09,7302.49462890625,7546.254440214357,6823.558098237504,6840.724282132441,94988
2022-08-10,6360.07275390625,7000.371576364288,6332.606852674806,6710.262994607161,81388
2022-08-11,6413.28662109375,6439.035898212703,5836.502813629216,6203.859167192937,87974
2022-08-12,5822.7705078125,6342.905962962025,5783.288278543724,6251.925173777455,81671
2022-08-15,5764.40625,6032.198797647409,5719.774158725431,5927.485045041692,76400
2022-08-16,5942.93359375,6138.628114168111,5783.288063935225,5855.386045141898,100385
2022-08-17,6394.404296875,6626.147808305369,6196.993157508389,6207.2928691275165,117052
2022-08-18,5942.93359375,6406.420615792894,5795.304394136338,6337.7558717865395,122453
2022-08-19,6435.603515625,6518.001213344392,6095.713012532509,6178.110710251901,107172
2022-08-22,7161.732421875,7244.130110333773,6780.643112753176,6816.692101453888,97330
2022-08-23,7008.9541015625,7187.482445075236,6711.979068603814,7148.000215259919,79071
2022-08-24,6995.2216796875,7247.564645801381,6914.540595283743,7046.720244200537,68758
2022-08-25,6198.7109375,6983.205786139573,6198.7109375,6983.205786139573,106510
2022-08-26,7293.912109375,7309.361676092904,6214.159057645917,6255.357902226995,125178
2022-08-29,7723.06787109375,7759.116865379807,7254.430945375014,7523.940093132675,101770
2022-08-30,8020.044921875,8270.671325683594,7450.127346091074,7489.609587786948,118462
2022-08-31,8258.65234375,8456.063488944606,7880.996239899449,7880.996239899449,91611
2022-09-01,8737.58984375,9468.869465250491,8703.257467153733,8845.736830028241,116343
2022-09-02,9007.0986328125,9116.96223344143,8121.323352741745,8315.3012726022,103822
2022-09-06,9278.32421875,9518.650840512257,8847.45291830481,8929.850617194727,76803
2022-09-07,8826.8525390625,9417.36931724949,8600.258891618654,9240.55760750164,69026
2022-09-08,8370.232421875,9268.023963433783,8298.134439570089,9070.61282140843,84210
2022-09-09,7771.13134765625,8062.956470055535,7666.417627265918,8025.190865980333,99926
2022-09-12,7687.01806640625,7965.1102787237605,7566.854764787572,7683.584829217145,76225
2022-09-13,9122.111328125,9194.209310018348,8382.24870440993,8562.4936591433,128405
2022-09-14,8789.087890625,9223.392428970337,8613.992780303955,8967.61623840332,100802
2022-09-15,9216.5263671875,9429.387099080077,8672.358205816958,8983.066209627897,118792
2022-09-16,9079.1962890625,9770.993624001467,9055.163627302834,9516.934056827851,89286
2022-09-19,8928.1337890625,9456.85234453861,8804.537243626526,9432.81968292606,64028
2022-09-20,9336.689453125,9511.784566972905,9068.8969260635,9201.076570831035,52549
2022-09-21,9556.416015625,9570.148964812175,8344.483249856858,9261.15760810075,102986
2022-09-22,10375.2421875,10534.88770759224,9630.229760402879,9753.826292087193,76948
2022-09-23,10814.6982421875,11346.85006045387,10658.48593424479,10797.532054501487,85712
2022-09-26,11290.201171875,11338.266495398264,10397.559449300119,10915.978295872454,60207
2022-09-27,10936.576171875,11467.01127423089,10407.857687973335,10706.549299008691,60124
2022-09-28,10514.2890625,11372.59837372449,10366.659860969388,11233.552265306123,66890
2022-09-29,11516.7939453125,11975.131101878074,11005.241613265529,11065.32326300259,76747
2022-09-30,12141.642578125,12141.642578125,11049.873218632918,11966.547492168724,69117
2022-10-03,10764.9169921875,11942.517543397933,10399.277170893298,11647.259096155667,73822
2022-10-04,9304.072265625,9870.556370358625,9268.02327714195,9851.673566867505,79919
2022-10-05,9050.0126953125,10007.885814429415,8802.819632314586,9753.826277459337,95237
2022-10-06,9221.6748046875,9286.906309262728,8600.25889268138,9060.312661790882,84219
2022-10-07,10850.7470703125,11006.959375865172,9934.072661904514,10018.18698027903,105896
2022-10-10,11969.98046875,12402.568318760756,10927.993068128855,10957.175581820056,98572
2022-10-11,12975.919921875,13451.423271307382,12256.656732661397,12563.931460272937,105195
2022-10-12,13341.560546875,13499.489467398997,12814.55860556123,12994.803569202748,70941
2022-10-13,12124.4775390625,15379.186503250876,11418.947273091286,14984.364213291316,145308
2022-10-14,13741.5341796875,13835.948218398657,11698.757705755192,11707.34080018348,87020
2022-10-17,12917.556640625,13178.482701671512,12248.075299781976,12637.74777252907,65281
2022-10-18,12749.3271484375,13396.492401562711,11372.598944176443,11676.440455590666,84178
2022-10-19,12435.185546875,13132.132721368545,12102.161527535718,12982.786898262786,57707
2022-10-20,12215.4599609375,12454.069985469585,11089.357974656585,12285.841335080058,86475
2022-10-21,10900.5283203125,12498.700267747294,10792.381346425935,12366.520632997048,90641
2022-10-24,10692.8154296875,11506.49250685428,10586.38509469944,10792.379291450523,71828
2022-10-25,10023.3369140625,10660.202472397348,9781.293669520144,10601.837434706285,68920
2022-10-26,10320.3134765625,10783.80060874345,9594.183636145677,10601.838993887224,86558
2022-10-27,10862.7626953125,10897.095067927268,9810.47547466987,10133.199777248687,68102
2022-10-28,9580.4482421875,10900.52792293328,9539.249396494524,10816.413612976785,74917
2022-10-31,10194.998046875,10354.643579516754,9758.976914713652,9808.758854999789,58574
2022-11-01,9964.970703125,10157.23198111811,9489.467363802756,9613.06389965547,55377
2022-11-02,10914.26171875,10958.893805048758,9250.858194769386,9789.876467762071,99858
2022-11-03,11369.1669921875,11860.11999834266,10854.181321395374,11530.529169035699,79778
2022-11-04,9753.8271484375,10610.41985295533,9709.195063632964,10191.564903251221,105353
2022-11-07,9108.3779296875,9894.589217248162,9020.830384566116,9486.034006681704,51246
2022-11-08,8567.64453125,9108.379459589762,8205.437960203366,8641.459140515428,107352
2022-11-09,9374.453125,9403.635637932613,8871.483931514374,8941.865286234206,95492
2022-11-10,6483.6689453125,7999.443284394029,6370.372109095761,7753.966805924428,177934
2022-11-11,5817.62109375,6569.50012563625,5733.506772831219,6336.039969616775,158566
2022-11-14,6020.181640625,6045.930920525021,5704.323807184737,5946.367038244939,129659
2022-11-15,5493.18017578125,5771.272422180175,5244.270449066162,5304.352107238769,229727
2022-11-16,6209.00927734375,6298.273441684882,5860.53571270433,5884.568372334635,180312
2022-11-17,6035.6318359375,6622.715478682274,5961.817225884794,6612.415765651664,224108
2022-11-18,6003.0146484375,6212.442096853106,5731.788936554994,5760.971449858807,138720
2022-11-21,6305.140625,6370.372137047373,6148.9283198339235,6209.00997566703,116142
2022-11-22,5740.373046875,6315.440322802969,5735.22319067266,6172.9609678715615,123046
2022-11-23,5556.69482421875,5776.4220214692905,5374.733238995646,5750.672740541493,170516
2022-11-25,5772.98876953125,5772.98876953125,5594.460422213007,5618.4930843520015,61868
2022-11-28,6227.892578125,6327.456461678266,5805.604382364595,5987.565962651599,126400
2022-11-29,6270.8076171875,6397.837390982155,6042.497348070079,6176.393596123905,119368
2022-11-30,5151.572265625,6390.970858021285,5141.272554330848,6226.175477314853,192075
2022-12-01,5271.73583984375,5479.446695142055,5043.425560879498,5062.308365906617,160652
2022-12-02,5457.130859375,5745.522801613125,5419.3652478914355,5673.4248160535935,166126
2022-12-05,5640.80908203125,5803.887859509329,5400.48246258987,5553.261527806176,111262
2022-12-06,6033.91455078125,6184.97699188189,5639.09226154094,5647.675354785295,129890
2022-12-07,6035.6318359375,6231.326383519091,5924.051611439224,6203.860482104131,110537
2022-12-08,5544.67822265625,6069.963527960526,5518.928942984472,5941.217129601635,128962
2022-12-09,5704.32470703125,5757.53989388589,5403.916394142153,5620.210379422303,127046
2022-12-12,5376.4501953125,5870.836420168822,5374.733576476193,5767.839289990421,109611
2022-12-13,5113.806640625,5321.517484369755,4600.537696164821,4669.202437898623,217722
2022-12-14,5352.41748046875,5525.795981279316,4971.328102449487,5155.006316179492,159022
2022-12-15,6018.46484375,6052.7972159333995,5613.342851985881,5687.15745218019,164599
2022-12-16,6174.67724609375,6353.205584596322,5973.8328652783575,6123.178686910316,129900
2022-12-19,6411.56982421875,6590.0981406093115,6150.643823340236,6166.093389181727,110101
2022-12-20,6529.22119140625,6694.343750514522,6341.738285752067,6644.462977450565,102912
2022-12-21,6069.9736328125,6438.0593107444565,6014.932783775946,6419.1390188881405,114176
2022-12-22,6828.5048828125,7187.990404350992,6400.21830452023,6400.21830452023,193197
2022-12-23,6821.62451171875,7218.950599012504,6807.864300903382,7000.507252318535,138501
2022-12-27,7200.0322265625,7279.153459821428,6957.508446355784,6962.668526785714,115283
2022-12-28,7499.31591796875,7592.1973536500145,7058.98911177609,7323.873206126362,121299
2022-12-29,6759.7041015625,7222.391227089297,6680.582883070929,7146.71006157562,139642
2022-12-30,6795.82421875,7234.430945093014,6785.504060483105,7088.228702978676,97724
2023-01-03,7033.1884765625,7138.110094823765,6432.899217985754,6450.099483274486,107834
2023-01-04,6460.41845703125,6862.904590935753,6343.456674529087,6641.021209424296,161774
2023-01-05,6816.46435546875,6833.664618793173,6530.939984283332,6656.501906551618,120961
2023-01-06,5863.56982421875,6811.304342594969,5739.727927080659,6549.860337525667,180627
2023-01-09,5523.0048828125,5650.2868390031335,5125.6787763255215,5528.164962117526,201145
2023-01-10,5309.7216796875,5674.367289047315,5297.681494472789,5595.246071922073,126414
2023-01-11,5110.19775390625,5445.602857242406,5105.037675393386,5304.560711224125,133260
2023-01-12,4943.3564453125,5354.442802455746,4836.714796179106,5041.3979614512655,258838
2023-01-13,4893.474609375,5156.6386217596655,4876.274347127636,5118.798044815466,141933
2023-01-17,4848.75439453125,5001.83674327665,4714.592336080226,4920.995502927955,143738
2023-01-18,4938.19580078125,4945.0759063901405,4597.630573141164,4711.152315687859,183199
2023-01-19,5357.8828125,5407.763583467095,5060.318213282504,5077.518479133227,225597
2023-01-20,4864.2353515625,5356.162971982187,4847.035085114259,5203.080600592844,168239
2023-01-23,4136.6640625,4748.993545348233,4081.6232101091477,4728.353225701663,300848
2023-01-24,4210.62451171875,4296.625829360064,4107.422930549173,4270.825434067669,162599
2023-01-25,4179.66455078125,4544.310182372043,4164.184311704283,4432.508455705054,219963
2023-01-26,3985.300537109375,4258.78469136073,3969.8203019630714,4048.9415038219545,205638
2023-01-27,4062.703125,4222.665610446656,3957.7814947607962,4191.705129392464,197719
2023-01-30,4368.86669921875,4396.387119371309,4157.303469295952,4227.8245459368845,200432
2023-01-31,4140.1025390625,4425.6268521012935,4136.662487098178,4425.6268521012935,179778
2023-02-01,3493.37353515625,4093.6627344519325,3364.371558230244,4088.502655374892,347046
2023-02-02,3266.330078125,3493.373559068918,3166.5685486193393,3390.1719768216826,314081
2023-02-03,3443.492919921875,3505.413871528862,3226.769589297421,3472.733369291841,322677
2023-02-06,3612.055908203125,3665.376733514695,3458.9735387602304,3608.615854957217,227716
2023-02-07,3268.05029296875,3606.8955075555095,3219.8895518092104,3587.9752163856906,283813
2023-02-08,3477.8935546875,3505.4139784634644,3257.730164479785,3329.9712768916916,186920
2023-02-09,3453.81298828125,3539.814307710564,3182.048818884618,3300.730639697071,270321
2023-02-10,3627.53515625,3741.0568823346375,3538.0937963045285,3569.054267054884,257949
2023-02-13,3472.733154296875,3679.13631354186,3436.6126014290026,3582.8148392275334,157335
2023-02-14,3280.09033203125,3643.0159010184516,3247.4098305584685,3558.734607746542,341848
2023-02-15,3242.25,3460.693368700265,3240.5299734748014,3390.172281167109,218853
2023-02-16,3479.613525390625,3501.9738693501295,3317.931038298821,3414.252519970534,264924
2023-02-17,3648.176025390625,3749.6575838526933,3517.454017880164,3548.414493343168,257138
2023-02-21,4007.66162109375,4031.741991349249,3698.0568606659067,3821.898764837044,197759
2023-02-22,4067.862548828125,4143.543712527253,3887.2597718188426,3976.7011470996304,205232
2023-02-23,3665.37646484375,3918.220359884591,3612.0556434405794,3667.0964913406265,268889
2023-02-24,3858.02001953125,3954.3415180126367,3815.019350566345,3875.2202871172117,202350
2023-02-27,3799.538330078125,3815.0185677289637,3677.4164552770626,3692.8966929279013,136461
2023-02-28,3773.738037109375,3866.6194655523586,3615.495603465773,3839.099042309993,175219
2023-03-01,3763.41796875,3821.8988695441044,3634.415981704182,3741.057624328725,186267
2023-03-02,3680.85693359375,4035.1824141172606,3627.536108854775,3942.3009774751754,201483
2023-03-03,3520.89404296875,3777.177976726612,3505.4138053592146,3677.4164454651623,167765
2023-03-06,3637.8564453125,3668.816925698138,3397.0527089797574,3491.6541768247635,162675
2023-03-07,3758.2578125,3804.698526887872,3581.095087242563,3636.135933924485,201908
2023-03-08,3460.693115234375,3713.536995919988,3446.9329040406,3710.096943121544,226311
2023-03-09,3667.0966796875,3687.7369987101315,3309.3311499618903,3481.3338084838183,277763
2023-03-10,3873.5,3935.4209591474246,3581.0954706927178,3615.496003552398,368402
2023-03-13,3883.81982421875,4124.62353342629,3737.6175721998866,3997.341572845162,309576
2023-03-14,3529.494384765625,3741.057644671167,3469.293457150227,3680.856717055769,250553
2023-03-15,3663.656005859375,3890.6994766450266,3641.295664039576,3696.3365054421583,248099
2023-03-16,3242.25,3770.2981432360743,3216.449602122016,3720.417374005305,282733
2023-03-17,3292.130859375,3355.7718425499606,3147.648627302116,3228.4898762000394,224385
2023-03-20,3187.209228515625,3367.812018042954,3163.1288565786476,3288.6907959643145,172351
2023-03-21,3183.38623046875,3325.8740420945346,3016.5712314922216,3117.3552933738742,199902
2023-03-22,3268.531494140625,3272.0068067340762,2926.2132036857056,3179.9110230076258,279489
2023-03-23,3006.144775390625,3188.598649041501,2875.8205799257134,3110.4041317625542,367767
2023-03-24,3162.533935546875,3261.5803280337827,3060.012231042883,3080.86410314539,235255
2023-03-27,3284.170654296875,3317.186126482928,3105.1920419198495,3136.469857675058,169077
2023-03-28,3357.152099609375,3510.0658598400296,3305.0224086216517,3310.235377720424,187034
2023-03-29,3032.210205078125,3212.926457988225,2962.7039539588554,3204.2381765983164,268500
2023-03-30,2893.197509765625,2954.015475436374,2835.854856418919,2926.2129768440313,253655
2023-03-31,2828.904296875,2974.8674178439805,2827.1666406729883,2954.0155434198405,211487
2023-04-03,2910.574462890625,3016.5715030317165,2856.7071146222015,2891.4602425373137,205755
2023-04-04,3075.65185546875,3124.3062351032836,2894.9355882547666,2901.886213916843,215794
2023-04-05,3244.204345703125,3339.7754431930402,3167.7474677111927,3179.911061937182,225602
2023-04-06,3291.120849609375,3412.7567838610416,3223.3522576691607,3341.512879513637,186956
2023-04-10,3126.0439453125,3404.0689765798707,3115.6180066399734,3386.69241212566,168670
2023-04-11,3178.173583984375,3192.0748353085273,3063.4882605601165,3068.7012298066734,128070
2023-04-12,3344.988525390625,3357.152120028409,3070.43881785207,3084.34006886668,230232
2023-04-13,3270.26953125,3409.2820511756113,3209.451553782545,3332.825165216525,150668
2023-04-14,3284.170654296875,3393.643009440104,3164.2723605685765,3280.695341435185,158155
2023-04-17,3289.38330078125,3424.920489086024,3282.4326757399795,3397.1179889209425,119590
2023-04-18,3240.728515625,3327.6113176524796,3127.780872989276,3200.762426692359,125027
2023-04-19,3353.676513671875,3417.969793985792,3331.086982750769,3369.315419694179,116461
2023-04-20,3362.364990234375,3470.0996824279314,3216.4018588753634,3463.1490571251215,188554
2023-04-21,3440.559814453125,3534.3932639382106,3400.5937155983665,3402.3313720703127,163469
2023-04-24,3492.68896484375,3563.9328691017568,3405.80615477301,3466.6241218225277,105885
2023-04-25,3848.908447265625,3852.383759633359,3555.2445521920854,3556.9822083759527,170011
2023-04-26,3781.139892578125,3847.170828202192,3669.9298957375922,3722.059581756592,161693
2023-04-27,3741.17333984375,4034.8372016336216,3729.0097479352935,3822.8431712290985,172177
2023-04-28,3548.294189453125,3744.6493527284447,3544.818876828783,3702.9456012363416,127739
2023-05-01,3449.247802734375,3534.392962600362,3417.969988906053,3499.6398361244487,114516
2023-05-02,3527.4423828125,3626.488794546644,3391.9051878078817,3449.2478472329126,152452
2023-05-03,3647.34033203125,3656.0286129555743,3456.1981516961205,3579.5717408215223,171682
2023-05-04,3713.37158203125,3814.155649302103,3605.636889431373,3741.1740833473477,142673
2023-05-05,3471.83740234375,3762.0260140511605,3421.4453679753974,3706.4210106102196,138220
2023-05-08,3426.658447265625,3569.1462731661227,3419.7078216119426,3480.525796081667,97089
2023-05-09,3603.89892578125,3645.6026741991623,3558.7198649951783,3572.621114467816,101561
2023-05-10,3496.16455078125,3605.6369000353347,3417.9700155997607,3484.000956419685,151459
2023-05-11,3563.9326171875,3666.454325824293,3475.312157179425,3492.6887179653218,118026
2023-05-12,3569.14599609375,3685.568966755036,3487.4761510029975,3536.1305268017436,105090
2023-05-15,3292.8583984375,3588.259943416062,3289.3830861436345,3556.982132771273,153703
2023-05-16,3308.496826171875,3331.086352821158,3197.28684882156,3329.3486969250594,144517
2023-05-17,3068.70068359375,3292.858321296804,3026.9969370443446,3218.1391087291195,220272
2023-05-18,2776.775146484375,3037.423627068015,2759.3985811121324,3030.4730009191176,305570
2023-05-19,2823.691650390625,2875.821342397837,2787.200865985577,2797.6268043870195,182831
2023-05-22,2795.888427734375,2908.8360646534143,2771.561244397966,2901.885440843012,156322
2023-05-23,2900.14794921875,2919.2621657804075,2799.3638982572834,2853.2312358401364,159163
2023-05-24,3053.062255859375,3146.8957002625657,3016.571471924801,3075.6517887712544,259522
2023-05-25,2450.09521484375,2747.2344217503323,2415.342091228945,2646.450363267398,494955
2023-05-26,1972.23974609375,2347.573477508948,1934.0113104866466,2345.835821344989,540519
2023-05-30,1977.4527587890625,2003.5176018310976,1814.1130757256426,1834.9649501592708,461878
2023-05-31,2128.628662109375,2133.8416302614796,1996.5668022560587,2079.974292689732,488330
2023-06-01,2026.1070556640625,2159.9065782079156,1967.0267470083352,2095.613301141389,371597
2023-06-02,2036.5333251953125,2085.1877049781356,1960.0764426794476,1975.7153504667835,294280
2023-06-05,2137.317138671875,2166.8572942470146,2067.8108902597814,2067.8108902597814,209444
2023-06-06,2060.860107421875,2192.921969280275,2026.1069858801907,2182.49603281777,263750
2023-06-07,2067.811279296875,2083.4501881318934,1930.536412856158,2022.6322093290441,372328
2023-06-08,2008.7308349609375,2086.9253743841573,1991.3542706446665,2057.3852150464963,241956
2023-06-09,1994.8294677734375,2027.8449380588863,1900.99602590953,1940.9621215182312,276532
2023-06-12,1803.6873779296875,1934.011610439058,1794.999095762396,1925.3233282717667,313538
2023-06-13,1728.968017578125,1793.2613006438442,1694.2148915966552,1716.8044234846107,384532
2023-06-14,1659.461669921875,1782.835260041721,1654.2487013252617,1749.8197922631707,440622
2023-06-15,1702.9031982421875,1735.9186684121892,1662.9371027732384,1715.0667925153462,350196
2023-06-16,1755.0328369140625,1756.770493188235,1647.2981479153775,1649.03580418955,278175
2023-06-20,1791.5238037109375,1840.1781844130774,1728.9681713796147,1777.6225520817547,252766
2023-06-21,1924.951416015625,1931.9832020102026,1800.1372146118722,1826.5064120915383,349049
2023-06-22,1893.3084716796875,1975.9319611587455,1875.7290058330796,1972.416067989424,250235
2023-06-23,2002.301513671875,2030.428663995624,1968.9005226624233,1993.5117791957036,249612
2023-06-26,1981.2059326171875,1984.7218260202349,1868.6973437196718,1963.6264656019507,258568
2023-06-27,1777.2843017578125,1989.9958749652262,1766.7366204417424,1963.626671675051,304070
2023-06-28,1826.5068359375,1870.4555086020214,1772.010481833494,1865.1816678822788,288068
2023-06-29,1812.4432373046875,1866.9395907057014,1793.105821581747,1796.6217153495545,280292
2023-06-30,1735.0933837890625,1782.557944439827,1713.9980234998336,1764.9784775321364,227748
2023-07-03,1691.144775390625,1750.9149649574454,1677.0812013749025,1712.2401364142088,111978
2023-07-05,1803.6534423828125,1805.411389207747,1715.7561011360867,1729.819675735563,216568
2023-07-06,1870.4556884765625,1944.289465653269,1865.181847249655,1900.3407887623723,298180
2023-07-07,1870.4556884765625,1882.7613180060137,1784.316281770405,1861.6659530983832,227988
2023-07-10,1756.1888427734375,1863.4235969367805,1750.9150024047485,1858.1497565680916,265375
2023-07-11,1754.4310302734375,1837.0545357071567,1731.5777202598558,1736.8515610322208,240271
2023-07-12,1661.2598876953125,1713.9982968284971,1650.7122058686757,1682.3552513485863,311146
2023-07-13,1559.298828125,1629.6167008702087,1548.7511472132187,1612.0372326839065,295860
2023-07-14,1615.5531005859375,1638.4064088640846,1517.1080803108423,1559.298803285883,341048
2023-07-17,1503.04443359375,1648.954010188231,1478.4331797103437,1617.3109694809941,336981
2023-07-18,1496.0128173828125,1559.298906014753,1480.1912952248274,1525.8979147923399,264627
2023-07-19,1548.7510986328125,1562.8146727407154,1488.980908674225,1488.980908674225,276921
2023-07-20,1721.030029296875,1743.8833391853932,1619.0691082557935,1634.890630486306,462449
2023-07-21,1673.565185546875,1706.9661713928735,1627.858573336561,1668.291345676454,337760
2023-07-24,1675.3233642578125,1703.450514129927,1640.1644269176695,1675.3233642578125,222206
2023-07-25,1590.9417724609375,1650.7119605975915,1562.814625102512,1650.7119605975915,263115
2023-07-26,1661.2598876953125,1710.4824028862847,1619.0691603887649,1650.7122058686757,320283
2023-07-27,1564.57275390625,1596.2157983672753,1462.6118328651685,1534.6876563597261,599798
2023-07-28,1467.885498046875,1525.8977392870509,1450.3060310043975,1476.6752315681138,366865
2023-07-31,1450.3062744140625,1478.4334264026988,1436.2426984197443,1453.822168412642,284732
2023-08-01,1445.0322265625,1503.044469234717,1438.0004395719282,1483.7070550106448,303915
2023-08-02,1612.037353515625,1638.4065577716058,1501.2866956405057,1503.0446425909045,513592
2023-08-03,1626.100830078125,1691.14486328125,1590.941893211571,1678.8392353779561,414093
2023-08-04,1638.406494140625,1692.902847486504,1569.8465657377446,1645.4382816691254,387150
2023-08-07,1583.9100341796875,1633.1325435659596,1580.3941406520967,1601.489501817642,253510
2023-08-08,1664.7755126953125,1726.3036467442416,1655.985779259751,1661.259619321088,285460
2023-08-09,1754.4310302734375,1764.9787118181678,1664.775737143232,1668.2916309914751,304763
2023-08-10,1780.800048828125,1815.9589836519774,1655.9858302034488,1713.9980726628053,377686
2023-08-11,1905.6146240234375,1919.678200584496,1842.3285294986738,1847.6023707090708,367801
2023-08-14,1745.641357421875,1953.0791018083617,1745.641357421875,1935.4996319451,336100
2023-08-15,1835.2967529296875,1840.5705941737383,1754.4311871875748,1768.494763838377,332732
2023-08-16,1942.53125,1946.0471436651585,1835.2964932126697,1842.3282805429865,342193
2023-08-17,2000.5433349609375,2018.1228018762358,1919.6777871505658,1931.9834139912746,302284
2023-08-18,1968.9002685546875,2081.4088553292413,1947.8049085344587,2067.345281982422,288150
2023-08-21,1803.6534423828125,1953.0789225022463,1791.347814608271,1939.0153479027701,262905
2023-08-22,1849.35986328125,1870.4552229384506,1728.0615452523466,1736.851278442847,294662
2023-08-23,1740.3673095703125,1889.7927856445312,1715.7560546875,1884.5189453125001,315124
2023-08-24,1914.4041748046875,1923.1939093079231,1640.1644583037405,1643.6803521050347,485738
2023-08-25,1884.518798828125,2004.0591703955808,1838.8121861699804,1916.161838360687,508682
2023-08-28,1815.9593505859375,1875.7295518636936,1800.1378267182963,1831.780874453579,233791
2023-08-29,1675.3233642578125,1854.6339446925417,1655.9859487207339,1844.0862634904988,358641
2023-08-30,1652.47021484375,1726.3039904005984,1629.6169033618685,1687.6291555851064,321424
2023-08-31,1619.069091796875,1673.5654455924268,1590.9419414507838,1670.0495517991653,300884
2023-09-01,1606.763427734375,1645.4382585988785,1576.8783311572586,1587.4260123021234,307792
2023-09-05,1610.279296875,1654.227967641239,1573.3624134313593,1629.6167120121452,286944
2023-09-06,1647.1962890625,1703.4505913570572,1592.6999337146478,1622.5850318086314,316430
2023-09-07,1761.462890625,1824.7489825037424,1747.399314651946,1763.2208376216317,386979
2023-09-08,1791.3477783203125,1814.2010865815137,1736.8514278512941,1773.7683104270807,260429
2023-09-11,1794.8636474609375,1868.697411607225,1724.5457768454257,1729.819617141589,254474
2023-09-12,1838.8123779296875,1847.6021120498103,1750.9150367284597,1835.2964842816384,256513
2023-09-13,1808.92724609375,1852.8759158239188,1757.9467892067541,1845.8441286670918,298731
2023-09-14,1775.5263671875,1830.0227210318687,1754.4310044090346,1759.704845103651,289786
2023-09-15,1931.983154296875,1960.110297580542,1810.6848488860612,1812.4427953412905,394866
2023-09-18,1914.4041748046875,1991.75383843316,1891.5508650962754,1981.2061570292772,268471
2023-09-19,1962.3934326171875,1996.2893191805754,1924.9295579944958,1930.2815400834518,270132
2023-09-20,2064.081298828125,2064.081298828125,1914.2257853436283,1937.4177100495624,243929
2023-09-21,2176.472900390625,2181.824882932569,2097.9771564421108,2140.793016777664,338296
2023-09-22,2122.953125,2153.2810267857144,2060.5133272058824,2119.385136554622,246734
2023-09-25,2081.92138671875,2187.1770523711975,2073.0014150532884,2155.0651543755353,273102
2023-09-26,2190.744873046875,2222.8567685801354,2115.8171168026006,2137.225047158108,283376
2023-09-27,2135.44091796875,2237.1285807291665,2087.273077713816,2139.008906135782,313150
2023-09-28,2019.4813232421875,2180.040792404552,1951.6895473736336,2155.0648749792954,460156
2023-09-29,1998.0733642578125,2021.2652872358049,1912.4416486467633,1937.417565699986,405480
2023-10-02,1971.313720703125,2046.2414820330175,1923.1458741339084,1989.153663876909,338174
2023-10-03,2096.193359375,2137.225229388298,1944.5538397606383,2028.4015741356384,379211
2023-10-04,2010.561279296875,2114.03293342218,1990.9373448938,2065.8650944328137,320385
2023-10-05,2039.10546875,2099.7612744695975,1987.3696344597552,2015.9135430336833,280498
2023-10-06,1914.225830078125,2119.3851688097043,1883.8979278308482,2078.3533010633882,429016
2023-10-09,1930.2816162109375,2019.4813212114427,1912.4416752108364,1976.6654628112003,269955
2023-10-10,1857.13818359375,1937.417932164085,1803.6183512135267,1912.4420103866473,310079
2023-10-11,1816.106201171875,1882.1139904089669,1803.6182410459387,1837.5141328163372,264898
2023-10-12,1803.6180419921875,1857.1378651967034,1725.1223012922308,1807.186030205822,409449
2023-10-13,1951.6898193359375,1964.1777797887269,1787.5623390992773,1794.6983165008712,399612
2023-10-16,1867.841796875,1942.76954803904,1848.2178620463228,1939.2015598883715,277415
2023-10-17,1914.225830078125,2048.025398816111,1873.1939623318092,1980.2336173221981,405508
2023-10-18,2015.9132080078125,2048.0250998167867,1965.9613763049642,2008.777232050263,326496
2023-10-19,2112.2490234375,2135.4409468367294,1946.3375714276287,1962.393518396326,483816
2023-10-20,2206.801025390625,2217.5049915606687,2069.433459541734,2112.249324221908,322927
2023-10-23,2240.69677734375,2317.408530071283,2126.5211453771894,2246.048760092183,349279
2023-10-24,2149.713134765625,2238.912849901128,2142.5771575547847,2206.800952452347,288847
2023-10-25,2413.744140625,2449.424024447986,2219.2887737897263,2244.2646924658166,358082
2023-10-26,2458.343994140625,2495.807872135511,2301.3525054001498,2390.5522149117833,389680
2023-10-27,2385.199951171875,2420.879830770557,2315.6241859544457,2360.224035452798,294825
2023-10-30,2483.3203125,2563.600063981681,2392.336594154095,2436.9364560883623,323514
2023-10-31,2419.09619140625,2572.5196961709535,2397.6882605088495,2481.5359898570014,276012
2023-11-01,2246.048583984375,2415.528024396222,2237.128613436383,2413.744030286624,317220
2023-11-02,2092.625,2190.744671781756,2046.2411551577154,2122.9528985507245,310515
2023-11-03,1930.2816162109375,2042.6732445115742,1885.6817637106847,2028.4012917114933,404144
2023-11-06,1940.9854736328125,2001.641269683838,1905.3055936027974,1924.9295276193056,273109
2023-11-07,1908.8736572265625,1967.7454616083162,1880.3297520717729,1957.04149717527,307119
2023-11-08,1901.7379150390625,1942.7697837500368,1873.1940063705588,1901.7379150390625,249749
2023-11-09,1932.065673828125,1942.7696387800813,1800.0501060873298,1866.0578899577274,372114
2023-11-10,1700.146484375,1885.6818824599948,1680.5225480390873,1860.7059634870147,442381
2023-11-13,1746.530517578125,1782.210405577678,1732.2585623783036,1739.3945399782144,264359
2023-11-14,1559.2108154296875,1627.002590013587,1539.5868806817166,1616.2986256056029,446076
2023-11-15,1525.31494140625,1559.2108289930557,1487.8510656524122,1528.8829295732821,407051
2023-11-16,1521.7469482421875,1559.2108238730034,1507.4749956209243,1544.9388712517402,376052
2023-11-17,1493.2030029296875,1544.9388297934402,1482.4990387509802,1537.8028536743018,267666
2023-11-20,1423.6273193359375,1498.5550729851975,1409.3553662598881,1496.7710788506913,307422
2023-11-21,1503.9071044921875,1528.8830231907527,1461.0912438660753,1461.0912438660753,379354
2023-11-22,1493.2030029296875,1507.474955167964,1420.05924770852,1480.7150447211955,372840
2023-11-24,1491.419189453125,1512.827120402213,1486.067206715853,1498.5551664361544,138708
2023-11-27,1500.339111328125,1521.7470415729972,1461.091239212526,1511.043076450561,244532
2023-11-28,1527.09912109375,1564.5630014009566,1503.9071951892888,1530.6671096944365,309205
2023-11-29,1478.93115234375,1486.06712895337,1407.5713862475498,1464.65919912451,378068
2023-11-30,1507.47509765625,1546.722970021265,1466.4432310928255,1468.2272252912353,419021
2023-12-01,1487.851318359375,1573.4830489124327,1480.715340813287,1537.803161181992,401533
2023-12-04,1539.5870361328125,1605.5948233134777,1530.6670648921822,1537.8030418846865,324170
2023-12-05,1568.1307373046875,1607.3786055876262,1555.6427792146617,1585.970677433296,292129
2023-12-06,1600.24267578125,1603.8106639100822,1498.5550141095316,1502.123002238364,281963
2023-12-07,1473.5791015625,1575.2667635347307,1455.7391608656174,1559.2108169075364,386223
2023-12-08,1439.683349609375,1487.8511940200976,1418.275418760165,1486.0671997826635,389267
2023-12-11,1293.3958740234375,1404.0035211813038,1277.3399252424567,1398.6515382543103,505045
2023-12-12,1266.6358642578125,1320.1556895081426,1263.0678759077905,1313.0197128080986,340116
2023-12-13,1204.1961669921875,1279.1239284939236,1182.7882351345486,1264.8519739221645,446278
2023-12-14,1109.6444091796875,1179.22018403179,1095.3724553638715,1177.436189804813,610558
2023-12-15,1097.1563720703125,1104.292348474022,1057.908501849911,1100.7243602721671,533416
2023-12-18,1104.29248046875,1136.4043781237378,1090.020525955422,1095.37250889792,331626
2023-12-19,1090.0203857421875,1106.0763325043474,1081.1004153187653,1104.2923384196629,263122
2023-12-20,1182.7880859375,1184.5720800339366,1093.5883811156675,1107.8603338871608,458531
2023-12-21,1089.0306396484375,1126.8942877156846,1081.8185162070572,1110.6670099725786,468007
2023-12-22,1078.2122802734375,1103.4547082397053,1058.378944014227,1076.4092497044182,324613
2023-12-26,1022.3184814453125,1065.5912214006696,1007.8942347935267,1063.7881905691963,313530
2023-12-27,1018.7122192382812,1031.3334325739768,1002.4849449495299,1009.6970668556417,277433
2023-12-28,1020.5153198242188,1025.9244116254072,1002.4850138202573,1009.6971362218419,188646
2023-12-29,1049.36376953125,1063.788013785975,1016.9092199581186,1022.3183115536405,348569
2024-01-02,1159.3486328125,1186.3940908096813,1096.2425641524105,1096.2425641524105,573000
2024-01-03,1235.075927734375,1249.5001721458714,1200.818347257071,1220.6516833228786,538731
2024-01-04,1267.5306396484375,1303.5912552856619,1229.6669932293519,1296.3791321582169,541575
2024-01-05,1247.697265625,1274.7427265850795,1213.4396817422326,1262.1215114703757,476189
2024-01-08,1126.8941650390625,1226.0608515625,1116.0759810546874,1222.454790234375,436039
2024-01-09,1126.8941650390625,1170.1669009765626,1099.848705078125,1164.757808984375,381476
2024-01-10,1135.909423828125,1180.9851946149554,1117.879115513393,1121.4851771763392,346541
2024-01-11,1125.0911865234375,1195.4093856811523,1105.2578482994666,1137.7124017568735,589026
2024-01-12,1143.121337890625,1161.1516429046728,1107.0607278625296,1125.0910328765774,329964
2024-01-16,1096.2427978515625,1159.3488799647282,1071.0003650062963,1141.318570789538,582709
2024-01-17,1125.0911865234375,1180.9851397000828,1121.4851250281702,1128.6972480187048,633141
2024-01-18,1016.9093017578125,1072.8032527409548,1011.5002097271858,1038.545669880319,807900
2024-01-19,897.9092407226562,995.2728933311371,894.3031795149348,977.2425872925295,682856
2024-01-22,888.89404296875,914.1364701524468,852.8334327063261,878.0758598900228,558769
2024-01-23,872.6669311523438,914.136640690575,867.2578386038789,888.8942087977387,399975
2024-01-24,834.8032836914062,863.6517772962928,796.9396358349926,842.0154070926279,871168
2024-01-25,842.015380859375,856.4396272124264,787.9244570354323,787.9244570354323,756880
2024-01-26,912.3335571289062,919.5456801101624,878.0759729679394,890.6971881851377,663488
2024-01-29,885.2880859375,926.7577926107434,881.6820244876527,906.9244546365835,424818
2024-01-30,923.1517333984375,935.7729485034943,881.6820266246796,897.909303188324,490845
2024-01-31,964.621337890625,989.8637654242115,914.1364828234522,968.2273989668516,856448
2024-02-01,953.8032836914062,989.8638993319131,944.7881297812795,957.409345255457,526010
2024-02-02,917.74267578125,961.0154149143542,908.7275217951867,953.8032917255035,718322
2024-02-05,878.0759887695312,923.1517582135524,865.4547733252053,892.5002349916181,674684
2024-02-06,908.7274169921875,939.3789370097811,870.863774617513,870.863774617513,605912
2024-02-07,869.060791015625,919.5456502447485,865.4547296421163,894.3032206301867,567514
2024-02-08,825.7880249023438,863.6516679655517,805.9546880597111,860.0456067214367,584820
2024-02-09,777.1062622070312,825.7880930181445,771.6971698946853,809.5608160811069,498678
2024-02-12,782.5153198242188,791.5304732784149,737.4395525532384,775.3031970608619,687495
2024-02-13,827.5911254882812,861.8487102034824,804.1517254199857,851.0305255565768,996728
2024-02-14,775.3032836914062,809.5608706452126,771.6972219067951,796.9396543990734,620702
2024-02-15,775.3032836914062,787.9244999375454,755.4699438760447,762.6820674452671,495378
2024-02-16,791.5305786132812,798.7427023364091,742.8487434821683,760.8790527899879,639134
2024-02-20,831.1973266601562,867.2579482072347,805.9548915772015,813.1670158866172,679791
2024-02-21,836.606201171875,874.4698438973262,836.606201171875,860.0455990495353,677409
2024-02-22,714.000244140625,751.8638934511127,703.1820586233429,739.2426770142835,923409
2024-02-23,737.4395751953125,750.0607904187041,695.9698680327399,704.9850217637339,682991
2024-02-26,717.6061401367188,732.0303841595675,706.7879571195823,717.6061401367188,490848
2024-02-27,719.4092407226562,724.818332758165,701.3789339376273,706.788025973136,443994
2024-02-28,742.8486938476562,753.6668787095153,732.0305089857973,744.6517246579662,474584
2024-02-29,685.1515502929688,724.8182189941406,679.7424591064453,715.8030670166015,714427
2024-03-01,598.6061401367188,663.515239669616,587.7879568812359,661.7122091270355,970980
2024-03-04,580.5758056640625,591.3939883782997,560.7424706879609,578.7727752116896,796756
2024-03-05,613.0304565429688,632.8637948428883,589.5910567339729,600.4092412612017,1019267
2024-03-06,571.5606689453125,591.394004460765,549.9243029284553,575.1667299481221,1088186
2024-03-07,512.060791015625,549.9244410555127,504.8486671985035,549.9244410555127,1135179
2024-03-08,573.36376953125,575.1668002530464,497.6364792158019,508.4546635465802,1870091
2024-03-11,596.8031616210938,616.6364993184715,584.1819467227625,593.1971002215705,1318488
2024-03-12,558.9395141601562,605.8183121219759,558.9395141601562,575.1667903777092,1139654
2024-03-13,600.4092407226562,611.2274252401816,576.9698409346846,578.7728716876055,870589
2024-03-14,632.8638305664062,650.8941391295517,596.8032134401153,609.4244294343171,1164376
2024-03-15,647.2879028320312,663.5151761620822,623.8485080219576,658.1060850520652,944765
2024-03-18,647.2879028320312,650.8939635720426,605.8182043219011,614.8333561719294,787628
2024-03-19,665.7090454101562,704.0101137762201,656.5897434182364,676.6522078004602,935613
2024-03-20,631.0556030273438,678.4759662606124,625.5840226542743,660.2373650170475,684487
2024-03-21,590.9307250976562,594.5784456229504,556.2773801073616,570.8682622085383,774481
2024-03-22,587.282958984375,605.5215601950699,576.339798257958,600.0499798318614,566218
2024-03-25,594.5784301757812,618.288612974202,579.9875484536761,614.6408925436757,604176
2024-03-26,609.1693115234375,609.1693115234375,576.339827668881,583.6352685254491,563378
2024-03-27,587.282958984375,623.7601614057647,587.282958984375,592.7545393475834,619664
2024-03-28,585.4590454101562,594.5783451829001,578.1636055919611,590.9306252738025,380160
2024-04-01,567.2205810546875,587.2830453363646,543.5103959945237,585.4591849471212,554104
2024-04-02,592.7545776367188,612.8170402644231,590.9307173978366,594.578437875601,592835
2024-04-03,589.1068725585938,616.4647768569805,576.33985055268,616.4647768569805,642397
2024-04-04,641.998779296875,645.6464996337891,561.7489318847656,565.3966522216797,734149
2024-04-05,618.2886962890625,645.6466032045078,605.5216730618547,632.8795799773,791899
2024-04-08,614.6409912109375,621.9364332431148,598.2262466385386,607.3455491787602,431043
2024-04-09,596.40234375,627.4079701834863,589.1069022362385,594.5784833715596,542714
2024-04-10,625.5840454101562,638.3510667450573,603.6977231217543,625.5840454101562,872333
2024-04-11,585.4590454101562,632.8794042284243,581.8113255010587,616.4646646374854,560612
2024-04-12,641.998779296875,647.4703598022461,614.6408767700195,618.2885971069336,585047
2024-04-15,667.8977661132812,678.293738014888,610.6284994203072,616.8296699150781,762615
2024-04-16,654.0363159179688,676.8345697100075,644.0050842494717,666.9857352038066,773245
2024-04-17,714.041259765625,718.4185130613479,649.4766205892747,654.4010096745396,1381385
2024-04-18,752.7072143554688,759.8202588308671,715.500417419903,730.0913007170495,1274090
2024-04-19,841.3467407226562,854.296160086146,759.2730265791577,772.769637432817,1639835
2024-04-22,801.9513549804688,849.1893231920587,784.0774915627073,817.4541667341432,980460
2024-04-23,751.0656127929688,792.6496590088977,740.8520401369337,786.0837511158777,985780
2024-04-24,722.4310913085938,743.7702238760223,680.2999063516394,693.0669287228498,1375360
2024-04-25,682.853271484375,742.1287300448207,669.9038524822872,730.456035491031,1424035
2024-04-26,640.1749267578125,692.7020779714583,632.6970888460612,686.6833616077391,1130785
2024-04-29,627.2255859375,659.5079375649844,625.4017255214794,645.0994514103828,817140
2024-04-30,666.9857177734375,667.5328535862284,615.3704391412466,636.5272292393271,1028860
2024-05-01,733.739013671875,745.9589005660962,668.4448338813551,704.0101115367069,1819420
2024-05-02,685.7713623046875,738.6633024824426,678.4759222801696,699.4503123506587,1097675
2024-05-03,640.5397338867188,656.7720787725353,629.2317782171583,645.8289174122369,1082825
2024-05-06,602.0563354492188,632.3324295368487,601.3268024135729,625.0369878607838,934265
2024-05-07,616.2823486328125,617.1942787301265,593.6664933513856,599.3204710866913,984070
2024-05-08,615.1880493164062,637.4391669650869,614.0937776777813,634.8857737086314,941120
2024-05-09,622.4835205078125,632.6971496870088,612.8170828341702,616.464803565326,823020
2024-05-10,604.7921752929688,614.0938753188419,587.283102713644,604.9745724816736,863915
2024-05-13,601.8739013671875,605.521621981534,590.9307395241477,597.6790449246087,598705
2024-05-14,572.1450805664062,605.5217065872632,571.050753097239,604.4273791180959,970010
2024-05-15,524.3597412109375,564.3022634094824,523.4478112262228,555.1829635623357,1115845
2024-05-16,532.74951171875,533.4790445793793,513.234187653127,525.2716746627734,854395
2024-05-17,541.5040283203125,555.1829784580425,520.347240975332,523.8126195380561,983045
2024-05-20,507.2155456542969,538.403566999604,496.81951998592865,536.9444454066098,1143410
2024-05-21,510.680908203125,528.0075818743024,509.4041836686965,526.730857339874,811785
2024-05-22,493.5365905761719,510.4984684927082,490.25360875827,497.91384400691055,1314075
2024-05-23,502.65594482421875,515.0581734641704,459.2480610946835,459.6128276141112,2273655
2024-05-24,474.20367431640625,497.0019278893104,469.27922928073946,490.43601972835427,1555020
2024-05-28,449.76397705078125,472.92697028575634,443.927601620031,457.9713486916357,1945040
2024-05-29,479.4928894042969,480.04008092174877,469.46165717550485,475.84516859382705,1464605
2024-05-30,488.06500244140625,496.0899762188699,473.83885943336963,478.76330425534314,1322850
2024-05-31,502.2911682128906,542.2337018436466,479.6753092508932,484.7820963630263,2165945
2024-06-03,499.0082092285156,526.5485119951908,476.5746932427677,477.8514177679002,1501615
2024-06-04,511.22796630859375,523.0830570175531,500.10246417109727,502.6558571918375,1400010
2024-06-05,444.6571350097656,489.70647766881257,443.56280772659085,484.78203272442494,2139885
2024-06-06,455.05316162109375,465.63155731694303,444.4747659252445,444.83953243270815,1657620
2024-06-07,459.6127624511719,470.008787675295,451.58778884192,457.78890228271484,1795360
2024-06-10,440.0974426269531,473.65648477835924,436.9968860586445,472.9268962189281,1676685
2024-06-11,439.3679504394531,460.7071389565306,437.9088844125594,446.6633918935239,1522155
2024-06-12,403.0731201171875,419.1230960769739,397.96630578954193,416.02253918051383,2807270
2024-06-13,388.6646423339844,406.5384510685622,384.6521273969325,393.953826089335,2064440
2024-06-14,394.318603515625,405.4441628224131,391.40044364311865,401.2492784364159,1653860
2024-06-17,376.0799560546875,401.7963952121139,374.0737265946106,387.38788337933914,1828790
2024-06-18,361.85394287109375,374.80336465538284,356.3823609053218,372.97950400012553,2165100
2024-06-20,391.58282470703125,397.9663361460417,358.93573447948125,360.577197717552,3661635
2024-06-21,403.6202697753906,417.29922134145744,390.306084685106,401.4316430907996,2895930
2024-06-24,438.09124755859375,439.1855748931964,407.9975519859232,415.2929933368736,2481600
2024-06-25,417.5196533203125,443.9029155215233,417.5196533203125,428.7740325885479,1934215
2024-06-26,423.2391052246094,437.629978808786,412.1692067986593,420.2871492023472,1801645
2024-06-27,429.8810729980469,438.1834971546615,416.7816814011714,427.8515802766576,1570385
2024-06-28,418.4421691894531,428.5895761540676,392.6124060067981,422.68563591418797,2322765
2024-07-01,418.9956970214844,442.2424685078934,417.1507138169022,418.81118744014236,2063155
2024-07-02,400.17681884765625,426.92907351143594,400.17681884765625,426.19109154021476,1645270
2024-07-03,380.8045349121094,404.7893173745557,374.900594090257,398.3318759423586,1436415
2024-07-05,378.9595031738281,386.33943529524413,370.2880885616057,373.24007267105486,1564590
2024-07-08,357.92669677734375,371.5795595172466,357.1887148489945,371.210568553072,1994430
2024-07-09,358.4802551269531,368.8121445515324,348.14833755016326,354.05227838595295,1927750
2024-07-10,333.2039794921875,354.6057678693175,332.0969783036249,349.25532781308743,2516760
2024-07-11,366.9671325683594,370.288107826215,327.1155139307169,327.66901449906084,3664010
2024-07-12,353.1297302246094,368.62760410902666,334.86441002934566,361.2476722075535,3223875
2024-07-15,353.4988098144531,359.7717417429327,339.1079345142936,349.43982405250773,2454740
2024-07-16,346.67230224609375,364.19964114080517,345.3808197474512,348.14829430977403,2302275
2024-07-17,419.7336120605469,422.3165768738836,379.5129789886996,383.0184634093195,4359140
2024-07-18,417.335205078125,439.65951364039574,397.59388995444823,397.59388995444823,4656935
2024-07-19,455.7108154296875,458.4782900173172,415.3056977111771,419.18014524253425,2919170
2024-07-22,398.516357421875,438.92147684404284,398.516357421875,426.7446050363662,2906205
2024-07-23,417.15069580078125,421.39413446628464,405.34278691009604,417.8886777898579,1753535
2024-07-24,483.2010498046875,486.33754351320954,431.91054350773294,435.04700906404776,3055270
2024-07-25,515.8572387695312,542.0559626071381,469.54815594045493,497.96088181703055,4579275
2024-07-26,484.861572265625,502.388913020877,472.31570877310736,483.20109861285357,2631570
2024-07-29,488.3670654296875,494.0864681874927,450.5448824621693,470.6552158162689,2292805
2024-07-30,541.3180541992188,546.8530037438006,477.48162485749134,481.1715912205459,3129210
2024-07-31,431.9105529785156,480.0646229272681,431.35705242062727,467.5187041224918,3209600
2024-08-01,525.0821533203125,542.7940007153146,444.8253958375816,459.76974068442206,3885625
2024-08-02,613.2723999023438,630.9842497527792,578.0332097809978,594.8225680382275,5345915
2024-08-05,641.8695678710938,737.9931924483773,595.3760305294933,737.9931924483773,4718155
2024-08-06,626.0028076171875,659.2125068288032,575.4502767448346,624.5268435073287,2944130
2024-08-07,680.4298706054688,684.3043470929462,553.4950323703139,567.3324081795718,3110480
2024-08-08,539.6575927734375,661.0574663354037,537.4435903838812,617.7003605912129,3682790
2024-08-09,549.0670166015625,573.4207612816022,535.5986053357557,554.0484375044613,2812860
2024-08-12,539.842041015625,562.1663467400496,520.8386821937636,547.7754454519779,2135920
2024-08-13,474.7141418457031,528.4031627571633,472.50019584894835,521.0232301591459,2398280
2024-08-14,479.1421203613281,502.2044084745146,457.0022956204619,464.01323683731204,2634890
2024-08-15,409.4017333984375,453.3123362478598,404.42028472252406,446.8548954803626,3220730
2024-08-16,413.4607238769531,430.0655717731808,408.1102559968439,422.87012079349074,2559785
2024-08-19,392.6123962402344,432.8330321117166,392.4278866754936,418.25764921561154,2422765
2024-08-20,407.92584228515625,417.3352407634523,390.7674909806942,400.1768894589903,3068350
2024-08-21,391.1363830566406,405.342746056087,384.863452325105,401.0992796660691,2940570
2024-08-22,430.43463134765625,434.6780987832834,380.62007972157494,384.12553690845124,3944420
2024-08-23,397.0403747558594,418.2576813285474,388.1844498602956,411.98474977663636,4091180
2024-08-26,427.1136169433594,431.72607500970236,398.3318673484953,403.8668170281068,3122660
2024-08-27,413.09173583984375,448.69991797338554,409.0327783455801,437.26102752511156,2719980
2024-08-28,435.416015625,448.88439800994377,410.139752551787,417.8886760129767,3555305
2024-08-29,439.6594543457031,446.3013762515884,406.818751329061,428.95854731975817,3633700
2024-08-30,407.1877746582031,429.14309098511904,403.12881736777933,409.77076795371545,3070255
2024-09-03,499.4369812011719,506.4478949297983,428.77408994744076,428.9585995307035,4836555
2024-09-04,494.63995361328125,520.8386784334089,471.76214751953387,514.750257054529,3486740
2024-09-05,503.4958190917969,518.6247013016954,480.0645701867217,515.6727174187384,3261615
2024-09-06,568.8082885742188,576.7417499848707,513.827812650769,513.827812650769,4165450
2024-09-09,534.4915771484375,563.8267944638899,529.3255911636693,541.8715088657543,2761685
2024-09-10,517.8867797851562,559.0298804802534,516.9642882332087,533.7535894351223,2495905
2024-09-11,445.7479248046875,541.1335165610063,443.3494411626278,507.92382101552414,4051090
2024-09-12,452.7588806152344,472.68473360025877,440.21301697254626,453.6813722449738,2897160
2024-09-13,429.6965637207031,445.00992947285874,425.63760642731705,442.7959553266671,2716955
2024-09-16,445.9324035644531,463.09075179114006,440.0284633553263,447.77738663931825,2505805
2024-09-17,445.56341552734375,457.00230503673464,426.74459366967386,430.43455984381336,2708765
2024-09-18,459.76983642578125,461.4303383004571,420.6561957817775,440.95101224493345,3718040
2024-09-19,401.099365234375,419.54919855982394,382.0960594309318,408.66380815869366,4625850
2024-09-20,418.8111572265625,436.89199695753405,409.58624186914926,413.82970856400084,3143885
2024-09-23,415.1212158203125,424.1616221484045,409.2172752701988,413.8297332237578,1707595
2024-09-24,399.9079284667969,418.55165473564523,392.2639893173416,403.4502250786506,2724920
2024-09-25,392.0775451660156,405.50102156974555,384.2471863011788,405.50102156974555,2666430
2024-09-26,350.5020751953125,381.8235429236566,340.2480251231092,343.9767706039104,5038620
2024-09-27,367.28143310546875,372.5016825143484,346.77333277978266,347.1462016415446,3350085
2024-09-30,377.53546142578125,393.1961802982898,370.07797082971643,381.2642067238137,3523725
2024-10-01,409.416259765625,418.1788058402007,374.17959836844557,378.6541099551717,5404295
2024-10-02,391.7046813964844,414.63644084275336,379.0269424554794,406.0603442415348,3788930
2024-10-03,389.09454345703125,403.4502063272125,374.1795631351666,402.89091732359645,3110240
2024-10-04,373.24737548828125,387.41661812101466,364.1119614540632,365.417016537799,3280645
2024-10-07,377.16259765625,384.99295719777734,368.0271544844103,381.26421184961487,2713210
2024-10-08,365.2305603027344,384.0607338768962,361.68826394231974,376.97611270800036,2410715
2024-10-09,353.85791015625,374.55242806938907,352.92572389580045,366.9085178025432,2631200
2024-10-10,361.68829345703125,375.1117708235547,356.2816241608702,368.21359772043127,3071620
2024-10-11,353.4850769042969,371.01016898464513,349.9427516893704,370.4508514824915,2395090
2024-10-14,334.0955810546875,347.51905876104996,331.8583395116387,346.95976971134,2752405
2024-10-15,385.92510986328125,393.00973109627853,331.29898958915516,336.5192383107356,4744025
2024-10-16,385.92510986328125,391.51822739753175,371.56944721498513,371.7558673972867,2092170
2024-10-17,376.78973388671875,377.34902293802173,353.48507514677004,355.72231669619117,2696135
2024-10-18,376.9761657714844,381.6370976639312,366.5356954012459,366.90856426302753,1822850
2024-10-21,379.02691650390625,393.94189577844804,376.04390926977175,382.1963439101333,2071300
2024-10-22,383.31500244140625,393.00973387982464,379.9591262074741,385.73866396496055,2260775
2024-10-23,393.38262939453125,410.34843189930496,381.82352464695975,386.857325115475,3239685
2024-10-24,387.4166259765625,396.73848883236013,382.1963770877023,382.942114736939,2163045
2024-10-25,376.23040771484375,377.90833172621427,358.89173632238237,377.3490142397344,3273375
2024-10-28,375.6710510253906,382.75567206932885,368.40000980412566,376.97610605894255,1738350
2024-10-29,348.6376647949219,380.5184465912246,343.4174159960796,375.1117491592544,2839680
2024-10-30,385.5522155761719,385.9250843642055,369.3321814881589,375.48458761087534,3018385
2024-10-31,430.2972717285156,439.4326875745491,396.36569058144045,396.36569058144045,3317925
2024-11-01,418.1788024902344,425.2634244430777,404.19600723386054,421.9075478919341,2340125
2024-11-04,424.7040710449219,429.5514225885652,407.1789520694094,420.9753259583959,1814315
2024-11-05,409.97552490234375,426.5684581735767,409.0433385988386,425.07695439835476,1939450
2024-11-06,374.7389221191406,397.48426394123555,370.45085911174533,386.2980274600672,2345995
2024-11-07,351.0613708496094,360.56965416481484,350.31560473103906,357.40022639307966,1956845
2024-11-08,359.2646179199219,365.41705359350823,351.6207068268589,357.9595627038448,1911080
2024-11-11,386.8572998046875,400.0943561410868,369.33220940962974,369.33220940962974,2198780
2024-11-12,399.5350646972656,415.56865242294504,389.28101511937444,391.7047052546716,2124550
2024-11-13,425.8227233886719,427.68709613283954,405.68752051011717,410.3484523705364,2160745
2024-11-14,426.0091247558594,429.178552379528,408.2975856522241,412.0263307266736,1623605
2024-11-15,468.5168762207031,472.24562170841574,442.0427889475577,449.50027992298294,2186060
2024-11-18,449.3138122558594,475.0421607219498,447.82230843427584,467.9575389054801,1414920
2024-11-19,446.8901062011719,460.12716303064775,445.02573360254536,456.95773530259623,1183335
2024-11-20,459.1949462890625,477.8386425912783,452.4831939997344,454.90688390688433,1770190
2024-11-21,436.822509765625,470.7540856986464,429.3650192991118,443.16136528293384,2179450
2024-11-22,436.6360778808594,446.89012766581925,433.8395188485976,440.9241407532747,1160115
2024-11-25,423.77191162109375,433.28019512528584,412.21280681015685,420.41603514099745,1400700
2024-11-26,440.7376403808594,450.9916889624181,411.09412949703443,413.8906882010959,1266415
2024-11-27,458.6356506347656,481.56741040804974,447.2629666178472,448.38160153520784,1687065
2024-11-29,440.92413330078125,451.1781829124273,424.7040968774276,451.1781829124273,1248930
2024-12-02,407.1789855957031,434.77170719753764,398.4164396104902,433.2802033505064,2259595
2024-12-03,414.0771789550781,418.3652133124466,406.80610851592684,415.7551029689989,1308135
2024-12-04,397.48419189453125,407.17892273136073,388.7216472621674,389.46738484651377,1386720
2024-12-05,420.22955322265625,423.7718780676436,398.043531688119,399.7214555712778,1322295
2024-12-06,412.7720947265625,424.14477930924687,410.16198438696404,419.4838476684859,1139225
2024-12-09,418.5516662597656,427.1277919587926,403.63668483402785,421.16177663004197,1394990
2024-12-10,448.9409484863281,457.5170457732376,415.00937129014386,416.68729532834567,1491710
2024-12-11,416.1279602050781,438.31401129787446,407.55186328146584,429.7378859261938,1684275
2024-12-12,425.8227233886719,435.5174844168002,420.2296051561688,426.00917204231683,1517310
2024-12-13,389.84027099609375,410.16191829608294,382.755650354094,396.7384430232786,2202385
2024-12-16,368.58648681640625,395.6198916790127,363.17981722311316,386.85734544764404,1940775
2024-12-17,384.06072998046875,390.9589024506989,373.43381255897197,379.9591162236887,2044145
2024-12-18,428.432861328125,436.0767724930421,368.02716748518463,376.60329346814274,2695840
2024-12-19,448.9409484863281,451.92392771513903,421.9075445388516,424.14478607247713,2593605
2024-12-20,430.8565368652344,460.6864996855551,412.5856789481741,456.02556799487996,2421665
2024-12-23,391.790771484375,421.0711819796559,390.65735353424566,421.0711819796559,2055605
2024-12-24,380.4564208984375,392.3574967939659,380.0786149132102,384.6123732101848,934825
2024-12-26,380.4564208984375,390.46843804308037,373.65582669009916,388.9571852774222,1179165
2024-12-27,390.4684143066406,405.20307743278215,385.1790443607504,387.8237437460691,1741000
2024-12-30,412.00372314453125,422.77135220857457,403.31404140176005,410.30355298194615,1799070
2024-12-31,424.4714660644531,429.76083596434836,405.58087986821806,410.49244380913797,1426410
2025-01-02,417.8597717285156,428.62740037456405,397.26904377071685,411.24806638842915,2015970
2025-01-03,385.55694580078125,411.2481303975711,381.9677164769506,408.9812654073768,1997415
2025-01-06,351.931640625,360.43240475205437,337.19697703982285,359.86568137863446,3056605
2025-01-07,365.7217712402344,372.14455920938036,338.7082264057714,340.03056171415466,2778045
2025-01-08,377.05615234375,389.5239232722036,367.9886642345791,371.20005846654067,2434615
2025-01-10,405.2030944824219,412.38152336640746,391.60187749551403,391.9796834736715,2587430
2025-01-13,407.8478088378906,430.7054332739991,407.0921968006439,428.8163743561307,1949715
2025-01-14,402.1805725097656,417.4819590078246,391.22405546890565,398.21356666472064,1608215
2025-01-15,377.6228332519531,386.6903210326753,370.4444330492659,381.77878556898133,1991355
2025-01-16,376.48944091796875,376.48944091796875,355.1430697880958,358.5433815403788,2338225
2025-01-17,346.2644958496094,358.5433784767249,343.2419901345729,351.3649490220764,2696395
2025-01-21,333.41888427734375,345.8866841144986,324.3513961071175,336.63027853092905,2322900
2025-01-22,319.25091552734375,326.05153827557683,308.8610928326669,323.78464480966727,2596835
2025-01-23,321.13995361328125,338.3303979542435,321.13995361328125,334.36336346794576,2075485
2025-01-24,341.7307434082031,345.131055192438,321.1400129324357,321.3289303522965,2069750
2025-01-27,419.74884033203125,434.2945866595512,390.09062429804936,393.6798243234347,5851835
2025-01-28,415.5929260253906,443.1731953733389,408.2256084121128,415.5929260253906,2788550
2025-01-29,411.43701171875,424.2826173022759,400.6693823416584,404.06966511618754,1856925
2025-01-30,386.50146484375,403.50299504817156,378.94522919734044,395.5689245596403,2132035
2025-01-31,389.3349914550781,393.4909146364431,357.40988361808763,380.07858696162066,3361540
2025-02-03,409.35906982421875,428.2496593760955,396.70238058941175,420.3156175292577,2847935
2025-02-04,398.59136962890625,416.348509163044,393.30199971722254,413.89275601185784,1614530
2025-02-05,375.3559875488281,409.92577025208794,373.2780401096817,401.4250054311921,1647125
2025-02-06,377.811767578125,390.09065002441406,375.7337913265452,384.04566750811415,1302875
2025-02-07,395.0021667480469,403.1250957085174,369.1220407399537,375.16705134971807,2571355
2025-02-10,380.2675476074219,387.445976914356,377.433959367165,385.9347240879356,1467270
2025-02-11,379.7008361816406,390.09066005725765,372.9002126604272,389.5239366263647,1631445
2025-02-12,378.37847900390625,400.10265495122525,378.00067301325055,396.70234338582543,1952915
2025-02-13,364.2105712890625,379.70084891258574,363.8327652640501,378.7563194376788,1882425
2025-02-14,364.3994140625,370.06659019924024,360.8102140391305,365.9106667972471,1243605
2025-02-18,346.0755920410156,362.3215104548209,342.86419760798486,355.70980416485975,1669115
2025-02-19,329.4518127441406,348.7202337832686,324.1624716527496,343.6197524348247,2331545
2025-02-20,326.99609375,336.8191938634123,316.98407622441147,323.02905869229977,1952105
2025-02-21,356.84320068359375,360.99915316038533,323.9735886427432,323.9735886427432,2618720
2025-02-24,381.2120666503906,383.47893141597854,351.1760148259151,352.49837902852835,2873975
2025-02-25,405.76983642578125,409.92576002514147,379.70081919379464,383.66785420780883,2894460
2025-02-26,384.80126953125,398.7803218638606,374.7892521852011,390.2795573138709,2018385
2025-02-27,453.75189208984375,454.5075328615533,377.4339324568219,379.3229911489734,3148360
2025-02-28,431.83880615234375,467.7309194411734,421.44898388452464,451.8628099554744,2779030
2025-03-03,477.17626953125,489.644069274962,412.759352229988,412.759352229988,3312115
2025-03-04,469.8089294433594,509.6680538167654,431.2721404977891,478.68750025854223,3373480
2025-03-05,439.7729187011719,481.8989380334664,435.6169948765187,456.7744488404588,2795820
2025-03-06,493.42218017578125,499.27821631904374,458.66348106265406,485.2991927698538,2817290
2025-03-07,451.48504638671875,507.4011975527979,446.5734820509384,489.26622181656967,2592945
2025-03-10,513.25732421875,533.6591372006003,475.28722894466523,485.4881354355904,2596520
2025-03-11,532.525634765625,556.5167032598087,499.2781901927984,512.6905184616058,2743895
2025-03-12,499.4671936035156,515.3352778494112,478.4986557660644,496.8225225041174,1817475
2025-03-13,506.4566955566406,522.5136959827029,476.42064217068537,499.65607208158445,1578210
2025-03-14,460.9303283691406,483.4101156408509,457.1522109234919,481.7099743202084,1759365
2025-03-17,438.6394348144531,467.54203937727056,426.3605529722218,466.9753159888332,1660845
2025-03-18,452.2406311035156,464.33062380711044,446.0067605931789,450.9182958081335,1382675
2025-03-19,444.8733215332031,466.7864138689841,423.1491465963376,456.9632856203421,1708555
2025-03-20,454.6964111328125,463.3860924497065,441.66191798221894,462.44156312503316,1503400
2025-03-21,470.5645446777344,491.91088542592615,465.8418978175594,481.143256349677,1309140
2025-03-24,429.7608642578125,443.55099885389205,419.559958570164,440.5284933336079,1692115
2025-03-25,435.76019287109375,440.52155855137,426.8088312043884,431.1892643813867,946685
2025-03-26,473.47021484375,486.61157249612546,437.66473911792684,441.85473510411396,1829290
2025-03-27,500.5148010253906,510.4184661548663,483.75481493782104,490.8016602940418,1876750
2025-03-28,548.31884765625,557.6511125530982,504.8952168877401,512.3229355557564,1795965
2025-03-31,552.1279296875,605.6456893314693,551.1756565910669,582.2197944080692,1923975
2025-04-01,551.5565795898438,591.3615827115394,550.604306509793,559.9365710698635,1821705
2025-04-02,540.1293334960938,583.3624989277706,519.5601989182472,578.2202588749136,2004580
2025-04-03,701.0634765625,710.0148089405318,612.8829515326489,625.4529682333907,2548415
2025-04-04,866.949462890625,902.7549085900678,762.5802951254947,786.1966566371785,5047105
2025-04-07,806.5752563476562,1017.598936530492,651.5452187000658,955.8916558156883,6719485
2025-04-08,895.5177001953125,955.5109090932567,676.1139415482601,712.3003215184488,4044705
2025-04-09,394.2410888671875,898.9458644701087,361.8638013756794,875.5199679456975,8475130
2025-04-10,484.70703125,526.4165834148647,441.2833699859196,448.90155515291366,6681235
2025-04-11,454.4247741699219,523.5597839487322,447.75886189452694,500.8956938368179,4964550
2025-04-14,446.23516845703125,467.18517609293815,415.00059418140194,416.1433334950604,3443715
2025-04-15,439.7597351074219,447.56838666948806,421.85701126507064,439.95020136447545,2351415
2025-04-16,491.56341552734375,534.6061738708959,475.1843055938684,500.70521459051366,3592280
2025-04-17,500.5148010253906,516.132105701376,481.46936493143187,482.23117191320375,2567380
2025-04-21,526.7974853515625,557.6510986141429,524.3215404426865,529.4638383808517,1898530
2025-04-22,496.8961486816406,517.8461592733108,484.1356934971105,511.9420537548659,2229470
2025-04-23,439.9501647949219,447.1874460453204,405.668333771941,422.0474424406814,4477135
2025-04-24,363.3874206542969,414.23879836558217,361.86377788257755,404.33516394100957,5424630
2025-04-25,353.8647155761719,379.0047214371775,346.81789993452895,375.9574356705407,3598720
2025-04-28,356.5310363769531,379.7664937843326,348.72241453487834,359.95922528713953,3173855
2025-04-29,367.95831298828125,375.1955942220367,356.15013258640033,369.6724219721294,2809145
2025-04-30,359.19744873046875,402.81154797416525,357.1024361473096,395.00289641264914,4217640
2025-05-01,360.9115295410156,362.43517241725516,339.77105365323496,348.1510749420171,2868370
2025-05-02,324.34423828125,337.67606228173884,313.8692337094373,336.34288569390395,4721805
2025-05-05,331.0101318359375,335.20012761896083,322.2492077851055,333.8669511054173,2223265
2025-05-06,341.8660888671875,354.8170105807774,333.48609608484423,348.5320014634836,3519705
2025-05-07,324.34423828125,352.34106287006256,320.91604915462455,342.62786518813556,3232555
2025-05-08,314.2501220703125,321.6778406039106,298.4423828448649,310.4410296815815,4213450
2025-05-09,304.7273864746094,312.91694079832814,296.5378321508906,302.44193688826346,2836480
2025-05-12,238.83010864257812,253.11419134508554,232.1641966004916,244.734199259462,7945790
2025-05-13,218.83236694335938,237.11600802992106,215.21372616370346,236.1637349053029,6740640
2025-05-14,215.97552490234375,220.7368900257176,209.88096882610532,214.26143055182254,5219980
2025-05-15,219.97508239746094,227.40281535854697,215.02326526691496,221.87962856540435,5567950
2025-05-16,220.9273681640625,228.73600499478874,218.6419184435448,218.6419184435448,3885795
2025-05-19,225.1173553466797,236.73509880756447,223.40327538867908,235.7828257062155,5133770
2025-05-20,226.26010131835938,233.1164649427417,225.87918334834464,231.21191868427243,3725420
2025-05-21,238.83010864257812,243.0201046853899,218.6419207926517,232.1641966004916,7318210
2025-05-22,245.49600219726562,246.06737188959212,232.545096299702,238.83010479315405,5336825
2025-05-23,256.92327880859375,266.82694260786985,253.30465253959875,265.30329978789894,6602530
2025-05-27,231.21192932128906,247.0196552755049,228.16465807365404,240.9251127802349,5403715
2025-05-28,235.02099609375,236.92554222979248,227.97416667207244,229.87871280811495,4387805
2025-05-29,232.5450897216797,237.11600353938925,218.64191108387553,219.2132662295052,6063995
2025-05-30,246.8292236328125,259.58967862658716,236.7351219591442,236.7351219591442,7186695
2025-06-02,235.5923614501953,248.92418498161703,232.73554212203354,248.54328155007593,4970405
2025-06-03,216.16600036621094,240.1632803201415,215.02327551707802,235.59236639307503,6340320
2025-06-04,207.024169921875,217.11827077908123,204.7387202522038,211.59508379175205,6364990
2025-06-05,209.30963134765625,214.0709968718043,197.1205326997303,202.26280165359643,8252790
2025-06-06,205.88143920898438,206.07189092093034,197.50143310855375,203.5959896045643,4577870
2025-06-09,191.0260009765625,200.54873254008936,185.6932654887734,199.97736283406365,7079660
2025-06-10,179.02734375,190.07371758083082,176.93234582498988,189.31189619068135,6540725
2025-06-11,180.93190002441406,186.0741692655254,173.1232630347306,174.83735762527948,6424090
2025-06-12,179.9796142578125,185.3123493813688,177.31324669603435,184.55052800221299,4797120
2025-06-13,193.69235229492188,195.97781656612946,185.69326367203294,191.978272254685,6977585
2025-06-16,175.7896270751953,187.02643847841188,173.3137111043478,186.64553503545147,7530725
2025-06-17,179.78916931152344,180.55099071934825,171.02825944787492,178.8368961843761,6519505
2025-06-18,178.0750732421875,181.69371400027472,171.79006484495525,177.50370355860832,6144065
2025-06-20,181.69371032714844,188.74052545264803,172.55188275790115,173.31370414376082,6682895
2025-06-23,178.45596313476562,189.883239694871,175.2182405882825,182.07460361823902,7267645
2025-06-24,158.26138305664062,169.37417387577744,157.49498116947598,169.1825770584613,9015875
2025-06-25,154.04617309570312,158.83616594931394,153.85457630513832,155.1957684569901,6002560
2025-06-26,150.78895568847656,154.23775608155833,149.25616688324885,150.5973589150602,5744905
2025-06-27,150.9805908203125,155.77058399839476,146.57379124931717,150.02259218469604,9155500
2025-06-30,151.17218017578125,153.47137094082268,148.489781204634,148.6813779987377,6669345
2025-07-01,153.27976989746094,160.36895340805933,150.5973710006758,155.1957670211792,11209305
2025-07-02,144.65780639648438,154.81259865293416,142.74180896076936,154.62098721504236,13043765
2025-07-03,142.74180603027344,144.08299836057907,141.4006136999678,143.1249996623893,6731150
2025-07-07,150.78895568847656,152.7049526584338,145.04096477860483,146.7653649751457,12039815
2025-07-08,142.55020141601562,148.48979009628727,138.52661002730898,146.95698641587558,11977875
2025-07-09,141.01739501953125,145.0409863307413,136.8022069064348,141.01739501953125,11857270
2025-07-10,136.80218505859375,140.82577572722073,135.26938165249936,136.99378182988139,10926830
2025-07-11,137.568603515625,141.20898646712917,136.2273967174775,139.48460069763703,10666310
2025-07-14,141.40060424804688,147.5317896594623,140.05939738949414,140.82579922039585,10884805
2025-07-15,137.568603515625,137.76020031024652,131.24580696782584,133.35340094445942,13038795
2025-07-16,138.33499145507812,149.44778101903776,138.33499145507812,140.8257936525548,11835935
2025-07-17,136.99378967285156,141.78378231875547,136.22738792592745,139.10138351346978,9478720
2025-07-18,137.1853790283203,140.25097123215772,134.3113835963671,135.26938207368485,10011580
2025-07-21,136.610595703125,136.610595703125,131.43739489015502,136.03579074016253,10164810
2025-07-22,142.35861206054688,147.14860554013595,137.56861858095783,138.52661727687564,14798260
2025-07-23,144.84939575195312,150.4057909527691,144.46620213171738,145.8073944204421,10011680
2025-07-24,146.1905975341797,150.02259207381326,145.2325988992713,145.99898611287875,8322850
2025-07-25,146.57379150390625,150.7889796607805,145.99898647437834,148.87298238621963,5586025
2025-07-28,138.526611328125,142.16699452196363,138.14340309547399,141.9753977145878,6964920
2025-07-29,137.95179748535156,140.8257932662964,132.39540271861188,136.22739709320498,10382875
2025-07-30,135.26939392089844,138.71819458845508,132.5869950258986,134.50299214834163,9795680
2025-07-31,147.9149627685547,151.93856816874018,139.48458765057777,139.86778120397778,10090915
2025-08-01,153.47137451171875,162.66816702166767,149.06458967320472,156.34537034384044,13874895
2025-08-04,147.34019470214844,152.51338154422325,146.57379286164493,150.21419064061206,6671880
2025-08-05,150.40577697753906,155.77057486975707,143.69978692121566,145.2325904955346,9972625
2025-08-06,153.85458374023438,160.17736584181324,152.89658512321648,154.81258235725227,8392535
2025-08-07,146.765380859375,150.21418162571607,141.78379112191445,144.0829818875429,9953020
2025-08-08,142.9333953857422,147.9149854327285,142.35860496757027,146.5737931724281,6779280
2025-08-11,143.50819396972656,144.65778937228418,136.61060693648216,141.40059996205449,7474315
2025-08-12,129.71299743652344,143.31658850032682,129.71299743652344,140.4425928588863,10508415
2025-08-13,124.1566390991211,128.75502122894756,123.96502766212808,127.03063523921278,8152025
2025-08-14,123.77342224121094,130.09621915716028,122.62382678864722,129.32981731615138,8503935
2025-08-15,132.39540100097656,133.73660778542305,126.64740951365863,126.64740951365863,8147565
2025-08-18,131.24581909179688,134.11981513030338,131.0542222794764,133.54501007544218,5702075
2025-08-19,137.3769989013672,138.52660896178296,129.90462121605952,131.43741026678197,8032090
2025-08-20,140.25100708007812,151.36379810453315,138.5266210744734,138.5266210744734,11044475
2025-08-21,142.55020141601562,145.04098912431056,139.4846086730915,142.74179822159226,7395285
2025-08-22,130.47940063476562,142.93338188482795,126.07261604009771,141.59218975121118,11456140
2025-08-25,131.43740844726562,133.9282107198202,130.0962162192125,131.62900524871623,4368470
2025-08-26,128.37181091308594,130.47940488509425,127.03061873578022,130.2878080908932,4646525
2025-08-27,127.41380310058594,131.43739395913025,127.03060953992356,129.9046050985834,5413385
2025-08-28,125.88101959228516,128.37182198543098,123.19863500631229,126.26422783163817,6802260
2025-08-29,136.80218505859375,138.52658523597577,131.24579098387238,131.24579098387238,7566675
2025-09-02,140.8258056640625,149.06460014190904,140.8258056640625,147.53179640997024,8664370
2025-09-03,143.125,147.53179986922788,140.25100389865142,140.44261533306138,6477405
2025-09-04,138.33499145507812,148.4897824227619,138.14339465940265,145.8073834296097,6637060
2025-09-05,134.1197967529297,139.10138628017324,131.62899468035903,132.39539644252676,9516305
2025-09-08,131.24581909179688,133.3534132631217,129.52141854511302,132.01222095897856,6189910
2025-09-09,130.86260986328125,133.92820234857126,129.90461129800948,131.24580344223074,5432070
2025-09-10,123.96501922607422,126.64741836453085,123.00702057790394,124.7314210681903,8124185
2025-09-11,121.66582489013672,122.43222671066225,119.74982764777236,122.04902580039949,7164735
2025-09-12,120.8994140625,123.19861935278377,119.94141551268955,120.8994140625,4763440
2025-09-15,118.02542114257812,122.81541400240596,118.02542114257812,121.85741543044038,5795015
2025-09-16,115.72623443603516,118.98342384667659,115.53463032961845,117.06742663620548,6029175
2025-09-17,116.10942840576172,121.47422645955744,113.42703668781321,117.2590311211248,9747550
2025-09-18,104.2302474975586,109.02024035481865,102.50584714536535,107.67904089299603,12180245
2025-09-19,105.95465087890625,109.02025099203586,104.6134512862214,104.6134512862214,5963550
2025-09-22,101.1646499633789,105.76304613355718,100.58985226934394,105.57144202957937,8085170
2025-09-23,101.86180114746094,103.99199539947207,98.9569968479634,100.89353304762842,7874445
2025-09-24,102.24910736083984,106.50948837322883,101.66814799262752,102.83006672905218,8766820
2025-09-25,103.41104125976562,110.96352838897566,102.63642378570832,107.67141520518167,11201880
2025-09-26,102.83006286621094,106.50948437216907,102.24910351982253,103.41102959989824,8319810
2025-09-29,102.83006286621094,103.02372090653967,98.37603136083456,99.92525874696997,8399975
2025-09-30,100.11892700195312,104.37930828896596,100.11892700195312,102.83007335747064,8356105
2025-10-01,94.89027404785156,103.02372758655585,94.30931466379397,102.63641886808435,10064200
2025-10-02,89.0806655883789,91.40451051597041,88.30604815008195,89.46797430752738,11628315
2025-10-03,90.82355499267578,92.37278254784282,86.75682434965019,88.30605190481721,10437065
2025-10-06,82.69010162353516,82.69010162353516,79.20433775525892,80.1726059068523,13983750
2025-10-07,88.1124038696289,88.69336329680384,80.17260779453835,80.55990915445504,14188065
2025-10-08,79.20433807373047,88.88701962859729,79.20433807373047,88.30605282546546,13474295
2025-10-09,80.172607421875,82.69010318613101,79.39798993104245,79.97894935551692,9264860
2025-10-10,95.6648941040039,96.05219544577999,79.39798658122363,79.97894598118731,25518035
2025-10-13,81.5281753540039,86.95048290909278,80.94721594090146,84.43297980681592,15525710
2025-10-14,86.75682067871094,88.49970622158948,82.10913820986714,87.14412939793944,15151010
2025-10-15,78.81703186035156,84.43298290979921,78.62337379066716,80.36625948132678,17522035
2025-10-16,77.8487548828125,80.36625040602327,75.33125935960173,76.29952743678272,19618505
2025-10-17,78.62336730957031,82.30278906997114,77.46144853644341,79.7852934699966,17563690
2025-10-20,74.75028991699219,76.88048404261254,73.00741187308344,76.68682600175674,10568460
2025-10-21,75.91221618652344,77.65509423470932,74.94394814176498,75.33125683712814,9758910
2025-10-22,81.33452606201172,86.17586689903622,77.26780271383107,78.62337223835804,15957080
2025-10-23,75.52490997314453,83.27105458577473,75.13760126505318,83.07740392537865,12513115
2025-10-24,72.03915405273438,72.42646280210444,70.29626837421904,71.65184530336431,10384990
2025-10-27,65.84223175048828,68.94068676029735,65.45492302743727,68.16607670149482,12603520
2025-10-28,65.6485824584961,67.19780999586983,64.87396499615943,66.61685059276714,8780500
2025-10-29,62.55012130737305,64.2930069405081,60.61358499824509,62.356470631380155,14088100
2025-10-30,64.87396240234375,65.0676130665355,61.581849399988826,63.518385591103566,13927345
2025-10-31,64.29299926757812,65.84222665253084,61.38819515055471,63.13107318838943,12193255
2025-11-03,63.324737548828125,64.29300568447596,61.19454691167294,62.16281135367096,10147770
2025-11-04,70.68357849121094,71.26453793285677,65.64858681388034,68.35973333732754,17298255
2025-11-05,64.09934997558594,70.29626774844226,61.58185420804116,70.29626774844226,17173350
2025-11-06,69.13433837890625,70.68356573957415,64.09934022261211,64.680306946749,19583250
2025-11-07,71.26453399658203,79.01067915680399,71.26453399658203,72.62011087708082,22693975
2025-11-10,65.84223175048828,68.55338542454581,65.06761430438628,65.64858108261251,12926730
2025-11-11,70.2962646484375,70.87722404805112,67.19780959229848,67.77876899191212,12479460
2025-11-12,67.3914566040039,68.94068404795703,65.84222916005078,66.81049723593388,13355830
2025-11-13,74.1693344116211,76.29952864760351,68.94068523440879,69.7153026633659,18051810
2025-11-14,74.75028991699219,82.10913294893662,71.65183513628847,80.75355621214165,20077175
2025-11-17,78.81703186035156,81.33452766784877,72.6201139891507,76.88049548730754,16554810
2025-11-18,84.23931884765625,86.75681425529885,80.55989736835633,82.30278278219289,20672940
2025-11-19,79.97895050048828,84.62664073741979,76.88049526740059,83.27106380270644,17788390
2025-11-20,91.40451049804688,92.56642926796509,73.00741652144568,73.97568462547733,29924100
2025-11-21,88.88701629638672,99.73161627637356,85.01394381963435,91.59816259773369,35173125
2025-11-24,77.07413482666016,86.3695065718078,76.10586678263854,86.17585591792304,18089875
2025-11-25,76.49317932128906,85.59490086988964,75.9122199431442,80.55990235560243,15637150
2025-11-26,70.2962646484375,74.36299522033197,68.55338644959664,73.9756864914897,13367410
2025-11-28,66.4231948852539,70.29626755946462,66.4231948852539,69.5216574570024,6132090
2025-12-01,66.4231948852539,69.5216574570024,64.8739672930296,69.13434871212137,13587980
2025-12-02,62.35646438598633,65.45491921534133,61.194541978153445,64.09934245726139,18296710
2025-12-03,58.483394622802734,63.51838577973371,58.28974026438623,61.77550394128455,16059505
2025-12-04,60.4199333190918,61.19454709115199,59.064356447749105,59.45166518060411,13000235
2025-12-05,58.289737701416016,58.87069705747136,56.54685593960048,58.67704270756974,15007805
2025-12-08,56.740509033203125,58.28974020531546,55.96589529397178,57.127817749643626,14436295
2025-12-09,56.740509033203125,58.48339456353571,56.546858368632535,57.90243148887496,10914610
2025-12-10,54.61032485961914,57.90243433667997,54.2230161241297,57.12782055935094,15236005
2025-12-11,55.578590393066406,60.2262765322966,55.384936034421465,56.546858492641434,18183160
2025-12-12,63.7120475769043,64.48665766880389,57.32147553540894,57.902434951158575,26599650
2025-12-15,64.68031311035156,65.26127250255124,61.19454567620432,61.58185070645419,22294545
2025-12-16,65.6485824584961,67.77876939897253,63.71204618995402,65.26127372732776,22121300
2025-12-17,72.81375885009766,73.58837629230484,64.29300392231569,64.68031264341928,29716255
2025-12-18,67.3914566040039,68.74703338770009,63.90569300828458,64.87396108416768,26798570
2025-12-19,62.162811279296875,66.0358838172543,61.00089247282949,65.84223314527628,16621945
2025-12-22,60.032623291015625,60.61358268411394,57.90243269357222,58.09608705582158,11059085
2025-12-23,59.07100296020508,61.42599083570313,59.07100296020508,60.83724480261762,8832165
2025-12-24,58.67850112915039,59.463497061158435,58.286005034724305,59.267250885523325,3925155
2025-12-26,58.67850112915039,59.267250885523325,57.69725527835137,57.69725527835137,6206595
2025-12-29,59.267250061035156,61.22974173533227,58.48225039679166,60.444742071088776,10854470
2025-12-30,59.463497161865234,59.463497161865234,57.89350529519022,58.87475114765107,6867335
2025-12-31,61.42599105834961,61.62224098447478,58.678503322065254,59.07100317431559,7653105
2026-01-02,53.96852111816406,57.10850855003386,52.791025363318404,57.10850855003386,23128445
2026-01-05,51.80978012084961,52.398529876623584,49.45479232722127,50.63228435245751,16915690
2026-01-06,46.70730209350586,49.84728963815508,46.51105591327949,49.454793534546404,24975605
2026-01-07,48.08104705810547,49.45479275702798,47.68854721751164,48.27729697840238,13590045
2026-01-08,50.436038970947266,52.00603085807976,48.669793418978315,48.669793418978315,21043895
2026-01-09,46.31480407714844,50.04353749479621,45.33355824391714,49.06229166156491,19949495
2026-01-12,45.52981185913086,47.88479980436833,45.1373119966799,47.68854987314285,11036335
2026-01-13,44.54856491088867,44.941061021062254,43.1748191673911,44.744811094397456,18892805
2026-01-14,44.74481201171875,46.90355376297625,44.74481201171875,45.13731187309506,21742095
2026-01-15,42.5860710144043,42.78231718816139,40.23107949776084,40.62357933158669,19049065
2026-01-16,41.01607894897461,41.80107494096742,40.034833023194565,40.62358282455628,15320195
2026-01-20,42.5860710144043,43.37106693890017,40.62357933158669,43.174817021987245,26047305
2026-01-21,38.66108703613281,41.60482451371178,37.67984121027315,41.01607477230253,29012810
2026-01-22,38.46483612060547,39.05358210352648,36.50234451999453,36.69859442868676,13482490
2026-01-23,39.642333984375,40.819826014219984,38.661088130733596,39.24983414565609,21444010
2026-01-26,40.427330017089844,41.212325953283106,39.64233408089658,40.427330017089844,17041845
2026-01-27,37.48359298706055,39.24983480463807,36.89484321909741,38.66108877983088,17664785
2026-01-28,34.53985595703125,35.91359795238083,34.14735610512794,35.32485191768187,25335180
2026-01-29,34.53985595703125,38.26858957748869,33.75485999638063,34.53985595703125,30779030
2026-01-30,38.66108703613281,39.446082948189385,34.73610373269418,36.10984564300424,31335520
2026-02-02,36.30609893798828,40.23108260695999,35.32485302074536,40.23108260695999,29346225
2026-02-03,38.66108703613281,41.21232468610562,35.12859981714458,35.521099644750755,39104820
2026-02-04,43.7635612487793,46.31480257852266,38.85733224137553,39.838578042856284,53666115
2026-02-05,43.959815979003906,46.511057588554955,41.80107423035489,45.33356174900494,49250400
2026-02-06,36.6985969543457,41.80107247257052,36.30609710994875,41.40857637132949,29304060
2026-02-09,35.52109909057617,38.26858661148774,34.73610319076654,37.87608679000507,21330875
2026-02-10,35.71735382080078,36.894845957821026,34.73610787784643,35.12860400913444,22521490
2026-02-11,32.9698600769043,35.91359771745489,32.57736397072447,33.7548597755759,43808225
2026-02-12,35.52109909057617,35.71734900131751,31.79236575911364,32.38111174818194,42954850
2026-02-13,34.53985595703125,36.5023477302358,33.75485999638063,35.128601991730214,33001020
2026-02-17,34.73610305786133,37.483590568260624,33.9511034178995,36.30609485147358,41193255
2026-02-18,33.55860900878906,35.12860088042299,32.57736315322889,34.34360494460602,29193675
2026-02-19,34.343605041503906,35.521100820129504,34.14735512120699,34.93235105923876,27040185
2026-02-20,33.36235809326172,35.324849745806524,32.77361209476059,35.324849745806524,37866110
2026-02-23,34.14735412597656,35.12859995570667,32.969858381669276,33.95110421139938,24694095
2026-02-24,32.57736587524414,33.75486174893368,31.792369873836513,32.77361581138509,30339320
2026-02-25,31.203617095947266,31.59611693087725,30.811119132595195,31.39986701341226,18163345
2026-02-26,33.754859924316406,35.5211017677985,31.39986830423629,31.39986830423629,49452995
2026-02-27,35.12860107421875,36.30609685601809,34.53985505489703,35.91359701436634,36459645
2026-03-02,35.12860107421875,37.876088736313264,35.12860107421875,37.876088736313264,49817485
2026-03-03,40.427330017089844,41.604825792957676,39.05358432138472,39.249834241222004,63141130
2026-03-04,37.8760871887207,39.83857883048148,37.09109128064754,38.66108683994961,42905695
2026-03-05,39.33815002441406,41.70295259850916,37.3167820332795,38.8475270526669,76917900
2026-03-06,44.322872161865234,45.03918490879258,40.28014040699668,42.605691966436524,126066000
2026-03-09,39.033958435058594,47.35492273416357,38.72977461936136,46.39330225724345,129552000
2026-03-10,38.09196472167969,39.092835967395104,35.86453612726733,39.092835967395104,75845800
2026-03-11,37.022403717041016,37.660214986581124,35.982281817790344,37.56208816033728,56188200
2026-03-12,40.96701431274414,41.50669878260421,38.60221195962694,38.75921114618907,55457600
2026-03-13,40.525455474853516,41.19270299541907,37.95459222982512,39.55402411675338,51156700
2026-03-16,38.1312141418457,38.77883624992546,36.69859610626864,37.88590268055555,34630600
2026-03-17,37.35603332519531,38.523714667791204,37.05184573064984,37.21865948996712,28625400
2026-03-18,37.97421646118164,38.01346719490089,36.315908521525365,37.31677977243022,36220400
2026-03-19,37.39528274536133,41.92863786407447,36.531785284554395,41.21232878906236,49471900
2026-03-20,39.897457122802734,41.46744902534474,37.06165714331102,37.60134162586258,43199000
2026-03-23,38.455020904541016,39.04377062048404,35.54072347314101,37.297150580657565,54854300
2026-03-24,37.02864074707031,39.61847371104753,36.27739393702716,39.61847371104753,43832200
2026-03-25,35.605224609375,36.63324975431431,34.824320675963186,35.90176930905392,43023200
2026-03-26,40.705806732177734,40.78488355997449,37.26587988068292,37.4042671574051,46756500
2026-03-27,42.603694915771484,43.20667126894831,40.330180547526886,41.457052657044706,41088700
2026-03-30,48.17875289916992,49.187004120588945,41.09131461520513,41.516363399288046,55530900
2026-03-31,39.40100860595703,45.845930588233045,39.153887381655515,45.3418011790264,56000600
2026-04-01,35.84246063232422,38.04678526637631,34.37950344026717,37.63161964968991,72175500
2026-04-02,35.51626205444336,40.1226014462778,35.31856432420919,40.10283129617732,65787100
2026-04-06,34.15215301513672,35.456952799595584,33.61837025673881,34.77489956660094,42110900
2026-04-07,33.045047760009766,35.84245783352344,33.045047760009766,34.41904105339916,62424500
2026-04-08,26.649551391601562,28.972491230732707,26.44197047231783,27.38103186006828,88256700
2026-04-09,24.909818649291992,26.451854467273627,24.801084713886777,26.451854467273627,76403500
2026-04-10,23.417207717895508,24.138801239598514,22.745037686846285,24.099260938767234,85777200
2026-04-13,22.16183090209961,23.75329214908755,22.062982037838413,23.64455820986171,75787200
2026-04-14,20.807605743408203,22.082752129716425,20.758182254100166,21.351273552722937,71070300
2026-04-15,20.69887351989746,22.171715736729766,20.65933322046748,20.985533149223826,81060600
2026-04-16,20.04647445678711,21.311733922522254,19.83889164732411,20.88668511373236,88307900
2026-04-17,18.6527099609375,19.571999288298816,18.642824886184982,19.00856322510196,102095500
2026-04-20,18.41547203063965,19.18649089676229,18.22766126554913,18.42535710544208,79542500
2026-04-21,17.99042510986328,18.54397610059262,17.64445503363798,18.03984859844465,101033300
2026-04-22,16.606544494628906,17.74330356460971,16.527465783145345,17.16998243500761,110998200
2026-04-23,15.519211769104004,16.329769977349425,14.886582076064773,16.161727479462726,191546900
2026-04-24,13.3643159866333,14.491188142845555,13.146849049786537,13.828903199983817,232732700
2026-04-27,13.86844253540039,14.461533837610205,13.255582025886325,13.354430890485506,205322100
2026-04-28,15.410479545593262,16.082649570695477,14.75807967073177,15.529097618959655,237866800
2026-04-29,14.23418140411377,15.064508825514052,14.214412197395605,14.73830890177717,151345500
2026-04-30,13.146848678588867,14.323145233966518,13.097424247606547,13.680630459274184,192454800
2026-05-01,12.830533027648926,13.730055041924338,12.7218000324408,13.453278602443001,124570600
2026-05-04,13.107309341430664,13.482933697673694,12.504332979414896,12.652606272577799,135370200
2026-05-05,11.377461433410645,12.44502505076131,11.080915774659312,12.356061258866644,214001900
2026-05-06,9.697036743164062,11.011721511453494,9.687151668468928,10.309897233873281,334545800
2026-05-07,10.47793960571289,10.754715094968212,9.855194047868968,9.904618478051997,288873200
2026-05-08,8.748091697692871,9.85519466695277,8.738206622496785,9.746460725181137,313191600
2026-05-11,8.105575561523438,8.669012565668476,8.056151130606489,8.550393554390755,300724000
2026-05-12,8.846939086914062,9.795884566458021,8.451545529892663,8.649242308403363,519903900
2026-05-13,8.253849029541016,8.876593667163391,8.046267169436012,8.283503311643836,356084000
2026-05-14,8.17477035522461,8.530624570266816,8.026497058604212,8.332927784132258,254923200
2026-05-15,9.123714447021484,9.281872810272448,8.698666614943994,9.024866530518793,402809600
2026-05-18,9.835424423217773,10.349437016224142,8.580049108701317,8.669012899236469,411464800
2026-05-19,9.815654754638672,10.94252686797138,9.262102829917659,10.51747902815843,539187800
2026-05-20,8.44166088104248,9.242334052757883,8.412006598443435,9.192909619964377,282843400
2026-05-21,8.194539070129395,8.67889640273,8.115460360426953,8.550393263790387,257177100
2026-05-22,7.640987873077393,7.967188267959617,7.413636339802918,7.907878762456446,282538300
2026-05-26,6.217569828033447,6.869969694911554,6.1187214347710555,6.820545733953518,403683000
2026-05-27,6.454806327819824,6.830430215502054,5.762866644659938,5.762866644659938,537307300
2026-05-28,6.237339496612549,6.7513516120931705,6.029757635423613,6.4152666041975,353107800
2026-05-29,6.25710916519165,6.41526659390224,5.841945443480037,6.039642700714591,307719300
2026-06-01,6.187915325164795,6.662387595912108,5.980333471039694,6.474575891081114,330691100
2026-06-02,5.110466957092285,5.861715228447596,5.09069727814468,5.733212550961327,480500000
2026-06-03,4.853460311889648,5.288393688939392,4.764496998668907,4.823806031264832,634419400
2026-06-04,5.140120983123779,5.74309686793036,4.942424203521442,5.505860732407556,665759500
2026-06-05,6.761236667633057,6.771121271241747,5.723327364673135,5.7925214753192344,972691500
2026-06-08,5.624478816986084,5.980333492680594,5.2093151072335395,5.644248495005429,805658000
2026-06-09,5.861714839935303,7.028127234573586,5.080811866243382,5.189545328921557,1388857300
2026-06-10,6.494345664978027,6.573424377937575,5.5355150919777385,6.168145267000429,1208896300
2026-06-11,4.912769317626953,6.029757270442584,4.843575682316476,6.029757270442584,910108000
2026-06-12,4.665648460388184,5.090697263563738,4.487721350369364,4.952309511326879,634811400
2026-06-15,3.904515266418457,4.12198196514036,3.864975909500503,4.023133572845476,465685200
2026-06-16,4.576684951782227,4.596454629855628,3.864975834120333,3.9835941382338915,616261000
2026-06-17,4.408642292022705,4.408642292022705,3.8748605321227623,4.1219817347188945,659399900
2026-06-18,3.5486605167388916,3.825436245684504,3.4102727701026616,3.8155514066390595,711156800
2026-06-22,3.26200008392334,3.449812269242782,3.252115244468272,3.2916546022885416,475787300
2026-06-23,4.039999961853027,4.130000114440918,3.799999952316284,3.990000009536743,886247200
2026-06-24,4.079999923706055,4.389999866485596,3.9200000762939453,4.0,826300300
2026-06-25,3.630000114440918,4.150000095367432,3.369999885559082,3.380000114440918,777595700
2026-06-26,4.239999771118164,4.25,3.950000047683716,4.039999961853027,688017700
2026-06-29,3.7200000286102295,4.630000114440918,3.700000047683716,4.159999847412109,778766100
2026-06-30,3.240000009536743,3.680000066757202,3.1700000762939453,3.6600000858306885,585213100
2026-07-01,3.859999895095825,3.890000104904175,3.509999990463257,3.5899999141693115,684480500
