Price,Close,High,Low,Open,Volume
Ticker,UNH,UNH,UNH,UNH,UNH
2021-05-27,378.8076171875,381.01967475319685,376.6781371284978,380.84530400042416,2041800
2021-05-28,378.09161376953125,381.3500633950704,376.3476264091297,378.80755615540505,2367900
2021-06-01,373.3187255859375,379.75304871780634,372.80471699457735,379.75304871780634,2199600
2021-06-02,372.5201721191406,375.53999355808656,371.32691589758116,375.53999355808656,2232900
2021-06-03,374.4568176269531,376.10901181843144,369.7572953257358,370.36309706147495,2281200
2021-06-04,372.32733154296875,377.2471347452891,371.4186150173904,377.2104118524981,2990900
2021-06-07,367.3800354003906,373.76844741076667,365.94815043274366,373.5389783068314,3353800
2021-06-08,368.7477111816406,369.6747754480783,366.0032692983767,367.81148719755953,3051300
2021-06-09,368.16021728515625,372.4558719702472,367.63702103198955,370.20706366118145,1925700
2021-06-10,368.5182189941406,369.7665455728603,365.74624210861344,368.9037394407449,4033600
2021-06-11,365.21380615234375,370.23456250833124,362.3591963583116,370.22540279326535,3094300
2021-06-14,366.3795471191406,366.66408656218005,362.6805063482638,364.6722824495395,2674900
2021-06-15,367.4075622558594,368.5273725781704,363.9104554319545,367.1138350867433,2845800
2021-06-16,364.6264343261719,370.0418999951996,364.09407828891,368.16026440209106,3330800
2021-06-17,364.71820068359375,365.37907282571325,362.20320024786275,363.479061915699,3532000
2021-06-18,358.7025146484375,361.73339620859247,356.7494941560683,356.77713017760334,5521400
2021-06-21,366.7172546386719,367.7582581825932,358.56429188814394,358.70247197938227,3839300
2021-06-22,367.28839111328125,369.0940097737021,366.4869185282867,369.0571523807272,3964600
2021-06-23,364.4048767089844,367.57393746658425,364.13770983490946,366.4868834464874,2942100
2021-06-24,367.45428466796875,370.4851662866039,365.58417220412144,366.9476148920633,3309100
2021-06-25,373.0553894042969,377.68921604153223,367.59242596464105,368.587378881963,16928900
2021-06-28,369.8401794433594,373.0921482814947,366.588210605224,373.05531900554865,3193300
2021-06-29,366.7449035644531,371.4432236296018,366.1737404245957,370.310090613656,2458800
2021-06-30,368.9006042480469,369.78498499345733,365.547283912682,366.22901925602235,2875600
2021-07-01,373.0000915527344,373.29486636528526,370.16266258454107,370.36533608226915,2678100
2021-07-02,377.1180114746094,377.5878518975319,372.0696447283582,373.18433494667164,1982400
2021-07-06,377.9471740722656,378.77628278810874,373.75552360301646,376.48240878101944,2615300
2021-07-07,379.2369384765625,379.7159722418836,375.12822378480496,378.03011862738265,2270400
2021-07-08,377.6615905761719,378.47225653188565,373.1751371730592,376.42710671574565,2032300
2021-07-09,379.6514587402344,380.7016837763866,378.29726558407793,380.03839115196376,2078900
2021-07-12,383.2719421386719,383.603574390381,377.9932372206357,378.6473084597008,2802600
2021-07-13,385.5750427246094,386.6344610280388,382.96792288409176,383.585164846032,2948900
2021-07-14,382.07427978515625,389.25073244080505,380.7937734481358,387.6293443917867,3538700
2021-07-15,386.96612548828125,388.51382715417236,375.12823616649877,379.4672605622162,3546500
2021-07-16,386.6436462402344,389.0296495728645,384.74589798163345,388.1728767634535,2625400
2021-07-19,376.8417053222656,386.4870706434513,374.76891932012506,384.3774272404752,3611300
2021-07-20,380.4437561035156,384.8288591109275,378.269619243536,378.6289156508982,3186700
2021-07-21,381.98223876953125,384.3682424464585,378.47229519704496,384.2116195749252,1863700
2021-07-22,383.0231628417969,383.99967299939703,381.14385731997555,383.25347237168285,1421900
2021-07-23,384.80120849609375,386.3120245291953,383.2258709274971,384.98543926825016,1611700
2021-07-26,380.9688415527344,384.77355970164666,378.53675928375065,383.9996948968188,2232600
2021-07-27,382.406005859375,382.5534073540761,377.2102085985108,379.550161641706,2630600
2021-07-28,376.9430236816406,381.8439892402164,374.75966566503627,381.8439892402164,2446600
2021-07-29,379.623779296875,380.08439834131667,376.25207263184296,378.88680007135054,1597300
2021-07-30,379.7528076171875,381.1807155653928,377.9379672592332,378.4078077323658,1864200
2021-08-02,382.83892822265625,383.64040088033806,380.29630204190886,380.9964520021624,1806500
2021-08-03,388.67041015625,388.8915264526644,382.3875585745477,383.0692939937151,2496500
2021-08-04,388.3387756347656,390.29179620570045,386.65289391143006,388.8085880197615,1995400
2021-08-05,378.8039245605469,388.9928164498198,375.7638498516376,388.8177789487779,3598600
2021-08-06,382.4244079589844,383.94444540941083,379.55937057022487,379.55937057022487,1944000
2021-08-09,378.5091247558594,383.4469759969248,378.0300910255149,382.2677922565739,1509800
2021-08-10,379.34747314453125,381.070184117868,376.39030632994763,378.17751072604096,1441800
2021-08-11,375.6256103515625,381.32807638584666,375.4137435834942,380.49896772646474,1542600
2021-08-12,373.9858703613281,376.53771829491205,372.4566114997546,374.94396600878764,1939900
2021-08-13,377.40362548828125,377.7536723511995,373.94898260695476,375.0175940646307,1537800
2021-08-16,384.3497009277344,384.54318115119963,375.24786492272966,377.5601813161579,2377500
2021-08-17,388.55987548828125,389.2231681656901,383.8155040316573,384.2484871421042,2258000
2021-08-18,384.45111083984375,388.38478761250974,384.23921594468595,388.1636994533588,3037000
2021-08-19,394.18853759765625,394.6122992017536,379.9185419947288,382.6638413298647,3204500
2021-08-20,395.865234375,397.38527168746117,393.28577882136625,394.61236399579417,2401900
2021-08-23,391.85784912109375,396.6482987849627,391.43408744061503,396.6482987849627,2375900
2021-08-24,390.0614318847656,392.39216318063455,388.5045372283282,392.0052308039408,1619300
2021-08-25,386.68048095703125,390.25488937440366,386.41334214326787,388.6243080168515,1939000
2021-08-26,384.01812744140625,388.2005565033263,383.81545392438045,386.7081270885231,1385400
2021-08-27,385.7777099609375,387.2424752961495,383.3456276665762,385.0867813246701,1621600
2021-08-30,385.35394287109375,387.44517165973656,384.9762599346205,385.7777327017025,1284200
2021-08-31,383.48382568359375,387.60176167265513,381.59529856849946,384.15633970866554,4249100
2021-09-01,384.4787292480469,386.80023915466296,378.8499497998685,383.7325286311361,2034400
2021-09-02,390.3377990722656,390.9734556292613,385.29862539104215,386.14617683835525,3137400
2021-09-03,389.5546875,390.6049123155457,387.4819019983255,388.6979429066565,1604800
2021-09-07,388.0623779296875,389.00205890492293,384.69064267834233,387.1964117557047,1920300
2021-09-08,382.673095703125,389.5639384793964,381.5768201498173,388.01626526788726,2262500
2021-09-09,381.8992004394531,387.12263225297454,381.32803737950263,382.6269863290445,3508500
2021-09-10,373.40338134765625,384.5802412226736,372.18307188812804,384.17347140283084,4215800
2021-09-13,383.2120361328125,385.3290844308913,375.75157023109375,377.1660109409138,3068200
2021-09-14,381.3815612792969,386.05013205796376,380.2999169816663,386.05013205796376,2879800
2021-09-15,385.9854736328125,389.59093638969176,378.5712196104243,381.36311441901,3180600
2021-09-16,385.3568115234375,391.4213441138564,383.6188000714322,387.9730824472454,2262700
2021-09-17,388.4260559082031,389.28580786919116,383.62804524345984,383.62804524345984,4534200
2021-09-20,381.529541015625,387.63103261130215,377.8501329227336,385.4308133228634,2799800
2021-09-21,381.1966552734375,387.15025524535287,381.07646943908367,383.66500711227656,2382200
2021-09-22,377.83160400390625,380.882349400946,374.35558130171756,374.35558130171756,3629400
2021-09-23,377.2121887207031,383.5170925208065,376.7314735905786,378.8484934822555,2681600
2021-09-24,376.33392333984375,377.0827713647443,374.6236732825981,376.2045119737503,1950400
2021-09-27,374.66064453125,381.02101449115275,374.3740605545077,377.0272898820085,2608600
2021-09-28,368.5128479003906,373.4865093959721,367.0336877652067,372.1922548574236,3115400
2021-09-29,370.167724609375,371.4989661425339,365.9058953116911,367.0152726602028,2056300
2021-09-30,361.22808837890625,373.0151033810525,360.969237413247,371.16615985130403,3779900
2021-10-01,362.7904357910156,363.95527920386274,354.1836062047612,362.023136665381,3146600
2021-10-04,357.77984619140625,365.30503209577876,355.6997846074225,362.04164771696765,3074800
2021-10-05,363.7149353027344,366.10008835761545,359.8413961845557,359.9338490075413,3269400
2021-10-06,364.47296142578125,364.96293028980756,356.6981511776375,361.2373105317033,2809200
2021-10-07,374.13372802734375,377.34164612421046,366.7471795697796,366.7934200848032,2813700
2021-10-08,377.6097106933594,378.2198654138201,372.22930672681974,375.714554953209,2012200
2021-10-11,374.4018249511719,380.16129441706465,373.68073807626064,377.1844940949664,2164200
2021-10-12,372.78399658203125,377.5357951375788,371.9242445860344,374.5127543199948,2415700
2021-10-13,373.0705261230469,374.69760526839497,368.04139804891275,372.8763949744975,3021800
2021-10-14,388.6109619140625,400.75853520847,386.2443163045601,393.5106795027888,6038800
2021-10-15,395.73858642578125,397.9757920221884,389.6648009075071,390.1732490305171,3312000
2021-10-18,392.5491638183594,395.6738826392049,391.82807702990556,395.6738826392049,2232800
2021-10-19,392.32733154296875,395.5075166667021,391.4213390581082,394.5922704361612,1616800
2021-10-20,402.2285461425781,402.6353161069433,394.6016516297031,394.74957054516756,2764000
2021-10-21,408.8753662109375,409.07875112531326,402.2191582974022,402.6074488476247,2465100
2021-10-22,415.2357482910156,415.3559341364961,407.19283251607226,407.5441363066644,2736200
2021-10-25,415.540771484375,418.4528798820094,412.7211441110328,416.0122610749705,3553500
2021-10-26,420.3018493652344,423.13995619209874,413.78430660940603,416.4652690380713,3103900
2021-10-27,419.2295227050781,425.66383915796314,419.2295227050781,420.3019134826661,3520400
2021-10-28,421.0413513183594,423.31554357403627,418.3418818099927,418.78563833829025,1672600
2021-10-29,425.6914978027344,426.54202420621914,418.8411589114171,420.08920138698534,2497800
2021-11-01,419.8119201660156,430.58204035058316,417.1032242752177,426.9396188145207,2203100
2021-11-02,417.8982238769531,421.9658939938727,416.3635973640085,421.7994958474742,2600000
2021-11-03,422.78863525390625,422.96428713603876,413.275841659109,416.40056055687154,2438200
2021-11-04,422.2617492675781,423.87957492091726,418.0091733362729,423.0383021956641,2517300
2021-11-05,421.3834228515625,426.6621481026134,420.2463125592475,423.2508454383042,2905000
2021-11-08,427.67913818359375,429.13056567581384,419.99677980808326,422.34494607183495,2279900
2021-11-09,429.2784729003906,429.38940499899013,425.52511976369675,427.6791265785424,2657800
2021-11-10,425.16461181640625,430.8038959249046,422.141598926446,430.23998162037617,2818200
2021-11-11,422.84417724609375,426.0428418282787,421.0414459207592,425.25703514255235,2246800
2021-11-12,424.32330322265625,426.1815005720675,422.5575586959406,425.87643729107657,2609500
2021-11-15,416.7518310546875,423.602169736871,416.4745008297559,423.40803857941887,2849600
2021-11-16,415.6609802246094,423.7316286907724,415.42986228905346,418.7764454818812,3383800
2021-11-17,415.04156494140625,419.6731487946092,414.83818004677005,416.3728063949093,2281500
2021-11-18,415.5223083496094,418.6100405329149,413.34054040286384,414.83820829953135,2073800
2021-11-19,406.76763916015625,415.5039099680853,406.3054032065652,414.2836002795703,3536100
2021-11-22,404.49334716796875,410.23430840692515,404.35468205835855,409.37455651470515,2598700
2021-11-23,413.3590393066406,413.7195686021844,403.06966468271355,403.0789184278375,2857000
2021-11-24,416.16021728515625,416.9182909110807,411.9816150220638,412.90608679632106,2248800
2021-11-26,406.6844177246094,414.3297898203014,405.11280428371055,411.3160307531069,2480600
2021-11-29,417.8612976074219,418.8597148430093,407.2760830975747,410.05875253667887,4079700
2021-11-30,410.6688537597656,417.26034204142763,407.9231714545574,413.2943502199847,7435400
2021-12-01,410.7797546386719,421.4851527979237,410.5948772249733,418.68400465602076,4325500
2021-12-02,412.3328552246094,414.06164099277925,406.04645898401094,409.67962597412765,4738700
2021-12-03,416.7384338378906,421.4871623868393,412.889368742488,415.30081211478034,3038300
2021-12-06,426.74603271484375,428.2949484688055,418.7789227304148,419.3632440728995,4721500
2021-12-07,431.031005859375,431.9770323266466,426.85731472578425,429.19457157091944,3105200
2021-12-08,434.8615417480469,436.0765757597683,428.9534540798049,432.29241294468505,3228300
2021-12-09,438.9981384277344,440.07402670702817,433.4702957198468,434.55546792630923,2977400
2021-12-10,443.55206298828125,443.7839347094189,436.8556065496402,437.77380950785613,2572300
2021-12-13,443.4686279296875,445.43489575299037,439.6381022622835,442.42981876024203,2724800
2021-12-14,444.6929016113281,448.0133208660595,442.5782324191004,444.96188076210564,3018000
2021-12-15,458.5309753417969,459.47700178432615,445.32357102419434,445.75020707027767,4188600
2021-12-16,457.1211853027344,460.92388729821215,454.5705962978554,458.1878178939527,4080800
2021-12-17,451.7973937988281,457.3715988736201,451.1110625813079,455.78560427153707,5707200
2021-12-20,448.6532897949219,449.8404720044649,440.79747389363627,447.04872711993954,3145600
2021-12-21,451.880859375,453.54106875853944,447.23416951279694,451.70463460947417,2536000
2021-12-22,458.29913330078125,459.5234228736916,450.6659054764871,451.82526416947286,1687500
2021-12-23,459.4584655761719,462.0275941024344,457.074817447329,459.1060160250242,1706500
2021-12-27,463.2796936035156,464.0216717809193,460.6270947298772,462.5191475736524,1349400
2021-12-28,466.4703063964844,468.6777299490383,464.1144815298047,465.59846636640583,1495500
2021-12-29,468.9188537597656,470.4399459895203,465.5984628334484,468.1768754994235,1573900
2021-12-30,467.85223388671875,472.304188215156,467.1287952002378,471.0984382012508,1309800
2021-12-31,465.7283020019531,470.1152970789251,465.6355476477462,467.58327586747157,1695400
2022-01-03,465.8581237792969,466.4331611344519,457.29740941479264,463.74345475778756,3033600
2022-01-04,455.3033752441406,467.22158918502777,455.2848356933039,466.71148264276826,3908100
2022-01-05,454.18109130859375,460.96101871587734,454.18109130859375,458.89271260721455,3921100
2022-01-06,435.59423828125,449.03354336834366,429.5377496594866,445.19373382784397,6555200
2022-01-07,425.34552001953125,434.0360681936649,422.5166678452994,433.77637298040753,5494200
2022-01-10,431.2815246582031,432.0791500207958,421.4872626206607,422.93414030997985,5831800
2022-01-11,434.9913330078125,436.33620026327975,427.2653799950044,433.3218679983002,3332800
2022-01-12,439.3691101074219,440.85309485802685,432.52425202755563,434.9635471849521,3502300
2022-01-13,433.5352478027344,441.993924834681,432.1904086163399,441.3818083140452,3005300
2022-01-14,434.70391845703125,438.85907073325427,431.35567540547675,435.8169142663625,3665400
2022-01-18,427.5621643066406,431.93990347713276,425.1136136816009,431.4390809453208,3938800
2022-01-19,428.9813232421875,441.0108320596876,428.04458051848763,434.0639627391526,4030900
2022-01-20,429.42645263671875,437.4306694467916,428.4989656979785,430.70638914092507,3228600
2022-01-21,427.729248046875,436.65166962217546,427.63649367384255,429.8902805847606,4273200
2022-01-24,428.7494201660156,430.4838446920638,415.63476824972327,424.8539916137467,4780700
2022-01-25,423.713134765625,426.1709695217541,414.8370778625959,421.14400610426065,3428900
2022-01-26,425.1878356933594,430.2426508926975,420.56896879736087,425.20640354733877,4435900
2022-01-27,428.12799072265625,434.69458601175535,423.87082892980135,424.8632184754899,3508100
2022-01-28,432.2646484375,432.4686967377644,422.0808295864768,427.94255502619853,3364400
2022-01-31,438.30255126953125,438.86830476992947,430.7249698026958,431.2814676799886,3500500
2022-02-01,434.4441833496094,440.55631920261953,429.19460360213094,440.55631920261953,3148600
2022-02-02,444.9897155761719,447.03019831568116,435.0470537179995,435.0470537179995,3026800
2022-02-03,453.3277587890625,463.9103876414538,448.5048439252,462.4913338264511,4370900
2022-02-04,448.1339111328125,454.1254692928714,445.3699896529839,446.81686712439557,3066400
2022-02-07,448.62542724609375,451.9272783633428,446.3994360304909,449.7476784757799,2937200
2022-02-08,457.6313781738281,459.7275079159351,446.4458868733888,446.4458868733888,3534700
2022-02-09,461.9813537597656,464.6061299327366,460.3026042874212,460.96111223673995,2818100
2022-02-10,451.4264831542969,458.38263579886836,449.8961352334227,456.54620131102473,2626100
2022-02-11,443.4593505859375,454.86742902314364,441.89189533840846,449.53437893252215,2493800
2022-02-14,439.9998474121094,443.09765073828214,435.29748131232964,440.6583552871462,2549500
2022-02-15,443.55206298828125,446.2788766932321,440.7417788602792,441.42811009735755,3001000
2022-02-16,445.24005126953125,446.79825068993813,437.21729567347694,441.01999742153316,2651800
2022-02-17,436.2342224121094,444.5352421980353,434.889383275027,443.49646131004835,2403100
2022-02-18,433.8876953125,440.48214266333997,432.97874785422005,436.15076587829316,2992300
2022-02-22,428.9720153808594,433.31264768655774,424.62209914780163,430.1962766920633,3029800
2022-02-23,426.2916259765625,433.8042773167362,425.5681871544516,433.3127102748488,2840300
2022-02-24,422.83203125,423.48125511996676,413.41801624125986,416.92391571397627,3933000
2022-02-25,441.251953125,441.2797766036256,423.14741654641614,423.53694524717406,3314400
2022-02-28,441.36322021484375,442.6988037170139,431.84719483804554,432.069810958178,3918300
2022-03-01,441.7156677246094,442.3741755454148,433.813488960976,436.74435117120345,2917600
2022-03-02,450.1836242675781,451.8438338479407,443.2367560086481,443.5149907742259,3675900
2022-03-03,451.30584716796875,455.74851734322374,447.25273394466956,450.7586332936563,3139400
2022-03-04,462.49139404296875,463.42816498494915,442.86576542283717,445.83373519060905,4170100
2022-03-07,451.56561279296875,463.7435222150821,447.99478201098094,463.7435222150821,4123300
2022-03-08,439.12799072265625,449.35817128498906,437.3286636634181,444.08076794701594,3849500
2022-03-09,450.3598327636719,452.3539239905979,439.2485292174724,447.58662761199867,3115500
2022-03-10,455.8042297363281,457.90961511144314,443.18111649948395,444.57234704890595,2834800
2022-03-11,449.18096923828125,459.3483947431177,448.8460994580888,453.79491044758106,2615000
2022-03-14,453.8786926269531,461.0135543254442,451.42286715521055,456.18564922213153,2704100
2022-03-15,463.1716003417969,465.0599692767116,453.31114010904787,455.81346528135947,3043000
2022-03-16,463.4972229003906,470.2320908442123,455.82281192222104,464.9576649901306,3497100
2022-03-17,471.64605712890625,471.7390859747782,460.6321174220119,461.39491421437697,2357200
2022-03-18,470.808837890625,475.050691941162,466.56698384008797,473.24604027010525,5065600
2022-03-21,472.2413635253906,477.20879671617735,469.1715823029395,469.77625553582624,2617700
2022-03-22,470.0646667480469,476.1390783200508,469.618145333788,473.7390647524829,2752500
2022-03-23,468.1204528808594,471.6832273768051,466.3529901505418,467.22741011551517,2753200
2022-03-24,477.63671875,479.7948627892545,468.70646167961945,469.76693928781697,2789200
2022-03-25,477.23681640625,480.4926274933926,473.71120177756677,478.3158602418936,2551100
2022-03-28,477.39495849609375,481.06007396228523,473.3112273755991,478.4368135424063,2643000
2022-03-29,475.0971984863281,483.33906527979093,471.90648250165145,481.02274088765864,3478400
2022-03-30,484.4832458496094,484.83673841225027,476.72508904958636,479.17160278620656,3041200
2022-03-31,474.3902282714844,485.4786018570805,474.11117013621276,481.02275598604996,3979700
2022-04-01,476.8274841308594,478.8646937909502,471.25537703668294,475.0507098184689,2344100
2022-04-04,474.43670654296875,476.72506831155,469.32974418491085,476.4739443898431,2657500
2022-04-05,481.6367492675781,488.12043662972684,472.55767925893963,474.4181425631087,3268600
2022-04-06,494.6506042480469,496.2971321853551,481.8599210164331,482.06454469526267,3955600
2022-04-07,499.48785400390625,500.72507789233487,491.52507401765286,493.0227332223231,2867000
2022-04-08,507.8692321777344,510.66918142147966,500.55756912064675,501.3948002176409,3986700
2022-04-11,499.9437255859375,509.4041660484115,499.19955158358704,505.6739278585568,3574000
2022-04-12,496.4739685058594,503.0041562666593,493.74839650692707,498.0553169344452,3575700
2022-04-13,499.534423828125,500.72514765921915,491.7390776254944,496.1111779789851,3012000
2022-04-14,497.5065002441406,514.6878516488815,496.80882650330597,500.92974591928254,4211300
2022-04-18,496.81817626953125,503.2553639178791,493.37630752692473,500.3716682771443,2087100
2022-04-19,500.18560791015625,504.63208601411895,497.8972174360425,498.50189076563714,2207600
2022-04-20,507.9158020019531,510.1018237104724,501.3948689266103,504.31580998984026,2986300
2022-04-21,499.9437255859375,509.7669700367399,498.632123874768,507.44139079387156,2539900
2022-04-22,484.5948791503906,496.13902897196266,483.887894010451,494.93905058032897,3453300
2022-04-25,487.69256591796875,489.5437178194675,476.0274530637677,484.0925739701578,3030400
2022-04-26,477.9344177246094,489.54368990030935,477.6832370245365,487.6646039035618,2895300
2022-04-27,477.96234130859375,484.55770895788555,474.25072595801305,478.98557345459153,3353700
2022-04-28,487.8321533203125,489.56242764943573,477.36704538449663,480.70660258760404,2582700
2022-04-29,473.0693664550781,483.62753136013487,471.59030131244356,482.6507425570837,2873200
2022-05-02,466.185546875,477.68322387293523,458.9204405649369,475.17158727185,3184300
2022-05-03,464.7622985839844,470.2506592416046,462.77161775993494,466.1669573574819,2763400
2022-05-04,472.2041320800781,474.2041242230837,458.68786887394,464.65065648083424,4002600
2022-05-05,460.2041931152344,475.04139896865274,455.0972305509819,471.8227770892901,3359700
2022-05-06,464.7622985839844,466.57626152474717,451.16231739356596,451.1716287936813,3260300
2022-05-09,452.4832458496094,460.12043897374303,450.63206574950107,456.1855492729976,3862700
2022-05-10,453.96234130859375,461.72046960164295,447.5530318295579,459.3576733414795,4275500
2022-05-11,452.23211669921875,465.5995411369261,450.59492827860055,450.59492827860055,3936300
2022-05-12,445.3948669433594,452.92046537010316,438.52978176321886,452.18557447678563,3997600
2022-05-13,451.534423828125,453.0228001016247,442.61350597606025,447.4228159546952,2453400
2022-05-16,455.08782958984375,460.985493556605,450.3715493408226,451.54365004821295,2338800
2022-05-17,458.1669921875,460.2042017665088,454.3809425691213,459.5344338448016,2289000
2022-05-18,438.4925842285156,455.07860147117776,435.6832665761735,454.1948984679466,3240500
2022-05-19,445.1623840332031,447.98098504587944,431.0042559353551,431.9252046542431,3813800
2022-05-20,451.84136962890625,453.4599634008753,439.3576500512076,447.79485681057037,3068200
2022-05-23,457.7484130859375,461.1530645936924,452.36239185739515,452.36239185739515,2279800
2022-05-24,462.8460998535156,463.32981013594514,454.5670430886623,456.5484412266077,2658100
2022-05-25,463.339111328125,467.26469029935527,456.9856412081794,463.7391041521907,3161600
2022-05-26,467.1902160644531,471.86927977051994,464.56695619888336,466.73438328669573,2705800
2022-05-27,471.729736328125,471.729736328125,455.24605951444084,456.74371877441024,3349100
2022-05-31,462.1204528808594,468.9390380145393,461.07859803152803,468.48323361506067,4003100
2022-06-01,458.18560791015625,466.399569636753,453.74841296523897,463.5530629342146,1765900
2022-06-02,457.9158935546875,461.53448032561806,449.2740325877485,459.5344877267585,2093500
2022-06-03,451.72979736328125,457.36702752213614,451.06934081212546,454.26002869566736,1756900
2022-06-06,455.98095703125,459.19026767517124,452.3623705664229,455.2832832728687,1781500
2022-06-07,462.41815185546875,462.8925506856256,453.134429909921,455.3483857453751,2341900
2022-06-08,459.09722900390625,463.16233680692466,454.464665127572,459.5344390186712,3268100
2022-06-09,455.2832336425781,461.82276048939707,453.59020536024235,458.49254393665336,3148800
2022-06-10,450.81817626953125,455.9623562405138,447.376307754287,450.97629975503884,2599900
2022-06-13,436.9297790527344,447.7576597474277,434.6600117546619,441.98092965615683,3764600
2022-06-14,429.5344543457031,436.4460685304011,425.506563886272,434.8832862081564,3814200
2022-06-15,431.93438720703125,436.29717528686814,424.65068692978355,431.8134809562535,2550700
2022-06-16,425.7823486328125,427.3880540095639,420.73184525878423,423.2710996106317,3135600
2022-06-17,422.0201416015625,430.7954961489066,419.81697972565485,420.7971947401699,5277400
2022-06-21,448.40228271484375,452.88330672082014,426.7252728188628,427.38808466161447,5726800
2022-06-22,457.14031982421875,462.96568562417764,443.00640116053114,444.10798226914306,5061000
2022-06-23,466.59710693359375,470.1165762830329,459.268741844454,462.060072628847,4687700
2022-06-24,462.7042236328125,466.55044081812474,454.2275830590911,466.25169831119763,15861100
2022-06-27,472.058349609375,477.87436962866747,459.8475137995885,460.0809010292441,3907100
2022-06-28,474.65362548828125,484.14780225698627,471.51688623423416,478.05175730602787,4978200
2022-06-29,481.4405822753906,484.2318847091284,472.38514544837636,475.036421228017,3823400
2022-06-30,479.498779296875,482.01002839583333,475.8485992738923,479.42407942237736,3568900
2022-07-01,483.01824951171875,483.1396154335607,468.93097078561584,478.2758048916113,2426600
2022-07-05,471.6662902832031,477.04354166998877,459.5394978220195,473.90683068746694,3029600
2022-07-06,481.0483703613281,483.02748938126547,470.7886775321141,472.0396580722973,2506700
2022-07-07,480.1989440917969,482.92489124548257,478.19179092953584,481.0111271717625,2385400
2022-07-08,484.16644287109375,493.2591995203009,477.052805218337,478.26640732305856,3092100
2022-07-11,482.59814453125,486.8177470693374,477.79968921908346,480.64700214097616,1743600
2022-07-12,480.23626708984375,484.642648058395,476.6887922379561,479.14403069934866,2706500
2022-07-13,467.9320983886719,477.8463843532441,467.885432333861,474.3082541047923,3467700
2022-07-14,469.0429992675781,472.2730991964127,459.5674829784326,462.1067373007623,3765500
2022-07-15,494.547607421875,496.6387481695079,481.1978674517481,491.10280916084935,5742500
2022-07-18,484.8573303222656,496.79740129193937,484.27853451165174,495.7145095434932,3212000
2022-07-19,498.001708984375,498.3658067573739,485.9962829162495,486.4630574008202,2953500
2022-07-20,484.95068359375,498.56184430234293,481.4592193646644,498.0017376803064,4327500
2022-07-21,487.7419738769531,487.75126150324473,477.17419359824504,484.87597194540336,2667600
2022-07-22,486.76177978515625,492.5404506208561,483.9518450378995,491.046794948858,1850300
2022-07-25,494.2861633300781,497.4789419458396,489.385031063716,491.13082012050853,2337200
2022-07-26,496.2652587890625,501.91321794192413,495.74247371165865,498.3283652830832,2637800
2022-07-27,499.0845642089844,502.11859813675056,492.9511410928762,498.0856600475573,2268100
2022-07-28,505.50750732421875,508.1681565219781,496.4054033420605,501.7733108187179,2344500
2022-07-29,506.30108642578125,507.7106978223734,501.0265107767035,504.1259008861513,2945700
2022-08-01,499.8033447265625,507.52381128298066,495.71439655819086,506.23550942284743,2335000
2022-08-02,499.8781433105469,504.6112433437941,496.3866223607438,501.8292287155627,2114200
2022-08-03,504.7232360839844,507.4958489697055,500.09281302278157,501.558491634771,1802900
2022-08-04,498.2817687988281,504.5178691567701,497.35756442397485,503.45360964299016,2368000
2022-08-05,499.50469970703125,499.9154635248607,492.5030825708287,494.78094429164554,2373400
2022-08-08,500.94232177734375,505.3300130455015,497.97364308424216,504.03236638695955,1656400
2022-08-09,501.5585632324219,509.475040809081,500.73703552397865,504.11647846944743,2147200
2022-08-10,501.9878234863281,505.96475041258736,498.3376728212027,504.3590738583151,2291400
2022-08-11,497.4508361816406,502.8374313839638,494.47281301322414,502.47333365037184,3006200
2022-08-12,507.5705261230469,508.2240217203214,498.93519917578465,500.01809078152206,1981000
2022-08-15,508.4480895996094,510.84731712441675,502.77209629959543,505.6754197208564,1447300
2022-08-16,509.82977294921875,511.0620644610015,506.3476534288013,508.98026843406785,1773000
2022-08-17,508.7841491699219,511.38873008156384,505.58208328880914,509.0081917886477,1471700
2022-08-18,508.98944091796875,511.70609978917844,505.8154092383527,508.79343213997976,1486400
2022-08-19,511.88360595703125,516.3739744682091,508.61618438401126,509.2509908806808,2258000
2022-08-22,508.3828125,513.0038916888537,505.37675493269063,505.4141333614139,1672900
2022-08-23,500.195556640625,507.18782972735687,497.77769657215487,507.18782972735687,2039600
2022-08-24,500.811767578125,503.98580031075926,499.4674546033284,501.01712102877417,1761200
2022-08-25,505.5821533203125,506.00226177826687,495.94792052548144,499.45807398320795,1965800
2022-08-26,494.08074951171875,507.0944233037739,493.11916680596715,506.2262296745053,1906700
2022-08-29,494.5663146972656,497.48832787809215,488.1248032489517,491.0468164297782,1594000
2022-08-30,488.0967712402344,495.7985502852521,487.116499232877,495.16368684035695,2013400
2022-08-31,484.820068359375,492.0737060950385,484.661323987824,486.2110473968134,2891300
2022-09-01,489.1796875,489.4224193623958,480.8617907853527,484.82002952171644,2085300
2022-09-02,482.03802490234375,494.5849263022837,479.6668308489175,494.42623891939786,1944200
2022-09-06,483.2796936035156,492.40048658830455,482.57018716737065,485.38017908874264,2711900
2022-09-07,487.0138244628906,488.71289044196317,480.4789816107536,482.6448220792645,2504400
2022-09-08,492.4564208984375,493.37128064565906,484.33453355235497,486.332342001351,1557500
2022-09-09,491.0330810546875,494.3013813366881,489.3848700205537,494.3013813366881,2495500
2022-09-12,497.504150390625,501.0346922519908,489.3099643841912,491.6511603860294,2792000
2022-09-13,481.3124084472656,491.8946018232863,479.4487971934052,490.7146300180234,3172500
2022-09-14,477.3884582519531,482.64211555673063,473.95159943121246,481.3497711316288,2648100
2022-09-15,489.69378662109375,494.441737917305,481.4809117381835,483.50367948496165,3058100
2022-09-16,487.9239501953125,489.6095997314643,484.2342233461989,485.58275440674043,3981700
2022-09-19,490.29315185546875,490.7145784785289,480.38519646131164,485.6482565487602,2130800
2022-09-20,489.5907897949219,491.341999450074,482.1083381487094,490.93932068447094,2421700
2022-09-21,479.55181884765625,494.46991115150115,479.4956324365685,491.6792241373097,2427700
2022-09-22,484.59002685546875,487.87701730368747,473.96096505846486,478.5684503478329,2285600
2022-09-23,480.984619140625,481.9679099509812,474.21389913646556,480.93780665596057,2536900
2022-09-26,476.06805419921875,480.01064808231587,467.30263177799895,475.159697761708,2867400
2022-09-27,476.07745361328125,483.96258464350757,471.5917146972254,477.950410153541,2583400
2022-09-28,481.2935791015625,483.4755891790259,468.9882425845544,474.3074601568887,3027300
2022-09-29,476.5082092285156,482.0709208271608,470.5522213532566,482.0709208271608,2392000
2022-09-30,472.95892333984375,483.7377671952133,472.7716162820032,478.6339785280698,3116000
2022-10-03,482.7638854980469,484.9177739240669,473.2960760453221,474.8693525606261,2562400
2022-10-04,489.93731689453125,491.26715718194356,484.0000767150993,485.4234848074842,3189800
2022-10-05,493.589599609375,495.7247403037526,487.09043824799886,487.9051697553649,2281800
2022-10-06,486.1539611816406,495.0036921246636,483.91576443382917,494.76957256086985,2187300
2022-10-07,472.781005859375,481.5089606102087,469.2317456228279,481.5089606102087,3273700
2022-10-10,467.1715087890625,474.1482829250015,463.5754358716233,473.4833913942398,2459100
2022-10-11,468.0611877441406,474.6352547130689,463.7252889119922,465.4015929669348,2844500
2022-10-12,468.2016906738281,475.96510391242856,466.5628536214981,470.2338611934995,2254300
2022-10-13,477.5196228027344,480.8534544718663,456.7578876465077,462.1051989739884,3999700
2022-10-14,480.5350646972656,496.24913921548557,479.4112794224697,486.9686653768079,5628900
2022-10-17,488.729248046875,491.0048832160374,482.5485147843173,484.85221457729756,3282300
2022-10-18,489.0382995605469,498.2064005271691,485.40475958555845,498.2064005271691,2345500
2022-10-19,487.2683410644531,490.546014745494,481.9116560692295,488.59812409649516,2500500
2022-10-20,487.7927551269531,495.79025814421493,486.76265200030775,489.8248967572728,2390800
2022-10-21,499.8264465332031,502.4486309843221,485.10503798641633,485.151850460596,2896000
2022-10-24,507.1965026855469,511.7665202653541,503.63789743126046,503.89076480216204,2627100
2022-10-25,505.9041748046875,509.3691552272533,499.9856834760225,503.62853986690004,2411900
2022-10-26,508.6668701171875,512.8529575763174,505.89493110524046,506.99059464285205,2863500
2022-10-27,507.38397216796875,511.804179820397,505.4735768597936,511.804179820397,2212100
2022-10-28,516.2242431640625,517.8724539711827,509.15384405773847,510.35250645322037,2761900
2022-10-31,519.885986328125,522.6485517737966,515.1848466530527,519.7454917103674,2770400
2022-11-01,512.5438232421875,520.3915142410443,509.65008078272615,519.7453420699852,3338900
2022-11-02,508.9103088378906,519.3520629636994,508.5731904253813,509.8280391246402,2696200
2022-11-03,509.078857421875,513.0682633609287,503.9469756115708,507.32764790899853,2245300
2022-11-04,503.9844970703125,512.9653488738793,493.655171423007,512.3004287219544,3513100
2022-11-07,510.3993835449219,512.2067796710535,501.4559707159929,503.98447337029495,2540300
2022-11-08,517.9193115234375,519.5581485457163,507.5712377572391,512.3004417327669,2797000
2022-11-09,506.3162841796875,519.3801666488216,505.1738081986716,518.6029308878723,2672600
2022-11-10,509.603271484375,516.6549790106504,500.03249274179444,514.0609163840213,3426400
2022-11-11,488.91650390625,511.5792854252641,477.27605936855946,511.5792854252641,7034300
2022-11-14,481.1156921386719,495.37823733474215,480.797264389933,488.8416375598768,5238400
2022-11-15,471.05792236328125,483.8221251768408,468.9601916999147,480.23539756122483,5103800
2022-11-16,479.0273132324219,481.471536168263,473.3616316172361,473.75496503162935,3430800
2022-11-17,482.5765686035156,493.505252958809,479.62663947355975,479.62663947355975,4246300
2022-11-18,496.3334655761719,499.1429002869804,486.463005535779,488.9540124964672,3566000
2022-11-21,484.33721923828125,498.1596482335567,482.6421957841945,495.40639971695225,3349600
2022-11-22,489.8624267578125,491.33264729262703,486.8843756612841,486.91249744431525,2567400
2022-11-23,496.0618896484375,496.74550044625863,489.7781003273621,491.6510567339677,2238300
2022-11-25,503.4694519042969,506.4942584796339,498.69343550554373,500.0794050792167,1419200
2022-11-28,498.4593505859375,505.3050050510346,497.91617713764356,501.79321123190607,2699900
2022-11-29,494.46044921875,499.11471805676365,490.3867922446719,497.89730792780495,3751000
2022-11-30,512.9653930664062,513.2650729990875,493.97358458421905,496.07128695488456,9688900
2022-12-01,502.8044738769531,517.8724329248142,501.76499681633004,517.2730731723841,2997800
2022-12-02,503.64984130859375,505.95129669706375,500.1554315276598,500.5217975856136,2346200
2022-12-05,502.5978698730469,507.614104608475,498.6901363820298,499.2631353184446,2424800
2022-12-06,506.61834716796875,507.8113590849291,501.84635683441803,502.01543565713604,3097700
2022-12-07,509.9907531738281,512.8088488714626,506.909665024919,508.0463175966476,2849100
2022-12-08,514.6968994140625,517.8625551520489,510.8079715506243,511.82244455797627,2272300
2022-12-09,506.505615234375,515.2322953711085,506.1956087333644,514.7062532688758,2852400
2022-12-12,512.7619018554688,512.9685920244083,506.58091978814616,508.99503802763826,2714100
2022-12-13,505.5850524902344,517.5807630666626,502.65423798881073,517.1768429570626,3369700
2022-12-14,505.7165832519531,510.5261279941016,499.33831484089774,509.070123550847,2654600
2022-12-15,495.6841125488281,501.6866686133915,493.6080952742778,501.61150336036224,2963800
2022-12-16,491.9455261230469,493.92757277130244,484.44935345813013,493.3076170175394,7109100
2022-12-19,491.8514709472656,495.2426220326118,489.3433825534592,492.7908359088412,1808100
2022-12-20,488.6671447753906,495.0360104107705,488.1880593955464,495.0360104107705,2086100
2022-12-21,495.5526123046875,495.8720216452106,486.68500403830694,491.87972022727763,2182000
2022-12-22,495.12994384765625,496.93350866971423,490.00099009215376,494.5568875995566,1851600
2022-12-23,499.0940246582031,499.0940246582031,491.1939900959726,492.3211822484191,1292300
2022-12-27,499.73272705078125,503.3493163385927,497.7224723921905,501.5550972613599,1596700
2022-12-28,496.407470703125,505.5193231286206,495.7310980552498,502.6260627293896,1694200
2022-12-29,497.7507019042969,501.32027723031104,496.79253131292296,500.24938743222094,1379700
2022-12-30,498.03253173828125,498.3331354201575,493.0163547160894,497.86345291740525,1849600
2023-01-03,487.1922912597656,493.75844362361084,481.10516689878386,493.2887611102108,3525600
2023-01-04,473.9096374511719,487.1922721698939,470.24611972363033,487.1922721698939,5070400
2023-01-05,460.2513122558594,471.64581540376855,458.87984724891777,470.63131371838034,5497100
2023-01-06,460.28887939453125,462.98485252995573,457.97804937375975,461.7824663998559,4841300
2023-01-09,460.34521484375,469.6731025197541,458.91739034767846,462.5527283522928,3702800
2023-01-10,456.5314025878906,460.730365400354,453.41270382178436,459.2085986451376,3164000
2023-01-11,463.4826965332031,465.5493110502976,455.5920360748209,455.8644599582437,4274200
2023-01-12,465.6150817871094,468.489536514883,455.79870565653573,460.28886939908995,3726800
2023-01-13,459.8849182128906,478.6064553057773,456.53137836821935,456.63469475535754,5390100
2023-01-17,455.6672058105469,463.05063033404923,454.44604265888665,461.416144248903,4495600
2023-01-18,447.3632507324219,459.8192418191307,445.96360582968805,458.45715088212233,4398200
2023-01-19,454.9908447265625,456.8977833105465,448.4434978072409,448.8943746871101,4549600
2023-01-20,457.20770263671875,457.46132084917866,449.95580418664906,456.08985606989825,3525900
2023-01-23,456.3529052734375,460.3827891230115,452.20092805508995,457.1701482311729,3418700
2023-01-24,461.7919006347656,469.9268060476582,450.8952594642824,469.9268060476582,3036300
2023-01-25,462.6372375488281,465.32380754370524,456.2777471619833,459.61248126527494,3037300
2023-01-26,462.61846923828125,466.34774930371475,460.83365286738217,462.6372462174483,3005000
2023-01-27,456.5783996582031,463.45455913462655,455.0942153998676,463.45455913462655,3177100
2023-01-30,456.3341979980469,465.22058416858965,455.40420701861694,458.23170525489604,3606900
2023-01-31,468.9216613769531,474.8490527990352,463.2291112272742,467.80381462694265,5567000
2023-02-01,466.86444091796875,473.79695973806156,465.61509798539487,469.6355793480227,3451200
2023-02-02,442.2812194824219,464.98568461547285,435.7620526213847,464.29056367458475,11169900
2023-02-03,443.39910888671875,449.74922620358694,441.26676040726574,446.41449153006135,5440100
2023-02-06,446.4238586425781,449.9277007676371,442.450362637095,443.38032490779995,4174200
2023-02-07,447.9644470214844,449.0916679752836,440.5904250300595,442.4785581116452,3394600
2023-02-08,453.91998291015625,455.62963418994343,446.30171740909714,446.63990373572864,3466400
2023-02-09,456.27783203125,460.00711272046567,453.1497301145173,456.18388978541395,3664600
2023-02-10,464.28118896484375,465.6056971624946,459.11468104515404,459.47164436089435,3418100
2023-02-13,465.3144836425781,469.56040335197923,461.94216655029726,464.0463350905815,2589000
2023-02-14,462.9472961425781,467.75686960275124,459.4340797925627,464.3187898482495,2072600
2023-02-15,461.4630432128906,462.00786228395486,458.77647314902026,459.96005352192367,2242500
2023-02-16,457.799560546875,464.04633236450644,457.7243952896514,461.3691362520512,2611500
2023-02-17,468.8183288574219,469.1752921877718,457.7995944083432,457.8277742150998,3891500
2023-02-21,461.5193786621094,470.997567308191,460.75849536680164,466.582569364289,2877300
2023-02-22,459.2462158203125,463.9430413031418,459.03955435238214,462.9285109452479,2982800
2023-02-23,461.87640380859375,463.4169475839469,456.40929233652315,457.1513987529538,2511800
2023-02-24,454.9626770019531,462.6467051504633,453.7227368822428,459.894343676496,2940400
2023-02-27,454.01397705078125,461.1719349996255,452.7364255233385,459.1334999842126,3006200
2023-02-28,447.0814514160156,454.05152476966924,445.1839441347528,453.40338919048065,3902100
2023-03-01,446.405029296875,449.4016058922521,443.380272898635,444.8926367641828,2996900
2023-03-02,448.73468017578125,451.2991283257213,444.55449438245313,446.39564178933364,2188800
2023-03-03,449.54248046875,450.04974555985024,445.46564009572705,448.9600787964814,2863300
2023-03-06,451.6279296875,454.9814698116728,449.9558610374288,452.1821516295136,3812700
2023-03-07,445.14630126953125,454.4835918827875,443.9063325602164,453.6945287042632,2589200
2023-03-08,442.065185546875,446.5647520337403,438.45802729869695,443.14544958987057,3036600
2023-03-09,436.7203063964844,445.21217637232263,435.63063925500114,445.21217637232263,2780400
2023-03-10,433.9580383300781,441.99936008881286,431.37502001313806,436.2582549222619,3787500
2023-03-13,437.11614990234375,443.42288764435705,432.3743155874068,432.3743155874068,2971600
2023-03-14,437.964599609375,442.9232679496545,432.75140969328646,438.03059627433555,3258200
2023-03-15,438.7658996582031,442.01826356613964,432.93051725305156,434.5802612241857,3770200
2023-03-16,444.9783935546875,446.26993166806403,436.56942834499245,438.08717910144213,2940500
2023-03-17,442.60272216796875,444.96893549051146,439.58603608958157,444.384459395521,5290000
2023-03-20,449.6353759765625,452.33154406960705,443.07411626764946,443.07411626764946,3119400
2023-03-21,452.5954895019531,453.8681549164158,448.46641133333077,450.98346198723493,3163300
2023-03-22,448.2779235839844,457.9124311380104,447.6180431466852,454.3395771680846,2632200
2023-03-23,442.9892883300781,453.1328669543934,439.93491417984353,450.059620173587,3284900
2023-03-24,448.720947265625,449.55997376685565,440.8021815445224,442.1125634906907,2533200
2023-03-27,454.29229736328125,458.4308112984475,451.1719271325163,457.7331857915804,2271800
2023-03-28,445.5062561035156,456.0740648592352,443.7245476559331,454.3866044760192,2369500
2023-03-29,439.8594665527344,448.6172586933968,438.313435667768,447.8913529026401,3733200
2023-03-30,443.1306457519531,443.46060029280653,434.6650922313407,439.8405941962816,3324600
2023-03-31,445.5157165527344,448.73036399924086,443.1683757455377,444.5070090399644,3996700
2023-04-03,465.8782958984375,467.7071573221331,455.7912778922502,457.4033342240948,4729100
2023-04-04,464.99212646484375,467.6788581394743,463.6629007148844,464.78472892720646,2624700
2023-04-05,480.056640625,482.42282521714924,467.67884297080394,468.89494798247296,4964800
2023-04-06,483.4315185546875,484.7795880815419,478.09577202395417,481.72521432408155,3472600
2023-04-10,485.665771484375,485.8637614778314,478.9819549732201,481.54612965017145,2714500
2023-04-11,491.1240234375,492.3024119508884,485.70343627591313,486.5707716494882,3065300
2023-04-12,491.3314208984375,496.5257663667452,490.2472805143503,494.90427394747115,3422400
2023-04-13,496.08270263671875,500.06097226718424,490.68098798248894,493.89560660218604,4224400
2023-04-14,482.4699401855469,497.0348039326358,479.36841377945046,492.09500883554205,4872000
2023-04-17,476.3988952636719,480.39597973817223,473.94784149809635,479.57582596809783,3660900
2023-04-18,475.57879638671875,477.944981138832,469.60201284365,474.81520287339197,3232000
2023-04-19,458.34600830078125,473.21254744904815,455.923234609328,471.96816227259154,5809100
2023-04-20,459.5338134765625,461.59835249733084,455.5744452491826,457.6578281296343,3283000
2023-04-21,456.1023254394531,462.61646022381973,454.5185782720244,461.96598749983133,3165300
2023-04-24,460.9289245605469,462.1355929816909,454.9992668119258,455.71573607640784,2322400
2023-04-25,463.7383117675781,469.9413362048509,462.47505397217316,464.45475241615407,2937300
2023-04-26,455.2822265625,459.7601031988191,450.95515834856724,458.03492619446627,2930000
2023-04-27,462.371337890625,462.8521295742803,454.57513042620235,454.57513042620235,2473200
2023-04-28,463.8985900878906,465.66145481749356,460.15602677094233,460.69337887322587,2398900
2023-05-01,467.3017883300781,470.7803937312241,463.6346292478108,466.25536430758376,2105600
2023-05-02,465.12408447265625,468.25386239035385,461.24009190191134,466.87751271014196,2152300
2023-05-03,461.4004211425781,467.0661228079469,460.07119533294946,466.0762591100941,1749700
2023-05-04,459.3641052246094,461.63604164433985,454.339469453058,459.1472713894609,2555700
2023-05-05,465.9631042480469,472.15672125720346,463.84200489717824,465.755706716303,2329400
2023-05-08,464.398193359375,466.0290934131813,460.3445483950714,463.8514337495285,1738500
2023-05-09,462.28656005859375,470.78980173112717,462.21112707837136,464.60562073851145,2038600
2023-05-10,461.9942932128906,465.19950421062316,459.7035128509385,461.36266431219667,2018700
2023-05-11,460.75933837890625,462.0414112536724,457.8369291541594,460.0428689669779,2384200
2023-05-12,463.0877990722656,464.66210986976716,459.8071553974824,460.75930243439825,1536500
2023-05-15,458.9681701660156,463.61575631400893,455.98922932972573,463.24808528965474,2169700
2023-05-16,452.2372131347656,461.18352916359305,451.5678965413841,459.68462248696414,2178900
2023-05-17,457.0356140136719,457.59180992528997,450.1821169540643,452.50117743301854,2682000
2023-05-18,451.7752990722656,454.90507700843045,446.74122694136946,454.4337216167445,3040100
2023-05-19,451.3887634277344,457.0261552405692,450.43661637418256,452.10520402703946,2317900
2023-05-22,453.08563232421875,454.57513140771067,450.5308942681836,452.9159512952383,2242800
2023-05-23,451.9732666015625,455.69698575565235,445.4685678591875,448.90002019863516,2874200
2023-05-24,453.28363037109375,455.5932833849865,451.454797850228,453.07623284017586,1904700
2023-05-25,450.33294677734375,454.1697577503684,447.12770714080784,450.2669501187593,2684100
2023-05-26,453.9340515136719,460.4104982688312,450.6157201656158,450.6722805067746,3135200
2023-05-30,452.3597717285156,458.0348802444991,448.7586096586915,449.371365909392,3180800
2023-05-31,459.326416015625,459.4772532008707,449.77675069606687,450.7288978413826,4944100
2023-06-01,465.35040283203125,470.205358387013,458.2611981978788,459.8449744312189,3376600
2023-06-02,470.9594421386719,472.3169479729952,462.2676475349421,463.8137070342965,3064500
2023-06-05,469.64910888671875,474.0892688234924,468.9232319073506,472.0153222670472,2688800
2023-06-06,459.6375427246094,471.26115501570547,455.9609761099836,471.26115501570547,3816600
2023-06-07,454.50921630859375,462.34314168065356,454.0095806763305,461.8812225402367,4381700
2023-06-08,462.1451416015625,463.64404837237,454.7919798492458,456.6397137941198,2725900
2023-06-09,465.3409118652344,469.6773874050622,459.3170046660283,461.91886697452406,3174100
2023-06-12,464.3699035644531,466.12336058997647,460.7216174183201,464.0965093805691,2207700
2023-06-13,463.1631774902344,466.32126399208886,460.66499996581086,462.74838249343424,3016600
2023-06-14,433.5149841308594,434.24088987500687,420.14735160001965,428.594061266047,14672400
2023-06-15,441.00244140625,446.786034898866,436.2884597063891,437.31075402496236,6798100
2023-06-16,433.99774169921875,443.4919442165639,433.4676588599783,441.2391065934661,7699100
2023-06-20,444.3155517578125,445.3567674721093,432.3507572213252,432.3507572213252,4597700
2023-06-21,451.2823486328125,453.7623854443298,442.23303945364916,443.89903072926097,4886500
2023-06-22,453.45941162109375,457.3687940068037,452.4655135750829,452.6358911451396,3179000
2023-06-23,451.51898193359375,456.51692674164144,451.0930090749429,452.7779215207944,4862600
2023-06-26,453.46893310546875,455.59873961130734,447.73265656073147,452.59809506666386,2968300
2023-06-27,456.781982421875,457.3688578366495,452.2478527591661,452.58863683418554,3693200
2023-06-28,449.1051940917969,456.36545138955285,448.6603000375943,456.21399502138297,3670100
2023-06-29,450.9888610839844,454.0841692308153,447.8083352627207,449.7014964531035,2979300
2023-06-30,454.9645080566406,456.34650762780075,449.7393647186787,452.4655214363376,3970400
2023-07-03,452.3519592285156,454.5574794013024,450.8563456458117,452.5602081240561,1915700
2023-07-05,446.0477600097656,451.7935118097673,445.45140954491745,450.6008108800709,5053100
2023-07-06,444.287109375,447.1647228296003,441.72188373245666,444.27766321127314,3913600
2023-07-07,436.9226989746094,443.5771600209999,436.20331729888466,440.1600176210953,4131600
2023-07-10,438.31414794921875,438.3614943129963,434.6319643301665,435.4270885906764,4339200
2023-07-11,438.1627197265625,441.5703868694401,436.5062036314727,437.6704793132616,3086800
2023-07-12,427.5704650878906,439.9895978366309,427.1444922664257,438.2668142257176,7287600
2023-07-13,423.8314514160156,430.59949673318505,423.2918935566267,427.85441884989183,7276800
2023-07-14,454.5196228027344,459.09159442440426,435.5311892487384,437.84084824095413,11379300
2023-07-17,458.22076416015625,458.7130046030526,452.7495289697735,455.40941837710966,4582000
2023-07-18,473.2903747558594,477.47427437913603,461.4581153869629,463.1903454481345,8816400
2023-07-19,476.7926940917969,487.16718123868947,475.63786452118484,480.4275603909324,4956500
2023-07-20,477.3038635253906,481.5066843257804,473.7920570652725,479.59460162869743,2963100
2023-07-21,479.4715881347656,483.14432638840526,477.5689514166775,478.07063810262184,2887300
2023-07-24,481.50665283203125,482.5478973563391,477.61622010750125,478.33560178010043,2279000
2023-07-25,483.6364440917969,485.1225826437865,480.18143050019387,482.75613102113385,2730600
2023-07-26,480.8629150390625,488.30302422866225,479.5661043192986,484.21381824413004,3697200
2023-07-27,478.2409973144531,483.2294674111015,476.25317198445913,481.4025735172228,3028300
2023-07-28,476.04486083984375,480.3707411859354,470.715607352242,478.22198470070214,2930000
2023-07-31,479.3200378417969,480.7493838634413,472.40053561971575,476.1300656817696,2441600
2023-08-01,477.7770690917969,482.7939634602619,475.64726280290466,480.38964071678885,2161200
2023-08-02,477.83392333984375,483.2010485915882,476.120614592671,482.46271680489133,3220500
2023-08-03,477.89068603515625,478.9698018261464,474.27476995994454,476.0259499140513,2442900
2023-08-04,475.8744812011719,483.608028619925,474.9468218024911,482.75611184707617,2411200
2023-08-07,483.4565734863281,486.1637801760823,477.69190101431394,478.72367041695543,2430900
2023-08-08,478.8372802734375,481.0239081811196,473.3092526685283,476.1300734434442,2422600
2023-08-09,475.2876281738281,478.7142746219594,474.1233523841662,477.0766795882123,1916900
2023-08-10,476.5844421386719,484.68714140765763,475.92182412028285,477.5215477501699,2179700
2023-08-11,480.8724365234375,483.39034447322365,477.31328410007836,478.6195699953474,2029600
2023-08-14,483.6364440917969,486.0691632928475,481.09961488527705,481.9515316919622,2127200
2023-08-15,479.6229553222656,486.21117749272247,479.22537873596167,484.2517197127629,1817500
2023-08-16,476.66009521484375,483.2293664845042,475.96908102003465,480.86291513051543,1454100
2023-08-17,467.5729675292969,474.45462730949316,465.54729996949305,469.0117885982573,3009500
2023-08-18,471.8136901855469,474.1801419544386,467.13757917922874,468.3492013294073,2364400
2023-08-21,471.0942687988281,473.5269880944161,469.7122690859511,470.9333662591503,1533500
2023-08-22,466.03955078125,470.25184656335546,465.08349500483996,468.95503559179997,2079400
2023-08-23,463.29443359375,467.61083902763255,461.8650875746329,466.6642583818276,2011400
2023-08-24,462.02606201171875,468.9550399170959,461.1835912925868,465.17816314529153,2311100
2023-08-25,462.9915771484375,464.91313493756627,458.7603599917295,463.74885908956725,1923500
2023-08-28,465.0361328125,466.7210451858756,463.00099022644747,464.2883260230273,1344500
2023-08-29,466.5033264160156,466.6074653083537,461.90295834871137,465.21599060515393,2113700
2023-08-30,465.2727355957031,470.1760159013038,464.09898496015205,467.60131565529,2283400
2023-08-31,451.12139892578125,467.44046917266263,450.8469113328508,466.0584406080469,4927700
2023-09-01,450.7995910644531,454.9740154896117,448.07343397966787,453.4121630852642,3165900
2023-09-05,455.12542724609375,458.7129758973959,452.0301190068842,452.46553800520996,3443300
2023-09-06,451.4621887207031,457.3499216652449,450.9321058545421,456.337073411657,2596100
2023-09-07,458.91180419921875,461.0889283365565,453.0335459185256,454.26408932009014,2928000
2023-09-08,456.859130859375,458.94972654494666,454.93960500247846,456.3079896330706,1858400
2023-09-11,455.5383605957031,459.7765373553153,454.226989333808,458.0090571326266,2059200
2023-09-12,456.0324401855469,459.58645312897204,448.63937522808277,453.6377813946292,2195200
2023-09-13,455.9754638671875,459.96659117830137,455.61435828192026,457.48638276359037,2197800
2023-09-14,459.5484313964844,461.13535864448977,454.9681444295521,458.62667264172666,2334300
2023-09-15,462.4942321777344,465.4590559088423,460.0615548086304,461.58195641446906,5334300
2023-09-18,461.8860778808594,464.43278263332525,459.54843271253935,464.11920775700816,1997500
2023-09-19,456.754638671875,461.5724919273857,452.8395492807391,459.7004676505791,3230700
2023-09-20,467.65423583984375,470.4860088979868,455.3102944090216,458.7407394626208,3724800
2023-09-21,476.21612548828125,480.0171879583964,468.5569579311785,469.6117678465341,4703900
2023-09-22,480.9294128417969,484.09378444356923,473.26076269901915,474.18252146586883,4558500
2023-09-25,484.90155029296875,485.5287290962169,481.43308650211054,482.9820241374317,2758500
2023-09-26,480.311767578125,484.08432323655126,479.2949764082664,483.62818530058905,2420200
2023-09-27,478.6772766113281,481.17645065149105,476.1305428939136,481.0529404896528,2593700
2023-09-28,484.73052978515625,488.57912319394086,479.8936809477745,480.80592788179,2922000
2023-09-29,479.114501953125,484.5215165163367,478.7438843820987,484.4930097031662,3006200
2023-10-02,488.97821044921875,489.23480073877636,478.1166808526644,480.3878007132771,3550400
2023-10-03,484.1318359375,488.41751424665546,483.0770259990165,487.77134057252107,3143200
2023-10-04,485.2246398925781,486.36497026857484,481.41406536925854,484.15083507180583,2801700
2023-10-05,490.55560302734375,492.43716839688295,485.80430392158354,486.1748924339189,2790700
2023-10-06,498.7088317871094,499.79214837061056,490.31797123181946,490.76462617397294,3647200
2023-10-09,500.3243713378906,500.66645304834384,494.37569915224765,495.23096142799244,2341600
2023-10-10,498.167236328125,501.87329542349676,497.06495373543754,500.31484589624023,2455700
2023-10-11,498.06268310546875,499.45009167647146,494.3566242922949,495.01230983617626,2819300
2023-10-12,499.40252685546875,502.291371192774,496.2761741347459,498.3857357761783,2377300
2023-10-13,512.5733032226562,517.3816449829748,505.5413143717758,506.7291464074238,5245400
2023-10-16,511.2715148925781,519.5863402958302,509.45647481048155,516.1653487587207,3827600
2023-10-17,509.9600830078125,515.4525882913945,507.98351422082226,513.0864361086997,2586000
2023-10-18,509.3994140625,516.9255019485443,508.7722642385021,516.0322498964409,2551400
2023-10-19,505.1896667480469,511.5659693139367,502.92803015386744,510.1215471530544,2351200
2023-10-20,500.8185729980469,507.85050456484197,500.5714946295532,504.59110008732046,2811100
2023-10-23,495.6299743652344,501.53114388781756,494.4136067085671,500.8184447763772,2357700
2023-10-24,498.889404296875,504.2773936233918,496.10513324808505,496.8558221385025,1978200
2023-10-25,503.84039306640625,505.8834295029419,494.21419697352275,501.0466096139865,2380100
2023-10-26,502.0823669433594,504.0874136329254,496.53284778365276,499.5546857232848,2675800
2023-10-27,498.5662841796875,501.49311823277867,495.33541619864303,499.8301535661867,2585600
2023-10-30,503.63128662109375,505.3702890144956,496.9319253345425,498.8894702693291,2555400
2023-10-31,508.92431640625,509.9886093930141,505.180267077935,508.392169912868,2464200
2023-11-01,505.1611328125,509.1807954462349,500.5998698660342,503.62170729306285,2747400
2023-11-02,509.4659423828125,510.1406518937843,500.74251042220715,505.54134049426943,2350900
2023-11-03,504.4960632324219,509.32337103639503,502.50047054215025,507.9835219726009,2739500
2023-11-06,506.9286193847656,509.36129657622126,503.6881817745178,505.1896174003722,2684900
2023-11-07,511.0814208984375,512.8109114433133,505.0852466135555,508.73423444481466,2604800
2023-11-08,510.0361328125,514.4739157585009,507.5749769255956,513.1435204685491,1769200
2023-11-09,512.1932373046875,514.008219360462,507.89801757112286,510.86284205989296,1819600
2023-11-10,514.2932739257812,515.6901365388009,509.3613930682452,515.6901365388009,2480800
2023-11-13,515.5856323242188,517.0870682667761,511.15736198720595,514.2362713629797,1507900
2023-11-14,513.5804443359375,515.6804936903812,509.82688451292785,512.2215718125929,2454000
2023-11-15,511.6324462890625,513.5805370549518,505.25620160528206,513.1908957019316,2473700
2023-11-16,512.9722900390625,517.7616069138635,510.7391314846518,511.6323833064963,2360300
2023-11-17,509.61785888671875,513.6375213502092,502.06329463890745,513.3999549776466,2676900
2023-11-20,508.4870910644531,509.66546910890037,505.351226235535,507.0712046234901,2518400
2023-11-21,512.7538452148438,514.730355920822,507.62238772905476,511.0243548474054,2115700
2023-11-22,516.7163696289062,517.3245534594761,513.3904404299556,515.9656227756833,2234500
2023-11-24,519.8903198242188,520.3559987176861,515.8137010192445,517.8282595801729,1135000
2023-11-27,516.554931640625,523.4918593050043,514.5973867161626,519.8903153617312,2675800
2023-11-28,513.6471557617188,518.6740405239245,513.2100126521118,518.4934877177409,2859300
2023-11-29,508.373046875,514.9108785182059,502.3579076855172,503.64074298194936,4550000
2023-11-30,525.4684448242188,526.39023279816,507.4514426078274,509.142885550258,7121200
2023-12-01,521.7211303710938,528.9106140610686,519.8141153993196,524.8295740866822,3462200
2023-12-04,522.7891235351562,526.2121828924871,517.7926953158197,522.7700347618351,2709200
2023-12-05,524.6769409179688,526.8414211315819,519.9951874423738,523.5708398494612,2645600
2023-12-06,523.9810180664062,526.2217374708148,521.6639435672341,522.1025779797588,2239700
2023-12-07,522.7794799804688,525.8688344035256,519.2038275098068,525.7162406408617,2511700
2023-12-08,524.2097778320312,526.0786150750704,519.2228945946503,524.638809600706,2039900
2023-12-11,518.40283203125,524.4290050364557,513.9976330447411,524.200172600398,3655300
2023-12-12,520.3480224609375,522.0357491564009,517.4208060013368,520.4243193470669,2706100
2023-12-13,523.485107421875,523.8760198493126,513.5495766008871,518.708026032298,2876600
2023-12-14,509.40185546875,519.5853089444977,504.7869115964448,518.9941389294295,5386800
2023-12-15,506.4268493652344,508.6962016497603,498.6462545307693,505.3589257251602,9030100
2023-12-18,502.06927490234375,506.76051468868917,500.81063823820836,504.51025134863,3260300
2023-12-19,499.676025390625,503.0895983722464,497.52114742982883,500.20050104846104,3645600
2023-12-20,491.9430847167969,500.4293241804136,491.88587659850737,499.4948473183849,3847800
2023-12-21,495.7094421386719,496.60574144132255,492.4865824034477,494.7559347187233,2491600
2023-12-22,496.1194152832031,498.693896810937,493.9359043661191,495.7094140995133,1759500
2023-12-26,495.8525390625,497.23507839597454,493.8882577195368,495.7094896568054,1390800
2023-12-27,498.4841003417969,498.8368934152563,495.2135770245417,495.58545886871946,1851800
2023-12-28,500.49603271484375,503.32792161759755,498.6271373524489,499.13246598669906,2001000
2023-12-29,501.9930725097656,503.6807994312229,499.5616399907462,501.5258631399222,2080100
2024-01-02,514.2646484375,514.5697195571477,502.1836691465454,502.34580728834976,3415700
2024-01-03,516.8296508789062,521.3682972778169,514.3981604183617,517.7926444799266,2891400
2024-01-04,520.0619506835938,523.4755232140512,517.7544792444988,519.6614939010163,2994400
2024-01-05,512.3958740234375,521.5686116790698,508.91554830819564,521.5686116790698,2815400
2024-01-08,511.57586669921875,515.1324310800578,503.4519641097095,514.3219729774337,2648900
2024-01-09,513.3397216796875,514.5220614229361,507.58055852492595,512.9869286336365,2677000
2024-01-10,512.6437377929688,516.0382218440949,511.22302106390515,513.0823139551112,2180000
2024-01-11,514.5888671875,515.0465321167882,509.6783389908385,511.2039275534478,2814100
2024-01-12,497.263671875,503.90959076398696,489.27327491170774,494.73685389256605,6327300
2024-01-16,495.0133361816406,500.1145769381527,492.53418229263775,499.3613271251204,3736700
2024-01-17,500.5341796875,505.98821411126215,495.8238507772175,497.044368190841,3791300
2024-01-18,492.3340759277344,492.8108296658922,474.331821020357,481.7405927345228,7367000
2024-01-19,480.14813232421875,493.4876901025103,478.4890389384295,491.05625813376855,6143400
2024-01-22,489.1397705078125,489.6928211162409,473.4164421925113,480.5105398475247,5922900
2024-01-23,491.5521240234375,493.99310049330535,488.27205643603986,488.672513224757,2672900
2024-01-24,489.3685607910156,497.47337330201606,489.1016089945143,493.82148203747334,2918800
2024-01-25,470.4605712890625,472.4724871453751,456.7300697914877,464.920695317403,14671000
2024-01-26,479.80487060546875,480.2720798568579,467.12320643667533,470.3460656697878,6212200
2024-01-29,481.0826416015625,482.9610523820027,477.8502374819334,479.7191038765823,4554100
2024-01-30,480.19586181640625,482.5224222684737,476.0099793391024,481.08264583942895,4931200
2024-01-31,487.9478454589844,491.0562887537588,481.05400589248626,481.05400589248626,5358100
2024-02-01,483.561767578125,486.49855763211855,479.6142328867724,485.1731683491926,4242600
2024-02-02,486.508056640625,489.0634202087879,481.89308464408754,484.62010164710466,3804500
2024-02-05,479.5760803222656,490.2935234321398,476.8013702584285,486.25063221364746,3646300
2024-02-06,486.9276428222656,487.1850793479248,479.08981073275817,480.51052746484623,2745400
2024-02-07,495.2422180175781,496.77735095043465,488.85370685530455,490.11234359572785,4109100
2024-02-08,495.90966796875,497.8833769881836,493.23031461775315,496.4245409915408,3343000
2024-02-09,494.1265563964844,496.1957092708351,492.28629417451657,494.8607756872198,2715400
2024-02-12,493.5736083984375,494.86082017176517,488.9681511381841,494.1266008150285,3194000
2024-02-13,492.8203125,502.4316840911285,490.3030970097451,497.7308992485891,3436000
2024-02-14,492.9061584472656,494.4222609455356,490.3793403493084,491.30427286648643,1918500
2024-02-15,496.66290283203125,497.49244955354396,491.81906929911275,493.2875078340649,2292100
2024-02-16,497.3017578125,499.43760501240394,494.765453811982,498.0168883409038,2135500
2024-02-20,496.8345642089844,500.9441787808167,495.26125371780097,499.83813580216236,2600200
2024-02-21,497.7021484375,499.3422111605913,493.4781183283949,499.32312239251445,2095900
2024-02-22,502.0216064453125,502.25043889164135,494.47938911396045,499.8285512380366,3186800
2024-02-23,502.727294921875,505.8357387448919,499.7904754685517,502.26008554924,2502000
2024-02-26,500.896484375,508.0382450619978,499.9334326470392,503.75700640380893,2308900
2024-02-27,489.5497741699219,501.1540016316105,488.2434736312644,500.3625741601144,3780600
2024-02-28,475.1136779785156,475.37111450740235,461.86947499295917,472.4057203867071,9558600
2024-02-29,470.6512145996094,478.4222933656727,468.7441999773247,475.3233946044601,6833200
2024-03-01,466.7704772949219,467.2376866102639,455.06140756336964,466.66560544810494,7315000
2024-03-04,459.4665832519531,464.39622906737713,457.77888571372495,460.7728836689627,5239800
2024-03-05,451.1520690917969,460.4487672433081,448.7396962738671,459.9624982040644,5296200
2024-03-06,450.62762451171875,457.492860659294,446.4226531856942,452.38207471939035,5577500
2024-03-07,456.5202941894531,458.81825062796133,451.58113259900216,451.96252975795323,5102000
2024-03-08,456.2043762207031,463.55617388775767,454.48127947116257,457.88914492766537,4673600
2024-03-11,468.24676513671875,469.35719745626693,455.6587202007528,456.61598641966197,4410100
2024-03-12,468.43829345703125,471.24307684676364,466.5237607601299,467.2704273433834,4153800
2024-03-13,467.1459045410156,474.80403412365524,464.58999093889344,472.4300034361964,3669000
2024-03-14,468.1031799316406,468.75411394772124,464.4559979833594,467.83514655952234,3378500
2024-03-15,469.8454284667969,470.2283291246212,466.6194458741189,466.6194458741189,5713500
2024-03-18,466.2365417480469,471.07075411204454,465.59518968380183,471.07075411204454,2970500
2024-03-19,472.23858642578125,472.35345369991836,466.9449053106848,468.7445705080249,2511700
2024-03-20,473.10968017578125,473.4638639923606,468.5243669403413,471.4248823310301,3548200
2024-03-21,470.6782531738281,474.9955333864439,470.28577049873144,471.243036765763,3693400
2024-03-22,469.1274719238281,474.6413055855202,468.8402745245705,474.0382523953181,2847300
2024-03-25,465.1165466308594,470.4772436626443,463.383896994317,469.6348446587776,2786100
2024-03-26,471.271728515625,472.2577115496795,464.4942965594886,467.2703627435159,3113300
2024-03-27,472.0279541015625,474.545568801917,470.3144394781082,472.60231964604696,2653100
2024-03-28,473.5596008300781,474.6795859245595,468.39033997927,473.8467690047026,3820000
2024-04-01,468.77325439453125,474.5934198450297,467.81598822604207,473.3394035013844,2928700
2024-04-02,438.5619812011719,443.8652152820178,430.3869191083968,439.95958177000057,11867000
2024-04-03,440.093505859375,443.070618610499,436.0825585779394,442.2569365857803,4460400
2024-04-04,435.9198913574219,441.98895562283894,432.6077584507884,441.1274218765806,5182000
2024-04-05,436.2645263671875,438.18864094388476,430.77940926344843,431.43034332451316,5747400
2024-04-08,436.51336669921875,437.6620977706472,434.2063517599538,436.4846498831053,4532300
2024-04-09,440.074462890625,440.11276172224154,433.1247002313878,434.8669319018303,3521200
2024-04-10,430.817626953125,439.1362722849092,430.5591756047671,436.0251572408582,4493500
2024-04-11,422.84368896484375,431.5069376583384,422.61395439149817,431.143200988358,5844100
2024-04-12,420.43133544921875,423.34140372392073,417.7318376979778,421.5226037488703,6045700
2024-04-15,426.5865783691406,429.19034382744894,423.1021150765514,423.111697087685,5376800
2024-04-16,448.8525695800781,459.24846665266915,445.7031555529191,456.39580281508853,11816500
2024-04-17,458.5209045410156,467.14588191400054,454.30893931726683,458.1475859329362,8759800
2024-04-18,472.10455322265625,480.54764839898115,465.20267187063524,465.3558379733482,8880400
2024-04-19,479.71484375,485.62116019253256,474.3828636905565,475.76132943686594,6618600
2024-04-22,470.2379150390625,478.0779280392432,469.6731314517298,476.5079973516488,4697700
2024-04-23,465.4037170410156,473.1862966391559,464.24543301192193,470.01774756191423,3646700
2024-04-24,466.475830078125,467.96916308509,460.16744902141266,463.1062634084126,3724400
2024-04-25,472.7554626464844,475.88574175840444,466.6959805680018,468.0648641971114,4329700
2024-04-26,474.1818542480469,475.9815195157225,470.40064078372103,470.9750063903013,2727000
2024-04-29,468.13189697265625,476.0963589100326,466.92573219082595,474.5264282915585,2192100
2024-04-30,463.0296936035156,468.7828438610259,461.96711288238214,468.0648941784983,3367500
2024-05-01,463.42218017578125,468.2851093991807,456.6830463744985,458.77946193438356,2729200
2024-05-02,471.903564453125,472.5927973509059,463.2594510174075,463.5849180506028,3561400
2024-05-03,471.40576171875,471.7312287279325,465.0207831775097,469.88368272113513,2487600
2024-05-06,473.2532653808594,473.72231646733616,470.9749671663505,471.4344654560362,2029500
2024-05-07,479.55206298828125,480.21257899731864,473.88506349561743,474.80403085945153,3752100
2024-05-08,481.7059326171875,485.3339798176805,478.7096846356803,482.6249292339561,3078900
2024-05-09,485.3626708984375,486.2625034462363,480.6816544613055,480.6816544613055,2342900
2024-05-10,490.89569091796875,491.63280460844453,485.3339764831177,487.24850893472757,2784600
2024-05-13,489.87139892578125,492.6761818982237,485.63071664429293,490.16814911257507,2454500
2024-05-14,491.9199523925781,494.11207092509017,485.62112452844195,492.59005040823365,2949700
2024-05-15,495.43310546875,500.25776446462083,492.829369474127,492.829369474127,2981200
2024-05-16,498.9942321777344,505.58975270295304,497.30943411009736,497.77848525751693,3655800
2024-05-17,502.2106018066406,503.37843859695107,497.7880363670891,500.59281949290715,2657200
2024-05-20,495.1267395019531,502.2105322029274,494.466223538141,502.2105322029274,2476200
2024-05-21,501.1767578125,502.29674301979605,493.87281129655884,496.17027377875894,2521900
2024-05-22,499.07073974609375,503.7901138090546,498.40070010767005,500.47795152595376,2299100
2024-05-23,494.743896484375,497.9985664423157,493.21223553926393,496.1702137451819,3055400
2024-05-24,486.4539794921875,495.04065850622055,485.8317330891483,494.05464627169573,2527800
2024-05-28,482.15582275390625,484.9989044783575,480.45189012125695,484.9989044783575,2912800
2024-05-29,464.0061340332031,472.7938318818894,453.0454229310456,471.3004987525747,7521600
2024-05-30,461.0672607421875,465.2600913846598,457.5732449446093,461.7086419519885,5169700
2024-05-31,474.20098876953125,477.1110864179137,461.7948260567717,461.7948260567717,6694800
2024-06-03,476.1825256347656,477.36952643620737,471.99927679731604,473.0139766850222,2795100
2024-06-04,483.88848876953125,486.54968767372986,473.45429288818167,477.2546409231814,3178400
2024-06-05,481.6197814941406,487.34424407268926,477.48438436475664,486.96134342295676,2464400
2024-06-06,480.4710693359375,483.13226823318706,476.02934009576614,482.1271211838686,2419600
2024-06-07,469.7209777832031,481.3708916671651,469.46252641296593,480.5859555456659,3416300
2024-06-10,473.8467102050781,474.22005799920726,465.41319836658437,470.01764588018864,3332800
2024-06-11,475.0146484375,476.5079814148807,469.3380667213383,469.8836862686316,4599700
2024-06-12,471.9992370605469,478.6330846019024,466.5906890472344,478.6330846019024,4048200
2024-06-13,476.0484619140625,480.5476246670405,463.68059916861563,469.3284638150411,4951700
2024-06-14,475.8761901855469,476.5750050599828,470.7165403252565,475.5985747952302,3188400
2024-06-17,470.31011962890625,474.0496672054145,469.80061738313896,472.3288832919303,2407200
2024-06-18,462.4464416503906,472.6461385821987,460.5141939118241,471.732865999693,3692700
2024-06-20,465.7822570800781,467.12813866667005,459.6201460396095,461.4755298825957,5258100
2024-06-21,463.9268798828125,469.41604986149804,462.0042255244408,465.7053410317818,6368600
2024-06-24,471.0311279296875,471.9059392317255,465.76304413426664,469.9544167859169,5139800
2024-06-25,465.7630310058594,471.6655941288246,462.01386077235907,471.6655941288246,2916100
2024-06-26,465.3208923339844,468.58939941173224,462.85027403735785,465.7630946944595,3153100
2024-06-27,467.6280212402344,470.0698006248116,463.4077806083761,466.2917623053577,2991900
2024-06-28,489.5655517578125,489.7001223248065,470.4831989240685,477.1740287390841,22734200
2024-07-01,475.5205383300781,489.22907487917837,473.82862224838874,487.1526044114235,4523100
2024-07-02,478.9716491699219,479.1927649848065,474.3092357740449,475.1455857343383,3312000
2024-07-03,470.9446105957031,478.81785361582246,467.7049131885184,477.8949876898627,2239200
2024-07-05,469.1373291015625,470.7331358857611,465.7630610053885,470.0890337082249,3499000
2024-07-08,470.4158630371094,474.78029687419263,467.36847214804675,470.27166982013745,3450600
2024-07-09,473.0787048339844,476.24147947309774,467.29152576736135,469.44488926426715,3056800
2024-07-10,481.5576171875,482.10558072101486,471.16567271974606,471.9539680482365,3189800
2024-07-11,484.85498046875,489.0560050451055,478.45256702854965,478.45256702854965,3535100
2024-07-12,491.7476806640625,494.67012344304266,483.96092480561066,487.3159765412624,3570600
2024-07-15,495.4392395019531,510.30138049072883,493.92994861949387,503.966207848735,5128000
2024-07-16,527.6436767578125,528.6530586233936,506.74443197855396,513.252636159816,11062000
2024-07-17,551.1096801757812,551.4268759029618,529.9796686204769,532.575263770918,10330800
2024-07-18,542.515380859375,559.01172866925,539.7082633810271,542.6691673839925,6834800
2024-07-19,543.4671020507812,547.8603742312133,539.8236345473941,545.1878565514228,4290400
2024-07-22,536.9300537109375,542.4288165629908,535.5361176799905,541.2752123072157,3377300
2024-07-23,533.2481689453125,537.2280773320138,531.4312465938074,537.179964035875,2785600
2024-07-24,538.1028442382812,539.4294803302939,531.6331316310415,538.3431760132872,3156200
2024-07-25,538.0355224609375,547.8506928766826,536.9780861637337,540.2658082834331,3102900
2024-07-26,547.6873168945312,556.7334389137371,538.3432444581764,538.3432444581764,3201900
2024-07-29,544.8321533203125,549.254234667833,540.0351403085051,543.8323942236323,2965000
2024-07-30,554.0418090820312,557.0219004026525,544.1016584476984,544.9764991956894,4139100
2024-07-31,553.878173828125,558.4349133855276,540.5734401574377,543.5727758947486,4713200
2024-08-01,550.6194458007812,564.7797778813555,545.1686778688475,554.8781186168558,3680800
2024-08-02,567.0195922851562,568.6634241104482,553.0034264301477,559.8096388766797,5094000
2024-08-05,547.9180297851562,564.1259910454249,544.8417712474143,559.6077418188743,4587400
2024-08-06,546.3702392578125,555.1856510984478,540.7753671138585,546.235698055282,3216500
2024-08-07,544.1881713867188,549.5427714589134,535.4881711050516,544.6976443420093,4320700
2024-08-08,544.3419189453125,550.3117821404024,542.5442417270593,542.5442417270593,2860800
2024-08-09,537.1511840820312,544.0438835285322,536.0648796754654,542.7076246673929,2976700
2024-08-12,543.4287109375,546.9952564920239,539.3526924036237,540.5735969014197,2532400
2024-08-13,552.0325927734375,553.4649610972692,546.9952469870375,547.9469516491934,2369400
2024-08-14,557.2525634765625,558.6464997562779,551.1001041390149,552.9938907014637,2344400
2024-08-15,557.1947021484375,560.7804915883999,551.330631194488,557.2523794187316,2751800
2024-08-16,555.3395385742188,559.1560384039082,551.8979704673629,558.4542295875054,2728900
2024-08-19,556.3970336914062,560.7421931169829,554.7531429125746,555.7240928575404,1847900
2024-08-20,558.1947631835938,561.2325318685397,553.243903737582,557.4256543445797,1677500
2024-08-21,555.7144775390625,560.8287457993497,555.0992139871269,559.0214457872646,2844300
2024-08-22,556.3392333984375,560.4056872390878,548.5525067669865,556.848764964013,2282000
2024-08-23,561.9053344726562,562.5782752037903,556.079694366971,558.5310668324038,2376400
2024-08-26,564.424072265625,569.1922765424484,563.0878133078894,565.308476905563,1800000
2024-08-27,564.6356201171875,569.4326930891878,561.2037329621758,566.6736294938703,1581900
2024-08-28,565.7794799804688,569.9132338131678,561.2900984582791,566.2313342680067,1657000
2024-08-29,568.6923828125,569.6921420550584,561.7708147012019,567.8367874562591,1953200
2024-08-30,567.3753662109375,570.3170253087056,563.9049888498804,567.1830890220797,2944700
2024-09-03,575.52734375,577.4307527728462,568.9326534382313,569.6055941929485,3175500
2024-09-04,580.8146362304688,584.4292357384277,574.758286860103,576.7962957444197,2935000
2024-09-05,572.460693359375,582.5642510619579,566.8657623230572,580.8242512729378,2144800
2024-09-06,573.7969360351562,577.3826674165583,569.3556094350802,572.8259862560712,2926400
2024-09-09,571.12451171875,576.2964571622931,553.0227613411096,575.1813433380182,3411400
2024-09-10,575.8638916015625,581.4107099436081,568.2886281661349,572.1916144600423,2863500
2024-09-11,566.9428100585938,568.5290236710971,556.5796729630714,566.3564144514561,3563600
2024-09-12,565.6641235351562,567.6733231607648,560.6556464729262,565.7699141179023,3395800
2024-09-13,571.3360595703125,574.5661052819125,564.5202230581128,568.2213684430723,2241900
2024-09-16,568.3646850585938,577.6743538305442,567.0333444246239,574.0180249200463,2548600
2024-09-17,557.578857421875,566.0298955880409,556.0642147879537,565.3449706913425,3416000
2024-09-18,560.174072265625,563.907596476927,552.1281468200057,556.517684551134,2988300
2024-09-19,556.72021484375,564.2065756822559,554.318031606628,563.135673963128,2945700
2024-09-20,554.7232666015625,558.4278791947858,549.5619519350063,551.5396491958913,5398700
2024-09-23,553.189208984375,558.9969381808173,551.8289572185483,556.1606121642767,2386100
2024-09-24,554.9064331054688,556.9516684601972,546.0405080140278,550.6905420210026,3188500
2024-09-25,555.9869995117188,560.6177205160585,552.8709210870699,557.4919853101994,2658800
2024-09-26,554.5399169921875,556.2667732941255,550.7774229088774,554.7232191938424,2751900
2024-09-27,561.3316650390625,566.0203271425139,556.2572027158136,557.308732069468,2986200
2024-09-30,564.0618896484375,565.7405210226354,558.3313549224547,562.9235081289563,3009700
2024-10-01,562.7305908203125,567.9401896417821,560.2898389525465,564.3706540702435,2648400
2024-10-02,571.4227905273438,583.2022385474241,563.6470205495298,582.9513977605893,3667000
2024-10-03,571.8472900390625,572.3103444976476,563.7627972803102,569.7827407731783,2645800
2024-10-04,570.3519287109375,575.1080700727512,567.6892479589385,571.2491261151438,2462600
2024-10-07,562.9813232421875,571.5481834112156,562.7594528104266,568.0268735491755,2591100
2024-10-08,561.0712280273438,568.4321690563628,559.122442295831,567.3226990070166,2231400
2024-10-09,570.3711547851562,571.8954540591518,560.1353205828251,561.6306495148418,2207700
2024-10-10,576.622802734375,577.8287229095419,571.8570038468025,574.1916488187358,2143200
2024-10-11,576.96044921875,580.3081143159611,575.1757108743096,575.4554631631396,1909700
2024-10-14,584.05126953125,587.1673483506395,576.3140670205208,577.9830416625612,2447100
2024-10-15,536.6730346679688,549.6101790036165,523.8517128388442,532.5536514784117,11939400
2024-10-16,551.1922607421875,555.8615497417622,535.5442130947313,537.3675781627132,5103900
2024-10-17,546.0696411132812,549.3882770017253,539.0173632018694,540.8118172242316,5588700
2024-10-18,549.5233154296875,550.8160877112821,543.1849921908951,546.8606343741782,3687000
2024-10-21,551.3176879882812,558.8523331449838,548.6454091421838,549.5522633939685,3018000
2024-10-22,549.764404296875,552.8322574959213,545.5485129829785,547.8252756515324,2593800
2024-10-23,544.7285766601562,553.8935691226433,540.2521872623921,551.9544402435403,2911900
2024-10-24,541.0335693359375,551.5395580326693,540.551201357753,545.0661585676223,2590200
2024-10-25,544.6513061523438,551.3465757618773,543.7347952559682,546.1948600641709,2513700
2024-10-28,545.3074340820312,548.2884945959937,542.9631323805204,546.2818269827571,1826500
2024-10-29,542.3070678710938,547.661341047372,540.8888752915482,542.9727380854082,2600300
2024-10-30,543.1078491210938,550.1986358124531,541.1687201635956,541.4581292133375,2323600
2024-10-31,544.5934448242188,548.4041636106224,541.1011053891151,541.1011053891151,2490000
2024-11-01,547.5455932617188,550.2179309777472,544.0146852073021,545.191634931169,2548300
2024-11-04,538.1008911132812,548.5393431260075,535.8337258737043,546.7545459523634,2656600
2024-11-05,547.0342407226562,548.6839014721418,534.8496212590978,538.592801364923,2608100
2024-11-06,575.6483154296875,584.1476370754228,570.0142313866171,582.604083057415,6591300
2024-11-07,584.0994873046875,586.2122617326844,575.1274532931407,577.5778618051969,5254300
2024-11-08,594.0940551757812,597.9433422738298,583.8582206686195,587.5242055771034,3875800
2024-11-11,603.2012329101562,608.4879677763275,592.2707566566786,595.1457102101048,3003200
2024-11-12,592.9943237304688,602.458382542181,592.1357533500499,597.7312109688729,2809400
2024-11-13,584.5045166015625,591.3927448423517,581.7936111633096,591.383088062407,3409400
2024-11-14,572.233154296875,584.6299877446063,568.219819756466,582.1988342996049,3079200
2024-11-15,571.3456420898438,577.8093857412648,569.1460743992566,571.0465762539318,3423900
2024-11-18,568.8566284179688,573.1882838077811,564.6793048858136,568.6540126521547,2577100
2024-11-19,556.6527099609375,566.1457387567522,556.430839508307,562.1709719935054,3198300
2024-11-20,579.3240356445312,581.3885850574725,561.0422745333065,562.1614013983558,3928600
2024-11-21,576.4200439453125,582.7004840807431,575.6868352394586,578.8415404775593,2722900
2024-11-22,570.0335693359375,580.057190749184,567.9111383082662,577.4523917098973,3197900
2024-11-25,584.466064453125,588.3346654798481,574.0276132048398,576.5069919481006,5146200
2024-11-26,585.3921508789062,587.0129003334928,577.7611148365429,586.7910298904453,2693600
2024-11-27,586.9261474609375,595.6763108678884,585.3053978948027,589.4827216539417,2269800
2024-11-29,588.6819458007812,594.0651894132648,585.2281742762173,587.3312917861116,2010800
2024-12-02,587.0612182617188,592.3479531377758,579.5845136414944,592.3479531377758,3364900
2024-12-03,583.88720703125,594.0362495774543,583.4916911413518,589.3090191661387,2329900
2024-12-04,589.2510986328125,600.8665581203329,585.5657999318562,589.4730279600515,4147600
2024-12-05,558.5531616210938,587.514554559562,553.6523452423168,584.2827125823236,5943700
2024-12-06,530.2382202148438,561.5824848881103,524.9514855320151,561.5824848881103,13003600
2024-12-09,542.9247436523438,545.2102390916431,527.4491507817185,534.5768276307163,7684700
2024-12-10,547.3504638671875,549.8296582003187,539.4480504017865,544.261149993094,5360600
2024-12-11,516.6898193359375,540.4842459138001,515.8569192407734,538.1212591063079,10363000
2024-12-12,499.4807434082031,517.1450130481934,497.9602912393476,514.7530036259158,9403800
2024-12-13,504.0517272949219,510.87925077839867,494.5998087140957,499.3645285104849,8202900
2024-12-16,482.7654724121094,505.2332053170124,480.42184367452893,501.6499793570164,8880000
2024-12-17,470.1951599121094,479.95701391343334,460.801345970726,471.62845620914123,14132700
2024-12-18,483.9469909667969,490.55173365243036,470.6600436951235,473.01333682055974,10147600
2024-12-19,473.80743408203125,487.75291013494933,470.8924315197162,484.35371900322065,7418100
2024-12-20,484.3440856933594,486.77487043561433,473.30391700362765,473.8462390056262,10956900
2024-12-23,490.3580627441406,492.7210498257705,483.29815340786405,484.95420086180064,4286000
2024-12-24,490.1256103515625,490.1256103515625,484.7895169572707,488.4792568433077,1824400
2024-12-26,495.01617431640625,496.0523786238601,488.7988302543698,489.6897750378188,3387000
2024-12-27,493.892822265625,496.9821364462745,491.7719443910266,493.3408360324671,3471800
2024-12-30,491.7719421386719,493.6410466620811,484.8573223133883,490.86160965080677,5408600
2024-12-31,489.8931579589844,494.87093457898817,487.4527091951398,493.2730206423877,4214000
2025-01-02,488.5857849121094,495.94587681334474,487.4042914977609,491.96561798775014,4234900
2025-01-03,496.8078308105469,499.9939650155742,489.42835080088435,490.367735210906,3019500
2025-01-06,497.4566650390625,503.8774025318614,493.7282088722998,496.8078292588768,4444800
2025-01-07,498.01837158203125,503.1026622010019,495.08401074982714,502.4731549570934,3914500
2025-01-08,507.9642028808594,508.1094328537697,493.42796525041877,498.26045270066476,4141700
2025-01-10,504.2550964355469,518.5492255965776,502.10513712573095,510.0173042082741,5467500
2025-01-13,524.0595703125,530.1219902761333,516.3120808476455,518.1520741303561,6472500
2025-01-14,526.5775146484375,527.3619456429129,519.6144556792417,522.6166435053588,3978300
2025-01-15,526.2676391601562,529.0470466207265,517.4645862678351,520.1471146329208,4103900
2025-01-16,494.473876953125,522.8006677143226,493.90250309410436,513.6101577603758,9059900
2025-01-17,493.6700744628906,505.3494133257226,486.9297368536609,489.6607341839008,7495700
2025-01-21,508.4194030761719,508.4290968973088,496.63354894233106,497.8247067688604,5682100
2025-01-22,503.315673828125,507.88672379495455,499.71311924756657,505.1944425710378,3756100
2025-01-23,513.0485229492188,514.7045112100521,502.92835168629506,511.2084703164466,4580800
2025-01-24,515.7020263671875,517.7551066056291,507.9545359251706,511.4408829806137,3671200
2025-01-27,526.3645629882812,534.4896993373626,522.9362603551947,522.9362603551947,4263000
2025-01-28,525.3572998046875,529.25043260615,520.8638003406406,525.870599410662,3162700
2025-01-29,521.1155395507812,526.3257314751347,517.1546682593905,524.6309679821225,2737600
2025-01-30,528.3497924804688,529.8411630841464,518.1134138282436,522.4422956613432,2924700
2025-01-31,525.3670654296875,531.8265198178892,524.3211375428707,526.0933927466248,4120500
2025-02-03,530.87744140625,536.4265628831386,523.9918730121007,524.8925117417912,4083600
2025-02-04,528.2335815429688,531.4875132625891,524.417940229678,527.9914724726043,2869900
2025-02-05,522.7716674804688,523.6335900901834,505.4366317212157,513.9782481361123,4621600
2025-02-06,513.3099365234375,522.0839667183153,508.6905357341578,520.9121966674306,3926800
2025-02-07,510.39495849609375,515.5857623383345,508.8067089431433,512.4964484981797,3349100
2025-02-10,516.534912109375,517.2999555776202,506.86024203995606,511.0148128699449,3143100
2025-02-11,517.0675048828125,530.2576028697337,511.5958751245723,518.1134326617888,2631900
2025-02-12,510.7533264160156,525.2314017617182,508.9229676295576,522.8103110204755,3859200
2025-02-13,514.4139404296875,517.4645381435149,510.4627041309814,514.1428090266004,2835100
2025-02-14,506.98614501953125,516.3702960221029,506.40504771914715,512.3028513540802,3705300
2025-02-18,484.92510986328125,499.71312124186846,481.3128318938152,494.81283602194384,8759300
2025-02-19,494.90966796875,495.70376323004285,482.42651055816975,485.5061307307567,4380300
2025-02-20,486.561767578125,492.38204950934653,484.4505540317426,489.24432542742136,4144300
2025-02-21,451.69805908203125,454.87452887266426,424.6593053583859,425.6761516224609,19864900
2025-02-24,446.95269775390625,453.22817543799096,442.5753764426536,451.94983246551135,6919300
2025-02-25,455.5330505371094,455.9010610428487,435.86411255456824,446.22636275459985,9101000
2025-02-26,448.9573974609375,458.1187969243095,443.73754097813577,449.9839376127538,5108400
2025-02-27,453.7704772949219,460.39457755766784,450.34220476754626,451.45593007484734,4216800
2025-02-28,459.9684753417969,461.32428018776073,449.81928230544264,452.25973102817755,6146300
2025-03-03,452.3081970214844,462.2056179539578,450.52627763840036,459.3971583779486,5700200
2025-03-04,459.6295471191406,464.08436009687017,451.7367970311077,454.92296079544656,5864100
2025-03-05,460.956298828125,463.9584275721246,456.1431694634711,456.201273274366,3637100
2025-03-06,472.32574462890625,472.7131132308318,457.10192509402526,460.97567022194073,4964000
2025-03-07,477.90399169921875,484.1407243019219,468.1130846058439,468.55855706194194,5434100
2025-03-10,467.04998779296875,484.1964905299992,464.6088149400775,478.7792404234433,5108900
2025-03-11,472.71038818359375,473.42034897834867,464.05447612764226,469.26746417729026,4101000
2025-03-12,467.9155578613281,474.2275899810994,465.6883824154231,469.8899136632099,3680800
2025-03-13,468.3143310546875,470.7846800115913,461.9731523641078,466.30112324272045,2876600
2025-03-14,475.248779296875,476.02685712405514,465.12426974056973,467.80858630323115,3915900
2025-03-17,485.3343505859375,486.8807412257381,472.622818292087,474.1400328700285,5152300
2025-03-18,489.9833068847656,492.0938078396457,484.1673269796837,488.46609215468897,3617600
2025-03-19,489.3997497558594,492.46335505648415,486.34585002236173,491.1892841864445,3317600
2025-03-20,497.2776184082031,500.2829014752684,489.7012800288283,491.39355114257984,4965400
2025-03-21,502.6754150390625,504.76647524170204,491.2379520834706,497.647218409738,10244900
2025-03-24,502.33502197265625,504.0370283394562,497.1025633646783,500.9539819990374,3840900
2025-03-25,499.3492431640625,504.76649377552667,497.50135634841064,504.06626817352765,3015100
2025-03-26,503.9884033203125,508.60813481274454,498.78509118049533,501.0706781671975,3253800
2025-03-27,501.5763854980469,506.78943297628746,498.8823929257676,502.1307604100737,2822200
2025-03-28,501.8876037597656,506.69212684606305,500.9247639651137,502.69485766651485,2379100
2025-03-31,509.3861389160156,513.6362867724853,504.36767820574715,504.9414641939121,5238700
2025-04-01,508.7734375,513.6849294573781,506.662966336937,511.3215792924124,2962500
2025-04-02,508.85125732421875,510.601880470722,502.62675351302096,508.60811357161367,2378900
2025-04-03,525.6184692382812,533.457421868868,514.7742335451168,515.4550479612328,6457900
2025-04-04,510.6505126953125,536.6085428779879,510.4463099281988,525.8129836823948,9919000
2025-04-07,510.3100891113281,514.6866763946822,489.77901644370996,499.3200040276032,7356700
2025-04-08,537.9118041992188,568.9661172056265,532.4459373812787,566.203978052891,11762300
2025-04-09,562.6346435546875,573.235734913276,539.2539616731368,544.7781806092327,12691900
2025-04-10,578.0986328125,585.3734751826886,564.0935283637875,564.3269368777211,8646000
2025-04-11,583.029541015625,589.7305974060856,570.4444767629383,572.7688860349585,6121500
2025-04-14,570.9598999023438,579.2948751081956,563.4029728552765,578.6821480848512,4839300
2025-04-15,567.5850830078125,576.6008130929112,566.0483978524392,575.9978213283852,3871300
2025-04-16,568.9953002929688,578.4973777677357,566.9723868778486,569.2676498072763,4192100
2025-04-17,441.6560363769531,476.3575362993059,434.83830554159124,468.73255156103386,29120200
2025-04-21,413.6653137207031,441.06276466464277,413.1595854032492,437.42534364459385,13029900
2025-04-22,415.464599609375,419.6661309171119,405.68049705444884,412.9942803710208,10156900
2025-04-23,416.2232360839844,426.81459328670655,412.128703178325,415.35765966935224,8345700
2025-04-24,412.614990234375,418.1100336673088,412.0314392325066,415.8439467214948,7629100
2025-04-25,407.1588439941406,411.94389674609124,400.72037206038084,411.94389674609124,9263800
2025-04-28,408.48150634765625,412.4885106610223,404.1535356581477,408.23836259387787,6614300
2025-04-29,398.00689697265625,410.1835258700657,397.880457467707,409.6388862184649,9909100
2025-04-30,400.15631103515625,401.9264048826062,390.00262437522554,397.8124014267359,9192800
2025-05-01,389.6913757324219,400.6911975071644,388.89385704387576,400.0395888250527,9316800
2025-05-02,388.95220947265625,390.9751524257284,382.32894637538067,388.9910911028413,11392900
2025-05-05,393.7080993652344,398.46400555509035,386.6861063928245,388.174145016033,8157200
2025-05-06,383.6905517578125,393.62053365401033,382.63044862748205,391.7531766966863,7858600
2025-05-07,380.335205078125,384.6728815863433,375.12221694170273,384.50756044534785,8517200
2025-05-08,374.9762878417969,380.1990406414182,374.8012314611975,379.30425856174224,7218300
2025-05-09,370.20098876953125,375.94888131237803,368.1585751870771,375.093040182794,8381100
2025-05-12,368.3627624511719,376.5907382206924,366.50514073429673,370.55105608949566,11004800
2025-05-13,302.8404235839844,332.6206668430802,300.6229536589226,326.53233753697964,59478300
2025-05-14,299.5628356933594,314.08337334160456,298.6874944475506,312.63424608725194,40029600
2025-05-15,266.8259582519531,269.06286888863497,242.05447171577902,267.36086263183637,121849200
2025-05-16,283.9043884277344,286.4136190151132,261.75886506665245,271.6304959582822,71094300
2025-05-19,307.2267150878906,307.6157391316195,289.0979037799326,296.4116567161838,62524700
2025-05-20,312.7606506347656,315.73675739521883,304.0074757692634,312.1187772635859,41487000
2025-05-21,294.6708068847656,301.4593619121112,291.84060985506756,292.745097551392,45506900
2025-05-22,288.5338439941406,297.2870191665947,284.4781931047579,285.83008662809686,27159600
2025-05-23,287.4639892578125,291.4807286083827,283.64177677231214,287.979452801552,16873600
2025-05-27,286.90960693359375,291.72386475269826,281.2005967919857,291.2861941580045,20144600
2025-05-28,289.934326171875,295.4488396176992,285.23680186520824,285.93705706974725,16114200
2025-05-29,289.99273681640625,295.059844884986,286.9096606241176,288.66028396923014,16221100
2025-05-30,293.630126953125,297.2578424516742,287.7265894764023,289.7981790115771,16309300
2025-06-02,296.3630676269531,304.9508921779451,292.71591122386513,294.8069416255086,19074400
2025-06-03,292.9590759277344,297.33566392432255,291.7822683547857,294.78752188409976,12805700
2025-06-04,292.1421203613281,299.2030252561166,291.9670639624418,295.2154613134276,11255600
2025-06-05,287.7265930175781,294.1261533295511,286.04402753238037,292.14209195981414,13529000
2025-06-06,294.9042053222656,296.0421311804983,289.00066769597913,289.0784903204682,12589000
2025-06-09,294.87506103515625,298.96959409125054,292.8812938571313,296.67433099226844,12170300
2025-06-10,295.4585876464844,296.7520994249413,292.3463355626534,295.46829321431335,11384100
2025-06-11,302.04290771484375,303.03492358922733,293.94137053912294,294.379011506953,14711400
2025-06-12,309.7651672363281,310.0569278920826,300.04915155142874,302.8598781373188,15957200
2025-06-13,304.93145751953125,308.7147887514347,303.3558906704839,307.2364556639253,13762400
2025-06-16,301.3465881347656,306.84145235194234,298.535487483939,306.5770037166454,14240100
2025-06-17,302.53173828125,303.58959256534746,299.2504769552191,301.1408945446279,11593900
2025-06-18,300.8960266113281,305.39183261833136,299.9459305777348,301.23882042329126,12205600
2025-06-20,295.8125305175781,303.2369698961645,295.4011360905991,303.1488203528119,16177900
2025-06-23,294.5097961425781,296.2630722650332,289.45567992719884,295.7047619519275,12274700
2025-06-24,299.3484191894531,299.54432698000994,293.1874868398255,295.2640077891988,8781400
2025-06-25,295.8222961425781,298.13388258962783,293.64785113086737,298.13388258962783,8722100
2025-06-26,296.40997314453125,300.41603924801507,295.1072790379664,296.36101114396786,6532700
2025-06-27,302.76678466796875,304.07931302882895,295.99861006910453,296.73321942907944,15304400
2025-06-30,305.568115234375,305.9697052775834,300.0536427720555,302.6590609288233,10074100
2025-07-01,319.4473571777344,319.8489173410143,304.6963730853915,305.5681239117944,17865500
2025-07-02,301.24859619140625,315.8036714791403,300.14178000159325,314.1581238377501,18177200
2025-07-03,302.2182922363281,305.84237719728054,301.90488161281826,303.48182876149616,6161100
2025-07-07,297.47760009765625,302.2770418869625,295.0191277918008,301.67957396169544,9031200
2025-07-08,301.3857727050781,301.973436333282,297.5657797737485,297.9869785624067,9613800
2025-07-09,296.69403076171875,297.3698737616238,292.6193939403098,296.9682837260765,12816700
2025-07-10,293.36383056640625,298.6725911963836,290.513542451005,296.84096983872723,11355600
2025-07-11,297.8596496582031,297.8792284825695,291.8848201796152,293.86335752867694,9808200
2025-07-14,294.4118347167969,297.8008541546737,292.86427078590026,295.45011013332083,10681400
2025-07-15,285.723876953125,294.5098068154151,285.05783825265127,293.5597107695234,16019000
2025-07-16,286.4878234863281,289.91600022973967,284.78353947054313,286.5465898391946,9714000
2025-07-17,282.1585693359375,286.9873944300734,278.0055573634717,286.3311302394295,14792700
2025-07-18,276.84979248046875,282.15858294610433,275.04755432264164,281.98228386238213,14979700
2025-07-21,276.35028076171875,280.62079580199986,275.4295679060006,278.79897880536623,10319200
2025-07-22,279.2789306640625,281.2182804995016,276.2131557484957,276.83023247480276,14600300
2025-07-23,286.5074462890625,286.63478335697874,279.10258655041713,281.60024634406705,13111100
2025-07-24,272.8633117675781,283.2751808042554,272.51071359129213,277.2905770342848,22585200
2025-07-25,275.29241943359375,280.268190470294,274.1954075206833,275.23365307335445,16486600
2025-07-28,276.3306579589844,279.1515627440638,273.9505307558231,277.6823439927793,15779400
2025-07-29,255.71263122558594,267.3096608817093,255.20328293243062,260.2476245145736,41706000
2025-07-30,260.5806579589844,261.15854710716854,252.8231694468964,259.3660834098628,22371800
2025-07-31,244.43882751464844,256.0358576914587,242.66597254848682,256.0358576914587,29606900
2025-08-01,232.89076232910156,246.3292175001933,229.78581520843133,245.46727106317894,39989200
2025-08-04,236.03489685058594,237.27883963739322,232.08759681305582,233.35113336893357,17427900
2025-08-05,245.84927368164062,246.8973235760359,235.12397967151503,236.2112021569378,23795900
2025-08-06,240.73638916015625,247.9649502159644,240.27603275469244,245.49665852325765,12946400
2025-08-07,239.649169921875,243.64544678217413,234.58526433901793,241.36325849220185,11369900
2025-08-08,245.7415313720703,245.92763480795531,239.3553229206979,239.76670238365446,10185700
2025-08-11,247.19114685058594,253.09740489473214,246.9658708321959,248.66036556695397,11779500
2025-08-12,256.2023620605469,257.4854773237936,248.4644680008039,248.80729167303463,12171800
2025-08-13,266.23223876953125,266.6044456478773,257.4953010509511,258.9645198498962,19480300
2025-08-14,265.9187927246094,268.23037913039553,261.5209407764048,266.5162905672543,25011100
2025-08-15,297.7714538574219,303.93235593882815,288.6622801977547,295.5186339691615,68198500
2025-08-18,302.1595458984375,309.90723039472243,301.1115258126942,306.753305997043,39600500
2025-08-19,297.9967346191406,304.12828381950413,293.0699555648354,302.5611111613304,22348600
2025-08-20,293.68701171875,300.8959934863947,289.63198376115565,300.1123922663625,16679000
2025-08-21,297.125,300.27892399357637,291.6888728948681,296.08675451372926,13359000
2025-08-22,301.11151123046875,304.30459312196416,298.32976397579193,299.81859150218236,14930000
2025-08-25,298.6040344238281,302.53175584228103,296.5177686977937,302.15954893891285,8917100
2025-08-26,294.2649230957031,302.6198793117593,288.16278693014766,298.0653070995863,16303200
2025-08-27,297.64410400390625,299.6912116693244,294.33345997103703,294.37264750333406,9982800
2025-08-28,296.0867919921875,298.2220495914892,293.25608260094697,298.00656296000614,11235000
2025-08-29,303.5111999511719,303.63853702350445,294.7350751216137,296.09653559896867,12065400
2025-09-02,302.4631652832031,306.46926151928125,300.9939464818443,301.9832300399858,10957100
2025-09-03,301.5620422363281,303.23694319521405,297.4678266073487,301.78730330794957,9654600
2025-09-04,304.0107421875,305.5093440855689,297.85961434486893,299.81857263731615,7725700
2025-09-05,308.91796875,311.4156288303906,301.87551069379737,304.0695346041431,14126700
2025-09-08,313.6781921386719,315.04945694571137,307.3605397784098,313.14926503762416,18438600
2025-09-09,340.7804260253906,344.49263077630627,320.4464276947933,325.6768431833187,46408900
2025-09-10,339.6637878417969,341.4170639383929,334.3941850863436,338.46882205007205,17804300
2025-09-11,346.3536071777344,353.57239360723975,338.74306495862527,341.8382226532766,18943500
2025-09-12,345.27618408203125,354.87506722142484,345.22719219266236,348.5966026584569,14016200
2025-09-15,342.9007873535156,346.6659803729041,337.6176415765004,346.2224520475393,11035900
2025-09-16,334.9070739746094,344.03428212907227,333.46802085787266,342.5163594805096,12695800
2025-09-17,336.7108459472656,338.08092594557957,332.8470807812118,332.8470807812118,8467700
2025-09-18,330.0182189941406,339.98321298133885,329.3282459435908,338.6032969601525,11255600
2025-09-19,331.86138916015625,336.07014046105763,329.05225619579915,331.67411162387157,13656800
2025-09-22,336.4052734375,337.5683734645221,327.83006153061575,329.6633721170834,8903700
2025-09-23,342.7036437988281,347.6418030501478,335.08449193073244,336.1095853053592,12504100
2025-09-24,346.7645568847656,349.41598098040356,342.8514909580368,345.1776609440596,9016300
2025-09-25,340.60418701171875,345.167791190768,338.67230455766355,343.89628316094525,8104900
2025-09-26,339.1453857421875,344.9509291272339,336.4052561352322,342.94017723266074,6774700
2025-09-29,340.2296142578125,340.59430311194376,336.5531270830069,339.04684203467684,6878900
2025-09-30,340.347900390625,344.31026718865274,337.4204931639848,338.82014160227453,7429700
2025-10-01,343.3049011230469,343.69918865313474,336.73057466965435,338.96800901131803,8825500
2025-10-02,348.6471862792969,349.98766763338205,339.7072549149169,342.3094082444923,8564200
2025-10-03,355.03424072265625,362.72236579171084,351.4956998686579,352.126535812741,13494800
2025-10-06,353.6247253417969,357.320945094395,351.9885284550572,355.85232340493496,7181700
2025-10-07,358.4446105957031,359.4894063067969,352.9249164118652,354.25556153974156,7236200
2025-10-08,364.6148376464844,369.25728116771097,360.55389900193904,361.6676980177549,9438300
2025-10-09,362.41680908203125,370.8244756450051,360.8298831118089,367.1775268328722,8759800
2025-10-10,349.41595458984375,364.10226091064186,347.4545037086911,364.10226091064186,13141900
2025-10-13,353.5163269042969,354.0091562179849,348.2529134436983,349.6525318498204,5659400
2025-10-14,354.7680969238281,357.13367157615096,348.33174739200996,349.85953628823887,5974800
2025-10-15,355.9705810546875,358.9965600371419,350.74660274614405,354.235842452557,6579600
2025-10-16,351.55487060546875,356.80841777567787,349.3174063036312,356.6507087880658,5872100
2025-10-17,351.4858703613281,353.25020771577965,345.7986008654478,345.96617606622607,8608400
2025-10-20,359.25286865234375,360.32723295053415,352.38282679114036,353.3980539778645,5996500
2025-10-21,360.1300964355469,365.7286303529974,356.3156022696786,359.9034141970049,6885300
2025-10-22,356.3056945800781,358.7797071311973,352.865755914749,358.74027236737913,7833000
2025-10-23,355.2806396484375,357.0843815763727,348.5683072675696,350.4804571986446,5756700
2025-10-24,357.3012390136719,360.1793753327506,354.86666109223046,356.1874399937535,5462100
2025-10-27,360.7313232421875,360.96787166617924,356.2169902849351,358.28687923459734,7766400
2025-10-28,362.5646667480469,375.535937924803,353.4867591906658,375.2205199441119,18858700
2025-10-29,350.1650695800781,360.89887565474453,348.80485595476836,359.0556989607047,11874900
2025-10-30,339.8058166503906,349.4554231728605,338.672315228671,342.53608025852225,11441900
2025-10-31,336.6615295410156,341.3138390671766,332.2852032036984,339.4509600624588,8390800
2025-11-03,329.00299072265625,335.8138952211129,321.9161030209008,334.2664040083706,11181400
2025-11-04,326.0854187011719,331.67411615203054,322.5075032799426,322.93132925525197,9646600
2025-11-05,323.03973388671875,325.47431178630677,319.57022650848404,321.62038312291526,9697100
2025-11-06,316.9483642578125,327.6033308887378,316.83995625453247,324.20282690349836,7922100
2025-11-07,319.56036376953125,319.89548408130514,309.6545069494294,315.0756292067795,9402900
2025-11-10,316.96807861328125,319.59980030430273,312.62135066774687,315.4008850525274,9283800
2025-11-11,322.75390625,323.15799978770735,315.2924637606103,318.6633991779628,7157800
2025-11-12,334.1973876953125,338.2484600032916,322.38918736197735,323.739564851245,10403300
2025-11-13,327.7511901855469,334.16783736255434,326.5388493463283,333.49759672689856,7788700
2025-11-14,317.2440490722656,323.50298693219406,315.89370166045217,322.26107760332604,8676500
2025-11-17,315.92327880859375,323.1777416351322,314.84891456062456,316.00214834013826,6485400
2025-11-18,309.0827941894531,312.9465889320589,304.34177898084386,312.4636258692001,9182100
2025-11-19,304.6571960449219,310.48244165508765,300.16259548640306,309.4277797928265,8181100
2025-11-20,307.07208251953125,310.2360381398207,305.55415988354065,306.35254092716593,7337600
2025-11-21,315.3811950683594,319.1956891781539,306.973528103697,307.43678886596666,8406300
2025-11-24,314.4743957519531,321.1768929502889,313.0649110321548,319.87581624897524,10773800
2025-11-25,321.6006774902344,323.2960114363287,316.2978295630354,316.5146756519514,6149100
2025-11-26,324.98150634765625,330.38292659967567,321.2163131505786,321.90625616034407,5504200
2025-11-28,325.0406494140625,327.29781619516183,324.17329504989186,326.91342495466466,2464500
2025-12-01,318.57470703125,325.3264744434064,318.39729570279246,322.4680705252425,6154600
2025-12-02,319.8856506347656,323.9859940225137,318.1705842155217,318.7324168369967,7978100
2025-12-03,334.83807373046875,336.5137053781646,320.3489103953346,321.3247027812761,9770000
2025-12-04,328.707275390625,336.36586192887205,324.00569471881727,334.53252129967103,8061600
2025-12-05,326.164306640625,330.89545611646776,323.7987319027036,330.19564689914716,5906000
2025-12-08,321.12347412109375,326.5612103323999,320.33955998612566,326.1643021326461,4782800
2025-12-09,321.1036376953125,323.8423254573514,319.99228262872805,320.66702959313227,4628400
2025-12-10,325.83685302734375,326.1940916288756,317.1345182714553,320.2602121946151,5910500
2025-12-11,334.1323547363281,336.6329036496296,326.22383696767264,327.8214023139655,7513200
2025-12-12,339.20294189453125,342.31873354487146,334.7674235801795,334.89642556702444,7979000
2025-12-15,338.4686584472656,342.29886671519796,334.4002810193819,338.35949127350534,6447200
2025-12-16,331.62188720703125,338.3594851881083,328.4763282693324,337.7939053635172,6334000
2025-12-17,329.07171630859375,332.93169199085276,327.9305937934756,331.0364226425074,4685600
2025-12-18,325.608642578125,327.6328835933034,322.0661753783285,326.39252647422813,6354900
2025-12-19,324.8941955566406,332.01879957848786,323.55460381206,325.5292426546717,10553000
2025-12-22,322.651611328125,327.2558010793172,319.1686789443709,320.409036028938,7872400
2025-12-23,322.29437255859375,325.27122955986954,321.26241726797,321.5005561377824,4463300
2025-12-24,325.05291748046875,326.45204387040064,321.6295501827735,322.6913030880782,2842700
2025-12-26,329.2701416015625,329.3297066015354,323.7431334164823,324.67588437182803,4359300
2025-12-29,326.4024353027344,331.67146953910793,325.7475231575945,328.3374043807456,4346800
2025-12-30,329.5976257324219,333.55683603301947,326.96807465204813,327.1863787199748,4432500
2025-12-31,327.56341552734375,330.7585766695686,327.3352091985709,329.7563887116683,4285200
2026-01-02,333.8049011230469,337.6351396453709,324.9735645103421,328.34732981065946,6863600
2026-01-05,339.38153076171875,344.26358953637697,331.27457387202924,332.8622369855367,7956600
2026-01-06,346.2779235839844,349.8898275937949,342.4576177850687,345.662711327742,9441900
2026-01-07,339.06402587890625,347.4091217233587,335.43225668934457,346.2878643521878,7461400
2026-01-08,344.1742858886719,345.2161737147571,338.1709394997304,338.3793412906715,5059300
2026-01-09,341.3264465332031,346.36724457311226,339.8380179808238,344.57120987581374,4129100
2026-01-12,337.8832092285156,340.00668485359506,331.36388499223295,338.78619283823343,7146400
2026-01-13,331.35394287109375,339.2029260683279,330.28228768342836,338.86555257809704,5605900
2026-01-14,332.3760070800781,337.4862723400109,331.5226559199649,332.782847847861,5740900
2026-01-15,336.34515380859375,336.83139439550655,325.5292456895034,332.6141801527573,6943500
2026-01-16,328.4664001464844,333.6064630655481,327.8809552197778,332.2767735847801,8039100
2026-01-20,335.8192443847656,337.26800331941564,323.9812831738787,324.87433425330187,7596500
2026-01-21,345.0673522949219,345.3947932518869,336.0772462723701,336.8115280003352,8933300
2026-01-22,351.7355041503906,352.21181217559,344.0948923460704,344.5017331063574,7491400
2026-01-23,353.5116882324219,355.1092535612803,350.26689484175847,351.5469517834556,9082200
2026-01-26,348.9273376464844,352.05303136197875,344.5910239544544,351.21951505665726,10399500
2026-01-27,280.5191650390625,297.189551826661,278.23688987744464,291.702213399879,65836900
2026-01-28,291.7518310546875,292.6647472242202,281.5313004420569,281.5313004420569,23396900
2026-01-29,290.0351867675781,293.3196499104892,286.9888624950166,292.05942772986015,13456400
2026-01-30,284.7165222167969,290.690101376754,282.503744536245,289.846652494331,12022200
2026-02-02,283.3868713378906,288.1597631644659,280.1024080713407,283.813546924047,8664200
2026-02-03,281.98773193359375,285.867572502765,276.4507912682167,282.5037398579998,10809100
2026-02-04,273.7914733886719,282.3052710508733,271.9358737623288,279.83448944092856,12944100
2026-02-05,266.4783020019531,274.75399105843275,264.2357570011935,272.17404228482235,13035300
2026-02-06,274.5158386230469,275.66689369311825,264.354842531599,264.99982219373493,9572800
2026-02-09,273.57318115234375,278.01860173294193,271.21153632782267,272.0351201393386,10371600
2026-02-10,271.1123046875,277.33392522870173,270.546694561348,275.3791211558089,7284700
2026-02-11,276.7583923339844,277.53237392426894,267.7186543791748,270.3383030122331,6333100
2026-02-12,282.17626953125,284.1013061426968,273.68230666683036,276.01418403452675,12336900
2026-02-13,290.92822265625,291.1961288714354,282.3151907629167,283.42654580952046,10281900
2026-02-17,286.85986328125,291.9602262062647,286.11564902207004,291.73198959854005,6091700
2026-02-18,285.97674560546875,287.89184970361094,284.08147631938635,287.76284771983296,6632000
2026-02-19,287.6933898925781,288.64600598150304,284.6768631241196,288.64600598150304,4931800
2026-02-20,287.7628479003906,288.5566643334604,283.3471645007809,286.6713275933028,6974100
2026-02-23,280.16192626953125,289.5191726640262,279.4971118432662,286.3240116656432,7247500
2026-02-24,271.836669921875,280.2214656182002,269.70323151732475,280.0230266545793,9684500
2026-02-25,282.0075988769531,282.5434113343664,274.7341279746084,275.15090127919626,11380600
2026-02-26,284.4486083984375,292.98227105493606,283.02964718498066,284.7661470745293,10210000
2026-02-27,291.0075988769531,291.8609802744715,281.6602851018,282.5037339526243,9723300
2026-03-02,292.6548156738281,293.0318890868292,285.2821401542549,285.9370523533373,8141400
2026-03-03,286.97894287109375,291.4739959442926,282.16635110169267,286.7606388027243,7051100
2026-03-04,289.70770263671875,292.06934726969536,285.46072137240793,286.78047821184975,7796000
2026-03-05,286.5423278808594,289.1421418264066,284.52798914087526,287.81245235313276,5397900
2026-03-06,284.27001953125,289.08258097242623,280.866456550322,285.12337070169843,6816900
2026-03-09,285.1700134277344,285.20001220703125,278.6600036621094,282.0,10348800
2026-03-10,282.3399963378906,287.5799865722656,278.8999938964844,287.3800048828125,6075600
2026-03-11,285.25,286.2200012207031,280.6000061035156,282.3800048828125,6878800
2026-03-12,277.04998779296875,287.55999755859375,276.2900085449219,284.7799987792969,10512300
2026-03-13,282.0899963378906,282.8800048828125,277.80999755859375,278.05999755859375,4737600
2026-03-16,285.489990234375,287.3999938964844,281.0400085449219,283.9800109863281,4854000
2026-03-17,287.57000732421875,288.989990234375,284.8399963378906,287.79998779296875,5752000
2026-03-18,284.3299865722656,288.3999938964844,283.07000732421875,285.20001220703125,4544100
2026-03-19,280.44000244140625,287.54998779296875,280.07000732421875,284.0,5542100
2026-03-20,275.5899963378906,283.1000061035156,275.0,278.989990234375,38893000
2026-03-23,269.5400085449219,280.75,269.0899963378906,279.1400146484375,10424200
2026-03-24,272.2799987792969,273.3800048828125,267.5899963378906,268.8699951171875,5911700
2026-03-25,270.54998779296875,276.0799865722656,267.1099853515625,275.0,8121200
2026-03-26,268.04998779296875,274.6400146484375,267.17999267578125,269.989990234375,6218800
2026-03-27,259.0199890136719,267.6700134277344,255.97000122070312,267.5,10735300
2026-03-30,261.7900085449219,262.3299865722656,256.6700134277344,260.17999267578125,7774700
2026-03-31,270.5899963378906,271.8800048828125,262.6099853515625,263.0,9170800
2026-04-01,273.9800109863281,275.29998779296875,270.760009765625,274.2099914550781,5473400
2026-04-02,277.260009765625,279.0400085449219,271.5299987792969,272.2900085449219,6407000
2026-04-06,281.3599853515625,283.29998779296875,277.25,277.8800048828125,7097000
2026-04-07,307.7300109863281,312.42999267578125,300.75,308.8500061035156,22099800
2026-04-08,305.9800109863281,312.9700012207031,304.8299865722656,312.0,9645000
2026-04-09,306.9100036621094,307.8900146484375,304.1400146484375,305.82000732421875,5742000
2026-04-10,304.3299865722656,310.3699951171875,304.20001220703125,307.95001220703125,5212900
2026-04-13,313.0,313.32000732421875,302.9200134277344,303.25,7972200
2026-04-14,314.19000244140625,319.6199951171875,312.510009765625,312.510009765625,5864500
2026-04-15,314.04998779296875,317.760009765625,311.1499938964844,316.0,5041200
2026-04-16,316.3999938964844,318.6099853515625,313.1099853515625,315.0,5205600
2026-04-17,324.6300048828125,325.2699890136719,317.1400146484375,320.04998779296875,9414700
2026-04-20,323.4800109863281,325.3999938964844,320.1199951171875,324.19000244140625,9050600
2026-04-21,346.010009765625,357.67999267578125,345.2300109863281,353.010009765625,26097300
2026-04-22,353.5199890136719,358.55999755859375,349.1000061035156,350.8800048828125,11807300
2026-04-23,354.55999755859375,356.8500061035156,350.5,354.67999267578125,7255800
2026-04-24,354.9200134277344,358.2799987792969,351.3900146484375,356.489990234375,8554600
2026-04-27,354.69000244140625,356.489990234375,348.95001220703125,353.9100036621094,7256100
2026-04-28,366.7699890136719,369.6300048828125,355.7200012207031,356.8399963378906,10604100
2026-04-29,370.739990234375,370.8399963378906,365.010009765625,366.0,9046600
2026-04-30,370.4800109863281,371.989990234375,363.0,368.510009765625,6879900
2026-05-01,368.7799987792969,372.8999938964844,367.0199890136719,371.9599914550781,4945400
2026-05-04,370.75,370.8299865722656,364.6499938964844,368.54998779296875,4916900
2026-05-05,363.8699951171875,371.79998779296875,361.80999755859375,370.4800109863281,6489000
2026-05-06,367.2799987792969,368.54998779296875,358.25,363.1000061035156,6695500
2026-05-07,369.739990234375,369.80999755859375,364.7200012207031,366.6400146484375,5235400
2026-05-08,379.9800109863281,379.9800109863281,371.989990234375,371.989990234375,6455100
2026-05-11,384.44000244140625,384.80999755859375,376.07000732421875,380.45001220703125,6949600
2026-05-12,396.3900146484375,397.4200134277344,382.010009765625,382.8500061035156,9236300
2026-05-13,401.1600036621094,404.1499938964844,393.0,396.5,8454100
2026-05-14,399.0899963378906,401.8999938964844,396.0,401.0,5342500
2026-05-15,393.8500061035156,397.6300048828125,390.25,394.29998779296875,9811200
2026-05-18,391.1300048828125,392.1400146484375,383.5,390.0,8400700
2026-05-19,389.239990234375,394.989990234375,387.510009765625,390.0,5016800
2026-05-20,383.29998779296875,393.3800048828125,380.70001220703125,389.54998779296875,7783900
2026-05-21,382.4800109863281,386.1099853515625,380.5400085449219,381.1199951171875,4732500
2026-05-22,388.4700012207031,390.5400085449219,381.010009765625,381.9200134277344,5598600
2026-05-26,376.8599853515625,386.5199890136719,376.4100036621094,386.0,6498100
