Price,Close,High,Low,Open,Volume
Ticker,V,V,V,V,V
Date,,,,,
2021-05-28,218.95819091796875,221.01001084092766,218.81368703403206,219.2375415755028,5779700
2021-06-01,218.31280517578125,221.63618908519825,217.97564410866372,221.01967733011452,5091500
2021-06-02,221.2316131591797,224.55499719681475,220.38390395118458,220.80775855518212,9081100
2021-06-03,219.73846435546875,221.93478818675413,219.41094573298545,220.59580116067403,6382400
2021-06-04,221.6939697265625,222.23341563831656,220.33571253523968,220.93296882222342,5085700
2021-06-07,222.8306884765625,226.0673641874985,221.6361905126696,224.30453713022078,5421300
2021-06-08,223.5338592529297,224.30450250749433,221.71322209715441,223.63018047300181,4170600
2021-06-09,223.78431701660156,226.23110830158836,223.60128758597682,223.9673464472263,4659000
2021-06-10,225.36415100097656,225.6627718067734,223.61095171905984,224.5453543881141,4452500
2021-06-11,226.33709716796875,226.79947730296985,225.13297151519544,225.78800881488036,5378300
2021-06-14,225.48934936523438,226.58751118443206,223.07147076035793,226.08659088305157,5805800
2021-06-15,224.4297332763672,226.18294713947125,224.0829445286542,225.83615839175826,7093800
2021-06-16,221.17379760742188,225.5857009011974,219.63251094931064,225.04625498049816,8905400
2021-06-17,223.63021850585938,224.7765485208963,220.79812721428573,220.79812721428573,6876700
2021-06-18,221.9541015625,223.65913309351438,220.80777146162973,221.99262712020607,8840000
2021-06-21,225.7205352783203,226.3852001440056,221.94438513514407,222.95585339853784,7298400
2021-06-22,227.2714385986328,227.42557017832823,224.6801730716363,225.70126906422465,8858400
2021-06-23,226.0673370361328,227.26183485656293,225.35450412775185,226.80908248020302,6814700
2021-06-24,227.57008361816406,229.50631206108943,226.7705425510106,228.3021866043156,4611500
2021-06-25,228.61045837402344,229.72787566884645,227.64715797237756,227.7242090695673,7825200
2021-06-28,225.4989776611328,229.62190202450134,223.35082197479193,229.26548559504846,9301700
2021-06-29,227.29074096679688,227.83982928531296,225.55679719621793,225.96139632501848,11897700
2021-06-30,225.23892211914062,227.72422438762092,225.23892211914062,226.48157325338076,7797100
2021-07-01,226.52008056640625,227.57971687369695,225.460458957913,225.60494813672653,5329600
2021-07-02,229.8724365234375,230.01692573997772,227.16556407570792,227.17519179054352,4383700
2021-07-06,230.8068084716797,231.77973669688188,228.50452083678,230.71047254099463,8048700
2021-07-07,231.19212341308594,232.19394948040429,229.5545154786698,231.4425762552157,4366100
2021-07-08,227.92649841308594,228.36962304546748,225.94210202637953,228.2732871300985,6388000
2021-07-09,229.71823120117188,230.66226141026567,228.70676291345882,229.9975818298029,5615900
2021-07-12,229.14028930664062,229.75680104965332,228.56231781564088,228.86093862414398,7010700
2021-07-13,233.45587158203125,233.5810906462307,229.50633382968206,229.50633382968206,8079200
2021-07-14,236.96229553222656,237.7521942996699,233.90863470791672,234.2939490287965,8693400
2021-07-15,239.42832946777344,239.66915457995208,236.30723072237072,236.30723072237072,10135100
2021-07-16,239.0141143798828,241.2682487117608,238.43614290152362,240.8154963027066,8674500
2021-07-19,231.58709716796875,235.4788250639034,230.13250387738393,235.03571502613084,11474600
2021-07-20,233.7930145263672,235.24760760221716,230.7200837620463,231.80861796601906,7072300
2021-07-21,234.71780395507812,237.83888817578998,233.40771468379194,234.3613727739876,11241400
2021-07-22,235.18020629882812,236.34580648438427,234.22653341973674,234.8334174972313,10293600
2021-07-23,239.88108825683594,240.83474631928493,237.7040197774055,237.7040197774055,6766000
2021-07-26,241.0659942626953,241.1719579250486,238.60957459818022,240.06416802673874,4879000
2021-07-27,241.7210235595703,243.39717197181025,239.11048704548546,240.0448898461317,7038300
2021-07-28,237.87742614746094,242.27007404473457,236.88522781534866,240.8732912693259,9036500
2021-07-29,238.8214569091797,241.19118259388128,238.03155814681185,239.00448635500123,7495300
2021-07-30,237.3476104736328,239.34164957133686,236.97192386521309,238.13752394194046,5804700
2021-08-02,230.9801788330078,238.73475033174543,229.62192168192246,237.2031061565036,9989500
2021-08-03,228.38890075683594,232.5310956423696,225.4412037239766,231.79899259003278,9839000
2021-08-04,227.9843292236328,228.83203837339295,226.42378710593732,228.30222015479285,8171800
2021-08-05,231.39442443847656,231.4329499918151,227.75313494900848,227.92653668603052,5337500
2021-08-06,232.5407257080078,233.69669802174855,231.05724946361178,231.19211094037504,4509700
2021-08-09,231.19212341308594,233.29211147866445,229.31369035011448,232.87789931297303,5226900
2021-08-10,229.33290100097656,232.48288228242967,226.91500793010505,231.68334129912276,7185700
2021-08-11,226.43341064453125,229.61230519872106,225.97103052536877,229.34258223764303,7375700
2021-08-12,223.5878143310547,225.82572529304244,222.84507234213154,225.61350909082506,9867000
2021-08-13,224.41737365722656,225.01544416600464,223.2116065201926,223.79038063350373,5445400
2021-08-16,227.03147888183594,227.1472278147176,222.05406870420845,223.9929516429974,7575900
2021-08-17,226.2308349609375,227.3304939176487,224.96719345230326,226.68420454753945,6850500
2021-08-18,223.4334716796875,226.05722206997982,223.2791299581793,225.64243053328116,4996500
2021-08-19,223.37559509277344,224.20514872062034,220.80006363592622,220.9351089612544,5761300
2021-08-20,223.1730194091797,223.94471328939383,222.15053127340147,223.66496708238338,5522200
2021-08-23,225.85464477539062,226.3465924497696,223.79037210421725,224.46559873145404,6342000
2021-08-24,225.9511260986328,227.8321199340649,225.6713798735362,226.72280530990113,5081800
2021-08-25,224.35948181152344,226.68420420418056,223.86753415649957,226.68420420418056,5277100
2021-08-26,222.3627471923828,224.39808262357963,222.00583012589436,223.91577578887743,5889100
2021-08-27,224.45596313476562,224.80322465385865,222.0830069678238,222.8450600297287,6369000
2021-08-30,223.04763793945312,225.40129789351653,221.78399625563335,224.45598052009103,6448000
2021-08-31,220.99301147460938,223.63604367528055,220.56857907831073,222.7389599712436,9405100
2021-09-01,221.9768829345703,222.61353146033545,220.6746633705989,220.99298763348145,8177600
2021-09-02,216.24705505371094,222.39165327599167,214.10562654889878,222.27588964306858,19708800
2021-09-03,217.1441650390625,219.25667114844592,215.44645042565563,216.07344336932715,11532000
2021-09-07,218.26316833496094,219.9319460852983,217.86767314500563,218.7165379978193,9662600
2021-09-08,220.98336791992188,222.07338620427137,219.00590672185456,219.3338865942506,10652600
2021-09-09,219.43997192382812,221.86114696804603,219.06377317641838,221.195561172128,5853000
2021-09-10,216.95127868652344,221.89973713860954,216.8644669828884,221.71647289277027,6715400
2021-09-13,216.68113708496094,219.1601861475612,215.5043074272983,217.54928335491937,6808100
2021-09-14,215.13778686523438,217.8194117055673,214.4143266086229,217.03807698344076,6575700
2021-09-15,215.89019775390625,216.88374872381084,213.52689704606368,214.6458525115919,6535800
2021-09-16,216.39178466796875,217.2309938442893,214.8676933150071,215.93841506910132,5928500
2021-09-17,213.90310668945312,215.7841006252545,211.53980586145454,214.57833339476153,13787400
2021-09-20,212.2632293701172,212.6973025540113,208.65556914366283,209.28257682603052,8822600
2021-09-21,212.37899780273438,214.30822521399836,211.2311051380184,212.93847551826138,7033600
2021-09-22,214.8677215576172,216.16995606065322,213.27611469287388,213.56548705458115,6005900
2021-09-23,220.23092651367188,220.60712522525043,216.42070577458972,217.03805788381695,7952700
2021-09-24,223.39486694335938,223.74212843876387,220.52996328598132,220.82899115613932,6461200
2021-09-27,221.4752960205078,225.07330075026158,220.67466493887133,223.520272212405,6881100
2021-09-28,217.5782470703125,220.77111581654825,216.07345216914825,220.77111581654825,6951400
2021-09-29,218.6586151123047,220.91582223957218,218.0894965913375,218.77437875911085,6432700
2021-09-30,214.8677215576172,220.69398236845743,214.75197261293428,219.52680792600256,7128500
2021-10-01,222.3048858642578,223.3659521320041,215.56223061788498,216.23745728260306,7925400
2021-10-04,216.777587890625,222.1794293820683,212.99630473414825,221.8611051605778,10283400
2021-10-05,216.34353637695312,219.33384441545405,215.99627489324874,217.50106974968932,5814000
2021-10-06,218.49462890625,218.60073699472773,213.42076649094122,214.18280478540072,5420900
2021-10-07,222.39170837402344,222.98012336447923,220.40460635607582,220.80974237459384,6561900
2021-10-08,222.12155151367188,224.49449244637708,222.03472511362952,222.82571523708705,3735200
2021-10-11,217.1441650390625,222.1698083008598,216.91265247952896,221.87076572523245,5620200
2021-10-12,216.12168884277344,218.21489867392816,215.03167072026707,217.57825013942872,5448200
2021-10-13,214.58795166015625,217.8676320695974,210.89347974171483,215.23424101712348,9076000
2021-10-14,217.21170043945312,217.6650700445607,215.16672415689922,216.1892122981762,5590500
2021-10-15,222.8161163330078,222.91256886844658,218.7068526898008,219.17951868561113,6355100
2021-10-18,222.48814392089844,224.52347941576852,220.0669688337306,222.03477430458827,5580200
2021-10-19,225.25657653808594,225.37232546239397,222.51706267249816,223.74212609048914,4409700
2021-10-20,223.2308807373047,225.5266658481552,223.12477265103422,225.19870075198673,5401800
2021-10-21,222.09262084960938,222.66173929057334,218.2920412479391,222.536334823677,5982200
2021-10-22,223.04763793945312,224.5813850202325,220.616821836359,222.14089864054299,3788000
2021-10-25,225.60386657714844,226.54918392256528,224.07011954181218,225.1890750144985,4938700
2021-10-26,223.6167449951172,228.57485860255298,223.14407900448148,227.19545341946807,7814500
2021-10-27,208.1443634033203,216.79695031764277,208.0286144580066,216.79695031764277,22958100
2021-10-28,202.41455078125,212.20538941756993,201.61391958265799,211.49156992610716,23199400
2021-10-29,204.27622985839844,206.10898984374765,201.1605172769348,201.806821353106,14329800
2021-11-01,204.9418182373047,207.63308378781363,203.9675490512767,205.93536909836436,13210300
2021-11-02,201.73931884765625,205.800349206642,200.46603635295773,205.6170702393447,14688700
2021-11-03,200.73609924316406,202.71354537957578,199.41456858131775,202.26983135905988,11486700
2021-11-04,201.39202880859375,204.84534730706133,200.51422688883616,201.75858669131355,11368200
2021-11-05,209.0028533935547,209.92888904302546,203.88075688440372,204.4498754479011,14273600
2021-11-08,212.6876678466797,213.76803041885833,210.4304607314691,210.64267691083793,13500100
2021-11-09,205.8389129638672,212.61050513115768,205.38554335592897,211.9159821027773,11535000
2021-11-10,208.2981719970703,209.64134482700186,206.14330078316894,206.35589056155362,10063600
2021-11-11,203.331298828125,209.47704160877151,203.08006310327397,209.17748735170986,13546900
2021-11-12,204.94505310058594,206.3848628992064,204.30728381437174,204.3749327135522,7660500
2021-11-15,205.1479949951172,209.10986446851956,204.67449691214873,206.42351888461212,9596900
2021-11-16,207.93096923828125,208.3851369708326,204.52956226628783,205.01271817370431,8719600
2021-11-17,198.15188598632812,200.3260874335989,192.74054900885807,199.01190285790312,38379600
2021-11-18,196.4801788330078,200.86722788984696,194.48957889663265,199.5433854504562,18292200
2021-11-19,194.0933837890625,196.64444628622908,193.11741420405568,195.2336246065112,18032600
2021-11-22,188.99127197265625,194.90509573191167,188.04429049529966,193.26236854820166,21185800
2021-11-23,191.80323791503906,192.21874491897955,187.83169575633138,190.33443982428207,14742700
2021-11-24,196.40284729003906,197.07926251133847,190.9818382215426,191.4939822280083,12026800
2021-11-26,190.9915313720703,192.47965987904485,186.06334978088844,186.8074140343757,10987600
2021-11-29,189.67735290527344,194.47026632958287,188.77868993213684,194.2286883589871,14633500
2021-11-30,187.2422332763672,191.0011854211858,186.0729895627462,188.69170091182033,16023000
2021-12-01,183.75389099121094,190.17985980701977,183.69591463114963,189.42613763672117,13204900
2021-12-02,191.60992431640625,192.7211915243644,185.38688987977037,185.5318307246259,13976300
2021-12-03,189.70632934570312,191.7838937049186,187.5031249962471,191.59063430436902,10660500
2021-12-06,195.85203552246094,197.34016370059547,191.07846842095566,192.07376822755094,10722100
2021-12-07,200.38409423828125,200.93489909945808,198.95395675300117,199.06025165192565,11897200
2021-12-08,201.94949340820312,202.42297671843843,198.77999211891685,200.66429704017747,11749200
2021-12-09,204.26869201660156,205.0514023733276,200.19085421845404,201.49538130949801,10176800
2021-12-10,206.2109375,207.03230844892187,203.7565119528689,204.76146976290136,8882700
2021-12-13,203.91111755371094,206.13363761420402,202.90614503751948,205.29293633253954,8844300
2021-12-14,202.90614318847656,206.18193952889263,201.42768734645898,203.63087702259293,9832300
2021-12-15,205.1576690673828,205.33161286981675,200.85758423032104,202.34569801015013,10892500
2021-12-16,207.1482391357422,208.9842402544693,204.48122409101614,208.03724415065088,8548400
2021-12-17,204.7421875,206.02738420565305,200.78996028692382,205.63119275422414,11578400
2021-12-20,201.70794677734375,202.70324683237777,199.89127572788405,202.04614708788736,9434400
2021-12-21,208.12425231933594,208.8779743876379,203.2733626723872,203.51494063645188,6993700
2021-12-22,210.61732482910156,211.56430625743852,206.64578277122942,206.64578277122942,6003400
2021-12-23,209.32244873046875,211.15844992129598,209.32244873046875,211.0811432111272,4798200
2021-12-27,210.2984161376953,210.77189942538575,207.64105901136492,210.34671992601352,4818400
2021-12-28,210.70431518554688,212.3277121188787,208.3175235853093,208.73303062964436,4279800
2021-12-29,210.82025146484375,211.5643157070019,210.00855306144314,210.4240600733928,3223100
2021-12-30,210.5303497314453,211.76722767104525,209.83460404732685,210.62698681053047,3812800
2021-12-31,209.40945434570312,210.63665981909506,208.230552670591,209.50607668701198,4723300
2022-01-03,213.9704132080078,214.57919435580757,209.69931685308612,210.19214530406606,7694500
2022-01-04,214.96572875976562,219.14984586367407,214.3376172451256,214.52121884563965,10629300
2022-01-05,212.58859252929688,217.6810597606871,212.51128581718922,215.13965504985853,9594600
2022-01-06,212.34701538085938,214.4342523813629,210.2211323965307,210.46271034349414,7877500
2022-01-07,209.6510009765625,212.7818415682428,208.37546240606537,209.98920123771168,10702100
2022-01-10,204.82911682128906,206.98398804248365,199.5433900080811,206.77139826337944,11978600
2022-01-11,207.1579132080078,207.70870322634036,201.70791564553608,204.29762400211098,8803100
2022-01-12,208.443115234375,210.25011349856157,206.60711405236043,207.2545411590757,6923300
2022-01-13,207.7570037841797,213.05238747303372,207.42846136344596,209.54468622626734,8867700
2022-01-14,207.43820190429688,210.89760074429512,206.51055061169205,206.95504588884603,8838100
2022-01-18,208.443115234375,209.6026863918463,207.109600293672,208.60738646341494,9099300
2022-01-19,207.44776916503906,210.87817832630842,204.96435599690835,205.8243727392214,9399800
2022-01-20,207.12892150878906,212.20205800030843,206.73273016785504,207.48645212415818,8532700
2022-01-21,198.99256896972656,208.33681644409128,198.88628883358865,208.20153339066937,16200200
2022-01-24,195.05003356933594,195.89072007754223,189.05888889485146,195.36890347298527,16054000
2022-01-25,195.19497680664062,198.46111529528872,190.35376016523844,192.895150084362,12125500
2022-01-26,198.93460083007812,203.75650190583917,196.8087178694416,197.39816864325311,10817600
2022-01-27,199.20516967773438,203.85314177478892,198.9152879364349,202.44232007322444,12009800
2022-01-28,220.31910705566406,220.4350597621105,208.8200016642549,213.20705108021758,26425300
2022-01-31,218.5507354736328,218.75366743694207,214.56953562264064,217.95162688297805,12380600
2022-02-01,224.5322265625,226.7064282686396,218.7923316991316,219.25615726791168,12247200
2022-02-02,227.48910522460938,227.90462693489619,222.26135523766087,223.50790562377452,10590500
2022-02-03,223.73985290527344,225.6241729234808,222.78321355207544,225.18932076866398,9968000
2022-02-04,220.69593811035156,222.4642903671386,217.37182335954404,220.80223299173485,10848100
2022-02-07,219.50738525390625,222.17440043150705,218.3961178713453,220.31908360212205,5984500
2022-02-08,220.26112365722656,220.80225592966687,217.17858652163076,218.63771209515713,7542000
2022-02-09,223.0924072265625,225.2955970169412,222.36767335486562,222.37734590979386,7772800
2022-02-10,218.344970703125,222.56494597236048,217.64809296921533,220.70661027151448,6794600
2022-02-11,217.47381591796875,221.74218707017985,216.36074067376364,219.95159611183053,7535200
2022-02-14,218.10293579101562,219.9612709475159,215.65419091536148,216.1187710123028,8280800
2022-02-15,220.5033416748047,221.9261175785725,217.68679566851887,219.97100251693897,9461700
2022-02-16,221.47119140625,222.49714593240662,218.35460420298048,220.19357762510248,9561300
2022-02-17,217.3964080810547,221.46151759540442,216.9705367928276,221.0646816433077,8131200
2022-02-18,215.53807067871094,218.49011956340675,214.71536344619793,217.38673249471972,8121200
2022-02-22,214.2120819091797,217.13508079112808,212.85703552422407,213.92171377177942,9928800
2022-02-23,209.0145263671875,217.07700106948164,208.5015490789476,215.68324588304253,8669900
2022-02-24,210.3211669921875,210.86317959403803,194.98020181175588,196.83853706184448,13463400
2022-02-25,212.22789001464844,213.59259498090532,207.36910908770926,210.31146941152716,8463600
2022-02-28,209.17906188964844,211.627806953465,206.39156632507337,209.0629205486725,8409400
2022-03-01,202.25869750976562,208.24021285609166,200.62297137400253,207.59173242256912,9317800
2022-03-02,201.784423828125,203.7782622249342,199.5679762778455,200.2551655507821,8865700
2022-03-03,200.57455444335938,204.7074223779133,199.9260740737957,203.78793572759866,8610000
2022-03-04,193.8574676513672,199.74220377295725,190.53763282946585,198.4162075024731,10912300
2022-03-07,184.57546997070312,193.7510058633738,183.94635129822484,193.4219288583463,13412400
2022-03-08,185.55303955078125,190.1117647093086,180.67489614605037,183.9076250119414,11070900
2022-03-09,193.34446716308594,194.06070650884075,188.96964291667516,190.1891712168938,8457600
2022-03-10,191.61199951171875,193.51873220158035,189.99563497992395,190.5763565273195,7061600
2022-03-11,190.39247131347656,194.38982225739989,190.15050030944116,194.30271624044425,5432100
2022-03-14,193.89614868164062,197.8644630986339,191.7958427676041,192.0474872197236,7994700
2022-03-15,199.51959228515625,199.7809250809075,194.9318171506571,195.59965942383437,8277700
2022-03-16,205.0655517578125,206.8077456856044,200.35196201514256,203.25561363855041,9232300
2022-03-17,206.59481811523438,206.6819241228398,202.0167313455554,203.18786260888103,6668500
2022-03-18,212.0730438232422,212.2182205020507,203.53630065962597,204.90102051537193,14620800
2022-03-21,210.06948852539062,211.05673411347493,207.65946737192152,209.39197283503253,6101500
2022-03-22,211.45361328125,212.5182915616553,210.2050346825258,210.84384165076898,6259900
2022-03-23,207.7853240966797,210.31150185528182,207.32074392519462,208.38542220228263,6008000
2022-03-24,210.33087158203125,210.66963689259467,207.12717787601247,208.08538836143688,5487000
2022-03-25,211.41488647460938,211.89882845502322,208.76289387393317,211.40521295174648,5051400
2022-03-28,213.67974853515625,213.8829958986896,210.52443733589928,211.48264778448288,4316800
2022-03-29,220.79367065429688,221.46151290863435,216.5930580706572,217.6190126421812,8032500
2022-03-30,216.7576141357422,218.89664422750207,215.57679449990437,218.58691426523887,7084000
2022-03-31,214.64761352539062,218.66432574464508,213.36032618481073,216.71888445060327,10759500
2022-04-01,219.09022521972656,219.35155803782274,215.09285953014287,215.91556684660887,6559600
2022-04-04,220.42588806152344,221.8777139336459,217.7351719600221,218.50946727683154,8521200
2022-04-05,218.82887268066406,221.63574491955637,218.0739244019674,219.54511210067176,4658000
2022-04-06,211.97622680664062,215.71225888451968,211.59875271345723,215.62515288657002,7430000
2022-04-07,209.20809936523438,211.6568444541033,206.8174249474475,211.29873213660636,6995100
2022-04-08,210.0114288330078,212.36339421444083,206.23668781186242,207.91112269880793,5438600
2022-04-11,207.85305786132812,210.32116464532618,206.55609704012417,208.3369997888283,6942700
2022-04-12,204.6106414794922,210.02112346481573,203.9331257332824,209.54685505810107,7446600
2022-04-13,206.4206085205078,206.98198296844174,200.5165106790792,203.6718069532561,8052900
2022-04-14,205.95602416992188,209.01454106989328,205.70437965362197,207.38850308382487,8191600
2022-04-18,206.3238067626953,208.89838145089394,204.72680425398363,204.87198092978065,4744400
2022-04-19,208.77255249023438,209.5565360795297,205.61725631997254,206.25606323300434,5028800
2022-04-20,210.79542541503906,213.72812718216167,210.4082777674331,211.63749444012294,7178300
2022-04-21,209.49847412109375,216.72856827440634,208.43381065716915,212.46019658992316,8850300
2022-04-22,201.48439025878906,209.60493561193357,201.27145461868983,209.29522044280324,6201100
2022-04-25,203.2072296142578,203.76860406995203,198.73561055142682,199.72285630238812,6839400
2022-04-26,194.64146423339844,201.8618700808136,194.64146423339844,200.33261169914235,8155300
2022-04-27,207.23362731933594,214.67665704930792,206.20767272407727,210.38892359119097,15955800
2022-04-28,213.57327270507812,217.70612647526605,212.22791462577771,213.32161342991176,10799100
2022-04-29,206.28509521484375,214.0959104143063,205.53014697307373,211.59876824201467,7965000
2022-05-02,204.73648071289062,205.32689048416094,200.31325895823952,204.96877816623407,8803700
2022-05-03,201.8618621826172,206.74967879169313,199.64541456785065,206.74967879169313,6616900
2022-05-04,207.63046264648438,207.9014689625761,198.73560705899334,202.62650455250537,7191100
2022-05-05,198.6485137939453,207.68854664185255,196.548207325132,205.4527370063009,7749600
2022-05-06,196.30625915527344,199.11311712211068,193.78975460182406,197.20638427425433,8825300
2022-05-09,186.8015899658203,194.30269008102812,185.91113856310204,193.62517431469206,10314100
2022-05-10,187.36294555664062,191.39901918257883,184.83676827781775,190.39242654074678,11016500
2022-05-11,190.40213012695312,191.95075034063294,185.25298046989406,187.27586913158834,9427300
2022-05-12,188.09901428222656,190.12575165675173,184.20068548755967,188.64206211492768,9308600
2022-05-13,193.1997833251953,194.47013041099743,190.55241799693138,191.0372842004859,6684500
2022-05-16,191.8227996826172,193.88833481735026,189.9512229018448,191.34764018747026,5161300
2022-05-17,197.825439453125,198.60122844958497,194.0919632309427,196.71025294361309,7265600
2022-05-18,193.93679809570312,199.24123578351052,193.10282759642416,196.68114270615658,8748200
2022-05-19,191.39608764648438,194.35377455867018,187.4589762932225,190.40697120787232,9012400
2022-05-20,193.00587463378906,195.55627605976326,188.14751972431333,193.62650289446228,6966600
2022-05-23,201.27769470214844,201.66559661764379,194.69321690415623,194.79988808129931,12187400
2022-05-24,196.49691772460938,198.47516568021607,193.0058745124271,197.73817424517532,7458500
2022-05-25,197.6702880859375,198.7466918553923,194.40229398453243,194.51865716059942,5457200
2022-05-26,202.2377471923828,203.3917314138249,198.47517977395557,198.9018645076262,9212300
2022-05-27,206.43663024902344,206.77602769803767,203.29469206480877,203.6437963074993,4897200
2022-05-31,205.74813842773438,207.8621629277411,202.7807594075736,204.01232379984947,9586400
2022-06-01,203.57594299316406,207.62943266442448,202.4995540895455,205.6317860194212,5246100
2022-06-02,208.54100036621094,208.73494392847434,204.6911607276537,205.476641772835,5337200
2022-06-03,206.21360778808594,207.72640289977903,204.87538701570008,206.5045304940632,4352500
2022-06-06,206.49485778808594,210.99441636382093,205.6705791769651,208.92888123504528,3965100
2022-06-07,208.0076141357422,208.4633895789093,204.34202659486778,204.72991366282383,4493300
2022-06-08,207.0378875732422,209.04524093936578,206.38816857756828,207.29001269490945,3646300
2022-06-09,199.8715362548828,207.241508070699,199.78426389421014,206.15539777132037,5138600
2022-06-10,193.47134399414062,197.2630019779936,193.1513304633273,195.54657114797496,5162500
2022-06-13,186.44076538085938,189.960899095748,185.29648813181035,187.14868076063752,7119200
2022-06-14,187.66262817382812,188.45780108971732,185.94619759137908,186.88683925317173,6441200
2022-06-15,190.22274780273438,192.81193203419426,186.4116910417025,190.04818824267625,6490000
2022-06-16,183.32794189453125,186.06257999645496,181.85394427251128,185.61651130887364,9887200
2022-06-17,184.2588653564453,185.51952055460222,180.28297102003475,181.27208750742278,15089300
2022-06-21,188.50628662109375,190.77545695777627,187.8662596655343,189.78634053221268,6241600
2022-06-22,187.95355224609375,190.4457569705202,185.24799040005675,185.4613327247243,5138500
2022-06-23,190.68820190429688,191.48338967224322,187.5947528018245,190.20333564489854,4752800
2022-06-24,199.28968811035156,199.415758049727,191.53182938085908,191.74517167967542,7754800
2022-06-27,197.39874267578125,200.82189717095494,196.47749977256862,199.52245918971002,6121200
2022-06-28,192.1234130859375,200.53099273826555,191.52218362426595,197.82544536379874,4354200
2022-06-29,193.4616241455078,194.5671185487473,191.34761450299177,191.34761450299177,4324600
2022-06-30,190.93063354492188,192.83131577759517,187.01292071019307,189.4566359847024,7045200
2022-07-01,193.15130615234375,193.75255034529246,188.81661562731833,190.83364614235808,4131800
2022-07-05,194.4701690673828,194.4992746585685,188.2638863469894,190.290623929452,4110200
2022-07-06,195.0325927734375,196.38052033657544,192.6567511430503,193.94649712456186,4111200
2022-07-07,196.66172790527344,197.27264923741575,193.9852570898134,196.40958801863346,4650700
2022-07-08,197.408447265625,197.92240429421142,194.39257867302408,196.19628167047904,3621800
2022-07-11,198.85336303710938,200.48252148681078,195.885983671771,195.885983671771,5353600
2022-07-12,198.62063598632812,201.8207416925497,196.6229744235059,197.09814871902762,6779500
2022-07-13,197.9708709716797,199.34790405267304,193.4616210612105,194.36346512452727,7597300
2022-07-14,199.67762756347656,199.84248031691945,191.98764095392397,193.94650479550288,5605500
2022-07-15,203.68258666992188,205.30205279831324,200.90915141561584,203.0328677379231,7245700
2022-07-18,200.93829345703125,206.46576617736017,200.38553878652596,205.0984396947948,4648900
2022-07-19,207.19302368164062,207.62940029287228,201.6073557076619,201.91767717152376,4927100
2022-07-20,206.91180419921875,207.64881031729138,204.81719339260118,205.58327550292432,4460300
2022-07-21,209.64651489257812,210.33501682365602,206.291233238128,206.6985191967121,4801300
2022-07-22,207.2318572998047,211.4695988981463,205.6996779892647,211.33382212669454,5071500
2022-07-25,207.7845916748047,208.29854872781485,205.21479161280993,208.08520638917545,4357200
2022-07-26,206.05845642089844,208.63793352719136,205.34084907127053,207.3772931626554,6141000
2022-07-27,204.09962463378906,210.286523451632,195.11019915087235,204.39054737763678,17432200
2022-07-28,204.95297241210938,206.28150121905975,201.62678220020567,204.26445581765816,7477100
2022-07-29,205.68995666503906,207.67791120591838,203.47896779718542,205.58328550049598,6059700
2022-08-01,204.96267700195312,207.51307840123783,201.2776902691052,202.14075166627438,8028400
2022-08-02,200.0170135498047,202.5189250932159,197.75753512342624,201.51040983701463,9939400
2022-08-03,202.1697998046875,203.96381060308565,200.61823689507176,201.6946404147223,9520100
2022-08-04,207.0087890625,208.3761153800053,202.23770714317172,204.15777326751214,6789700
2022-08-05,209.33616638183594,209.4137467635255,204.12870718533685,204.33235753689007,5553700
2022-08-08,206.86334228515625,210.07315446599745,205.63177787723646,208.71552009910232,4063400
2022-08-09,203.89593505859375,206.9893838725505,203.40137684703308,205.58327481082722,4596800
2022-08-10,205.6802520751953,208.33730943432985,204.9141551775753,208.32761743703503,5746400
2022-08-11,205.0536346435547,207.40454148488664,204.57761888414126,207.2005304956671,6639600
2022-08-12,205.2965087890625,207.1325485039463,204.10162956462042,206.91882834046572,6443700
2022-08-15,210.24119567871094,210.55206677675602,204.36392053675075,204.36392053675075,5290600
2022-08-16,210.94064331054688,211.39722597670942,206.07368435676204,208.42459147660432,6564400
2022-08-17,208.39547729492188,210.00807317746998,206.67600648647897,208.86176918727602,4902500
2022-08-18,209.10462951660156,209.83321707589286,206.3651331785534,207.76402366409698,4516400
2022-08-19,206.74400329589844,209.08518661161966,206.32627207335113,207.99716731723797,4178800
2022-08-22,202.6541748046875,205.21880208156185,202.25587676735194,203.94620501787247,5139500
2022-08-23,200.89588928222656,203.3245146003793,200.63359359738334,202.06162647030936,3525500
2022-08-24,200.76959228515625,202.40163617661545,199.80785134073466,200.73074080297613,4230800
2022-08-25,203.8296661376953,203.91709308872728,200.60444470576326,201.4690346977676,4495000
2022-08-26,197.09750366210938,204.2570859183539,196.91292577752395,203.78108487195118,5060200
2022-08-29,196.55349731445312,198.1369656951036,194.8923111482886,195.50432944474161,4476200
2022-08-30,195.630615234375,198.5741076913257,194.49402045801148,198.09809183189768,3918200
2022-08-31,193.036865234375,197.36952458907018,192.96885660897098,195.26147954883868,6559000
2022-09-01,194.41632080078125,194.70774398356826,191.04538763711918,193.0465725490713,5608300
2022-09-02,192.11398315429688,196.69922921108252,191.2299747519805,196.66037772588925,4508100
2022-09-06,192.96884155273438,194.32886572317125,190.79278805688367,192.24996316370246,4547800
2022-09-07,194.69802856445312,195.39747382697993,191.5893911883075,193.0368571833162,4098300
2022-09-08,194.97976684570312,195.3683409778709,191.33682876980663,191.76425438593,4377600
2022-09-09,199.341552734375,200.5072898615517,195.6014788337185,196.30092407465486,4885600
2022-09-12,200.73072814941406,201.27473780455668,199.09868436083482,200.60443489977334,3812300
2022-09-13,193.9694366455078,197.6609499322311,193.1922736130684,196.2814925906483,5217900
2022-09-14,193.71685791015625,195.14489066863925,192.4053944141939,194.2900098817511,4632800
2022-09-15,189.79222106933594,194.5911874350773,188.97620645786634,192.43456680251214,6099300
2022-09-16,187.78131103515625,188.2864692477014,182.84634265007548,184.78924288877724,9398200
2022-09-19,187.6161651611328,188.45161285165764,185.26525766527283,186.12012368539766,8133600
2022-09-20,186.58642578125,187.5190095660843,184.85723098486378,185.6441180087047,5292500
2022-09-21,181.6805877685547,187.57728171040227,181.66115461757855,187.0332720682784,6705900
2022-09-22,180.4857177734375,181.86519003789817,179.38798917804263,181.0297423116805,6604700
2022-09-23,178.70797729492188,179.31027164848558,177.0273578516666,178.2319613819471,10755800
2022-09-26,175.43414306640625,179.23251593178486,174.76384022861592,177.81419248135825,9914600
2022-09-27,172.79183959960938,179.5725725611103,171.96611583655218,177.29936786344157,9799600
2022-09-28,174.06442260742188,174.95816974792672,169.83862354678132,172.19924018557919,9751000
2022-09-29,174.91929626464844,177.0370651135695,173.6272658999192,173.7244168356423,9105200
2022-09-30,172.57809448242188,177.69764036760486,172.52953383871616,174.91929264730808,9472300
2022-10-03,176.4639129638672,178.12509923451162,173.06383745532906,174.21986549993647,8842300
2022-10-04,180.34971618652344,180.89374072730593,177.84338781932408,179.76685498470036,7081400
2022-10-05,182.31204223632812,183.42921876818718,177.1536444709823,178.10566143807196,6119900
2022-10-06,180.29141235351562,182.68118601370128,179.96112289199894,181.32114704127437,5163000
2022-10-07,178.5816650390625,179.33939489462378,176.7359010442929,178.21250927547828,5610300
2022-10-10,176.97877502441406,179.5045512553699,175.73532006173957,178.87311460920714,4743800
2022-10-11,174.0255889892578,176.45421449978286,173.10271425988904,175.2204685899531,6294500
2022-10-12,173.15127563476562,175.4341745348671,173.13184248178084,173.976999347212,4884300
2022-10-13,179.3879852294922,180.07770652338792,169.61519925710655,170.00377338128843,8426400
2022-10-14,177.40618896484375,181.7874378209744,176.87190333930116,181.45713356523237,6449400
2022-10-17,179.96112060546875,183.18634186584538,177.62964642971914,180.6897081382844,13952100
2022-10-18,181.8262939453125,184.76007708327532,180.4371275663528,184.08006505080726,5209200
2022-10-19,181.0880126953125,182.28289214141515,179.48511117185595,180.19428040184818,4927000
2022-10-20,181.87489318847656,185.5275403141108,181.10743929044847,181.13659643143473,5706700
2022-10-21,184.93496704101562,185.49840992729506,179.76685976301172,180.49544740202165,7582500
2022-10-24,185.26524353027344,187.6161508467686,183.70120837396308,185.94525559320158,7299200
2022-10-25,188.83047485351562,189.6561985431905,185.27496393613305,185.42067552161916,11907200
2022-10-26,197.52496337890625,200.47816535160104,190.8899569882709,190.9676747800725,15450000
2022-10-27,198.45751953125,200.42957672373265,195.83460742248317,197.5152266421804,7946700
2022-10-28,203.36338806152344,205.48115727586722,197.50554434691216,199.14729761111823,8455600
2022-10-31,201.24560546875,203.63536440422783,200.31300685429264,202.95535230157773,8674100
2022-11-01,201.0221405029297,203.97535679093718,199.4678294036394,202.94562216715912,5919500
2022-11-02,195.212890625,201.09016657404072,194.8534588387835,199.88556313842196,6985600
2022-11-03,189.18991088867188,193.17286231032597,188.63617720510405,192.61912862675814,8236200
2022-11-04,191.35618591308594,195.6985678969079,189.76300876357988,191.37561906042637,9680100
2022-11-07,194.38714599609375,194.7174354301555,191.5407898602904,192.65796622582903,7821300
2022-11-08,196.0192108154297,198.2924006173883,194.0374590241934,195.90264154040196,6943700
2022-11-09,188.81436157226562,196.01916772423516,188.23019773699107,195.40578158372966,7320200
2022-11-10,200.14735412597656,200.33232970881392,194.743752498194,197.73276240815815,8048900
2022-11-11,199.59237670898438,200.9846481081825,196.81754991954148,200.5659980587843,9601000
2022-11-14,201.40333557128906,203.65239876421953,197.84962318901225,198.13196687531263,5796100
2022-11-15,204.45074462890625,208.09207882729837,202.0361530789329,204.45074462890625,7316100
2022-11-16,204.59677124023438,205.3269871861555,202.72742020143008,203.07792444972347,6125300
2022-11-17,205.4243621826172,205.7067058211314,201.85117381615976,202.4742908501088,5385600
2022-11-18,205.23939514160156,208.52049452238236,204.20735882932533,207.54687311739968,8028500
2022-11-21,200.87754821777344,204.99596204365335,200.4588833450307,204.75255672535317,10450900
2022-11-22,204.7817840576172,204.9278213202636,199.93315380607604,202.06537212212916,5273100
2022-11-23,206.1448516845703,207.2158411505747,204.38259935474036,204.46049084829372,3807300
2022-11-25,208.15052795410156,208.35499499997894,205.8138423639054,206.12540836595005,1993500
2022-11-28,205.68724060058594,208.8125716639801,205.09333098414018,206.66086194844567,10229400
2022-11-29,203.54527282714844,204.60651651110265,201.88038867274,203.82763133230333,8986900
2022-11-30,211.27586364746094,211.27586364746094,202.5230010909464,202.727468140919,13918100
2022-12-01,211.27586364746094,212.8823331658608,209.6207100832309,211.27586364746094,11261500
2022-12-02,211.91844177246094,212.7168036113287,208.58865829991876,210.0393447072162,5132800
2022-12-05,208.0434112548828,211.18821903764072,207.43003988213158,209.96144657957146,9006300
2022-12-06,203.5647735595703,206.53432193889725,202.16275630137767,206.40774639700132,5986000
2022-12-07,202.3282470703125,203.5063354213844,199.718949025837,203.2921375393713,7923800
2022-12-08,203.584228515625,204.75257115454414,202.26983376166427,203.9834019749935,4896500
2022-12-09,203.1947784423828,204.966776479833,202.045912348348,202.42562409118972,4928400
2022-12-12,208.929443359375,209.15338701080415,203.94450581292787,204.46052404224594,5941700
2022-12-13,207.42030334472656,214.1772384600795,207.01138412602447,213.74884265297712,14585000
2022-12-14,207.69288635253906,210.57479685214662,206.04746410920947,207.23528318937824,7001700
2022-12-15,202.42562866210938,206.2324918982812,201.36438490254747,204.07105120367274,10831800
2022-12-16,201.4325408935547,202.9027039325831,199.8844863558892,202.01671970519058,12472900
2022-12-19,199.41717529296875,201.99726648759508,198.57011443246313,201.17942794170818,4893600
2022-12-20,199.94288635253906,201.0820215796078,198.18063403913484,198.50193087594138,5024900
2022-12-21,201.3546142578125,202.47428764201354,200.15706424484847,201.12095465896004,4086900
2022-12-22,199.6508331298828,201.19888783247112,196.79812911277176,200.3226343779495,5690300
2022-12-23,200.40049743652344,200.79968578179177,198.15143434707494,198.74534400389638,3246000
2022-12-27,200.84837341308594,201.42282139090716,199.20296555150915,200.48813821081504,2904900
2022-12-28,199.58267211914062,203.02928561442036,199.3976816613191,201.22807993764565,3139200
2022-12-29,202.57168579101562,203.02928908198393,200.07921714182623,200.51734384314256,3675500
2022-12-30,202.27957153320312,202.5521843297159,200.27391387759477,200.86782351062973,4159400
2023-01-03,201.91937255859375,206.7290653901781,200.7218222124567,203.75951669291592,4202800
2023-01-04,207.0016632080078,207.57609631500836,204.09052963804768,204.09052963804768,6606200
2023-01-05,205.54119873046875,208.5107467460882,204.90835081106832,208.16024247446947,5246000
2023-01-06,212.00604248046875,212.38575420110786,207.46896356268093,208.3549625295996,6829700
2023-01-09,212.83363342285156,216.3484070967187,212.59022808492801,213.29123664665042,6294500
2023-01-10,215.25794982910156,216.52366060900175,212.4247080150146,213.21335382121674,10857000
2023-01-11,216.2413330078125,216.31920965137002,213.9046325814046,215.45268714301844,5408200
2023-01-12,217.72120666503906,217.90619710290483,214.7906116807219,216.24131287467912,4264400
2023-01-13,217.17599487304688,217.85752690616124,214.3330220661383,216.05633616552214,4283200
2023-01-17,217.1175537109375,218.48061761234973,216.50416752716083,216.5139132483524,6101100
2023-01-18,213.6709747314453,219.05510028183156,213.6514981422502,218.16910117701238,6558000
2023-01-19,214.59591674804688,215.6766371990771,211.76267463909133,212.34685347716143,4853100
2023-01-20,218.3930206298828,218.50985044749524,214.59590299463855,215.30664247892088,5211000
2023-01-23,218.2664337158203,220.23315306208426,217.2636048834815,218.67536776872183,5501500
2023-01-24,217.98411560058594,223.93294352053502,210.91562890554817,216.16344816162584,5274900
2023-01-25,218.96746826171875,219.03562889737896,215.33586424548128,215.77399094693172,4729600
2023-01-26,218.78248596191406,221.08996408021665,217.769911318679,220.03845111514235,7043400
2023-01-27,225.3349151611328,226.6979790332492,221.25543955320177,221.98565552532455,11382600
2023-01-30,223.05665588378906,224.34182833277995,221.9175058376226,224.1276304485677,5677400
2023-01-31,224.1374053955078,224.71183849794033,222.42382209837402,222.77432642221643,11294200
2023-02-01,224.80917358398438,226.5227567427924,221.79095618102795,223.31953404197364,5792700
2023-02-02,223.5045166015625,228.1194871874895,222.34590480835016,227.78845949122396,7190000
2023-02-03,224.0595245361328,224.77026408402054,221.63520160972953,222.6575071741784,5243600
2023-02-06,223.3876953125,224.18605713137094,222.02461644532295,222.66721013172284,3402400
2023-02-07,225.21810913085938,226.00674008698505,221.93699491420185,222.00515554314285,4042600
2023-02-08,224.12767028808594,225.74388557214573,223.92321808899382,224.26397670624246,4978600
2023-02-09,223.73745727539062,226.79085121975916,223.52283982429984,226.7225719682573,5238400
2023-02-10,221.64004516601562,224.28373362785376,220.62550219943566,223.3569846430642,4509700
2023-02-13,223.27894592285156,224.205694929791,220.7328161924032,221.3278891143971,4946700
2023-02-14,223.77645874023438,225.75678019839185,221.61078450469768,223.07407710247207,4829400
2023-02-15,223.3179473876953,223.4642855709601,221.24983205557456,222.0204929000633,4407300
2023-02-16,220.30357360839844,222.77165919394858,220.1474854966891,220.53770577596245,3865900
2023-02-17,218.08912658691406,219.2695224997492,216.31367264041523,218.69394943121623,4520200
2023-02-21,215.22108459472656,216.99655354114117,214.60651178552254,214.77234983787176,7276100
2023-02-22,214.63575744628906,216.32341736879033,214.0796991270095,215.0162129174976,4621800
2023-02-23,215.7185821533203,216.65508100465667,213.57240794113105,216.13805218591494,5533800
2023-02-24,214.17727661132812,214.85039363114763,212.13842570012346,213.1334540129685,4414400
2023-02-27,214.9576873779297,216.02100975393776,213.972394174235,215.3283780452552,4255300
2023-02-28,214.5577392578125,216.34295818729464,214.1285043389796,214.61626858576543,5385400
2023-03-01,213.01637268066406,214.87963541546935,211.13359521080736,214.0894598277722,4792700
2023-03-02,213.69924926757812,214.22604294024313,211.77745712564283,212.55788282398004,5539300
2023-03-03,218.29400634765625,218.53788846118772,214.5187011081287,214.81136262144304,6055400
2023-03-06,221.20106506347656,221.8546673063047,218.21595053623255,218.45006782597272,5737600
2023-03-07,217.70864868164062,221.81562936962183,217.62085470723,221.20104177798635,4386800
2023-03-08,216.752685546875,217.47456712938023,215.76739220909073,216.52831815383018,4194900
2023-03-09,214.6260223388672,218.8793272420938,214.2845962912594,215.98200637369442,5066700
2023-03-10,210.8507080078125,213.75777847503838,210.20685569062695,213.66998449143549,6638900
2023-03-13,209.22157287597656,212.51886356411708,207.29978077630219,209.377660989288,6810800
2023-03-14,213.30905151367188,214.48943258611163,210.7531568877889,212.6651991730415,7985600
2023-03-15,211.0750732421875,211.6018669092533,208.44114956300436,209.16304593123522,8372200
2023-03-16,212.128662109375,212.2554855733701,203.65131735198932,209.90445839610305,13674600
2023-03-17,212.07008361816406,213.3090086515713,209.61174828406698,209.61174828406698,18801200
2023-03-20,212.81150817871094,215.15278520033127,211.5335683943667,211.68965650621774,9817400
2023-03-21,216.51849365234375,217.06478709457338,213.3285120842202,215.92342082019078,8971400
2023-03-22,214.65525817871094,219.39632670077333,214.53819953643688,217.05506454300155,6700600
2023-03-23,217.1428680419922,219.73777721893399,214.86988503079573,215.0454878872852,6427700
2023-03-24,215.63076782226562,215.91367936368778,212.9090504282146,215.269827116362,4791500
2023-03-27,216.38194274902344,218.5963962900273,215.97222262482836,217.1428536775831,7210900
2023-03-28,214.93814086914062,217.86472561587817,213.2992456705701,217.3672115676695,6418400
2023-03-29,217.83546447753906,218.07934654370615,215.51370244430655,216.8501714035807,4483000
2023-03-30,216.91844177246094,218.75243947251906,215.79659034509763,218.440263317029,5383900
2023-03-31,219.94265747070312,220.3133481707397,217.82574757169508,218.12817390397,9509000
2023-04-03,223.39602661132812,223.552114743898,218.63544276563297,219.71827999658794,6421500
2023-04-04,222.08880615234375,224.4203185067916,221.27911576844662,223.39601067726474,5254700
2023-04-05,222.5863037109375,222.87896519548258,221.00595253392805,221.23031988841402,4813600
2023-04-06,220.45965576171875,221.18153720944625,219.1817011276923,220.6254937939097,4285200
2023-04-10,220.88890075683594,220.93768015662633,218.8305500082802,220.04019576493795,4952200
2023-04-11,222.8594512939453,223.53256824530214,220.6645124797199,221.44493814629857,4513300
2023-04-12,222.23512268066406,225.92261884611983,221.76687321602677,224.30323812774577,4373000
2023-04-13,226.99569702148438,227.14202032168726,223.20089228728122,223.84474457893683,7615500
2023-04-14,228.2931671142578,229.2394308811843,226.556727701531,227.28837402325462,9781300
2023-04-17,227.76637268066406,228.32243102833604,225.28853702877882,228.29316636639356,4865000
2023-04-18,227.8834228515625,228.59555436146024,226.0201601768705,228.02974614627405,4796200
2023-04-19,226.87863159179688,228.3321592815857,226.17625000107944,228.27362996325607,3833900
2023-04-20,228.8589630126953,228.92724225863142,225.83481909229587,226.77133288302412,4925700
2023-04-21,228.32240295410156,229.8052101468536,227.66880077544826,229.24915186755385,6771500
2023-04-24,227.06399536132812,229.39550774804442,225.84458480581995,228.49802336543635,9124100
2023-04-25,223.97154235839844,229.268668851376,223.8154542554443,227.31761222059163,6076500
2023-04-26,222.56678771972656,227.0737388313687,221.17178932031493,225.56166690757092,8400400
2023-04-27,223.40573120117188,224.01056887079255,221.06446922927816,223.0740551508067,7128200
2023-04-28,227.0347137451172,227.85416889011714,222.47899803618049,223.05455620290894,11627900
2023-05-01,226.820068359375,228.84916890839926,225.84454010803907,227.1712591252711,4571100
2023-05-02,221.42538452148438,226.68348087309457,220.67423853223926,226.2737608193121,5244000
2023-05-03,220.44989013671875,223.0740637533538,220.3913608179714,221.4254184768578,4093300
2023-05-04,220.07920837402344,220.52794309278917,218.01107808737996,219.33779727894338,5648700
2023-05-05,226.1079864501953,226.65428000899038,221.72785828315554,222.75216614858783,6237500
2023-05-08,226.54696655273438,227.7371124461408,225.59095284480193,225.59095284480193,2938400
2023-05-09,227.55172729492188,228.3614175751337,225.17145073204242,225.42508273286106,4352100
2023-05-10,225.61044311523438,229.06380688552457,223.2984308298805,228.5662927914009,5245000
2023-05-11,225.79615783691406,226.29465681217818,223.1180084834486,225.54203133980045,3818000
2023-05-12,226.15782165527344,227.4773435770253,224.6330328135678,226.76382365277124,3432700
2023-05-15,227.55552673339844,227.57507951379665,225.3465398092514,225.97209455237987,2843200
2023-05-16,225.2683563232422,227.83900271511652,224.44731847297135,227.3111820153693,4289700
2023-05-17,227.39913940429688,228.61115827126306,225.34654484863057,227.4773356132368,4990100
2023-05-18,228.3277130126953,228.86528772019685,225.91345909520268,227.15478477785038,6621900
2023-05-19,228.04425048828125,229.05100245813463,226.70517581106702,228.71867975077376,5399400
2023-05-22,226.06007385253906,228.59161469702028,225.9623248588268,228.0442561267976,3987800
2023-05-23,219.51129150390625,224.31047770201369,218.61205744655535,224.09544184977736,8537200
2023-05-24,217.23385620117188,218.0646778149457,215.06396002144342,217.5270882362921,6730800
2023-05-25,218.3383331298828,219.61876413129508,215.5135608329476,217.42931541212346,6827600
2023-05-26,219.9315643310547,221.10449250469955,218.29925768382714,218.7684349190456,5067300
2023-05-30,216.63763427734375,220.3811938254509,214.79029175033332,219.93156936001907,6916000
2023-05-31,216.0414276123047,216.53014278401318,211.26179382957173,214.9955849003383,20460600
2023-06-01,221.38796997070312,221.59323690254982,217.4098213646339,217.70305344681347,7003600
2023-06-02,223.62623596191406,225.07284331261633,222.2871614379698,223.64578874081556,5897100
2023-06-05,221.65187072753906,223.17665959148977,220.22481594380932,222.76614065999553,4858900
2023-06-06,223.0691375732422,224.0758895589152,221.0556336018961,221.5736704522171,6020100
2023-06-07,220.18572998046875,222.4142698928082,216.03165116540748,221.87668023974322,8517200
2023-06-08,218.01583862304688,220.05866443829058,217.39028380689174,220.0097899387903,6248200
2023-06-09,218.51431274414062,220.09774503769444,217.73236553105633,218.59250895688933,6385000
2023-06-12,221.06539916992188,221.33907844840036,218.58273288246656,219.3451272888569,8621100
2023-06-13,218.35791015625,222.02327356474393,217.60529960807528,220.52780648723055,6868700
2023-06-14,218.39700317382812,220.38118525850757,217.55641261718554,218.6902352125455,9160700
2023-06-15,221.06539916992188,221.98418599670052,216.37373095908762,217.0090695740143,12534000
2023-06-16,223.7435760498047,224.61348842993826,220.9774464802018,221.33909092262945,13628900
2023-06-20,221.35862731933594,224.38866702462582,221.07516419808914,221.8766641526194,12312300
2023-06-21,222.12103271484375,223.4698912834767,219.90226178738004,221.0165317179543,7032100
2023-06-22,223.23529052734375,223.76309629132123,220.41051774790455,221.2511083456478,6275500
2023-06-23,224.36912536621094,224.78941323071234,221.28044207980017,222.09171100774745,5424400
2023-06-26,221.1924591064453,224.9066968806183,221.09471011986128,224.26158936372693,5165400
2023-06-27,222.208984375,223.45032494015078,221.40749934381404,222.34582401029525,4628500
2023-06-28,222.81500244140625,222.9127365160496,220.91878540338504,222.36537797196135,5324500
2023-06-29,229.03147888183594,229.40289226024808,223.44057627926446,223.62627551126903,7118900
2023-06-30,232.12010192871094,232.90204901165748,230.62463503048576,230.9374198294244,6879400
2023-07-03,232.59906005859375,233.0193478751494,230.09684119559952,231.65095159519973,3087400
2023-07-05,234.045654296875,234.58324388031423,228.7088938506624,229.11941273772482,7601200
2023-07-06,233.48855590820312,234.19230692058522,231.34798115507454,232.8923228258906,6441800
2023-07-07,231.11337280273438,233.0584643119628,230.8006028874624,231.38705207149798,5729500
2023-07-10,232.78477478027344,233.70356153393047,231.1622371052791,231.6607211268926,4858900
2023-07-11,235.120849609375,235.26745818110732,232.74568634649714,233.42011560526987,3856500
2023-07-12,236.743408203125,238.44412744224678,235.7855157356436,236.09830060202202,6116000
2023-07-13,237.8185577392578,238.75689736526073,237.66216531585692,238.28772009505806,5819600
2023-07-14,237.6719512939453,239.21629293146475,236.49903793673127,239.206509083413,4941200
2023-07-17,238.48321533203125,239.83205895370645,237.51555400209716,237.62307192764538,4328100
2023-07-18,235.33590698242188,237.6915027653197,232.31563589886983,237.6133214628463,7674000
2023-07-19,235.97120666503906,237.1147982556939,234.70054437062197,235.80504531402786,4835500
2023-07-20,234.21182250976562,236.15691399985792,233.67424782495547,235.71707338755806,4695000
2023-07-21,233.8501739501953,234.9253531295199,233.34190607320542,234.32912011451285,5427400
2023-07-24,235.3065643310547,235.83437010501174,232.81411420456388,234.27047573541697,6010000
2023-07-25,233.30284118652344,235.36521972045955,233.1757704746459,234.602825278,4997500
2023-07-26,231.74874877929688,233.45925194219728,222.54134148632318,226.1969364722215,7551400
2023-07-27,229.14877319335938,233.27353045546647,227.70218045421387,232.0615114546452,8160100
2023-07-28,230.42918395996094,230.5562546664606,228.43523279047045,229.2855923446705,6794800
2023-07-31,232.364501953125,233.03893124907114,230.67355170353443,230.67355170353443,4799600
2023-08-01,234.3682098388672,235.29676553677942,231.65095510296342,231.78779473303047,4627300
2023-08-02,232.1983184814453,233.40055346464567,231.445693043129,233.2441759658694,4868200
2023-08-03,233.37123107910156,233.65469419146956,229.94045641840881,230.6735290743655,5033800
2023-08-04,233.59605407714844,236.450148535076,232.47200037343757,232.62839278838194,5169700
2023-08-07,236.0591583251953,236.71403475862664,233.81108083393002,233.82084976658385,5649800
2023-08-08,233.88929748535156,235.91258543066954,232.0321858210798,234.99379853266447,5080600
2023-08-09,234.3486785888672,236.50880607023703,234.08478315160852,235.07198236533,4055000
2023-08-10,235.18104553222656,238.89246529405705,235.11248958846565,235.63150051928332,4778000
2023-08-11,235.0635528564453,235.72946306116745,233.47714301430594,235.02438869967256,3607100
2023-08-14,237.8642578125,238.28535094045472,235.27899016645884,235.729460147242,4351100
2023-08-15,234.85789489746094,237.63901300754355,234.38785034394837,236.99269240743442,3770100
2023-08-16,234.32907104492188,236.07218211389517,231.126874925569,231.62629630706397,3218600
2023-08-17,232.4488983154297,235.3965052932737,231.5871524215046,235.02437857894049,4177600
2023-08-18,233.23233032226562,234.09409121192957,230.42183506954137,230.6960289994438,4344800
2023-08-21,234.49557495117188,235.543384178355,232.83080702026578,234.41723170033947,3573600
2023-08-22,235.5825653076172,236.4247216408255,233.72194670480013,235.02437524403786,3848400
2023-08-23,237.2766876220703,237.51170242668002,235.72944207445312,236.3170089708712,4947700
2023-08-24,234.50538635253906,238.51059020483098,234.39766623938078,237.22775109332247,4570700
2023-08-25,237.54110717773438,238.36368892363458,235.23003350417116,236.37577556648523,3541500
2023-08-28,238.77499389648438,240.14596355394184,237.57049805868616,237.97198670965318,3741500
2023-08-29,240.25367736816406,240.73352420692058,238.35389450516465,238.45182731060822,3975600
2023-08-30,241.12521362304688,243.083750095507,240.94895251290023,241.31127697872216,4573300
2023-08-31,240.5866241455078,242.87812327970653,240.36139662472414,240.49849358639005,5532600
2023-09-01,242.9662628173828,243.71050135929335,241.65404685831083,242.33953169197167,4112900
2023-09-05,240.25367736816406,243.5342320986979,240.11658040601196,243.20128446810682,4459600
2023-09-06,241.0566864013672,241.54632054748188,239.1471162200096,240.3320224858361,4520300
2023-09-07,242.01637268066406,242.27097706529113,240.02845918092734,240.41037322909233,4007900
2023-09-08,242.16323852539062,242.9956225133489,241.33086947987996,242.65287264949606,3309100
2023-09-11,242.09469604492188,243.2110612433912,241.16439420327205,242.2024161492675,2995800
2023-09-12,242.1730194091797,242.6234743958518,240.90975511264836,241.82048227322284,3499600
2023-09-13,242.69203186035156,244.87579569103295,241.49732350003615,242.0261217360619,5657000
2023-09-14,236.4932861328125,240.44952335099904,233.8002984025217,239.92072506227356,12000000
2023-09-15,236.07220458984375,239.03938619684945,235.05375724039067,236.88498408933245,13077900
2023-09-18,239.5877685546875,240.14594367528784,235.7784157405998,235.94488954647875,4771600
2023-09-19,238.51055908203125,240.03821507479046,236.45410483887343,239.92070767302337,4709000
2023-09-20,236.84579467773438,239.46043883764546,236.65973133897637,238.57910348215043,5756600
2023-09-21,231.7046356201172,235.78818197817318,231.371688038105,235.77839467603613,6881500
2023-09-22,230.2063751220703,232.86018363247553,230.01052446641395,231.84175125759413,5935500
2023-09-25,228.5220184326172,230.58827484807165,227.39586602551034,230.50014429985205,5921600
2023-09-26,224.88894653320312,227.84634081759248,224.8399950749012,227.12167693686334,6193200
2023-09-27,224.74205017089844,225.8975794656336,223.19480463370888,225.4862886178916,6006700
2023-09-28,226.85728454589844,227.71903043806245,224.9085353648828,225.88780360696046,4203900
2023-09-29,225.24148559570312,228.1988799049937,224.88894842676487,228.01281654604742,6045200
2023-10-02,226.475341796875,226.57325964319168,224.02717150227355,224.48742871305427,5175200
2023-10-03,224.0663604736328,226.94541144980704,223.05771539591834,225.6919493155124,5585700
2023-10-04,226.42637634277344,226.89642085740408,224.1348925236976,224.7224444313745,5430900
2023-10-05,228.63955688476562,229.3348439475307,225.44714762860156,225.63321099507877,6126200
2023-10-06,230.1671905517578,231.68505924628008,227.9246729542955,228.33596380412692,6401300
2023-10-09,229.57962036132812,230.2944819047872,226.89642033420913,227.9736212428014,5372200
2023-10-10,231.6948699951172,233.28127975161254,229.4229605212966,230.03010204441017,4644000
2023-10-11,230.7939453125,233.56527638908074,230.02032993171628,232.625187190722,4760900
2023-10-12,231.87112426757812,232.8014260733696,230.02030795875933,231.80258326333512,4472800
2023-10-13,232.74269104003906,233.70236977354523,231.3325423216515,231.48922883312747,4966800
2023-10-16,235.09292602539062,235.71965708123517,233.38899396304123,234.0451018697498,6227300
2023-10-17,236.1995086669922,236.4737025929211,233.34983435560787,234.66206522106566,4527600
2023-10-18,232.5468292236328,235.8371710946489,232.07678465418692,234.98521251081934,9528300
2023-10-19,228.9626922607422,232.98748510435684,228.57099096317907,232.54681740898667,5927400
2023-10-20,228.5416259765625,230.88207646574438,227.81696210176216,229.27607715445365,5748300
2023-10-23,226.72996520996094,229.59922880678448,226.48514815989685,226.563491409011,5071700
2023-10-24,229.7852783203125,231.6263073272478,228.0617716588381,228.0617716588381,6844100
2023-10-25,231.93966674804688,233.53586366785416,226.49492329545424,227.4350272918752,10365300
2023-10-26,226.48513793945312,230.72537084831066,225.58421302896633,229.70693854067878,6414500
2023-10-27,224.51683044433594,226.59287430266275,223.30253246435285,226.377434097465,5540900
2023-10-30,228.2478485107422,228.54163197810294,225.26107732039563,227.3763003544556,5170300
2023-10-31,230.22598266601562,230.8331242287418,228.15972596107028,228.7277033665828,4828400
2023-11-01,233.6337890625,234.08424402838762,230.79390255875919,231.2443724670924,4996200
2023-11-02,238.20700073242188,238.20700073242188,234.24096134941516,234.93624837843956,6286700
2023-11-03,238.5497283935547,240.23407081455184,237.23749771037353,240.038205229711,5029800
2023-11-06,238.44204711914062,239.70529666933248,237.58028622136715,238.9414685799237,5254100
2023-11-07,239.6954803466797,239.98926379375808,238.33429815291504,238.36367500337818,4219700
2023-11-08,239.36181640625,240.18614934132154,238.2725139655274,238.94964993871423,5117500
2023-11-09,237.13414001464844,239.92117896073154,236.47663529686352,239.7739819993836,4866600
2023-11-10,240.6768341064453,240.6964653601232,237.45799731919078,239.43051154743387,4094400
2023-11-13,240.10765075683594,241.0988119540753,239.55809544057414,240.43149906268863,4088500
2023-11-14,242.3353271484375,243.3068570947772,241.0006863872274,241.5796810990827,14092000
2023-11-15,243.4835205078125,243.61110120376398,240.76516820270058,242.20775847107788,13258900
2023-11-16,243.9349365234375,244.79851703095002,242.65917455470893,243.95455280310736,7051600
2023-11-17,244.90646362304688,245.57379148055787,244.0232518718584,244.7985141890786,7238200
2023-11-20,245.308837890625,246.25092848981743,241.02032959542967,244.95555017236282,8604200
2023-11-21,247.5266571044922,248.61595950753016,245.36768355074122,245.36768355074122,7213700
2023-11-22,248.98887634277344,249.79357799025502,247.94864459214074,248.28230100757804,5701400
2023-11-24,249.55807495117188,249.95061016784877,248.7729895435594,249.4501255204469,1640900
2023-11-27,249.4010772705078,250.22541028410794,247.81129003367042,249.55809736098212,5478900
2023-11-28,248.22344970703125,249.4108785446865,246.91824831763242,249.1164846009767,5234900
2023-11-29,249.48936462402344,251.29506549280853,248.7926123918212,249.18514759523725,4955100
2023-11-30,251.89370727539062,251.98202546083297,248.44916327479942,249.50902642288747,6874700
2023-12-01,251.66799926757812,252.11941328071623,249.16553104467576,251.02028769263322,3939400
2023-12-04,249.69546508789062,252.59046847958118,249.60714690981254,251.13805522686752,5247500
2023-12-05,249.86228942871094,250.06838014862166,247.43834630622112,249.45012296314803,4199100
2023-12-06,249.54824829101562,252.04087832743298,248.80242540022533,251.0301009075676,3874000
2023-12-07,251.04974365234375,251.36378381500455,248.77299739583023,250.1370775320875,3589300
2023-12-08,250.9712371826172,251.26564609573592,249.13609677625746,250.2450305268256,3732300
2023-12-11,251.73666381835938,252.8259812347421,250.2450180218132,250.2450180218132,6479300
2023-12-12,254.72000122070312,254.87702130619843,251.61892191633834,252.50213369229536,5946600
2023-12-13,257.4874267578125,257.58556805583487,253.86623148497873,254.31764551765835,4859900
2023-12-14,253.9054718017578,258.341176568592,251.6189025466195,258.28229778462867,8168700
2023-12-15,253.2185516357422,253.55220811231243,249.70530556822445,249.76418436123558,13374000
2023-12-18,253.55213928222656,254.74939099597879,253.13998784303257,253.87600250439223,6041100
2023-12-19,255.14198303222656,255.4854626071281,252.4040294445861,253.78771096168444,8731200
2023-12-20,252.315673828125,255.95651528618012,252.28623443392192,255.64247511566793,7240900
2023-12-21,254.7003936767578,255.14198460562304,252.24701091021728,252.7082480682677,6246700
2023-12-22,253.61105346679688,256.33921366118426,253.4049777184289,255.15178489399324,5111500
2023-12-26,254.32745361328125,254.8966251905688,253.70919641562145,253.70919641562145,2085100
2023-12-27,254.10171508789062,254.92604798158064,253.49328104363246,254.41575522315796,4034700
2023-12-28,255.54432678222656,256.1037052052012,253.71902449485867,253.71902449485867,3020500
2023-12-29,255.49526977539062,256.5845572737417,254.82795689630066,255.71116864198066,4074900
2024-01-02,254.0428009033203,255.2400525472298,252.8651954829495,254.76899240997457,5471000
2024-01-03,253.16944885253906,254.03301430553284,252.07030837428954,253.72879728207138,4148300
2024-01-04,254.76902770996094,256.1723852044021,253.18906381878242,253.25776571366382,3843000
2024-01-05,254.84759521484375,256.5845794631794,253.92512088223052,255.91726652638025,3748400
2024-01-08,257.6444091796875,257.7229042375185,255.10270865963435,256.0742384864324,4659000
2024-01-09,258.4197082519531,258.7043090471182,256.27057243570107,257.11452175778385,7055800
2024-01-10,259.62677001953125,260.4216636232584,257.95845779403106,260.02912837858764,4355800
2024-01-11,259.106689453125,261.22641600193896,257.50707891291887,260.51001736994107,5599000
2024-01-12,259.2440490722656,260.5982911280437,258.7926051051545,260.18613961713856,4656100
2024-01-16,260.2940368652344,260.70621826573125,257.45794252202035,258.6061086582007,6196400
2024-01-17,261.65814208984375,262.1193791747067,259.4599210633559,259.48936045394225,5118700
2024-01-18,263.1399841308594,263.7680344211494,261.4520559247157,262.88482279028085,6694300
2024-01-19,265.8485412597656,266.09387952780685,262.070325942227,263.17925970553637,7226500
2024-01-22,266.1429443359375,267.2714942909613,265.3185814650942,267.163529888237,5984300
2024-01-23,266.20184326171875,266.80045425892723,264.87701062796293,266.48641408898885,5883000
2024-01-24,266.5845947265625,267.7720237305091,266.02521620665743,267.48745286124375,5021700
2024-01-25,267.5265808105469,267.69342396911645,265.750334582803,266.87891429695406,6894900
2024-01-26,262.94378662109375,265.81914439493147,260.6474236586466,260.9810801627433,8586500
2024-01-29,268.5570068359375,269.9407178571189,261.73659299826875,261.9917543059861,6574500
2024-01-30,271.9819641113281,273.4442003718644,269.0771677648213,269.4697029551305,6549000
2024-01-31,268.1645202636719,274.769006537877,268.0859952554599,271.9525283257164,6139300
2024-02-01,271.88385009765625,272.0212538997301,268.26265495294115,268.29212429497267,7065000
2024-02-02,272.01141357421875,273.3068067038703,270.5393840946647,272.43338817071367,4848700
2024-02-05,270.4412536621094,272.8161411618009,269.99966276962715,272.2273233566402,4899100
2024-02-06,271.5992431640625,271.717000722458,268.92013891650805,269.6757698818886,4400000
2024-02-07,274.1802673339844,274.32746431483673,271.8936977535003,274.1704442190872,4785900
2024-02-08,271.1421813964844,274.95693588343585,270.65058994207027,274.83895873507424,5833400
2024-02-09,271.78125,272.51863719712327,269.48060554549886,270.37530561186514,4618300
2024-02-12,270.44415283203125,272.01725162022933,269.62809414616254,271.7812672991632,3676200
2024-02-13,271.1717224121094,273.3248957538288,268.1730260251898,269.14636767126126,5493800
2024-02-14,272.8922424316406,272.9709138658256,270.0901651749277,271.82057667466694,4218400
2024-02-15,276.2547607421875,276.39239075523545,272.8922617946741,272.98074466113985,4834800
2024-02-16,273.8754577636719,276.39240387717933,273.19705908419735,276.2350909945396,6630700
2024-02-20,270.5228576660156,272.1844397123658,268.7432984336665,269.9526245988972,6157200
2024-02-21,272.105712890625,272.31217290135186,268.93002127671133,270.0115284830257,4770100
2024-02-22,278.9781799316406,279.2829642653137,274.2884077613213,274.4850263612977,5100200
2024-02-23,278.8306579589844,281.1411436217094,278.7323336746295,279.93181793329785,5107700
2024-02-26,279.3714904785156,280.55132227887407,277.9065571633053,278.28017156689776,3856900
2024-02-27,278.407958984375,279.39114203972144,276.80536580346177,279.39114203972144,4145200
2024-02-28,280.8265686035156,281.31816010966486,277.33625090723734,277.3559337702765,4358800
2024-02-29,277.8868408203125,280.85604250028405,277.4345550643541,280.69872962921534,6633700
2024-03-01,278.3980712890625,280.11864134999956,277.3657112498838,278.4374070059621,3955700
2024-03-04,275.8122863769531,278.24074924010654,273.45265351501143,278.0539420964517,5920300
2024-03-05,274.681640625,276.26455067589967,273.01021771015775,275.55665779488373,6227900
2024-03-06,275.7139587402344,277.25756301194997,274.61279875166457,275.29119731682977,4535200
2024-03-07,273.5804748535156,276.4415406041275,271.51578482680645,276.15640917076723,5668500
2024-03-08,275.33056640625,276.9331594427294,274.1408934133569,274.30804771962187,3928800
2024-03-11,275.8418273925781,276.04828742682975,273.31503981454233,274.7505086357406,4614000
2024-03-12,279.1452941894531,279.69587419736376,275.57633556378806,276.5791712915481,7988700
2024-03-13,280.34478759765625,281.28863478410346,279.04697896356566,279.8728490022521,5783800
2024-03-14,281.59344482421875,284.1792208983303,279.76470885368,284.1005494563911,5484500
2024-03-15,278.28009033203125,280.8265303868246,277.8868231815031,278.78149319710155,9845000
2024-03-18,280.25628662109375,281.41646530013253,278.4865693208878,279.09613794641734,4095600
2024-03-19,282.51763916015625,283.2156906842627,280.45294887310115,281.8392404943472,6595200
2024-03-20,284.4151306152344,284.9952048900262,281.8981849464202,282.8027263606936,6105000
2024-03-21,285.4867858886719,286.0668601422893,283.0583231635372,285.0935187680924,5057600
2024-03-22,278.4964294433594,285.60482341382533,278.1326565297968,285.1230733395792,8744100
2024-03-25,276.48089599609375,278.73239357291385,275.33058863458666,278.2506434817156,8519200
2024-03-26,275.881103515625,279.3517376476926,273.7279307533472,279.3517376476926,8752400
2024-03-27,274.3277282714844,276.5202373102181,272.32205642000446,275.53705424422617,5190700
2024-03-28,274.38671875,275.0946117625775,272.4596883285704,273.8066443375827,5844400
2024-04-01,273.60015869140625,276.16628187351216,272.13522565143967,275.64516608950964,5084000
2024-04-02,273.7574462890625,274.63246345888575,272.32200767089864,273.32484341711825,6912300
2024-04-03,272.3023376464844,275.76316078517993,271.90907047282224,275.76316078517993,4536600
2024-04-04,269.3921203613281,274.3866763982249,268.9595174757274,273.67878349491116,4018600
2024-04-05,272.4793701171875,273.2855574303677,270.404838239537,271.45685132430845,4392100
2024-04-08,273.0888977050781,273.3051991478462,270.52277467931276,271.6042818931533,5542400
2024-04-09,272.06640625,273.3248793142941,268.723589985878,272.9611063979195,7313900
2024-04-10,269.86407470703125,272.1647192759144,269.51011323254585,270.7882691070565,5276000
2024-04-11,271.0438537597656,271.83041807973797,267.602713621334,269.39211369436504,8102300
2024-04-12,271.3191833496094,272.3417021125539,269.4511415742591,270.9160747026374,9038400
2024-04-15,266.7178649902344,273.23637263980584,265.79367063242825,273.21671978270683,10267500
2024-04-16,266.7867126464844,269.5199601821668,265.62656390929027,265.99033681804065,8237100
2024-04-17,268.1041564941406,269.39212373647337,266.93416640311136,268.7038836813872,5940900
2024-04-18,266.806396484375,268.5564612247517,265.3217803828467,267.9862282213252,8231800
2024-04-19,265.24310302734375,267.4257704421565,263.7781699891856,266.90468466316065,7905400
2024-04-22,267.750244140625,269.15621879647557,264.83018909288535,266.3934766474453,6463700
2024-04-23,269.5002746582031,270.2671861936572,268.1238244747542,269.40198036281396,6438000
2024-04-24,270.3949890136719,278.2408004789247,269.87390320234886,277.81803897253087,8807200
2024-04-25,270.5326232910156,271.5747948144634,265.9411457267085,268.37945023678463,8064600
2024-04-26,269.9033203125,272.11548152117933,269.22492180815647,270.38510026757496,6840600
2024-04-29,267.2684631347656,269.8542392256118,266.53107588472346,267.7404017763637,4128600
2024-04-30,264.0927734375,267.5044196762189,264.0632791474278,265.98049801521427,6376400
2024-05-01,262.82452392578125,266.35414779436445,262.22476660870325,263.64055272925174,6119900
2024-05-02,263.10955810546875,264.93829387837286,262.16571093474823,264.82031673257785,5061700
2024-05-03,263.9748229980469,264.9187003846301,262.0182982150245,264.47625598439623,3862000
2024-05-06,268.08453369140625,268.19266942410326,265.03666025547466,265.1153016970393,3958700
2024-05-07,271.810791015625,273.2069242174449,268.24183156729856,269.11687892707755,6377100
2024-05-08,272.52850341796875,273.8656179216206,270.2966887665655,273.12823065742197,9029700
2024-05-09,273.8557434082031,274.1015391063138,271.7517178302841,272.1449849463896,8948800
2024-05-10,276.0187683105469,276.3038997636827,274.5439939040928,274.848778214411,8986400
2024-05-13,274.6915283203125,277.4050931509394,274.40639683295143,276.7266944421913,10528400
2024-05-14,273.0692443847656,275.2814061960599,269.6575980800617,274.7406675328228,18526100
2024-05-15,276.7660217285156,276.99216462599304,272.41052812580716,272.4891695659409,21288400
2024-05-16,275.6430969238281,278.14501169904804,275.0718086982505,277.5145956681712,10341500
2024-05-17,275.8992004394531,276.6970500428242,273.92919548102776,275.8499322795584,6177800
2024-05-20,274.3625793457031,276.0666142744857,274.00796284741693,275.03237376926955,5460900
2024-05-21,271.81146240234375,274.2542494584083,270.75750247224266,273.83070558141543,6578200
2024-05-22,271.44696044921875,273.90946656065256,270.9938677414839,271.3977223509457,4202500
2024-05-23,270.1172790527344,273.27912904322085,268.93526388587685,271.11211125728016,6115900
2024-05-24,270.3733215332031,271.112073394343,269.25043433541344,270.8855420619231,4339700
2024-05-28,266.916015625,270.34380543794833,266.177263674293,270.1172740780636,6212100
2024-05-29,264.8277893066406,267.0736241319912,264.2368117840687,264.96570410183693,5469700
2024-05-30,267.2311706542969,267.56609796255077,264.2860227496583,264.6701881597718,4901900
2024-05-31,268.373779296875,268.669298090037,264.97553862469834,267.3690875438638,8910000
2024-06-03,266.324951171875,269.03370774594225,264.03973841137986,268.994299233551,4838800
2024-06-04,268.3343811035156,268.8958096554375,265.2710078477569,265.5862158466567,4188500
2024-06-05,270.38323974609375,270.80678369051935,267.94042224121466,269.42778592965885,5368700
2024-06-06,272.8851013183594,272.9934371647316,269.9694722720157,270.67867527519513,4862400
2024-06-07,274.4906311035156,276.1257086292697,272.70774911046493,273.5450071596032,4515600
2024-06-10,270.9151306152344,274.38232903646826,269.2800226492285,273.96864476717565,5213800
2024-06-11,270.5506896972656,270.7378125446905,268.1374211933362,270.42263454384715,6244600
2024-06-12,266.265869140625,273.43668576459487,265.8521548858296,272.61911689865536,7536600
2024-06-13,267.1228332519531,267.78276810051005,265.2808833667306,266.2658858773216,7361200
2024-06-14,266.60076904296875,267.477405599951,265.2316011968135,266.0491700709623,8537300
2024-06-17,267.1031188964844,267.7531940396167,264.965650423225,264.965650423225,9258200
2024-06-18,269.5164489746094,269.79224854357363,267.2312353689636,267.2312353689636,6707500
2024-06-20,272.66839599609375,273.87010023408544,269.00418553761835,269.0928321543689,10164400
2024-06-21,271.0924072265625,273.3776203924522,270.46199115601667,273.0131742528709,14594700
2024-06-24,272.15618896484375,276.184875794111,271.1416375540709,271.1909057168588,24149600
2024-06-25,269.4277648925781,273.76177039969366,269.4277648925781,272.69798079863307,18325800
2024-06-26,269.4967041015625,270.34379186710163,267.67444336931453,268.81704993623816,12172000
2024-06-27,262.5918273925781,266.53183761051224,262.5031807698617,264.48304552353915,10529100
2024-06-28,258.53363037109375,264.5717010426957,257.33192601181986,263.1927034320273,13957300
2024-07-01,259.29205322265625,261.78410839083426,257.38114593291914,259.83382264349837,7955800
2024-07-02,264.2072448730469,264.2072448730469,258.46466317159474,259.29206170661115,8697800
2024-07-03,264.95587158203125,265.70448326712244,264.1284729058292,265.0346886330395,5017800
2024-07-05,266.3052673339844,266.4924202178958,264.217066797595,264.96567833324076,7986400
2024-07-08,262.4046936035156,267.36911525625493,261.9811496886311,266.19695972630404,8561100
2024-07-09,261.4590759277344,263.5374168528644,259.9618828924733,262.9956774812605,6431300
2024-07-10,259.0556640625,259.52847609603816,254.6330123446287,255.23384945610178,9635500
2024-07-11,258.61236572265625,259.67618513843024,256.84923308595637,258.1986815519899,8803600
2024-07-12,261.7545471191406,263.3896548287794,259.70575520507043,260.37554967121935,6627800
2024-07-15,264.4239501953125,265.2020805773541,261.271929968158,261.6856442711805,6845200
2024-07-16,265.2119445800781,266.15753863980524,263.36013492068815,264.4928818753468,7869900
2024-07-17,268.6101989746094,268.8170410868447,264.2170660964311,264.4140786242018,5324700
2024-07-18,265.1134033203125,269.5163654727929,264.532255482186,268.20632544106525,5550800
2024-07-19,261.4787902832031,266.8864751738029,260.346043268342,266.26591870603784,6839900
2024-07-22,263.69500732421875,264.37466144490134,261.04534822993793,263.222225368885,5313600
2024-07-23,260.81878662109375,263.68514713214586,259.9027115691897,263.517683502477,8109200
2024-07-24,250.35809326171875,253.3426647791927,249.33369723544922,252.22960710175067,13065900
2024-07-25,249.93455505371094,254.34736231533594,248.91014397426014,251.55980326617805,8573300
2024-07-26,255.56878662109375,257.28271172291113,251.75683106377457,251.75683106377457,7062200
2024-07-29,257.6766662597656,258.7700046325278,254.70193939930846,256.41586423159106,6068100
2024-07-30,259.1541442871094,260.33612916235137,257.09549282399945,259.28219941206885,5941800
2024-07-31,261.6856689453125,262.3652931231069,260.286951946907,260.57261113402626,7642500
2024-08-01,261.94171142578125,262.99567133050584,260.21795702567493,262.3357064195416,7269700
2024-08-02,262.5819396972656,263.9412478868261,258.9374486709387,259.8731829618018,7017900
2024-08-05,252.59405517578125,258.97688249225746,250.69299244737195,257.52892754795977,9631300
2024-08-06,254.3867645263672,256.5833009429697,251.93410280133386,252.65315044411548,21586800
2024-08-07,252.67282104492188,258.10019423645645,252.4659789444137,255.76574320819546,12908600
2024-08-08,255.9331817626953,256.5439085520602,254.05185347410983,254.25869557863413,8223700
2024-08-09,256.3772888183594,258.11434876225894,255.63705568244572,255.79497569919357,7228100
2024-08-12,256.50567626953125,258.19339988289624,255.86411659996736,257.1077182730638,26769400
2024-08-13,256.7425231933594,258.2723266355458,255.89370667821356,256.7425231933594,12005700
2024-08-14,257.7393493652344,258.0946468496802,255.37057898826276,257.4728461317335,8552300
2024-08-15,263.3256530761719,263.9079964575717,259.4172295986803,259.4172295986803,7397800
2024-08-16,263.8981018066406,264.9442957572884,261.9340258253589,263.37500483131674,5111100
2024-08-19,262.9999694824219,264.8160049779604,261.7761266772086,263.9376104187846,6555900
2024-08-20,264.54949951171875,264.54949951171875,262.31892036932373,263.5230343151961,6803600
2024-08-21,264.7074279785156,265.7634712133827,263.9079784608224,265.0627254885265,6639700
2024-08-22,264.45086669921875,265.9905498471615,263.09871176597704,265.43784462072955,4425200
2024-08-23,263.95733642578125,265.7042762301738,261.8550689627667,265.20093805070167,3697400
2024-08-26,264.7173156738281,266.84919140365156,264.18436933150207,264.2337061749931,4612200
2024-08-27,267.194580078125,267.42159577193473,264.40144669162356,265.0232172856683,6594100
2024-08-28,265.6846008300781,268.4382777863069,264.18440516641704,267.62894862609704,5455100
2024-08-29,270.74774169921875,272.395977662798,266.9281426528862,267.4512396518899,5565100
2024-08-30,272.77099609375,273.382917390115,270.6884878032068,271.4188415930403,6296100
2024-09-03,274.91278076171875,278.4165395967006,272.77102587047295,272.77102587047295,7278300
2024-09-04,276.83740234375,277.9823002428132,275.0707337117315,275.0805830083297,6107500
2024-09-05,274.9917297363281,277.83423041199063,273.79749511918175,277.34074154802613,6447400
2024-09-06,275.7319641113281,276.63011746167865,273.81722490203924,274.15279371642794,7187700
2024-09-09,281.8906555175781,283.2329607048231,277.98223268795635,278.41650523793277,10933900
2024-09-10,281.62420654296875,282.6704004702405,279.8772668991663,282.2065197575696,5314400
2024-09-11,280.26220703125,281.4564718531187,274.67590908124924,281.30840108731024,6281800
2024-09-12,281.65380859375,282.2756093356393,277.8046017632066,280.3016540255998,4160800
2024-09-13,283.6080322265625,284.9799154901987,281.8314543940147,282.7592157896395,4987600
2024-09-16,286.6972961425781,287.11180991362573,283.99295673453366,284.29891741512523,4458900
2024-09-17,287.7632751464844,289.2536214192857,286.3025370059822,287.11186611572697,5135700
2024-09-18,284.7233581542969,288.21723777629086,284.37790991049394,288.0395890063938,5890000
2024-09-19,281.5255126953125,287.68427409472054,279.18638033906973,287.2993383296834,10382100
2024-09-20,281.0616149902344,283.2625859964637,279.56141980313015,281.7821195191303,27810900
2024-09-23,284.8714294433594,285.1181739125969,280.9136385183333,281.1899911190724,6505600
2024-09-24,269.227783203125,277.3407413249829,269.15868753338475,276.53141235989125,13690200
2024-09-25,266.1188049316406,270.67863713544267,264.73704216081717,270.6194208824195,11671300
2024-09-26,268.1519775390625,269.68178094776766,266.4839827927094,266.97747164973293,9552500
2024-09-27,271.586669921875,274.3600748794886,269.2277787354845,269.60283508479927,6509600
2024-09-30,271.3694763183594,272.09983003164393,269.6422656892522,271.4188131454115,5969900
2024-10-01,273.9850158691406,275.42599487920313,270.78718763563114,273.3632150981758,5781600
2024-10-02,273.3928527832031,274.0245330379301,271.7840741371285,272.9684595546554,4741600
2024-10-03,273.254638671875,274.0738470514779,272.24793223495067,273.0671406145536,3036700
2024-10-04,274.3106994628906,274.8140677183084,271.51756588045515,273.73826566117833,4259300
2024-10-07,270.2246398925781,274.0047513282885,269.6817840714627,273.98502261704004,4339300
2024-10-08,271.37939453125,272.504563627352,270.44178373800236,271.132650093,4370900
2024-10-09,273.3237609863281,273.87646615697105,270.8464671351092,271.41890101892767,4115800
2024-10-10,273.856689453125,274.0540970309778,271.7643016566224,273.1756724657506,4063900
2024-10-11,274.221923828125,275.16941413599966,271.78408731960695,272.44537573583824,4746300
2024-10-14,277.02490234375,277.70591938784094,274.36992983740606,275.4457319499136,3996600
2024-10-15,275.65301513671875,278.95939651416774,275.19898370017546,277.3407385998891,5807000
2024-10-16,283.77581787109375,283.8547929545026,274.7252492163008,274.9917223524253,9442700
2024-10-17,286.6084899902344,287.14143630118883,283.8646628656324,284.81218321433846,8815800
2024-10-18,286.8354797363281,287.25002365988473,284.32854772284685,286.144613357296,5350900
2024-10-21,283.1145935058594,286.6578402629211,282.60134576288453,285.82878250908414,6313100
2024-10-22,281.0814208984375,282.7987526613262,279.83781921073324,281.3380146491048,5736500
2024-10-23,280.0648193359375,282.334856140083,279.8378036074546,282.31512742810787,5249300
2024-10-24,279.5318603515625,279.92664545689274,278.0612730331339,278.71268201100656,4679900
2024-10-25,278.06121826171875,281.3774486374821,277.123577466101,280.30164663629097,4464600
2024-10-28,280.48919677734375,280.93334879326915,277.8638324640313,278.3672007327242,4306200
2024-10-29,278.2093200683594,281.9795826691738,277.68622301475125,280.5681814579673,7534800
2024-10-30,286.3814697265625,291.92827990440657,284.57528356306744,288.533074009041,9606800
2024-10-31,286.0755310058594,292.48100750551697,285.8485152609382,288.2863517139946,7950200
2024-11-01,286.9538879394531,288.85877779895037,283.4501291393349,284.73318810609584,5470700
2024-11-04,288.0494689941406,289.332528050616,286.97366683628974,287.75335759022,4281600
2024-11-05,289.470703125,290.94129028524367,287.78294954198566,287.91126146445487,3753700
2024-11-06,303.39691162109375,304.9760818228505,298.87656741523347,302.3309890540036,10320500
2024-11-07,301.8177795410156,303.62396566471386,300.4557755666383,303.4956537398405,6237300
2024-11-08,303.8608093261719,307.0980948670595,301.70920524232514,302.8935904900366,6240600
2024-11-11,306.8711242675781,308.3713195504664,305.2721950690292,306.0519158971885,4674100
2024-11-12,306.396484375,307.08866421863587,304.6758575212446,305.5955148755108,4616400
2024-11-13,306.03057861328125,307.4841953515651,304.40884339944296,306.04044663365573,4046400
2024-11-14,304.8143005371094,307.82042568957394,304.3989685040484,305.85258535360987,4415800
2024-11-15,306.1888122558594,307.25676145547993,303.242016036872,304.1319787327947,5106300
2024-11-18,308.6806945800781,308.9279081011561,305.25926789804004,306.030572876706,4585600
2024-11-19,308.3741760253906,308.74994543481637,305.07140675020594,306.5447897927535,4885500
2024-11-20,303.9638977050781,308.8092771010547,302.8069250484739,308.3840468732394,6349900
2024-11-21,306.4458923339844,307.45454287160396,303.2321163749628,303.8748655312804,5757100
2024-11-22,306.4656677246094,308.11703712792496,304.46816318266525,304.5373902103909,5919200
2024-11-25,309.69921875,310.163981385233,306.40631768959116,308.38402589442404,14189300
2024-11-26,308.3445129394531,310.9946348587816,308.0676349803805,310.69799068028743,7071500
2024-11-27,311.19244384765625,312.84381354208597,306.04049148896274,307.30622371902496,5204300
2024-11-29,311.5681457519531,312.72511836119395,310.20355240269356,310.78697271763275,3853300
2024-12-02,313.12066650390625,313.88210352741316,310.2134328335428,313.36788004609747,5597500
2024-12-03,309.5212707519531,313.7832300492697,309.2839252171985,313.56568091258237,5009900
2024-12-04,306.4458923339844,309.36302412160813,305.35814674313656,308.9378240834601,5981800
2024-12-05,305.6350402832031,307.6226468652385,305.3878267352857,306.5250331976539,5200100
2024-12-06,307.5435485839844,309.0762604940309,305.3581591155506,305.4273861508262,4302700
2024-12-09,304.8637390136719,309.5212640421347,304.2111217951934,308.3543931465965,5785300
2024-12-10,308.8982849121094,309.4916034773687,303.2222713674017,303.9342174327899,4539500
2024-12-11,310.29254150390625,312.0329042273816,307.74128098530844,309.5509009169192,4321800
2024-12-12,310.7276916503906,312.03295636674306,309.9365901189551,311.31111205501554,3218500
2024-12-13,311.23193359375,313.4173229092999,310.83639798438617,312.30978095467543,4682200
2024-12-16,312.369140625,314.02051009637916,310.59908331087144,311.23193425170496,6562500
2024-12-17,314.75225830078125,315.28624798200747,311.62750579825223,312.29991936576187,8843900
2024-12-18,306.3272399902344,318.03526960471095,306.1096908682832,314.95004945881,10479200
2024-12-19,311.370361328125,313.3381711880981,307.76105015952044,308.3543384346872,8317100
2024-12-20,314.1688537597656,316.43333828656057,308.79938279329986,310.0750131379493,24387000
2024-12-23,313.6842956542969,314.425936221838,309.85743515417374,312.1317874903271,7984600
2024-12-24,317.0760498046875,317.9561444074211,313.7436164350993,314.62371103783295,2684100
2024-12-26,317.33319091796875,317.86718061204965,315.8993403203672,316.205882694624,2856000
2024-12-27,315.1082763671875,317.91661861484135,314.0205307345736,315.7114629313347,3489200
2024-12-30,311.7956237792969,313.57554931622667,309.73882026601274,311.1726407881406,3478500
2024-12-31,312.5174865722656,314.1194255312402,311.6769544755073,312.5965816293727,3963800
2025-01-02,310.895751953125,316.11690088018753,308.92794176767353,314.23808395073064,5369500
2025-01-03,311.40008544921875,312.39883786629866,308.53241425216015,310.6782110061148,4271300
2025-01-06,309.5509033203125,311.87471654640086,308.59171361326463,311.4989471510207,6567300
2025-01-07,308.1961669921875,311.67692251928224,307.8500620257808,309.4025701870642,4958600
2025-01-08,309.1158447265625,310.53979726140733,306.75246858281423,307.53367189035305,5161600
2025-01-10,304.2803039550781,308.37417464692055,302.5794735993142,307.7314254808764,6660100
2025-01-13,303.4991455078125,303.4991455078125,300.45345766075025,301.6005321584484,9568400
2025-01-14,305.6448974609375,306.7029785466022,304.0923893457956,305.3086907021847,5107600
2025-01-15,312.7547607421875,313.6546215576548,309.6398764901429,310.18373415191394,5222000
2025-01-16,313.7139587402344,315.6224398833675,312.2306776114389,312.2306776114389,4606700
2025-01-17,316.05755615234375,317.01674587752916,313.1799869767875,313.9611901989324,5805800
2025-01-21,320.02288818359375,320.96228156305006,316.433342624804,316.73988501127695,5653000
2025-01-22,319.9537048339844,322.10940003237135,318.7868639663187,321.15021012447414,5026500
2025-01-23,324.55181884765625,324.8484932052647,319.963551188837,320.1514358954253,5297100
2025-01-24,326.5196838378906,327.3997484238566,324.1563077066794,324.3639586484903,4327500
2025-01-27,330.8112487792969,331.7506420386333,324.3935653491583,326.3218428551842,6636500
2025-01-28,330.751953125,334.0645904473397,329.17967861846626,330.9398378311991,5999600
2025-01-29,332.1363525390625,333.3526238878957,330.7717289187212,330.7717289187212,5087300
2025-01-30,339.22637939453125,340.60090104814924,335.2215324495141,335.72585768608354,8081300
2025-01-31,337.9903869628906,347.3350721493429,337.90139369736914,342.6083498123156,8624100
2025-02-03,341.965576171875,342.14356269022744,335.4588984560319,336.21043732565704,8004500
2025-02-04,341.3030090332031,342.1534393074161,338.72211414757834,340.7591513133966,5532600
2025-02-05,345.545166015625,345.5847286278059,341.40186507953837,342.1435056264164,4939100
2025-02-06,343.6070556640625,346.7417064636075,342.7368591716228,345.88140816958366,4294500
2025-02-07,344.1409912109375,346.8405737536368,343.34002180833824,344.1212249929169,4261200
2025-02-10,347.31524658203125,347.9777619490786,343.82459271386426,344.8134468428343,6067000
2025-02-11,347.39447021484375,348.78118935341706,342.96685359611354,344.99740338171625,5154800
2025-02-12,348.15716552734375,348.49393802322834,344.1950934888747,345.84927186534827,6760100
2025-02-13,352.2579345703125,352.7036495503335,347.4044022314102,349.77172462275274,4279200
2025-02-14,350.4552001953125,352.0598346517353,349.8707981542828,351.0693165696755,5720300
2025-02-18,353.3475036621094,353.35738828711203,349.05854371371527,350.3363204216256,5822000
2025-02-19,351.8616943359375,353.76347182930823,350.8216323749367,352.6441817345037,4152300
2025-02-20,347.1666564941406,352.7531927223698,345.75022295853495,351.86173253630665,5697000
2025-02-21,345.22528076171875,349.96987104250786,344.1852488221624,347.1666878220573,6924100
2025-02-24,346.5426330566406,347.473722448865,344.0663379131105,345.4530873760571,5055900
2025-02-25,348.75152587890625,349.2467849454891,342.7192740753132,348.0383516138984,6191900
2025-02-26,347.3053283691406,348.4939318226065,345.6808643527306,346.6812971976712,5960600
2025-02-27,352.36688232421875,356.89355707892616,348.3453814493155,348.5632966299945,7298100
2025-02-28,359.27081298828125,360.54858980616444,350.35615005351343,351.34666815737654,15857300
2025-03-03,358.38922119140625,363.0644672454324,356.13084141613484,359.55802514786035,9099600
2025-03-04,348.89013671875,356.85387900556094,347.0774720031985,356.69539251148706,8955800
2025-03-05,349.3359069824219,350.7523405730608,345.6313790597623,347.5034425004098,8244200
2025-03-06,340.8966979980469,345.5620295808868,337.1624558066985,342.6796184087006,8611100
2025-03-07,342.04571533203125,343.1055769469399,335.9243207684384,337.6378977242864,6358700
2025-03-10,338.24212646484375,341.73865409490605,334.43854064676395,336.7167201504189,8204300
2025-03-11,328.9906921386719,336.38983323426663,326.4549380243545,335.20122966602514,9776100
2025-03-12,329.6840515136719,332.972578967543,325.9894079981889,332.7843781041566,6295400
2025-03-13,325.4346618652344,333.0121483998557,324.5927457864623,327.85152809251224,7915300
2025-03-14,328.6539001464844,329.61470393207657,323.28530886352866,324.1074256027689,7810600
2025-03-17,331.3778381347656,332.9230440451667,326.6332779155721,326.9007069364516,6149400
2025-03-18,331.5957336425781,332.61596607702717,329.1491527250644,332.1108224009264,7778300
2025-03-19,336.6473693847656,337.7963739657413,331.328292220608,333.6064716752345,5614900
2025-03-20,336.2808532714844,338.9948628560828,334.45830382075604,335.7855942828666,5432700
2025-03-21,332.4773254394531,336.2115679781129,332.3386383890838,334.1711030099289,17279700
2025-03-24,340.60943603515625,341.946641444444,334.44841257278733,335.4389306199321,5675100
2025-03-25,341.35235595703125,342.2537310901977,337.4398274479891,341.29292728699517,3931200
2025-03-26,340.91650390625,344.08617383853476,339.7476998321524,342.70933920430844,6187100
2025-03-27,346.5426330566406,347.51335163506087,340.06466672547856,340.73821174974785,7254800
2025-03-28,339.59912109375,348.2859535511646,338.3708581507587,345.8790019330555,5687600
2025-03-31,347.136962890625,348.52368217710676,331.318387714334,336.1323213716655,9950800
2025-04-01,343.0659484863281,347.1270787242815,339.32179129376533,347.11716387029634,7473300
2025-04-02,343.0461120605469,344.8984062549049,339.79721397944945,340.1835305387441,5682500
2025-04-03,336.17193603515625,341.4711834285377,327.8614750728613,330.73397137679984,8792900
2025-04-04,310.1609191894531,331.476856561617,309.1604862944522,326.8709537140164,13201700
2025-04-07,309.35858154296875,319.12507427754196,296.16487484686,299.2057722881851,12163400
2025-04-08,305.34698486328125,323.18622441068965,301.0481402033367,319.184523071027,9569300
2025-04-09,329.2779235839844,330.8627585841198,302.7419655415108,302.7419655415108,11361800
2025-04-10,321.5320739746094,327.02946770405526,310.2996020670138,324.9097444074877,8709800
2025-04-11,330.23870849609375,333.78478000715387,319.4816970910485,321.35376046801093,6804500
2025-04-14,332.0018310546875,336.38981873908637,329.9811960072831,333.2201791321437,5011800
2025-04-15,332.6258544921875,336.17192593813405,331.82353731276277,333.52722951943736,4386200
2025-04-16,328.1883239746094,334.0224896523211,325.74174324334496,331.82353842734574,5850600
2025-04-17,326.48468017578125,331.1500425303938,325.325790842298,327.9308584712715,5655900
2025-04-21,317.0648498535156,326.0290265671701,313.64755031725315,325.88045489781376,6362300
2025-04-22,328.2576904296875,329.4066950465462,319.3331429545686,320.78917553421263,5435500
2025-04-23,331.1995544433594,338.01432426430887,330.04066511653957,334.0423367442473,8906000
2025-04-24,332.5268249511719,333.5767717254321,328.10912266164996,330.1198732080026,8055200
2025-04-25,331.9919738769531,333.18057749224533,329.02041949640113,331.58585781755863,4452800
2025-04-28,334.30975341796875,336.1223881311056,331.84334294270866,333.586664366473,5422900
2025-04-29,338.28173828125,339.024626873053,333.269719000143,335.2903844337471,5519500
2025-04-30,342.2239685058594,343.2342859822448,330.0802081703665,331.2688418599344,9526700
2025-05-01,339.2029113769531,342.44189445205836,336.89498743985234,342.30320741835277,5849900
2025-05-02,344.3040771484375,346.7704573978665,342.8380995653833,343.92767545628766,6113700
2025-05-05,345.3342590332031,347.7213811511156,342.838133972943,343.70979477314717,3865300
2025-05-06,344.40313720703125,346.3346292627291,342.4815297766243,343.11544560835415,3438500
2025-05-07,346.53277587890625,347.8204373642482,343.9177934906729,345.39368606830146,5454000
2025-05-08,347.9393005371094,351.9608018178934,347.6223577017614,348.6623896705722,4156400
2025-05-09,349.197265625,350.44529789792756,347.3450015816956,348.49397599722533,3086600
2025-05-12,352.4758605957031,358.45859819120966,347.80061410492146,355.7346735038058,7985400
2025-05-13,353.3489685058594,356.0575542951484,351.80116626830494,352.7338019716863,5406200
2025-05-14,353.66644287109375,355.6011729876512,352.4262390216119,353.87481891826496,6207600
2025-05-15,359.4606628417969,360.87947902254115,353.88471131527825,354.0930873573594,5826100
2025-05-16,362.258544921875,363.32016658464596,358.06171486559305,360.1055681962749,5838100
2025-05-19,365.0168151855469,366.2570191174619,359.4805581559814,360.175054190804,5081500
2025-05-20,363.9651184082031,365.3640720527314,361.8319737377128,364.89775417122195,5281400
2025-05-21,355.49200439453125,363.1217405788203,355.27372731504056,360.8695413828492,6125500
2025-05-22,355.16461181640625,357.1787016171665,353.7656582683294,354.9562660517521,4936600
2025-05-23,350.7693786621094,353.21009160366094,349.4597159994554,350.9777244516715,5345900
2025-05-27,356.4842224121094,357.178748757171,351.70201884312473,352.62472334392714,6316000
2025-05-28,356.91082763671875,358.0815727779529,355.2340696469793,356.523869510588,3299000
2025-05-29,359.5599060058594,360.19490493166035,355.90875301774946,357.52598373608265,4590400
2025-05-30,362.3280334472656,364.16354117987345,358.5181308972202,358.5181308972202,8726900
2025-06-02,362.4570617675781,362.5959488686077,357.1390513547728,359.9270274804769,3845700
2025-06-03,362.9927673339844,364.00479304657324,358.6669508695834,361.7227998117515,5221300
2025-06-04,365.11602783203125,366.7630222431617,363.43926973846413,363.8361289304246,4202300
2025-06-05,363.8956604003906,368.09252134179496,363.0622470043474,367.10035821149364,6881900
2025-06-06,367.3186340332031,368.09252006100877,364.66954516201315,366.11812512767216,5008500
2025-06-09,363.7865295410156,366.89200491981944,359.2126418592025,366.89200491981944,4999900
2025-06-10,367.7948913574219,368.52908239841247,363.80637612121234,364.1238755956361,4109300
2025-06-11,370.3843994140625,372.56717031581684,366.48520575077885,367.1003420198875,5562700
2025-06-12,368.4893798828125,371.23769112704497,366.6538720393366,369.31289223541074,4874000
2025-06-13,350.0847473144531,360.16512779691794,342.29626111456923,358.67688318337633,14181700
2025-06-16,352.69415283203125,357.3969962788581,351.5531410341287,353.6962169826412,7234700
2025-06-17,355.03564453125,356.7818612982822,350.55107816313534,350.71972893634194,5559600
2025-06-18,337.7124938964844,355.67065275738554,335.3908357860153,355.04558513564075,15008600
2025-06-20,335.91668701171875,337.3354730580547,332.2952975478082,336.29371385556556,19332100
2025-06-23,341.05609130859375,341.6017689433206,332.99973117444733,334.85507146661934,7553300
2025-06-24,348.8742980957031,351.7813285652144,345.19338165837354,348.7651444154345,10172000
2025-06-25,342.5542297363281,348.5369718110771,342.5542297363281,347.70355846933853,6836300
2025-06-26,343.3182067871094,344.19131518637215,339.34955426567194,341.0858397438008,8829500
2025-06-27,345.87799072265625,349.2513697483831,342.95112751652147,343.8738320046377,6601900
2025-06-30,352.26751708984375,352.82312603597677,346.3244694633048,346.61220525704334,7080100
2025-07-01,352.6842346191406,354.2022430209509,348.6659859903535,351.0471714843909,6653400
2025-07-02,351.4440612792969,353.56727485117494,347.2571312287732,351.82108815203514,5131400
2025-07-03,356.0476379394531,356.1865553080315,350.8387816292382,351.8111123740411,3702800
2025-07-07,353.8450622558594,356.8413839154133,351.7118873697056,356.1071929110492,5138000
2025-07-08,351.77142333984375,355.4722026908787,350.48162339060764,353.8847356375311,6966800
2025-07-09,354.9562683105469,354.9562683105469,350.9776847253452,352.28734723976163,7297100
2025-07-10,353.09100341796875,354.81735749620714,350.6800543890329,354.0335401813594,6121300
2025-07-11,345.2032775878906,351.0372010797097,341.6910422435611,349.7474012452492,7580200
2025-07-14,347.753173828125,349.2116548267861,342.30620798421825,344.6675610561854,5598900
2025-07-15,344.3004150390625,347.4654176306237,344.04247323214094,345.3918004634653,4891700
2025-07-16,347.1578369140625,347.9218218226459,343.0899624497605,344.568305948555,5544200
2025-07-17,347.06854248046875,348.61631436438563,345.74897899064166,347.25705587593154,4747100
2025-07-18,346.31451416015625,346.7609996616444,344.4393416664182,346.7609996616444,4927600
2025-07-21,348.1897277832031,350.878481360664,345.6696249802432,346.32445627290593,5216300
2025-07-22,349.10247802734375,351.7019706655247,347.4555140009124,348.348454694803,4614200
2025-07-23,352.505615234375,352.9917654352618,348.4575730721077,350.233553393048,4385600
2025-07-24,351.19598388671875,354.3808190519768,351.08683019778255,352.03932860182005,5887200
2025-07-25,354.241943359375,354.8471483537365,350.24352703305897,351.22575887301724,3915400
2025-07-28,352.6842346191406,355.51190564011716,351.9500435804033,353.587106715153,3921000
2025-07-29,348.5369873046875,355.5118927551465,348.0607381117744,353.49780285347526,7402300
2025-07-30,348.15997314453125,353.8252162293928,344.50882003461373,348.94379050771136,12129700
2025-07-31,342.7625732421875,350.0549777823355,342.38554643517915,346.1954489487554,8641700
2025-08-01,336.6905822753906,343.45714245165067,335.4503782963877,341.40335739560163,8658700
2025-08-04,339.4685974121094,341.6811320175358,337.33545281031536,339.02214218573283,7335300
2025-08-05,334.78558349609375,339.7761626172852,332.920312046224,339.4685944822976,7295600
2025-08-06,337.0774841308594,338.7542422032053,332.80126356389377,335.6487668351514,5944100
2025-08-07,329.4874267578125,339.4685847129542,326.1240097312719,338.75422609906036,8797100
2025-08-08,334.1406555175781,334.735959376091,330.12240745983763,331.0649441472719,6073900
2025-08-11,333.267578125,335.2122093165709,331.8884871653662,334.09109045117117,5715800
2025-08-12,334.6888732910156,336.587242929882,332.7706363935579,333.1582754237832,5682800
2025-08-13,340.4635009765625,341.38785935835847,334.728657215954,334.9274511399668,5693400
2025-08-14,343.38555908203125,343.97196166407275,339.5888503248866,340.85110364571915,6224000
2025-08-15,342.3717956542969,346.2380854537843,340.77158657311065,344.14095226059266,4946600
2025-08-18,340.6523132324219,343.624121351659,338.87323821047045,341.74561904560153,3999600
2025-08-19,340.3641052246094,344.23039496279586,339.80751868302826,340.4734206412774,4457200
2025-08-20,341.8350830078125,345.32371297653333,340.7616747345022,341.30831250051983,5834400
2025-08-21,341.5965576171875,342.4214886711618,337.65073800912535,340.8014426174124,6073600
2025-08-22,347.9078674316406,349.060805354294,343.11721942501816,343.11721942501816,4973200
2025-08-25,346.6953125,348.5837333584902,345.3833454620917,347.4804786983468,8019800
2025-08-26,349.0408935546875,351.247372357374,345.3336330532158,346.56607028891256,5876200
2025-08-27,348.2159729003906,351.27719882331735,347.70906967894945,348.57376552844954,5531100
2025-08-28,347.7289733886719,348.901809010869,346.47666872749693,348.4644866429367,4987100
2025-08-29,349.6372985839844,350.48212728045485,346.8742328422338,348.3253314552322,3671900
2025-09-02,347.93768310546875,348.0370800581514,343.97196611477676,347.18230266311,4940300
2025-09-03,348.7328186035156,348.75271619423893,345.14482195436545,347.21213916614755,4176400
2025-09-04,348.8520812988281,350.4821064829821,347.0232925301605,348.5936856057911,4324000
2025-09-05,341.1294250488281,350.47216294861687,338.1278309918862,349.239725578376,5448300
2025-09-08,340.2149963378906,342.28234378702916,338.9229269309479,340.2547611858296,4711600
2025-09-09,341.89471435546875,344.2105390887196,339.2111785123135,339.6087360077781,4646200
2025-09-10,336.0604553222656,340.52309635014575,334.39069573479895,340.52309635014575,6557900
2025-09-11,341.39776611328125,341.4375309630588,335.812002821413,336.6667802673183,5157600
2025-09-12,337.36248779296875,341.0995949314907,337.10409210670593,339.14159320178965,3518300
2025-09-15,336.98480224609375,340.62251247969215,336.32884906041363,338.53529771199567,4367500
2025-09-16,337.9588623046875,338.4657655802034,331.4388219565332,334.1919388550944,5527700
2025-09-17,344.0912780761719,344.0912780761719,337.45194348017264,337.8693985698965,5763500
2025-09-18,336.1201171875,343.1669279142228,336.1201171875,342.63023892681883,7526600
2025-09-19,339.5292053222656,340.60264392176015,336.189685972044,338.37629768827907,13674300
2025-09-22,342.262451171875,342.7594056174132,336.5971886917546,336.9450628699698,5621800
2025-09-23,336.636962890625,343.15700297065035,335.5734730680278,342.49107064918775,10142700
2025-09-24,336.6170654296875,337.82963552421586,335.8617152767486,337.0643365759445,5207400
2025-09-25,332.889892578125,338.1278117672275,332.4724678359285,336.2890742801839,5398700
2025-09-26,335.3150634765625,337.43209443018236,334.1820230262148,335.1759319936086,9619200
2025-09-29,338.0880432128906,338.5651303875767,333.5061075720199,335.32497778101134,7217800
2025-09-30,339.30059814453125,343.504813044813,336.44808468151257,337.75010281040477,8164400
2025-10-01,345.7113037109375,347.2319830459177,338.23712004026567,338.23712004026567,8381000
2025-10-02,343.8427734375,345.06526189168704,341.4673167637676,344.11111790341386,5198000
2025-10-03,347.7090759277344,351.0088606603595,343.8924695013947,344.0017849180358,5199700
2025-10-06,347.15252685546875,348.9813157364123,342.25256287024825,347.8780913293057,4735600
2025-10-07,350.27337646484375,352.28106145798284,347.9277357648328,347.9277357648328,5044600
2025-10-08,349.2198181152344,352.83766108671625,348.96142242562325,351.62509100999563,3927500
2025-10-09,344.9261474609375,350.72062290644016,343.47501865204845,349.32915653572434,4434800
2025-10-10,341.5567932128906,348.26567840170134,341.15923571248493,345.5125616214063,6296200
2025-10-13,341.2088928222656,345.54235113946817,338.654570154181,341.62634788123336,4030700
2025-10-14,346.25799560546875,347.87807200376733,338.1476951502928,338.922942897318,5731000
2025-10-15,343.5843811035156,347.9476255421836,341.90467258202773,346.257998556928,3778200
2025-10-16,333.3570556640625,343.58438724938117,332.13456706821194,342.8985876475505,6241500
2025-10-17,339.8075256347656,341.3580210797031,334.947296593821,335.7125955212286,6267100
2025-10-20,342.3121643066406,342.8588020632433,336.8754814672657,339.8174432876053,4665000
2025-10-21,345.0951232910156,347.52026359247617,340.9107750406794,341.03003926342427,4121800
2025-10-22,343.25634765625,346.04925944438435,342.40160060003063,345.70138527874275,5074400
2025-10-23,343.85272216796875,345.0354762117039,342.36185878494393,344.0912809348041,7217200
2025-10-24,345.2640686035156,346.95369548589787,343.2166187549461,346.07908115767793,3576700
2025-10-27,345.701416015625,347.39104302059707,342.9085343108621,346.8742212893751,5400300
2025-10-28,344.7870178222656,347.75882628704244,344.3894602980729,346.45677762289193,7445400
2025-10-29,339.20123291015625,348.8421615073119,336.9351217998146,343.89248419686095,8361700
2025-10-30,342.9283752441406,347.5898102579444,339.7081202204845,340.13549375378375,6411800
2025-10-31,338.6645202636719,340.9107641593183,336.1101973568976,339.99635459463684,7301600
2025-11-03,334.847900390625,339.1316452981042,332.78058323662754,338.92293292319545,5538000
2025-11-04,338.2271728515625,338.2470704410406,332.2140363825504,334.4304640592759,5920200
2025-11-05,337.9687805175781,340.02614882560056,334.31117282530045,338.0582286760407,4984600
2025-11-06,334.90753173828125,336.5872401922106,331.67732783944683,336.52760808522896,8507900
2025-11-07,333.9732666015625,336.22945927726096,332.8104101431719,334.67896377827793,5318400
2025-11-10,332.8103942871094,336.6170519487371,332.28362379436834,334.5994181371036,5295800
2025-11-11,336.8556213378906,337.02456886695035,331.1704611557986,333.4564395175788,4453300
2025-11-12,337.4830017089844,342.84082799232743,336.00909193847133,336.8555939661864,6389600
2025-11-13,334.69451904296875,340.05234521127755,334.2165172619738,337.64233852070424,4961700
2025-11-14,328.6595153808594,334.69453121965483,327.673606279917,334.5053424356423,6422300
2025-11-17,324.4071350097656,331.9857491168007,323.5905080665981,329.79483658587384,6494800
2025-11-18,319.85595703125,323.66021671870755,316.6890735893815,323.16227792375565,9170400
2025-11-19,322.7838439941406,323.2320010724391,318.5513641791292,320.1945561466027,7066700
2025-11-20,322.4352722167969,327.04619026174174,321.8078948722729,322.783835447158,6510300
2025-11-21,326.6279602050781,329.71515658413585,322.9531692720462,324.03867225561385,8930000
2025-11-24,327.9424743652344,329.36660239989675,324.65609051367585,327.8827241418804,9337100
2025-11-25,333.15093994140625,334.67463148862754,327.54414406232837,327.54414406232837,5854300
2025-11-26,332.41400146484375,334.3260694883636,331.6869998564479,333.150941183099,4309900
2025-11-28,333.0613098144531,333.63890545499686,330.6313660183978,332.0554637045118,4586200
2025-12-01,329.02801513671875,331.92599221046623,328.77904573650335,331.56749086220685,7082300
2025-12-02,328.26116943359375,331.42805290548716,325.8611007721583,330.0836424597886,8201900
2025-12-03,328.2511901855469,330.97991538482256,327.9922826845987,328.2511901855469,6296700
2025-12-04,325.7515869140625,331.00981971493854,322.94320463392637,329.91434821646976,6277500
2025-12-05,329.8744812011719,332.73264500458896,325.05443734158973,325.4826574086876,5266600
2025-12-08,325.49261474609375,329.9740637204206,323.37139070222906,328.5200910073348,6059400
2025-12-09,325.1540222167969,326.87690133068304,323.72992460494135,325.2635541599683,4325400
2025-12-10,324.38720703125,327.40471480815995,323.9589565847219,325.29345925359206,5467500
2025-12-11,344.2051696777344,345.8882052038232,328.69934860547716,331.2288861451481,12953600
2025-12-12,346.3960876464844,348.39781132133226,344.54376992307505,346.56540020862116,6942300
2025-12-15,345.4599914550781,347.013558062661,342.41257807214174,346.3960884283587,7004600
2025-12-16,343.68731689453125,346.18697949005985,342.30306278210855,344.57366257997035,7269300
2025-12-17,342.9902038574219,346.356274968795,342.26320227687404,344.1254885044418,7263500
2025-12-18,344.5836181640625,346.09734117529985,342.8507704733419,343.74708462692297,6805000
2025-12-19,347.81024169921875,348.46752454314327,344.62342131505847,344.62342131505847,18623900
2025-12-22,350.6385192871094,351.9829600439862,348.14882543799325,348.55713887626075,5043500
2025-12-23,351.9232177734375,354.9108504598721,350.54890187499416,350.54890187499416,3703200
2025-12-24,353.6759948730469,354.5224665421767,351.55477066585945,351.92324052499094,2023600
2025-12-26,353.5365295410156,355.25940864009806,352.25183899439605,353.6361233741701,2017000
2025-12-29,353.1481628417969,355.0801679358215,352.34150436758574,354.0245400463162,3989900
2025-12-30,352.1622314453125,353.40707844317745,351.2061974606485,352.540669795347,3366500
2025-12-31,349.26422119140625,353.7357322383478,349.2443145806378,352.1921037382886,3503200
2026-01-02,345.05169677734375,348.6069568660295,342.06406384756735,348.4277061842687,5403800
2026-01-05,352.34149169921875,356.0660946845086,342.63168485186065,343.07984193998647,7592200
2026-01-06,356.08599853515625,357.1416263785221,350.5489214123709,352.2219885159953,6775400
2026-01-07,354.4129333496094,356.803033566547,353.0485858687304,355.67768698982985,6333900
2026-01-08,350.7779846191406,354.8809955460086,348.05922777871496,353.53655468224264,6357600
2026-01-09,348.3280944824219,353.23779410971,347.72062373923114,350.7082565158282,4902900
2026-01-12,341.7851867675781,345.0815390214404,335.92942192030296,341.36690482487097,13281300
2026-01-13,326.5283508300781,336.1285950456492,322.49502833379734,335.6107496370988,20383500
2026-01-14,327.8130187988281,328.53998994250327,322.6045683937439,327.30511153490255,9388400
2026-01-15,326.39886474609375,330.3226246971901,325.0245488739532,327.97233789178887,8587700
2026-01-16,326.94659423828125,327.8926900869644,324.058555362187,325.4328712721598,8341600
2026-01-20,324.4768371582031,326.9665310832551,320.23438898454765,320.90164032884104,8279900
2026-01-21,323.9390563964844,327.3150959639532,321.668456741042,325.0843095294372,8974600
2026-01-22,325.0146179199219,327.0362787420332,322.6643612347819,325.11421176408993,6938700
2026-01-23,324.8353576660156,326.44867456197824,323.28179099643876,324.5166695307759,5667900
2026-01-26,327.13580322265625,330.63134311164293,323.69007544570655,326.6478329536713,7540200
2026-01-27,323.9191589355469,327.5740127198232,323.5705956960795,327.1258860334559,6365800
2026-01-28,325.632080078125,327.03627119068096,323.5407309659827,325.38311066934074,8106000
2026-01-29,330.4321594238281,331.9857259727928,322.1763564041472,328.6395919878754,10214200
2026-01-30,320.5032653808594,331.6272312240268,320.2742329902072,330.8504479341279,11199100
2026-02-02,332.4637756347656,333.31027767642445,322.7738756079028,323.49090869837266,8502400
2026-02-03,327.57403564453125,334.4057722841721,327.51428541550075,330.28282413042047,9081200
2026-02-04,328.5898132324219,329.9441921266053,323.0826115387165,325.7614942159401,8472300
2026-02-05,327.773193359375,336.19830919167754,327.46447374035984,331.62723473824406,8339000
2026-02-06,330.21307373046875,333.74845736517926,325.7515616346053,330.41226140265053,7798800
2026-02-09,324.2378234863281,331.44799815131194,322.28591185276315,329.39649267698104,8513400
2026-02-10,327.4910888671875,329.1975426584034,323.8785524124587,324.03822505585356,5801800
2026-02-11,328.558837890625,330.3551322103828,325.74469522888825,326.24366079752514,8264300
2026-02-12,323.50933837890625,331.55266164507725,323.3297180668246,328.20961639281825,9392600
2026-02-13,313.4302062988281,325.8045770845193,312.1728337423736,323.1600351388152,11653900
2026-02-17,318.8390197753906,320.71513531219466,313.7595536000123,313.7595536000123,8591700
2026-02-18,319.6373596191406,321.61327441091976,316.0647792287517,318.83902681983574,7091900
2026-02-19,318.2701721191406,319.5375641615583,315.07681073429376,316.83314883690497,5967600
2026-02-20,320.2860107421875,321.68310824371105,317.162481409299,317.4518595119579,6831100
2026-02-23,305.8858642578125,319.85690123125556,304.0796111997443,318.3799825277642,13048000
2026-02-24,306.58441162109375,308.6301583134982,302.45296200827346,304.86796881092005,9120200
2026-02-25,312.34246826171875,313.2905150583614,307.6122842445478,307.9116514148336,7624200
2026-02-26,316.0448303222656,318.7592044654264,313.29053040296367,313.82942179031494,8725500
2026-02-27,319.4776916503906,319.56750179898404,311.3046331295279,313.80941959658975,12412900
2026-03-02,319.846923828125,321.9325962848922,313.94914705503476,314.84727900250533,6674900
2026-03-03,320.166259765625,321.37377846847016,313.6996849538386,315.1566560071252,5474300
2026-03-04,319.8070068359375,325.09602991416637,319.13837954462343,320.7750012998144,5257900
2026-03-05,319.13836669921875,322.1321601221174,314.11877427833633,318.669337844787,8267200
2026-03-06,316.70343017578125,317.032764525398,311.65390075349916,315.39614274359616,6439700
2026-03-09,315.3163146972656,315.74541779360504,309.5083479475934,312.8114977016857,8381500
2026-03-10,313.77947998046875,316.47390623113745,310.8056646841637,314.7774111170955,5271300
2026-03-11,308.32080078125,314.42813457039836,307.75200316890374,312.6019339587185,6376700
2026-03-12,305.86590576171875,310.3067116813087,305.3868878331418,307.5025275101912,7514900
2026-03-13,306.5046081542969,309.7079588288859,305.78609646094156,306.95365892861656,4814100
2026-03-16,309.4684143066406,310.48632357047774,306.74408175799863,307.2131106166737,6401200
2026-03-17,307.82183837890625,312.04309816703056,306.7440861215353,310.67593734480056,6872200
2026-03-18,298.4013671875,307.3029266148368,297.88245394322496,306.7740243134503,7191700
2026-03-19,299.0899353027344,301.8442350116896,296.41548713996315,297.4234073430545,6826400
2026-03-20,300.9960021972656,302.2933310235784,298.3914163961535,299.22967494551517,14398100
2026-03-23,303.8101806640625,307.2131297520358,302.2234736912733,304.5686181307204,7824500
2026-03-24,303.131591796875,305.4068737202475,299.99807320309833,301.37522313516865,5375900
2026-03-25,304.2792053222656,307.851785612155,301.5448835843987,304.84803341435196,6280900
2026-03-26,304.8979187011719,307.2330740575747,302.37315398017523,303.53075782816387,7652700
2026-03-27,294.9085998535156,303.95984261233536,293.71110075686363,303.690412167838,9974400
2026-03-30,298.9203186035156,300.05794432922346,295.2778758335563,298.1119967721213,9330300
2026-03-31,301.6147155761719,302.71244598499914,295.9764103976488,300.97605544568177,10246900
2026-04-01,297.8924560546875,304.41890425868155,293.2820187246287,304.41890425868155,7707600
2026-04-02,300.17767333984375,301.84423173587874,295.23793249238884,297.18387993371056,4376000
2026-04-06,302.70245361328125,303.79022540723855,298.84046479152994,300.1178154929676,5501000
2026-04-07,301.924072265625,304.3490682260976,300.4970379592236,301.81431445179874,4413900
2026-04-08,308.32080078125,310.4364099548042,307.0634282363584,307.09336495279763,6879300
2026-04-09,307.6522216796875,308.93953101515194,302.9619328044834,307.36281310114674,4811500
2026-04-10,303.7303161621094,308.3607314071977,302.8820990315011,308.0713228407691,5190000
2026-04-13,308.74993896484375,309.10917956751626,301.7145059514164,303.30121285543817,6787200
2026-04-14,310.725830078125,311.47427847139704,306.8538521842199,307.83183571502826,5571000
2026-04-15,315.2564392089844,316.07475007651544,310.87550675955816,312.3524558530697,4831400
2026-04-16,314.4481201171875,317.3421144410126,313.91921781129685,315.6955340890468,5695800
2026-04-17,316.3641357421875,318.7791426284462,314.52794600217567,315.9450216957469,8082300
2026-04-20,313.29052734375,316.8930444033761,311.70382037012894,315.74542959968784,5506800
2026-04-21,309.2987976074219,316.23443160774116,308.1811195395908,313.3603848879222,6806900
2026-04-22,310.64599609375,310.7158281288479,307.42266751686486,310.3665765900329,5666600
2026-04-23,308.2409973144531,311.5541362439113,304.37900840074366,309.8576410034995,7275000
2026-04-24,308.7798767089844,309.33871572907344,303.87004194169583,306.4646690803624,5616900
2026-04-27,309.0093994140625,310.17699235362977,305.42682995132543,306.8738424172374,6261500
2026-04-28,308.66009521484375,313.31045806908014,308.1012562023077,311.55411993872787,8839900
2026-04-29,334.167236328125,341.27253225190367,333.09947305974015,335.70405894620507,16658600
2026-04-30,329.1576232910156,331.8121239370452,327.401254633927,331.4329052084062,11241100
2026-05-01,327.35137939453125,335.1552089039801,327.2515801808754,332.19135193962137,6726100
2026-05-04,326.173828125,329.1077483731355,324.72681566190226,327.32144294688226,6712400
2026-05-05,321.36376953125,324.90641295969726,318.9886885029524,324.4373840973491,5893200
2026-05-06,318.14044189453125,323.9084827860181,317.3421091476348,323.08021332247415,7808400
2026-05-07,320.6153259277344,323.02034370833087,318.87893543276164,318.87893543276164,7186100
2026-05-08,318.1304931640625,320.4057750632095,315.5059292568937,320.3259235133766,5950200
2026-05-11,323.1899719238281,324.5072483684324,317.352098982156,318.43984029560517,9586200
2026-05-12,326.4200134277344,328.9100036621094,324.20001220703125,324.32000732421875,6235200
2026-05-13,320.30999755859375,325.4200134277344,319.79998779296875,323.7900085449219,7950400
2026-05-14,322.5199890136719,323.3299865722656,320.25,321.3699951171875,5277400
2026-05-15,325.75,329.010009765625,323.8399963378906,324.0,6054500
2026-05-18,332.6400146484375,333.42999267578125,323.7699890136719,324.42999267578125,5305800
2026-05-19,329.9100036621094,335.1700134277344,329.489990234375,333.3299865722656,12858100
2026-05-20,330.75,331.6600036621094,326.82000732421875,330.0899963378906,9422500
2026-05-21,331.1199951171875,332.5199890136719,327.239990234375,329.8399963378906,7034500
2026-05-22,328.8800048828125,333.42999267578125,328.82000732421875,330.5199890136719,7462100
2026-05-26,326.4800109863281,328.5,324.510009765625,326.4599914550781,8705100
2026-05-27,327.6099853515625,331.4599914550781,325.6600036621094,325.8299865722656,5917400
