Price,Close,High,Low,Open,Volume
Ticker,WFC,WFC,WFC,WFC,WFC
Date,,,,,
2021-06-14,40.02791976928711,40.67510386941396,39.753086775287116,40.43573385178859,25452300
2021-06-15,40.3027458190918,40.53325176321744,39.89493177263598,40.072243256901416,23865400
2021-06-16,40.4002685546875,40.74602409963982,39.292075971155505,39.850605980197535,38287700
2021-06-17,37.93565368652344,40.74602877769071,37.820400697662016,40.59531619235603,48910400
2021-06-18,37.01363754272461,37.510109108099975,36.76540345100485,36.95157901979467,61292200
2021-06-21,38.37006759643555,38.396666524164125,37.43918629240254,37.501244820542325,26444700
2021-06-22,38.60056686401367,38.89312796248746,37.99770979705099,38.48531388246434,26455200
2021-06-23,38.97291564941406,39.28321159944373,38.56510159365143,38.56510159365143,18778500
2021-06-24,40.05451202392578,40.26728310084346,39.194553518050675,39.238880543913915,27951000
2021-06-25,41.118385314941406,41.357755358103596,40.08998256391269,40.40027518545483,49074700
2021-06-28,40.595314025878906,40.84354809762283,39.97472546458351,40.78148957968685,27127500
2021-06-29,39.708763122558594,41.11838442493408,39.5403156614224,40.81695586398788,39534000
2021-06-30,40.152042388916016,40.24069646024681,39.407336691154775,39.55804928880434,18168100
2021-07-01,40.258426666259766,40.46233372936279,39.86834403014127,40.32048519059825,18658000
2021-07-02,39.95698928833008,40.258417789483254,39.75308227018752,40.160896306472644,13218500
2021-07-06,38.55624008178711,39.73535530017919,38.387792634919975,39.6555652942778,25486900
2021-07-07,38.47645950317383,38.981795203718626,38.22822198958353,38.3700705479481,21884000
2021-07-08,37.51897048950195,38.07750053802322,37.20867789695437,37.74947645705355,29148700
2021-07-09,38.92859649658203,39.105908020757255,37.98884778580857,38.28141230798809,25055900
2021-07-12,39.15022277832031,39.23001277007923,38.08635734884642,38.37005434578146,17618900
2021-07-13,38.32572937011719,39.12362933030172,38.1306864060865,38.8222008322248,25387800
2021-07-14,39.850608825683594,40.01018883966166,37.68741458373015,38.65375872084814,49618000
2021-07-15,39.894935607910156,40.24069117540235,39.33640556245744,39.53144855209329,33388100
2021-07-16,39.25661087036133,40.36480339386462,39.10589831049377,40.25841785855015,27838200
2021-07-19,38.166141510009766,38.38777996637676,37.492362090705264,37.86471307407328,43362200
2021-07-20,39.75308609008789,40.02791907935076,38.00657342600018,38.12182640626339,34556200
2021-07-21,40.60417175292969,40.91446767620122,40.08110476758031,40.15203070956296,29654600
2021-07-22,39.92152404785156,40.73715545601728,39.717617041293884,40.6396339785473,23309500
2021-07-23,39.53144073486328,40.34706874489668,39.38072480487498,39.98358176095833,23946500
2021-07-26,39.90380096435547,40.107711395781116,39.425064291696145,39.425064291696145,22976700
2021-07-27,40.019046783447266,40.23182123024691,39.247745754926875,39.531442762703,22124500
2021-07-28,40.347076416015625,40.81695239820063,39.877203815766194,40.231826815686695,23252800
2021-07-29,41.224769592285156,41.41094515942443,40.49779543132016,40.68397099845943,24487400
2021-07-30,40.72829055786133,41.53505458269659,40.542115024884396,41.0119875743791,25794000
2021-08-02,40.595314025878906,41.49959963543466,40.40027103697406,40.81695255620329,23960700
2021-08-03,41.517333984375,41.61485210361116,39.992459708454945,40.76376090018705,24050300
2021-08-04,40.91447067260742,41.64144472149492,40.81694918620673,41.02085621143758,22178000
2021-08-05,41.84050750732422,41.849410142613166,40.967899796144394,41.00351713061213,28092600
2021-08-06,43.425445556640625,43.62133751773076,42.25010058341239,42.29462055729934,33583900
2021-08-09,43.31858825683594,43.93297192529871,42.998039074453416,43.3274908911663,29795200
2021-08-10,44.19119644165039,44.24461904573611,43.354206079977764,43.389823413805516,28708100
2021-08-11,45.108314514160156,45.17064314147039,43.78159788286628,44.19119037231913,29203900
2021-08-12,45.54461669921875,45.63365662176983,45.0192730041946,45.19735284929676,21729900
2021-08-13,44.850093841552734,45.776124011213426,44.68091662459096,45.598040763716305,15843300
2021-08-16,43.995304107666016,44.50283922186379,43.57680893058313,44.45831925330635,22615500
2021-08-17,43.37202072143555,43.95969322392236,42.766539549581694,43.523392712727194,16887000
2021-08-18,42.71310806274414,43.61242360064367,42.65077943123901,43.06036855160293,16319300
2021-08-19,42.07201385498047,42.69530362845953,41.69804202888663,42.16105379548205,20259400
2021-08-20,42.22337341308594,42.25008810685422,41.706935754521325,41.96515628213127,15357400
2021-08-23,42.392555236816406,42.73091306213897,42.25008932036302,42.5172124891312,15551900
2021-08-24,43.06037139892578,43.069274034019905,42.4816016147868,42.51721894847508,15109100
2021-08-25,43.88845443725586,44.182288939919154,43.15831610135822,43.29187600378488,21357400
2021-08-26,43.674747467041016,44.404885696430405,43.53228155390785,44.10214520644052,21627600
2021-08-27,44.351463317871094,44.38707724883633,43.737076304710314,43.82611962376167,16873300
2021-08-30,43.104881286621094,44.351460500922094,43.05145529858358,44.306937145896626,16054100
2021-08-31,40.691871643066406,43.621331002480176,40.25556781216521,43.104889871889206,73514300
2021-09-01,38.688446044921875,40.932287242423676,38.52817143105346,40.69187532162105,84960500
2021-09-02,39.68570327758789,39.961732503531564,38.76857906373692,38.89323632814513,37629000
2021-09-03,39.32952880859375,39.62336664104535,39.01788571052843,39.61446400823849,21687500
2021-09-07,39.454193115234375,40.03295940786823,39.40076712345749,39.46309574886952,19733500
2021-09-08,39.01789093017578,39.65898927099357,38.84871371097352,39.28501410663137,21252400
2021-09-09,39.49871063232422,39.819259769837494,38.96446093758372,39.04459822196204,19776900
2021-09-10,39.47200393676758,40.291182142192085,39.34734328247403,40.068578925936876,23367400
2021-09-13,40.74528884887695,40.78981220687364,39.67679619006296,39.67679619006296,28027200
2021-09-14,41.00351333618164,41.79598027314684,40.745292780169976,40.97680203613066,36053200
2021-09-15,41.528846740722656,41.751449910127604,40.825419910205866,40.84322857135684,31535600
2021-09-16,41.20829772949219,42.08980777692129,40.96788589837516,41.76035603649639,24102400
2021-09-17,41.37749481201172,41.573383369931705,40.727493704239045,40.727493704239045,34912100
2021-09-20,40.7898063659668,40.84322895326444,39.92610497366995,40.09528216120389,30603100
2021-09-21,40.82542419433594,41.279536609702284,40.718575612872456,40.941178805636895,23049100
2021-09-22,41.92063903808594,42.46378802896268,41.37748665055369,41.395295315334884,29430700
2021-09-23,42.56174087524414,42.89119273537695,41.99187709663948,42.25900031827841,21852800
2021-09-24,42.668575286865234,43.247344905047626,42.49939809533965,42.54391805135639,20384700
2021-09-27,42.34804153442383,43.57680897171734,41.10146203370347,43.0781798887539,48927500
2021-09-28,40.887760162353516,41.87611905925813,40.13091052964309,41.858310393038906,49349100
2021-09-29,41.87611389160156,41.982965875731026,40.89666114700229,41.35967622159724,21730200
2021-09-30,41.324058532714844,41.982965509138246,41.06583800163977,41.97405947887755,22947500
2021-10-01,41.86720657348633,42.12542707792443,41.395288918010124,41.44871150744216,18021700
2021-10-04,41.86720657348633,42.46378146651058,41.555560082961215,41.86720657348633,22315200
2021-10-05,42.70419692993164,43.14050069500026,42.16104458028397,42.294607858499226,20250500
2021-10-06,42.62406539916992,42.81995732790154,41.90283311003211,42.36584823461683,17425700
2021-10-07,42.526119232177734,43.265163580394216,42.330230701035205,42.97132568869686,19272300
2021-10-08,42.73981857299805,43.04255909042301,42.43707805557309,42.62406394663261,14295400
2021-10-11,42.098716735839844,43.14940412751449,42.04529414088863,42.91789829053014,15387900
2021-10-12,41.53776931762695,42.32133034049944,41.42201467235819,42.10763311486373,18995700
2021-10-13,41.00351333618164,41.466528451447346,40.26447239597405,41.466528451447346,24150300
2021-10-14,40.344600677490234,41.75145097784671,39.91720298890137,41.564465125961874,53257700
2021-10-15,43.07817077636719,43.39871991712654,40.700766913505404,40.70967294333492,60096600
2021-10-18,44.01311111450195,44.26242564634564,42.86447762709797,42.90899759397637,33842700
2021-10-19,44.82338333129883,44.83228596533526,43.87954448062922,44.200093652428535,26500300
2021-10-20,44.66311264038086,44.86790720763338,44.26242614068863,44.689823941475076,24227900
2021-10-21,44.81447219848633,45.054880635088416,44.30693384161846,44.47611442612603,20448300
2021-10-22,45.108314514160156,45.51790360695757,44.95694596116542,45.00146592400767,21517200
2021-10-25,45.072696685791016,45.51790310259124,44.98365676109314,45.313108558461785,19330300
2021-10-26,45.08160400390625,45.50009573792604,44.84119212436867,45.17064393114735,18196300
2021-10-27,44.565162658691406,45.40215291522306,44.47612273196294,44.75214854281446,21988300
2021-10-28,45.731605529785156,45.76722285976934,44.832286629289996,44.8590013251059,26785500
2021-10-29,45.55352020263672,45.98091795302246,45.4288629500228,45.63365749312501,19788500
2021-11-01,46.04325485229492,46.3014754343377,45.651474359877454,45.909694941920236,18699000
2021-11-02,45.67817687988281,46.052152029669315,45.606945620710114,45.891877450711576,21672500
2021-11-03,46.30146789550781,46.809002944937674,45.428863715844976,45.44667238032651,24225700
2021-11-04,45.24673080444336,46.21209139609002,44.61209749499261,46.07801239954892,32005700
2021-11-05,45.08583068847656,46.13163784105167,45.05007924983358,45.586388336948495,23443200
2021-11-08,45.470184326171875,45.917109677861546,45.18415237387207,45.18415237387207,19509500
2021-11-09,44.59421157836914,45.19309332986268,43.98639282003385,45.13946105950255,28324800
2021-11-10,45.01432800292969,45.38080670405913,44.40650917035836,44.46014144726888,19827800
2021-11-11,45.219905853271484,45.50593779692402,44.889182057755065,45.0679494652106,16069700
2021-11-12,45.550636291503906,45.58639114211709,45.02326417915527,45.30035915675209,17124700
2021-11-15,45.657894134521484,46.21208059851454,45.568507021122784,45.756214844605466,20110200
2021-11-16,45.023258209228516,45.74727849417686,44.844487389637216,45.68470921878537,19244900
2021-11-17,44.54952621459961,45.30929806831741,44.27243122535987,45.06795793119319,17802700
2021-11-18,44.603153228759766,44.85343034449026,44.04002630859619,44.361813120118235,19198200
2021-11-19,43.637794494628906,44.013213592623586,42.699251864297366,43.79868790665947,30548400
2021-11-22,44.99644088745117,45.68470628228733,44.451191457141384,45.25565838870821,28549400
2021-11-23,45.94393539428711,46.247844821929455,45.31823911269751,45.32717612096475,28024400
2021-11-24,45.86347198486328,46.24782798607317,45.747270461068176,46.04223936329369,18901900
2021-11-26,43.28919219970703,43.888070566962085,42.627741142812624,43.888070566962085,29919300
2021-11-29,43.941707611083984,44.48695717466921,43.181935753158264,44.397570043885345,27677000
2021-11-30,42.70819854736328,43.360709350750376,42.297027916698134,43.00317100616928,40671700
2021-12-01,42.19869613647461,44.20092346136144,42.171881703164644,43.52159493283348,29365100
2021-12-02,43.71824264526367,44.15623103910194,42.46685015695738,42.66349842477499,29184900
2021-12-03,42.681373596191406,44.03108673736377,42.341709354198144,44.03108673736377,29221900
2021-12-06,43.62885665893555,44.603154120059926,43.53946953740989,43.780809650874104,31650100
2021-12-07,44.91600036621094,45.15734047884358,44.10259631686538,44.20985745255655,28370200
2021-12-08,44.1651725769043,44.969639746154876,44.084725859979244,44.85343817509189,19990300
2021-12-09,44.41543960571289,44.719348977026165,43.56628417712766,43.81656127946691,16927200
2021-12-10,44.871307373046875,45.22884561954422,44.31712087462554,44.95175407521852,20040900
2021-12-13,43.405391693115234,44.6567806409073,43.28919014611181,44.60315178057484,19598900
2021-12-14,43.70035171508789,44.23666407709565,43.44113424393927,43.4500746586791,17602900
2021-12-15,43.74505615234375,44.04002854782692,43.02103919937622,43.81656585177124,20284300
2021-12-16,44.960689544677734,45.42549231802205,44.07577926082149,44.442257911566266,32781100
2021-12-17,42.86014938354492,44.45120282190393,42.788639678114194,44.42438838725261,74833400
2021-12-20,41.87691116333008,42.16294316394687,41.340602014616195,42.0646224341733,29134900
2021-12-21,42.73500442504883,43.029973391462,42.31489349282562,42.53835617426011,21249400
2021-12-22,42.9316520690918,43.190869614825,42.5651733840025,42.67243793312874,15688000
2021-12-23,43.226619720458984,43.736114338696645,43.101481169982335,43.26237456624368,16025600
2021-12-27,43.593109130859375,43.63780099424223,42.97635323272652,43.396460840250086,11900400
2021-12-28,43.28025436401367,43.96851989339555,43.226625497938606,43.405396340986016,14320500
2021-12-29,43.30707550048828,43.67355422221096,43.235565793922646,43.44115108564313,14390700
2021-12-30,42.99421691894531,43.718237206942916,42.940588059680906,43.34282155301291,13701300
2021-12-31,42.886966705322266,43.22663100944337,42.76182812216466,42.93165856933989,12649300
2022-01-03,45.34505081176758,45.41656051267323,43.72717963136441,43.73612004886272,38978100
2022-01-04,47.1506233215332,47.50816495707358,46.0511873954357,46.104819663697675,43855100
2022-01-05,46.73945236206055,47.49922406780572,46.4802348493636,47.3025758292398,35072600
2022-01-06,47.937217712402344,47.97296915174916,47.07018137505297,47.50816975230979,29720800
2022-01-07,48.956214904785156,49.33163065148319,48.089178428214986,48.14281071050212,35149300
2022-01-10,49.474639892578125,50.1092765452881,48.69699065954244,49.60871887506746,34733500
2022-01-11,50.10927200317383,50.171841280058594,49.3673742775832,49.662346648414136,25073700
2022-01-12,50.413177490234375,50.690269006548526,49.841110216083784,50.42211449634113,34159400
2022-01-13,50.055641174316406,51.11038531469967,49.84111549755627,50.59195025156181,34037300
2022-01-14,51.8969841003418,52.621001141770826,50.40425133522499,50.815421927860065,56739600
2022-01-18,50.672393798828125,51.94166353693591,50.51150040371911,51.5930623174563,41689600
2022-01-19,49.671295166015625,51.55732114573157,49.58191143825788,51.04782639601701,34970200
2022-01-20,49.16179656982422,50.39531169303915,49.08134985722823,49.80537027059207,26972800
2022-01-21,47.972965240478516,49.16178830341422,47.490288455833685,48.71486295520137,38357600
2022-01-24,47.66012954711914,47.81208597266389,45.747289173429095,47.13275738158838,48451400
2022-01-25,47.90146255493164,48.02660111626516,46.078006178948776,47.07911807938699,40858700
2022-01-26,48.393070220947266,49.09027258748412,47.75843712270119,48.187484995167665,39687100
2022-01-27,48.05341720581055,49.61765609598338,47.57967737591323,48.80425200948431,34209200
2022-01-28,48.437774658203125,48.46459250141919,47.16850813180515,47.91934295621967,35519700
2022-01-31,48.08917236328125,48.31263506330558,47.4009068380339,48.10704978845562,34657500
2022-02-01,49.69810485839844,49.885816124404535,48.259007884153824,48.911518581856996,35870200
2022-02-02,49.99306106567383,50.10032217593303,49.12602494917479,49.403119844594386,29037100
2022-02-03,49.5351676940918,50.54077809306066,49.14010866776274,50.13673850642854,25227400
2022-02-04,50.57669448852539,51.21417727949362,49.804530690978396,50.316313035849255,33622100
2022-02-07,51.47454071044922,51.97734231880312,50.19957214981096,50.64850411445784,37480100
2022-02-08,52.74951171875,52.95602003446919,51.896540205941555,52.07611369680851,39099600
2022-02-09,53.02784729003906,53.3151634863721,52.381384135750125,52.704615712894594,25883100
2022-02-10,53.01887893676758,54.14120915738111,52.79441289264487,53.46781102501299,36092000
2022-02-11,52.35444641113281,54.087324050835264,51.99529947308127,52.5429970123243,38650500
2022-02-14,51.941436767578125,52.65973078698655,51.33986946516524,52.53402693603427,32680500
2022-02-15,52.41730880737305,53.261299855561326,52.15692738795715,53.0817263447545,18224600
2022-02-16,52.201820373535156,52.86624134190407,51.67208039573882,51.99531203304911,22057200
2022-02-17,50.41507339477539,51.65412345577299,50.06490349919268,51.31293754481535,24946500
2022-02-18,49.94818115234375,50.9268531644273,49.71473456684873,50.415070898254044,22137900
2022-02-22,49.63392639160156,50.38813237320689,49.11316699422725,49.89430780282858,26887800
2022-02-23,48.43977355957031,50.29835215211307,48.26917717203872,50.145713459325854,21860700
2022-02-24,47.326416015625,47.43416217397073,45.50375298377312,46.47344443332653,40917600
2022-02-25,48.58342361450195,48.87971696581954,47.6676018852921,47.739429227246866,27493500
2022-02-28,47.91900634765625,47.94594459987331,46.877484122363256,47.25458882768438,31094800
2022-03-01,45.153587341308594,47.33539742326633,44.90218305907475,47.08399314103249,54135500
2022-03-02,46.88646697998047,47.425184099614775,45.79107162163346,46.07838787544909,34894300
2022-03-03,46.00655746459961,47.19173778903166,45.73719549761803,47.00318372712862,24159700
2022-03-04,43.80678939819336,44.94707719374363,43.25909175996814,44.92911950108776,35871600
2022-03-07,41.131160736083984,43.618245011390975,41.09524534562724,43.618245011390975,56332500
2022-03-08,41.71477508544922,43.277060494314085,41.61600946318275,41.91230632998216,60018100
2022-03-09,44.13900375366211,44.668743766489,43.41173252162109,43.806794960049345,34560200
2022-03-10,44.004310607910156,44.50711565208677,42.962788564677936,43.33091264655107,26178800
2022-03-11,43.519474029541016,44.89320500672117,43.4835586435165,44.59690820963854,23707100
2022-03-14,44.76750564575195,45.23439539993892,44.26470050468604,44.587932136437,28166600
2022-03-15,44.99196243286133,45.45885209112928,44.29162965799896,45.03685494469728,25080600
2022-03-16,46.329795837402344,46.88647416137905,45.54865486676463,45.83597116458725,34672800
2022-03-17,46.2220458984375,46.231026457956496,45.09971571415605,45.8090292126411,29930300
2022-03-18,46.16817092895508,46.27591708829838,44.92912092222506,45.6563886598536,60963400
2022-03-21,45.91677474975586,46.5093649861693,45.440907818643886,46.383664545881615,23411500
2022-03-22,47.936954498291016,48.66422551194331,46.958282681189125,47.05704826113835,28625600
2022-03-23,45.8988151550293,47.63169326745744,45.880857460719994,47.37131183759249,27988700
2022-03-24,46.08736801147461,46.52731952261444,45.710263291132016,46.42855391907043,19677800
2022-03-25,47.191741943359375,47.21867677239675,46.159196779246706,46.21306986240145,19130900
2022-03-28,46.518341064453125,46.78769961412984,45.59353869628737,46.715868840840166,24115400
2022-03-29,46.329795837402344,47.856165810260265,46.257968475486905,47.64068029943353,20915000
2022-03-30,44.99196243286133,46.40160854000073,44.7046462470163,46.26692757941376,30913800
2022-03-31,43.510494232177734,45.27928763643207,43.4835594047277,44.6687397636462,31238500
2022-04-01,43.73495864868164,44.417337269615444,42.94484072191993,44.219806075385186,29989900
2022-04-04,43.510494232177734,43.69006774036413,42.74731110373529,43.50151709805432,23778300
2022-04-05,43.20521545410156,43.90555171503911,42.89096441880096,43.0166648329212,21757300
2022-04-06,42.99871063232422,43.16930700111909,42.558759147187274,42.819137129683156,26001200
2022-04-07,42.86402893066406,43.366830579359664,41.822506826121156,43.24113016718576,29486500
2022-04-08,43.75291061401367,43.89656871144522,43.034620126855934,43.09747033041479,23659800
2022-04-11,44.291629791259766,45.06378990236705,43.92350228789168,43.941459977695914,27041000
2022-04-12,43.47459030151367,44.80343255720834,43.09748891752407,44.60590130364387,25791900
2022-04-13,43.58232116699219,43.65414850889272,42.603649229906175,42.68445713021895,20645300
2022-04-14,41.61600112915039,42.93586249861279,40.430820749458384,41.20298445063829,65583200
2022-04-18,42.35224533081055,42.72037287709523,41.43642701958169,41.49927722868407,26120900
2022-04-19,42.944847106933594,43.26807534771367,42.49591499881217,42.54978465973543,19753300
2022-04-20,43.681095123291016,44.327555024500576,43.38479829038152,43.528456426770326,25893000
2022-04-21,42.89994430541992,44.435294473078,42.73832849829802,44.13002055130103,19027600
2022-04-22,41.607017517089844,43.02564084309515,41.53518675370764,42.81913253599029,21676800
2022-04-25,41.149112701416016,41.27481312543104,39.9818866496658,41.08625906432883,30045500
2022-04-26,40.02678298950195,41.30174836005675,40.00882529659671,40.547542383435136,21527400
2022-04-27,40.02678298950195,40.57447721025314,39.63172059574605,39.874144312347255,19520900
2022-04-28,40.556522369384766,40.68222622856127,39.78436207063736,40.43980249491222,17431000
2022-04-29,39.1738166809082,40.76303675333744,39.06607050899152,40.439805087747736,27149400
2022-05-02,39.209716796875,39.54192892226648,38.257983208129495,39.38929027072029,25009300
2022-05-03,39.64967346191406,40.080647763936256,39.2007414691727,39.41623033272344,21545300
2022-05-04,41.283790588378906,41.41847157237138,39.66763590586768,39.78435919698918,29468000
2022-05-05,40.40810012817383,40.67893466366923,39.2254702242345,40.624767067809316,29978600
2022-05-06,40.2185173034668,40.516433904583316,39.28866265841351,40.27268489743454,27035300
2022-05-09,39.68588638305664,40.20949619307894,39.02686273664562,39.69491603843192,27132700
2022-05-10,38.89144515991211,40.36296201454731,38.08797465520555,40.07407505880272,25276100
2022-05-11,38.4310302734375,40.18240792173344,38.35881025439858,38.91852831621617,25291600
2022-05-12,37.74491882324219,38.286580936514376,36.941448419103104,38.12408161377198,30171700
2022-05-13,38.49421310424805,38.99073721638774,38.16921450174111,38.32268759461528,21253200
2022-05-16,38.10602951049805,38.52130406789943,37.64561701317113,38.27755850354076,16837400
2022-05-17,39.46018981933594,39.5594953570992,38.78311036419096,38.810195884183614,23340500
2022-05-18,38.01575469970703,39.09908250740489,37.817143625884576,39.0810266421661,27351300
2022-05-19,37.91645812988281,38.196318941563646,37.52826554495342,37.64562697485893,25211900
2022-05-20,37.618534088134766,38.62964191996809,36.778958704976134,38.3768632401076,35410400
2022-05-23,39.55949783325195,40.01088416493562,38.57547549242939,38.57547549242939,27979100
2022-05-24,39.08102798461914,39.514358433822565,38.494224397516255,39.44213497038652,23996000
2022-05-25,39.830326080322266,40.13726890155493,38.84630381023555,38.90047140591337,22343900
2022-05-26,41.166439056396484,41.31088256928962,40.39908353986518,40.47130701821424,23502500
2022-05-27,41.4282341003418,41.572677578719855,41.03101539575318,41.256708545956656,19482600
2022-05-31,41.31990051269531,41.7712867930038,40.62476522776377,40.9317080361257,40727400
2022-06-01,40.76921463012695,41.590737642037524,40.08310889952875,41.49143209491572,20417900
2022-06-02,40.92268753051758,41.01296342164235,40.182410759315545,40.73310264906836,14633300
2022-06-03,40.4622688293457,40.92268479722178,40.272687404363445,40.471298484137776,12572400
2022-06-06,40.73310089111328,41.428236242947854,40.588657405264826,40.93171197558154,11867200
2022-06-07,41.049072265625,41.112266073724186,40.29074312463046,40.40810108606938,13281600
2022-06-08,40.290733337402344,40.68795195522174,39.92962299843677,40.51642643830497,12364400
2022-06-09,38.52130889892578,40.29074598262981,38.494226820334866,40.245608037043446,20142400
2022-06-10,36.18313217163086,37.41090017467586,36.128964568809394,37.040763498240715,27619300
2022-06-13,35.1991081237793,35.82202002994118,35.000497033204006,35.19007846849617,27553800
2022-06-14,33.7907829284668,35.478966937779916,33.41161659816812,35.000498501831316,36817600
2022-06-15,34.458824157714844,34.90118419138678,33.70049857508364,34.30535448803103,31358100
2022-06-16,33.98938751220703,34.06160752463681,32.987309441689746,33.727582649065695,37991500
2022-06-17,34.738685607910156,35.18104565100014,33.85396896553399,34.151885545456516,59114300
2022-06-21,35.1991081237793,36.0567394102356,35.090772923208526,35.98451938699288,24884700
2022-06-22,34.84701156616211,35.27131567552451,34.58521020019692,34.65743019790355,18631700
2022-06-23,34.2150764465332,34.630350937480664,33.53799712458706,34.35951989746291,23143800
2022-06-24,36.79701232910156,37.10395517311203,34.76577383180409,34.91924697571153,39407700
2022-06-27,36.32756423950195,37.00464356463046,36.02062147435822,36.86922632208335,16996800
2022-06-28,36.27340316772461,37.51923031395254,36.183127285683746,36.98659434478151,18136600
2022-06-29,35.849098205566406,36.58937144318988,35.70465473100095,36.354652088447544,15778700
2022-06-30,35.36159896850586,35.84909696978591,34.55813195369465,35.27132309144095,20425700
2022-07-01,36.03867721557617,36.18312412430764,34.720630167636216,34.955352950521,15333900
2022-07-05,36.20117950439453,36.21923536946246,34.76577094763372,35.20813103228756,19144500
2022-07-06,35.65951156616211,36.13797985984284,35.13590189520287,35.75881708608911,17014100
2022-07-07,36.21923828125,36.55326664615409,35.86715749363081,36.30048795868554,21060400
2022-07-08,36.27340316772461,36.74284533070621,35.984516212628876,36.38173491493447,14437500
2022-07-11,35.92132568359375,36.11993333096373,35.4248013994621,35.81299048269616,13111600
2022-07-12,35.74979019165039,36.535204758693695,35.21715427041815,35.2803515147238,15127300
2022-07-13,35.27132034301758,35.52409553414567,34.67549064692728,35.28034999630283,14116800
2022-07-14,34.973411560058594,34.98243777066108,33.790778230493856,34.38660800057747,24355300
2022-07-15,37.131038665771484,37.74492432024554,35.41576931759913,35.569242453119756,40328300
2022-07-18,37.18519973754883,38.62963786995669,37.03173005854889,37.85325293340561,17991300
2022-07-19,38.72895050048828,38.88242020762302,37.69076051011304,37.8081219262661,25724200
2022-07-20,38.56644821166992,38.84630552551887,38.24144951086079,38.403948861265356,19111200
2022-07-21,39.07199478149414,39.153244448578924,38.16922223335386,38.34977743174271,17809000
2022-07-22,38.972686767578125,39.29768541521442,38.53935638533099,38.972686767578125,15965400
2022-07-25,39.27061080932617,39.64074746311017,39.008805910750944,39.29769288717726,20297900
2022-07-26,38.72895050048828,39.43311210979748,38.64770081912148,38.91853194240928,15446700
2022-07-27,39.46018981933594,39.69491262564988,38.53936134708227,38.801166229584666,19498400
2022-07-28,39.10810852050781,39.56852447225989,38.55741668682216,39.31574580399838,14527300
2022-07-29,39.60462951660156,40.037959913256564,39.09907910907266,39.09907910907266,17512700
2022-08-01,39.30671310424805,39.866431056202515,38.96365861068724,39.21643379341437,13668300
2022-08-02,38.71088790893555,39.306717654193704,38.69283204467875,39.26157971545372,17764000
2022-08-03,39.6226921081543,40.23657780193687,39.04491814784234,39.17130577118502,17359500
2022-08-04,38.877315521240234,39.63177178541064,38.75914641932018,39.54087461009058,15062800
2022-08-05,39.77721405029297,40.26806717707921,38.65916201761678,38.70461407815673,16021000
2022-08-08,39.259098052978516,40.168083913160984,39.20456112057133,39.96810938182484,12879700
2022-08-09,39.44997787475586,39.80448171696483,39.07729390377912,39.28636018335095,10489500
2022-08-10,40.29533386230469,40.63165756799306,40.031727202506126,40.031727202506126,14037600
2022-08-11,41.13160705566406,41.4588424953277,40.804371616000424,40.90436060784272,14038800
2022-08-12,41.75880813598633,41.77698826884118,41.07706875770561,41.377035748551904,10706000
2022-08-15,41.586097717285156,41.64972644185653,40.82254955492331,41.27704242615047,11070300
2022-08-16,41.86788558959961,42.104220362827654,41.22250306106222,41.431572838444026,12234100
2022-08-17,41.94060516357422,42.09513455601668,41.40430339128402,41.55883278372648,13151700
2022-08-18,41.94060516357422,41.99514556105492,41.59518958120789,41.94060516357422,7885900
2022-08-19,41.22249984741211,41.83152206566495,40.94071650139676,41.72244475325595,13142900
2022-08-22,40.36805725097656,40.668024214604436,40.10445054975912,40.54076329616792,12391400
2022-08-23,40.331695556640625,40.867997271884676,40.249886702874406,40.41350441040685,10475100
2022-08-24,40.577125549316406,40.63166594560784,40.01355532432747,40.29534217057476,11706700
2022-08-25,41.25886535644531,41.377034482633576,40.3862398111451,40.7134752575091,11783200
2022-08-26,39.968109130859375,41.5588343761903,39.94083719732115,41.43157691136476,13405200
2022-08-29,39.92265701293945,40.28625274126549,39.61360515161992,39.813579681443976,12504900
2022-08-30,40.12262725830078,40.39532226810583,39.58632556976528,40.23170456872177,14365000
2022-08-31,39.73176956176758,40.53167805833134,39.640872366308265,40.24989120439829,22609100
2022-09-01,39.722679138183594,39.759039401455574,38.9045905520918,39.68631887491161,13173000
2022-09-02,39.43179702758789,40.722554939038325,39.240907412756606,40.26806213063945,13025900
2022-09-06,38.9773063659668,39.88629203282933,38.504633403097664,39.73176266636003,14708700
2022-09-07,39.84992980957031,39.91355852571373,38.40464253180343,38.66824919440043,19475800
2022-09-08,41.113426208496094,41.140694672158475,39.39544364765498,39.64995855518535,18500300
2022-09-09,41.20433044433594,41.64064323834704,41.13160991158116,41.36794470802248,12875500
2022-09-12,41.3861198425293,41.940601701542775,41.14069327538372,41.522469091223094,12127900
2022-09-13,39.2863655090332,40.47713463095082,39.122747795448184,40.3135169173658,21124900
2022-09-14,39.340904235839844,39.640871213643564,38.40464997331122,39.3136357714961,15067800
2022-09-15,40.12262725830078,40.62256868752757,39.404527740726856,39.449979798615345,13173200
2022-09-16,39.94083023071289,40.04991101082786,39.386351868902075,39.72267560549345,21238800
2022-09-19,40.286251068115234,40.549857786828326,39.45907411465799,39.47725424706983,11324100
2022-09-20,39.45907211303711,40.25898056105289,39.168196944214195,39.89538486627148,19503900
2022-09-21,38.422828674316406,39.82266758358544,38.39556021098828,39.686318331933784,19207100
2022-09-22,37.7410888671875,38.64098282053319,37.66836834257084,38.62280615688449,15499000
2022-09-23,36.732112884521484,37.250234468621585,36.08673385415193,37.104796891812875,23316200
2022-09-26,36.3685188293457,36.85028364134031,35.7595000329165,36.486687949363876,21420000
2022-09-27,36.38669967651367,36.895732961793556,35.82312946361829,36.55031739437129,17541400
2022-09-28,37.095706939697266,37.32295336025225,36.268530107577334,36.268530107577334,16033500
2022-09-29,36.81391906738281,36.98662509371808,36.15035995461455,36.50486380564779,14811300
2022-09-30,36.55940628051758,37.39567146736423,36.523046020001125,36.941178613424455,21182200
2022-10-03,37.795631408691406,37.995605927741465,36.941182533412,37.53202469323262,16827600
2022-10-04,39.577239990234375,39.622688583777425,38.32283869691472,38.32283869691472,18601300
2022-10-05,39.3681755065918,39.57724182056286,38.686436169401375,38.931862746890594,15873400
2022-10-06,38.395565032958984,39.21365024309298,38.368293098700356,38.968223639800996,15634800
2022-10-07,37.986515045166016,38.286478537355805,37.62291936083946,38.20466968175761,17186700
2022-10-10,37.677459716796875,38.277390168093646,37.404764687572055,38.122860788779484,10973700
2022-10-11,36.56850051879883,37.55929523913069,36.41397458790129,37.468398040662244,19135900
2022-10-12,36.8230094909668,37.46839197869825,36.32306804526351,36.57758640130751,16469900
2022-10-13,38.5228157043457,38.786418927293155,36.132182294818485,36.132182294818485,23808700
2022-10-14,39.24091720581055,40.840734232431394,39.204560407369115,39.81357925820938,33954200
2022-10-17,39.95901107788086,41.07706308783575,39.895382355424466,40.595301769950105,24507000
2022-10-18,40.604400634765625,41.17706275293569,39.83176396592989,41.004356671109385,24810400
2022-10-19,39.64996337890625,40.46805206335997,39.35908817276847,40.158996723400335,17876800
2022-10-20,39.6772346496582,40.38624251932026,39.54088538202816,39.70450311618185,17572700
2022-10-21,40.749839782714844,40.79528838446047,39.60451560069122,39.66814433663631,18632800
2022-10-24,41.086151123046875,41.38611457750512,40.74982741122854,40.85890471580381,16154300
2022-10-25,41.24067687988281,41.44974315775798,40.33169125390123,40.70437522185348,16362200
2022-10-26,41.540653228759766,42.004234477520725,41.33158690343574,41.504292963267126,15010800
2022-10-27,41.49520492553711,42.25875316877993,41.40430426115952,41.83152871496972,14655500
2022-10-28,42.13148880004883,42.258749719790934,41.33158382384578,41.7315363119473,14990400
2022-10-31,41.804264068603516,42.28602549754771,41.79517226758224,41.940609876367624,14000000
2022-11-01,42.676876068115234,42.776865042324076,42.049673763534315,42.34055235555322,22409100
2022-11-02,42.613258361816406,43.22227722753117,42.25875442893696,42.613258361816406,29246700
2022-11-03,41.66182327270508,42.26561766115711,41.542893070329235,42.26561766115711,17140100
2022-11-04,42.75962829589844,42.91514943954516,41.991162463563995,42.38454399022556,27082500
2022-11-07,43.06153106689453,43.74766126680023,42.8236741331229,43.11642273922891,17713300
2022-11-08,43.16215515136719,43.427459611499984,42.74132955312493,43.226193677628494,14842700
2022-11-09,42.055206298828125,42.99749061469982,42.03690907553061,42.81452187156319,18318700
2022-11-10,43.8665885925293,44.01296288595202,42.93345116327,43.015786921435186,23091900
2022-11-11,43.50064468383789,44.24166639778758,43.299382241281045,44.00380602498688,18076600
2022-11-14,42.87855529785156,43.518944077587996,42.87855529785156,43.180454211522004,13929900
2022-11-15,42.732181549072266,43.464052953637434,42.30220906192418,43.34512624965931,19076000
2022-11-16,42.27476119995117,42.860258319655586,42.11008969880454,42.69558681850895,14713300
2022-11-17,42.07350540161133,42.23817343896791,41.59778804414048,41.82649811081846,11350900
2022-11-18,42.54007339477539,42.78708069133216,42.05520915885216,42.741339374896924,10515300
2022-11-21,42.851112365722656,43.07982240108842,42.43028673821082,42.43028673821082,11656800
2022-11-22,43.09812545776367,43.36342997226876,42.91515670673124,43.11642268185078,11684900
2022-11-23,43.29938507080078,43.45490621793213,42.988339286699954,43.107265991033984,10878500
2022-11-25,43.40000534057617,43.582974025883104,43.01577424228528,43.32681996035584,4913300
2022-11-28,42.979190826416016,43.68361817705701,42.92429915979939,43.1072678920165,12492600
2022-11-29,43.518943786621094,43.59213267059905,43.034079644700405,43.16215670182375,13344900
2022-11-30,43.8665885925293,43.8665885925293,42.21072656269097,43.290238285373,26417000
2022-12-01,42.87855529785156,44.07699710721777,42.50347098955192,43.84828707801463,15980300
2022-12-02,42.02775955200195,42.55836856863164,41.05803112688209,42.43943835975972,29820400
2022-12-05,39.941925048828125,41.97287151414029,39.905330601382836,41.80819999047505,32574600
2022-12-06,39.70405578613281,40.11573097757131,39.027072678052555,39.960209858998994,25961400
2022-12-07,38.83496856689453,39.64917581543072,38.82581821026012,39.420465757309834,24114900
2022-12-08,38.953895568847656,39.237493784084265,38.52391957821377,39.072822276600576,17161400
2022-12-09,38.88070297241211,39.264934126664336,38.71603148063604,38.72518183564466,16023700
2022-12-12,39.210052490234375,39.27409102661496,38.52392232343794,38.972192078102054,18428900
2022-12-13,38.99048614501953,40.32615541387035,38.52391920489586,40.14318668623507,31496000
2022-12-14,38.587955474853516,39.54853687635129,38.37754267184642,38.96303977409886,22044400
2022-12-15,37.84693908691406,38.1579849026445,37.517596047924364,37.892680400142964,16766600
2022-12-16,37.6822624206543,37.92012280069845,37.37121664740749,37.535888144410976,29836200
2022-12-19,38.25861358642578,38.340949336920914,37.60907793798537,37.81949074706446,17454200
2022-12-20,37.49015426635742,38.935603584294014,37.481007399083836,37.77375600958059,25415400
2022-12-21,37.61822509765625,38.09394238314163,37.435256374032924,37.83778826397186,20170800
2022-12-22,37.215694427490234,37.270586088180416,36.611900119249924,37.24313851291637,17382700
2022-12-23,37.49015426635742,37.508451490743305,37.00529003456693,37.22484974752014,10167500
2022-12-27,37.54503631591797,37.63651892455973,37.1516548170503,37.51758874145518,10297400
2022-12-28,37.61822509765625,37.856085485318005,37.380368199832624,37.45355359537907,11889400
2022-12-29,37.81034469604492,37.87438322671668,37.56333743923751,37.645673191506646,11597100
2022-12-30,37.77375793457031,37.90183502195975,37.49930653447312,37.60908639654422,10021500
2023-01-03,38.231170654296875,38.55136331042805,37.920124864124496,38.06649914833278,15944300
2023-01-04,39.01793670654297,39.39302105645351,38.63370200013985,38.661146089940615,18943600
2023-01-05,38.80752182006836,38.99964092529219,38.35925205083617,38.95389961065361,12380700
2023-01-06,39.15515899658203,39.33812773050553,38.51477017276893,38.9630433963896,15247000
2023-01-09,38.78007888793945,39.45706223026896,38.569666042444275,39.44791187316468,21225600
2023-01-10,38.75262451171875,39.228341749567726,38.44157875965741,39.03622268959029,18348800
2023-01-11,39.10026550292969,39.182601247508366,38.441579546300225,38.77092252461495,18272100
2023-01-12,39.1826057434082,39.84128828577852,39.15515816550734,39.38386820559773,20940400
2023-01-13,40.45423126220703,40.58230832075659,37.01443045337654,37.856085179304976,41649700
2023-01-17,40.36274337768555,40.591453397828566,39.502794958289456,40.10658927187351,25473900
2023-01-18,39.685760498046875,40.81101328836496,39.612571622333014,40.216365887621684,20278000
2023-01-19,39.292381286621094,39.52109130168893,38.8989997815174,39.25578684664915,18565300
2023-01-20,40.179779052734375,40.19807627512511,39.11856458294007,39.4113166513535,23237200
2023-01-23,41.195247650146484,41.332475057963386,40.13403329785464,40.19807182421241,19692000
2023-01-24,40.66464614868164,41.35077627439672,40.59145726014965,41.0854717882257,13697200
2023-01-25,41.478851318359375,41.552036713486984,40.28040950083143,40.298706722072865,17285300
2023-01-26,41.90882873535156,41.991164488852775,41.314181238971905,41.652671118993226,16724600
2023-01-27,42.19242477416992,42.42113480100928,41.90882657438547,41.90882657438547,18161800
2023-01-30,42.34795379638672,42.67729682754499,41.90883091812183,42.00031354240427,19427400
2023-01-31,42.87855529785156,42.88770565332902,42.137537036729746,42.375393931572255,22840400
2023-02-01,43.29938507080078,43.729357559235645,42.51262199984938,42.68644036837938,21874600
2023-02-02,43.483516693115234,43.796546598980385,42.74697677110882,43.56637765384717,19058000
2023-02-03,43.80575942993164,44.22926948577292,43.22573265043615,43.27176574135808,17346900
2023-02-06,43.89781951904297,43.971471751875654,43.40986250121632,43.511133882348865,15948900
2023-02-07,44.3121337890625,44.56992192730538,43.59400417065737,43.676865145392576,21764800
2023-02-08,44.422611236572266,44.75405511550649,43.83337923495577,43.91624020468932,18070500
2023-02-09,43.796546936035156,44.77246453526635,43.722894699317386,44.6251565497314,17362100
2023-02-10,43.741302490234375,43.92543833908889,43.253345476054214,43.64923632185671,18929000
2023-02-13,44.3121337890625,44.33054772923699,43.391457852937954,43.58479895662011,16451700
2023-02-14,44.65277862548828,44.96580855427466,43.962271739527125,44.12799367312577,16844400
2023-02-15,44.164817810058594,44.43181111415878,43.91623493071069,44.11878121187986,12854000
2023-02-16,43.47431182861328,44.01751068395955,43.44668916674861,43.824166099304534,12631700
2023-02-17,43.722900390625,43.79655263692991,43.29018159024659,43.35462862280084,13463800
2023-02-21,42.57204055786133,43.33619946644042,42.32345772868057,43.33619946644042,13652700
2023-02-22,42.36029052734375,42.56284032011332,42.0656745626422,42.30505222902429,13402900
2023-02-23,42.581260681152344,42.7561878390541,42.15775060701134,42.461571829903846,14783600
2023-02-24,42.921905517578125,43.05079956975922,42.07488545347408,42.20377950565517,16040300
2023-02-27,43.069217681884766,43.66765842455587,43.013979375367335,43.21652568609767,15468200
2023-02-28,43.06001281738281,43.29938700913267,42.84825777911566,42.967943118940646,18627200
2023-03-01,42.977142333984375,43.198102537147264,42.5812514985435,42.81142042556266,13382200
2023-03-02,42.166954040527344,42.92190797111432,41.78027186188024,42.77459997275832,19115000
2023-03-03,43.13365936279297,43.253348198897825,42.26822538442571,42.36950028327602,14947200
2023-03-06,42.931114196777344,43.43748519213493,42.82063057036879,43.16128315031256,14236000
2023-03-07,40.92404556274414,42.59967546503351,40.620220821730165,42.52601970523621,24056800
2023-03-08,40.3624267578125,41.02531445021708,40.14146302297783,40.74910890364889,14852000
2023-03-09,37.867393493652344,40.07701312295095,37.59119147900241,39.99415216734606,33599800
2023-03-10,38.07914733886719,38.99982303463438,36.578444971378914,37.36102142004047,55435400
2023-03-13,35.36315155029297,37.333396877923995,35.179015718007136,36.64289014092627,78806900
2023-03-14,36.983551025390625,38.30011790772816,36.2470109717997,38.20805171806679,52855100
2023-03-15,35.768253326416016,35.88794216347344,35.05933605302062,35.26188234023383,47324600
2023-03-16,36.18256378173828,36.88227946372955,35.12378855676464,35.56571258702755,40388800
2023-03-17,34.76471710205078,35.68539291368676,34.55296208682645,35.68539291368676,47403800
2023-03-20,34.506927490234375,35.39998411235418,34.47930834096448,35.09615942198789,34283700
2023-03-21,35.42760467529297,35.869528641742214,35.317124561705526,35.53808478888041,34664700
2023-03-22,34.2491455078125,35.639364625288046,34.23993678168023,35.639364625288046,22994400
2023-03-23,33.7059440612793,34.654239080655785,33.613874367296326,34.516139807830896,30239900
2023-03-24,33.356082916259766,33.58625186007505,32.45382107795576,33.144327909401625,35694800
2023-03-27,34.49772262573242,34.700268909253154,34.02817601081295,34.083417822009174,27454600
2023-03-28,34.2307243347168,34.60820124807998,33.94531359062299,34.396446249081045,15270000
2023-03-29,34.95806121826172,34.99488558103283,34.34120660652778,34.61740864385814,20789100
2023-03-30,34.41485595703125,35.44601167697373,34.22151140596176,35.261875848959306,22340400
2023-03-31,34.41485595703125,34.939640784008155,34.35040894404102,34.7370910219824,30287900
2023-04-03,34.72789764404297,35.132993794026184,34.43328162367336,34.543761753286965,21541000
2023-04-04,33.890079498291016,34.8015466282714,33.50339381276928,34.70948044758034,21942700
2023-04-05,33.96372985839844,34.07420997152563,33.39291184312521,33.60466685666045,15486900
2023-04-06,34.89361572265625,35.07774808088061,34.12024787697528,34.16628096653137,23484900
2023-04-10,35.565704345703125,35.63935657763017,34.62661468196384,34.709475637943754,27005800
2023-04-11,36.247005462646484,36.40352217580196,35.63935957177708,35.694601384437746,25116100
2023-04-12,36.0812873840332,36.68893333969457,35.805085315478,36.293042420328845,20252900
2023-04-13,36.513999938964844,36.53241387533327,35.943181959940674,36.20097004490012,22397800
2023-04-14,36.4955940246582,37.296581116203015,36.0168421101429,36.59686894089606,40963100
2023-04-17,38.0239143371582,38.0239143371582,36.421940222363524,36.67052313923164,31445100
2023-04-18,38.54868698120117,38.723617595633456,37.876594204321286,37.9410412163441,27892300
2023-04-19,38.88934326171875,39.04585644550842,38.47503849271802,38.64076040031831,23310500
2023-04-20,38.364559173583984,38.71441696346497,38.16201288436824,38.54869503731606,19265500
2023-04-21,37.96866989135742,38.11597787248755,37.02037147023914,37.94104723032725,23975300
2023-04-24,38.162017822265625,38.300117103859144,37.78454083321677,37.867401807012854,17327800
2023-04-25,37.333404541015625,37.802951185329064,37.18609654737015,37.47150732160184,20728000
2023-04-26,36.32986831665039,37.241338956448615,36.12732201721719,37.04799787022161,26915600
2023-04-27,36.513999938964844,36.62448004507614,36.20097004490012,36.3943111086197,21695800
2023-04-28,36.59687042236328,36.75338365408481,35.86953555093932,36.136532429629156,20193000
2023-05-01,37.186100006103516,37.91343482892211,37.00196411889502,37.278169705757726,26564300
2023-05-02,35.75905227661133,36.83624139922948,35.280300384747754,36.83624139922948,36239500
2023-05-03,35.58412551879883,36.52321186143004,35.54729763929567,35.93397983777913,25202700
2023-05-04,34.071678161621094,35.3335926919883,33.77475751207273,34.96244011026617,53247000
2023-05-05,35.20369338989258,35.519172081444104,34.63769072936761,34.7583123323329,27039700
2023-05-08,35.61195755004883,35.983106615038075,35.398546041275964,35.658350740725794,22735400
2023-05-09,35.760414123535156,35.88103569869645,35.04594773560503,35.20368527523435,18999100
2023-05-10,35.519161224365234,36.400645846573894,35.16657020714011,36.37281064510163,17941600
2023-05-11,35.56556701660156,35.70474659903105,34.71191737815734,35.03667327673329,18536200
2023-05-12,34.78614807128906,35.751138509365404,34.4985046146125,35.68618733198258,17658600
2023-05-15,35.97382736206055,36.2800252349029,34.75830601332669,34.8882083557188,24405800
2023-05-16,35.621238708496094,35.97383336783506,35.55628752645654,35.89032419955936,21821200
2023-05-17,37.54194641113281,37.68112953949564,36.08517810311756,36.17796803521745,29241600
2023-05-18,37.30997085571289,37.412037994727385,36.71612954461776,37.412037994727385,27213900
2023-05-19,37.142948150634766,37.54193589799791,36.76251838449467,37.421314329407565,19774900
2023-05-22,38.02444076538086,38.25641026995705,37.20790711819201,37.30069704376673,27519400
2023-05-23,38.237850189208984,39.082218998007576,38.0244386814438,38.05227388780383,26116600
2023-05-24,37.922367095947266,38.31207763719942,37.746071577031486,37.940925077871,21193700
2023-05-25,37.95021057128906,38.31208241499713,37.59761594991324,37.690402331529924,17691800
2023-05-26,38.25640869140625,38.52549415510922,37.82030490813409,37.950210798578475,17399400
2023-05-30,38.02444076538086,38.43270581918841,37.430599399997604,38.2656910323014,14752600
2023-05-31,36.938819885253906,37.5512191479228,36.46560018162558,37.384200845415535,27221100
2023-06-01,37.1707878112793,37.60688799229785,36.81819323846962,37.309967364533826,17079400
2023-06-02,38.26568603515625,38.55332591794043,37.46771047729058,37.69039919044135,16906100
2023-06-05,37.53266525268555,38.1914577734422,37.523384490661584,38.1914577734422,18443900
2023-06-06,38.284244537353516,38.618281182069104,37.35636654184295,37.486272434456296,18825100
2023-06-07,39.03582000732422,39.10077117222908,38.03371379195426,38.46053674406419,17781800
2023-06-08,39.31418228149414,39.34202102303151,38.56260351187194,38.69250584046971,17157300
2023-06-09,39.09150314331055,39.40698182113272,38.99871321479,39.2770794607778,11098900
2023-06-12,38.813140869140625,39.67606420676169,38.423430244161985,39.072945592743785,19433400
2023-06-13,39.57399368286133,40.214228156897526,38.53476789077945,38.67395099101802,18864000
2023-06-14,39.045101165771484,39.88946985771438,38.96159201867502,39.66677761893279,14826100
2023-06-15,39.30491256713867,39.36058298169936,38.61828129110971,38.80385759865054,14188200
2023-06-16,39.13788986206055,39.65750275707935,39.026545505832686,39.50904243558445,36422100
2023-06-20,38.868812561035156,39.100782083160766,38.35848032027362,39.08222409664184,16679600
2023-06-21,38.6461181640625,38.93375806420851,38.534770261192925,38.83169092303148,11686500
2023-06-22,38.098670959472656,38.6275611224972,37.96876506962268,38.55332918544007,11504400
2023-06-23,37.681129455566406,37.80175459724058,37.39348597605844,37.606897510051844,18952000
2023-06-26,37.66256332397461,38.24712737997028,37.541938208387805,37.83885884708362,13618500
2023-06-27,37.95948791503906,38.09867102748285,37.4305977510704,37.690402452086985,11749600
2023-06-28,37.69040298461914,37.98732365842577,37.467714249050985,37.96876567386616,13959600
2023-06-29,39.38842010498047,39.444090517246444,38.386310209310714,38.488377351229694,23956300
2023-06-30,39.60182571411133,40.102880587336834,39.54615177056194,39.85235315072408,20062200
2023-07-03,40.2698974609375,40.45547018709077,39.65749826174227,39.7874005858787,9249100
2023-07-05,40.34413146972656,40.47403381197869,39.68533899712027,40.11216199011251,15722200
2023-07-06,39.79668426513672,40.18639484036673,39.1935657281101,40.10288568421554,14978600
2023-07-07,39.685340881347656,40.29774019502203,39.51832256492978,39.51832256492978,13506500
2023-07-10,39.26779556274414,39.88947564568439,39.2306795942995,39.62966740614547,16675800
2023-07-11,39.657501220703125,39.83379673953179,39.03582121507117,39.295625882728814,15401100
2023-07-12,40.1400032043457,40.68745139977603,39.9080336900036,40.18639993887324,13998300
2023-07-13,40.55753707885742,40.60393026013109,40.17710732909681,40.33484839291469,18034800
2023-07-14,40.418365478515625,42.04215191922892,40.17711522516275,41.52253898395419,30897600
2023-07-17,41.51325988769531,41.8751317118153,40.40908289252846,40.418363653931905,25173900
2023-07-18,42.31122970581055,42.40401961710192,41.38335183033599,41.54109290974473,24183200
2023-07-19,42.92363357543945,43.21127702199861,42.25556384020393,42.617435684201,18932700
2023-07-20,43.73089599609375,43.83296315378039,42.877246300547874,43.025706655480974,18927200
2023-07-21,42.64527130126953,43.80511878143618,42.63599407884059,43.77728357457573,16215400
2023-07-24,43.07209396362305,43.45252733192117,42.64527094399523,42.654551705920035,12053200
2023-07-25,42.199893951416016,43.27623236472205,42.15350075610282,43.04426284858218,13537400
2023-07-26,43.09065628051758,43.452531700925014,42.78445835810997,43.12777225280151,19520900
2023-07-27,42.46897888183594,43.768006031413044,42.292683326131765,43.2020033927079,19509600
2023-07-28,42.812294006347656,42.89580317505548,42.28340378438944,42.728784837639836,12616400
2023-07-31,42.830848693847656,43.313345682600485,42.55248599945241,42.997867018399546,11696600
2023-08-01,42.413299560546875,42.830845339223316,42.06998571566776,42.69166223314003,12699200
2023-08-02,41.847293853759766,41.912245026666426,41.3462424541332,41.847293853759766,13911700
2023-08-03,42.221351623535156,42.445782052165434,41.62286215692061,41.80988989228407,12145400
2023-08-04,41.94080352783203,42.73567042206634,41.80988519795406,42.17458727897325,10840800
2023-08-07,42.13719177246094,42.51124369769228,42.00626985300954,42.24940699330458,10860300
2023-08-08,41.59480667114258,41.66026583938037,40.566159541185385,41.127239145297104,14520000
2023-08-09,40.88410949707031,41.37972998016916,40.74383779904811,41.351677067467705,11973800
2023-08-10,40.837345123291016,41.51064348765764,40.79058908515601,41.14594139604473,11982200
2023-08-11,40.893455505371094,41.005670713079525,40.56615966319769,40.68772465185802,7316000
2023-08-14,40.902809143066406,41.0617803911737,40.46329452281681,40.70642806911536,10677000
2023-08-15,39.95832061767578,40.4539410571094,39.76194311155195,40.33237606794159,13835900
2023-08-16,39.481407165527344,39.95832452232539,39.40659464126079,39.892865347220905,10076700
2023-08-17,39.715187072753906,39.9770237475901,39.51880599936961,39.715187072753906,12686000
2023-08-18,39.74323654174805,40.01442654135103,39.32242508844288,39.36918112386415,10797300
2023-08-21,39.733890533447266,40.08923929018718,39.387887990519246,39.883512001352805,12600400
2023-08-22,38.808109283447266,39.80870362296518,38.74265010738591,39.70583818422375,13634500
2023-08-23,38.910972595214844,38.93902550706268,38.54627047216355,38.86421655304933,11927400
2023-08-24,38.74264907836914,39.44400043233345,38.70524281668259,38.76135220921242,10363300
2023-08-25,38.55561828613281,39.088644987584544,38.125457012550214,38.939023519935944,12534700
2023-08-28,39.163455963134766,39.34113033420441,38.61172615404194,38.72394135854608,10314500
2023-08-29,39.275672912597656,39.62167188942424,38.94837706522889,39.15410435475046,14404800
2023-08-30,38.84551239013672,39.397242234441286,38.78005321939357,39.33178306369814,12536300
2023-08-31,38.611732482910156,39.00448754667985,38.44340786493525,38.9764346327699,21534900
2023-09-01,38.94837951660156,39.26632560288123,38.817457602156765,38.85486386342671,12890300
2023-09-05,38.84551239013672,39.5375103572092,38.63043174808677,38.94837782052088,14337200
2023-09-06,38.359249114990234,38.714601515602794,37.96649044752205,38.53692353166754,18775400
2023-09-07,37.80751419067383,38.35924406881115,37.685945623014426,38.08805402066997,13801000
2023-09-08,38.340538024902344,38.4527532349237,37.71399923775447,37.826214447775826,13921200
2023-09-11,38.64913558959961,39.013837709672046,38.536916808610144,38.69589163138322,15053800
2023-09-12,39.78064727783203,40.18275564881033,38.59302529462372,38.72394363545252,18393900
2023-09-13,39.50946044921875,40.098596597944535,39.38789187977366,39.93962176601518,15274200
2023-09-14,40.257568359375,40.57551445989947,39.93027247674286,40.03313791621512,20764500
2023-09-15,40.16405487060547,40.50070409087948,39.84610878115307,39.90221460636044,47371800
2023-09-18,40.612918853759766,40.77189011307705,39.99572981258798,40.20146068206438,15849700
2023-09-19,40.41654586791992,40.90281661662313,40.117302879065306,40.725138639500955,15318100
2023-09-20,40.08924102783203,40.88410800892971,40.042484985945656,40.58486506014812,16788100
2023-09-21,39.57491683959961,40.36978024153018,39.54686392833958,39.97702521486066,14990500
2023-09-22,38.55561828613281,39.64037481839951,38.480809335937096,39.58426899756701,16780300
2023-09-25,38.86422348022461,38.920329313920604,38.12546575365802,38.22833120511134,10624000
2023-09-26,38.01324462890625,38.63043367473556,37.74205458386948,38.38729654220003,15219400
2023-09-27,38.20962142944336,38.52756751173111,37.83556595595517,37.99454078072773,11815500
2023-09-28,38.256378173828125,38.52756821872059,38.078703782652426,38.19091899985511,12454600
2023-09-29,38.20962142944336,38.705241899646445,37.94778473835605,38.52756751173111,13124500
2023-10-02,37.04069900512695,38.11610214625521,36.881724195499366,38.059996327657146,15102000
2023-10-03,36.16167449951172,36.909785472517,35.97465032351789,36.825623166416776,19252900
2023-10-04,36.44221115112305,36.57312947698356,35.89983115283596,36.012046351108275,14343500
2023-10-05,36.75080108642578,36.86301627629586,36.09620593887996,36.245827381125586,11820600
2023-10-06,37.11551284790039,37.302540591496076,36.24583687234934,36.36740544077516,13976800
2023-10-09,37.1248664855957,37.218378574491545,36.563783250448076,36.57313659969218,12096600
2023-10-10,37.23707580566406,37.76075269537594,37.14356373158482,37.330587879743305,14429700
2023-10-11,37.11551284790039,37.60178355434616,36.70405466579589,37.414755810750485,14835900
2023-10-12,37.162261962890625,37.41474524308565,36.769503455547216,37.11550236475566,14878100
2023-10-13,38.303131103515625,38.9390232280702,37.844916922951306,38.18156611445162,28077900
2023-10-16,38.94837951660156,39.43464664408114,38.71459573455055,38.78005490814424,18419000
2023-10-17,39.25697326660156,39.62167540524775,38.742649646273414,38.742649646273414,16982300
2023-10-18,38.836158752441406,39.219563992764,38.667834152567366,38.99513357110344,16053200
2023-10-19,38.50885772705078,39.48139893626033,38.49015459988251,38.789397500061334,16120300
2023-10-20,37.65789031982422,38.42470080452652,37.34929402933665,38.3872945449661,17498900
2023-10-23,36.91913604736328,37.76075912644186,36.86302665300552,37.64854033772633,13785800
2023-10-24,36.73210906982422,37.246436277404285,36.69470637339283,37.050055176665694,15097800
2023-10-25,36.498329162597656,36.666653799880464,36.077521136648656,36.5357354302734,13849000
2023-10-26,37.07810592651367,37.386698636101684,36.45156359197531,36.48896984988207,15480300
2023-10-27,36.24583053588867,36.853669704498415,36.11491220843596,36.825616796403374,13582800
2023-10-30,36.872371673583984,37.021993124150434,36.180370235178664,36.563775425208746,14141900
2023-10-31,37.19032669067383,37.22773295417055,36.69470618474393,37.06875811793829,11919200
2023-11-01,37.04069900512695,37.38669796642413,36.73210273380948,37.36799483780577,19850300
2023-11-02,38.22003936767578,38.24834596780168,37.16335200549348,37.493569280528604,19998500
2023-11-03,39.26728820800781,39.49372298265029,38.748379531648006,38.842725254964826,16147500
2023-11-06,39.003116607666016,39.42767955313489,38.82385829693853,39.42767955313489,15148600
2023-11-07,38.7200813293457,38.87103666478128,38.437040525286385,38.852166797969446,13796900
2023-11-08,38.6634635925293,38.861591753770604,38.14455496111039,38.7483761757839,19418700
2023-11-09,38.11626052856445,39.04086242111206,37.99360819207635,38.96538295279349,14006500
2023-11-10,38.57855987548828,38.635169477020945,38.078520991990125,38.33325880029838,14706600
2023-11-13,38.465335845947266,38.73894346150144,38.23890108847454,38.437032850910064,12159700
2023-11-14,39.701290130615234,39.98433091557818,39.11633509609178,39.1540748271692,20183800
2023-11-15,40.41832733154297,40.597585656928466,39.69185369857194,39.69185369857194,17268100
2023-11-16,40.12584686279297,40.53153994747833,39.61637492307574,40.3994544964754,16931200
2023-11-17,40.53154373168945,40.55985033030335,40.040938011402915,40.408895000912025,13893800
2023-11-20,40.37116241455078,40.52211777066141,40.106987842062495,40.43720515790796,10369100
2023-11-21,40.19189453125,40.31454686471925,39.76733512911478,40.229634264480396,16078400
2023-11-22,40.36171340942383,40.408889868101575,40.00319679707071,40.24849782652592,11862200
2023-11-24,40.49380874633789,40.673070695356536,40.31455039637861,40.380593135787784,5287200
2023-11-27,40.58815002441406,40.59758315714451,40.116414208601334,40.22962979665997,15715000
2023-11-28,40.918365478515625,40.99384493995595,40.371153779308514,40.540978968490435,15332900
2023-11-29,41.305198669433594,41.64484912960493,41.163680043735326,41.22028605439076,16746000
2023-11-30,42.06939697265625,42.220352278180144,41.02214296599618,41.33349030810955,23247500
2023-12-01,42.475101470947266,42.68266642159324,41.87128008622371,41.99392883064238,18116100
2023-12-04,42.5694465637207,42.767578376798454,42.00336492393674,42.18262327008783,13424000
2023-12-05,41.975067138671875,42.42793322659682,41.89958765782118,42.40906335638415,14531700
2023-12-06,41.984493255615234,42.692097074530096,41.91845052044125,42.267534063369354,18923800
2023-12-07,42.8336181640625,42.871354298138364,42.12601436354864,42.25809983046178,18787800
2023-12-08,43.494049072265625,43.72048389062079,42.56944712884577,42.79588194720093,20238400
2023-12-11,43.39970397949219,43.60726893283224,42.99401080654175,43.30535823655183,21116900
2023-12-12,43.843135833740234,44.11673992130414,43.22044458777045,43.343093330828324,19787100
2023-12-13,45.060211181640625,45.07908104935907,43.72991609949391,43.87143830785263,26549100
2023-12-14,47.65475845336914,47.69249818868322,45.70177213910625,45.70177213910625,41115400
2023-12-15,47.466068267822266,47.90006443857782,47.09811123707628,47.26793645155617,44099200
2023-12-18,46.85279846191406,47.62644486864945,46.730146148926714,47.560402146054365,20531700
2023-12-19,47.25849533081055,47.47549337951793,46.52258859179779,46.86223536430147,20556400
2023-12-20,46.55089569091797,47.71136549662219,46.50372282383582,47.01319842606472,20481500
2023-12-21,46.65467834472656,47.01319861429258,46.3527676753212,46.81506681325981,11127700
2023-12-22,46.399940490722656,47.04150156225663,46.31502789010613,46.85280649432445,10450400
2023-12-26,46.83393859863281,46.8622416003431,46.258420236795544,46.38107257597215,8856600
2023-12-27,46.541465759277344,46.767896976474205,46.37164054685004,46.61694163198986,12536700
2023-12-28,46.682979583740234,46.84337164528032,46.31502619422801,46.362199059718996,9872600
2023-12-29,46.43768310546875,46.77733352900936,46.428246372004125,46.560331848034515,11733600
2024-01-02,46.541465759277344,46.94715532334334,46.060293124380216,46.27729120713526,14916000
2024-01-03,45.92820739746094,46.31503069053451,45.58855697445794,46.31503069053451,21653600
2024-01-04,46.49428939819336,47.04150477263586,46.01312036123471,46.06029323167234,15917500
2024-01-05,47.098114013671875,47.617026421318386,46.50372932701061,46.60751180853991,15074800
2024-01-08,47.098114013671875,47.1641603556938,46.371643841085884,46.58864193925644,15119700
2024-01-09,46.50372314453125,46.66411161352841,46.27728834229275,46.64524174675361,13625200
2024-01-10,46.30559539794922,46.34333153281131,45.86216252202274,46.23011593010679,11849800
2024-01-11,46.26785659790039,46.30559633258335,45.60742563718544,46.1263343923689,21049200
2024-01-12,44.72056198120117,46.02255039298786,44.343171845024145,45.239470719150276,30454100
2024-01-16,44.17334747314453,44.39978227891459,43.60726585730809,44.12617460500135,25209900
2024-01-17,44.03182601928711,44.39978303481023,43.59782986648655,43.62613646710168,17445600
2024-01-18,43.814823150634766,43.98464833951411,43.51291250352901,43.918605610400896,17901300
2024-01-19,45.399864196777344,45.45647380316757,43.758225201114854,43.99409316248494,25606900
2024-01-22,45.78668212890625,46.164072262373715,45.43759859483722,45.50364132833517,19372200
2024-01-23,46.343326568603516,46.43767589330003,45.66402942608225,45.899897339235444,16422100
2024-01-24,46.692420959472656,47.25850259977482,46.46598614391621,46.579201752164785,17776000
2024-01-25,47.06037139892578,47.11697739992796,46.70185112998932,46.87167633111401,17979600
2024-01-26,47.475502014160156,47.64532723082846,46.95659322947787,47.022635969397825,19211100
2024-01-29,47.50380325317383,47.80571393847044,47.16415643150958,47.32454490848498,16725200
2024-01-30,48.29631423950195,48.37179370181897,47.75853566719922,47.76797239951827,14736800
2024-01-31,47.34341049194336,48.53218325784056,47.32454062593751,48.12649013636208,20394400
2024-02-01,46.298301696777344,47.47642548814751,45.49071938267226,47.333909256557995,27566100
2024-02-02,46.706844329833984,47.0963845883322,45.66173738001097,46.07977943507251,19329000
2024-02-05,46.269798278808594,46.4788174869869,45.83275383294519,46.18428926771895,14202700
2024-02-06,45.88026428222656,46.66884427026209,45.61423419797305,46.09878653491927,13926600
2024-02-07,46.06078338623047,46.17479421255706,45.08218290955467,46.03228158573353,15839600
2024-02-08,45.93726348876953,46.079779721147595,45.66173766349074,45.775748474790184,10839200
2024-02-09,45.661746978759766,45.86126684532162,45.10118857436759,45.81376263295057,16594000
2024-02-12,46.478824615478516,46.83036372850629,45.49072476553264,45.60473558969202,14101900
2024-02-13,45.83275604248047,46.27929990028636,45.21519052991238,45.98477166681961,13660100
2024-02-14,46.1082763671875,46.28879739127904,45.56672054358877,46.17478296837767,12683400
2024-02-15,49.44313430786133,49.83267460696134,46.19379506044524,46.298306491188434,46473600
2024-02-16,49.31961441040039,49.70915466164538,48.759056134283135,49.34811620643301,24359700
2024-02-20,49.18659591674805,49.6331433364639,48.71154670405897,48.9300689069754,19839100
2024-02-21,50.03219223022461,50.05119463718291,48.57854252913081,49.063091221382564,18562500
2024-02-22,50.706756591796875,51.21981065833226,50.11769652892562,50.19370614959969,20467900
2024-02-23,51.17230987548828,51.324325502651675,50.754264182535124,50.85877560577341,20863500
2024-02-26,51.4288330078125,51.83737565425298,51.00128795638198,51.06779456167804,18099900
2024-02-27,52.07490539550781,52.15091139859599,51.53334948527746,51.57135067465229,19548200
2024-02-28,51.98939895629883,52.65446510758733,51.84688270997204,52.00840136409832,20045200
2024-02-29,52.81597900390625,52.9204904252194,52.1984134912404,52.29342552167889,28335600
2024-03-01,52.31242752075195,52.96799421615421,52.1604118975715,52.635461173052704,17761000
2024-03-04,53.02500534057617,53.73757930629667,51.99889709025613,52.131910317296445,19483500
2024-03-05,53.77558135986328,54.25063067796928,52.66396769517782,52.929994153528796,21786100
2024-03-06,54.260135650634766,54.526162118578924,53.46205262246349,53.98460616635614,25418600
2024-03-07,54.15562057495117,54.80168791737136,54.032106741281225,54.20312478041237,18116300
2024-03-08,54.222129821777344,54.668677348352325,54.04161238251918,54.35514305326639,17872500
2024-03-11,54.241127014160156,54.48815104541008,53.6995711241206,53.946595155370524,16622000
2024-03-12,54.73517990112305,55.21022919222901,54.25062759456542,54.3931438316326,23622800
2024-03-13,54.934696197509766,55.52375626574977,54.74467576843092,54.74467576843092,17444900
2024-03-14,54.50715637207031,55.22923334703777,54.269631718998646,54.98220567821364,24851100
2024-03-15,54.640167236328125,55.39074597743554,54.0226053396362,54.0226053396362,40782800
2024-03-18,54.8871955871582,54.944202806912855,54.2601306672109,54.72567694335592,16376500
2024-03-19,54.16511917114258,55.0487111522358,54.079610152832316,54.77318531487029,14504800
2024-03-20,54.440643310546875,54.640163125652265,53.471542405885934,53.79457604077291,22841600
2024-03-21,54.96320343017578,55.2197304911565,54.58316615876399,54.71617938497504,18141700
2024-03-22,54.27913284301758,55.12471999858816,54.269629827596304,54.92520016680288,13736600
2024-03-25,53.89908981323242,54.46915111261756,53.557053758468996,54.23162647729166,15028200
2024-03-26,53.85158920288086,54.298136706866075,53.76608018348664,54.288633691189744,11445900
2024-03-27,54.73517990112305,54.76368169880109,53.566559079922996,53.566559079922996,13762800
2024-03-28,55.067710876464844,55.18172531155015,54.687673632528806,54.78268203742824,14619000
2024-04-01,54.73517990112305,54.99170695324088,54.402643222745795,54.99170695324088,11039500
2024-04-02,54.4881477355957,55.10571321271484,54.33613211998243,54.49765075026175,14632900
2024-04-03,54.27913284301758,55.06771277907589,54.01310277629875,54.34563945361267,13226500
2024-04-04,53.85158920288086,55.10571907110373,53.71857597812064,54.849192012921065,12361900
2024-04-05,54.53565979003906,54.744679012507504,53.747076231150125,53.8040834505534,11081000
2024-04-08,54.906192779541016,55.08671018844676,54.45014593782799,54.516652542390005,15308800
2024-04-09,54.7066764831543,55.096216745350326,54.03210375526595,54.82068729482821,10643800
2024-04-10,54.09861373901367,54.44064981971149,53.60456202515446,53.956101121615305,16475200
2024-04-11,53.861087799072266,54.155619666934996,52.85398561256204,54.13661726020142,18995600
2024-04-12,53.652069091796875,54.15562018991477,52.57845665918202,53.17701979188534,27876700
2024-04-15,54.12711715698242,55.08671512620481,53.908594918928586,54.73517966710414,19407500
2024-04-16,53.595054626464844,54.11760806086494,52.88248077291798,54.060604472157536,25620000
2024-04-17,54.326637268066406,54.754182355301246,53.82308617884451,54.04160841802266,18867700
2024-04-18,55.80879211425781,56.179329980101215,54.364641839539544,54.75418211187984,24468500
2024-04-19,57.33845138549805,57.81350070476262,55.92280644371929,56.05581967321918,34334300
2024-04-22,58.0510139465332,58.42155538712349,57.32894071798227,57.38594792984338,21753400
2024-04-23,57.89900588989258,58.67808643190508,57.775495684593395,58.11752812735087,21731200
2024-04-24,57.57596969604492,57.90850635746345,57.05341622734527,57.57596969604492,19731600
2024-04-25,56.939414978027344,57.91801547231403,56.62588066956332,57.5854823794027,24002500
2024-04-26,56.92040252685547,57.414454195115255,56.416851468047994,56.79688870370597,18785900
2024-04-29,56.81589889526367,57.290948223191194,56.397856791449406,56.87290611937692,15338400
2024-04-30,56.359840393066406,56.996408246326666,56.34083798893377,56.62586680224729,18007700
2024-05-01,56.54986572265625,57.14842881964963,56.369348304221305,56.60687294000648,16365400
2024-05-02,56.84440231323242,57.1484335824285,56.359849986218364,57.11992815920857,15329500
2024-05-03,56.94890594482422,57.25293719174515,56.16982542154705,57.03441495954188,17298500
2024-05-06,57.18643569946289,57.84200607906482,56.853902625997186,57.45246578257413,16240100
2024-05-07,57.25294876098633,57.58548549623521,57.06293191151735,57.271951170801046,16268200
2024-05-08,58.174530029296875,58.364550451908144,57.1009177222306,57.148425546137,18718400
2024-05-09,58.5567626953125,58.64276331023763,57.79231480996411,58.04076265093674,14224300
2024-05-10,59.1396484375,59.21609503969082,58.72875706366091,58.72875706366091,14428200
2024-05-13,58.53764343261719,59.40720347262819,58.4898661294643,59.20653661228132,15203500
2024-05-14,59.1396484375,59.23520669023853,58.30831168713527,58.82431531639943,14499600
2024-05-15,59.56965255737305,59.770319424052275,59.12053787417932,59.43587464625356,17489600
2024-05-16,58.34653854370117,59.70343300870186,58.26053793358318,59.67476735372081,21104100
2024-05-17,58.36564636230469,58.89120399176586,58.18408750554884,58.68097948191155,15795800
2024-05-20,58.002532958984375,59.04409422720726,57.89742070285208,58.270088778103215,15029000
2024-05-21,58.728763580322266,58.9580997671677,58.078981970297725,58.11720527563447,18422100
2024-05-22,58.222320556640625,58.719212616215174,57.82098312017936,58.57587703637003,10340500
2024-05-23,57.027862548828125,58.078977854882474,56.72208341815141,58.05031220049865,13056100
2024-05-24,57.5343132019043,57.70631443246224,57.20942239364764,57.371869620363505,9913000
2024-05-28,56.83675003051758,57.505643249928404,56.559636552519905,57.304976377657596,11276300
2024-05-29,56.13919448852539,56.32074972014017,55.823857688948394,56.25386075874657,12835000
2024-05-30,56.5787467956543,56.750748009083665,55.99585419960752,56.2060787149489,13580800
2024-05-31,57.2571907043457,57.324083301427294,56.3494110298423,56.636078487326245,25386600
2024-06-03,56.702972412109375,57.52475520209535,55.99585588613836,57.52475520209535,13206500
2024-06-04,56.09141159057617,56.836747740508734,55.74740916901509,56.206077849371646,12520700
2024-06-05,56.07230758666992,56.30164013553567,55.546749879912845,56.2443088209068,11199100
2024-06-06,55.164520263671875,56.37808282287336,54.94474173415624,56.167858296738885,18587400
2024-06-07,55.76652526855469,56.07230441318649,55.011631410480895,55.011631410480895,14466700
2024-06-10,55.35563278198242,55.546745654950996,54.82051746670538,55.32696712684834,12787500
2024-06-11,54.591182708740234,55.18362931012206,53.99873246218369,55.18362931012206,19197800
2024-06-12,54.75362777709961,55.852524048119875,54.61984986135971,55.690076832453705,16929800
2024-06-13,54.72495651245117,55.059401267516726,54.17072960957174,54.89695771367758,15963700
2024-06-14,54.849185943603516,55.049852816879365,54.1038461147328,54.45740620022812,15375400
2024-06-17,55.65185546875,55.66140947164938,54.53384758043804,54.667625492077576,18361100
2024-06-18,56.42585754394531,56.42585754394531,55.326964946733,55.6231864252458,15547400
2024-06-20,56.3398551940918,56.56919135455858,55.986298773331164,56.129634329269734,11985500
2024-06-21,55.5180778503418,55.862080301917956,54.77274163537677,55.709190728459106,62732600
2024-06-24,56.387630462646484,56.817633469768744,55.680517646644965,55.89074214905462,16198300
2024-06-25,54.65807342529297,56.37808197690948,54.63896177364253,56.15830345069166,26726900
2024-06-26,54.47651290893555,55.23140672300081,54.30451533963529,54.677183422606184,30425700
2024-06-27,54.8682975769043,54.91607853146874,53.826739838620284,53.90318280460831,13832200
2024-06-28,56.75074768066406,56.808082633200286,55.50851953711002,55.50851953711002,31074500
2024-07-01,57.89741897583008,57.916530625936296,56.922746691460404,56.96096999167283,14470200
2024-07-02,58.260536193847656,58.46120306307251,57.46741907475695,57.801867501973106,9543700
2024-07-03,57.96431350708008,58.42298221824771,57.48653314396693,58.28920429980401,6698800
2024-07-05,56.97053146362305,57.964315528395325,56.483197080130395,57.81142595267459,11436300
2024-07-08,56.387630462646484,57.725416785876966,56.0531857044261,57.30497142623213,12480000
2024-07-09,57.21897888183594,57.73497891786635,56.3016377890791,56.45453100885107,12233800
2024-07-10,57.06608963012695,57.324091472189465,56.74119882662323,56.89408840208527,12097200
2024-07-11,57.48653030395508,58.0120879483804,56.64563588576975,56.760305791777775,16852800
2024-07-12,54.027400970458984,54.390511399281905,53.12917161084256,53.7025101979716,53042800
2024-07-15,55.164520263671875,55.651858275133634,54.50518467512496,54.51473867850613,27277300
2024-07-16,57.56297302246094,57.926083431452284,54.973400986783666,55.460738941485715,25577300
2024-07-17,58.20320129394531,58.289201901574295,57.22852895587506,57.48653077876202,17371100
2024-07-18,56.60741424560547,58.11719817006626,56.368524084220724,57.92608531192355,17739000
2024-07-19,56.59785842895508,57.11386206908222,56.483192168429504,56.66474738469289,12362800
2024-07-22,56.51185989379883,56.75075007166925,55.93852492497975,56.62652615852768,13638600
2024-07-23,57.018310546875,57.24764674018015,56.416309874152354,56.56919945463074,10927800
2024-07-24,56.79852294921875,57.534305077106396,56.73163399624483,57.11385970910255,10777100
2024-07-25,57.04697799682617,58.03120441137226,56.80808780726255,56.913200073898544,14119600
2024-07-26,57.7063102722168,57.76364522666099,56.92275078735347,57.190306617743445,12538900
2024-07-29,56.94186019897461,58.12675702798869,56.71252403539378,58.04075642229271,8986200
2024-07-30,57.343196868896484,58.031201749739985,57.228530603814185,57.773199919423675,11503900
2024-07-31,56.702972412109375,57.44830859596883,56.56919449656279,57.161641113344025,11535800
2024-08-01,54.352298736572266,56.70297740429653,54.00829626906625,56.626530791439585,17752700
2024-08-02,50.89316177368164,53.10050832443801,50.45360472224352,52.72784023103722,27642600
2024-08-05,49.80382537841797,50.07138486772289,47.92137317551451,49.020265853316026,28594000
2024-08-06,50.03315734863281,50.60649229352786,49.73693222817139,49.95671074522031,18723500
2024-08-07,49.966270446777344,51.11294402886877,49.832492530482064,50.78805324136245,18407500
2024-08-08,50.41537857055664,50.95049384979605,50.31026996041864,50.616049078505554,16176000
2024-08-09,50.8005256652832,50.867929289150545,50.13615314708254,50.35761065314943,11669000
2024-08-12,50.12652587890625,51.48415922458683,49.76063780990088,50.944955947790596,18090100
2024-08-13,50.906436920166016,50.993094517727606,49.885807074464616,50.4153796493314,12268600
2024-08-14,51.66709518432617,51.78263741789564,50.76200762082609,51.06049203029901,13217200
2024-08-15,52.543296813964844,53.12101164060906,52.40849693261595,52.475896873290395,16549400
2024-08-16,53.27507781982422,53.37136240891445,52.581817024705316,52.74550156076304,19173900
2024-08-19,54.353477478027344,54.3631044671669,53.20767110028436,53.29432869462609,12792900
2024-08-20,54.06461715698242,54.61344733405846,53.84315601540606,53.94907125537183,12533500
2024-08-21,53.40024948120117,54.35348311786988,53.1499073343609,54.3438524547096,13691700
2024-08-22,53.881675720214844,54.276448400433246,53.59281828861968,53.63133359230478,15683000
2024-08-23,54.59419250488281,55.2681956070214,54.2283044769182,54.324589060214535,17074400
2024-08-26,54.61344909667969,55.02747940826055,54.44013391169136,54.90230651398645,9478800
2024-08-27,54.1705322265625,54.806020034426155,54.074247642015855,54.603820203065325,7638500
2024-08-28,54.95045852661133,55.22968900438562,53.94908254129647,53.97797085925305,11905200
2024-08-29,55.220054626464844,55.624457993457646,54.411251565500976,55.18154299348313,9283300
2024-08-30,56.298458099365234,56.40437334861256,55.24893994240233,55.31633988773762,20377300
2024-09-03,56.202171325683594,56.76063222811029,55.74962934832647,56.44288647196648,15933600
2024-09-04,55.96146011352539,56.808778516454225,55.57631805621003,56.31772119964502,10985800
2024-09-05,54.74825668334961,56.50066275767727,54.44014157179894,56.44288979687832,18301000
2024-09-06,51.99447250366211,54.67122380163185,51.6959843947792,54.57493921064856,21853800
2024-09-09,52.56256103515625,53.03436435187632,52.408503483925124,52.697360933355775,17134800
2024-09-10,51.94633102416992,54.016479147003125,51.39750076629614,53.920194554507354,24650000
2024-09-11,51.734500885009766,51.85967379457164,50.482782808456406,51.72487389489968,17322000
2024-09-12,49.65472412109375,52.321848599656875,48.35486369462358,51.73450300725917,42594200
2024-09-13,50.81978225708008,51.07012807472324,49.828036995625894,49.933952251319404,24762000
2024-09-16,51.79227828979492,51.927078201036046,50.848675238084915,50.848675238084915,18066200
2024-09-17,52.48552703857422,53.02473026962428,51.96558513233547,51.96558513233547,15885200
2024-09-18,52.244815826416016,53.14027650030876,52.090758273543166,52.43738868576252,20109000
2024-09-19,53.727622985839844,53.929822838746375,52.62033545347892,52.96696219859505,21399000
2024-09-20,54.19942855834961,54.19942855834961,52.841795146479896,53.2943371684218,45276000
2024-09-23,53.06324768066406,54.42088096508238,52.861047838372784,54.17053515489366,14759300
2024-09-24,52.14853286743164,53.14027816556506,51.792275453940725,53.07287821363494,16365600
2024-09-25,51.618953704833984,52.312214463195595,51.42638086384227,52.26406849818159,10555700
2024-09-26,54.295711517333984,54.988972361358776,51.33972961287101,52.0329904568958,34463400
2024-09-27,53.82391357421875,54.51717076736176,53.727625302239154,54.51717076736176,13530400
2024-09-30,54.391998291015625,54.420882934382,53.41950700343419,53.592822209675994,16284200
2024-10-01,53.33285140991211,53.94908164509304,53.14990920666212,53.92019700063828,11069400
2024-10-02,53.24618911743164,53.7372500680767,52.880301070110846,53.27507743236592,9007200
2024-10-03,52.93807601928711,53.15953351933591,52.38924576416144,53.03436428432251,8135300
2024-10-04,54.844539642333984,55.00822785653732,53.900936682229634,53.91056734525311,14582800
2024-10-07,55.037113189697266,55.48965885890977,54.690482776940605,55.10451313961975,11177800
2024-10-08,55.17190933227539,56.115512239951585,55.143024690853345,56.115512239951585,12073000
2024-10-09,55.40299987792969,55.58594206988096,54.95045421997133,55.191169370285905,12415300
2024-10-10,55.60519790649414,56.22142808348872,55.22005220936174,55.57631326476677,12744000
2024-10-11,58.72486877441406,59.42775656164864,57.69460456789582,57.73311987287292,37049200
2024-10-14,59.85141372680664,60.99721649894832,58.67672263950362,58.99446839512689,30758800
2024-10-15,60.6890983581543,61.449759062485754,59.9188106646003,60.57355612237656,24693400
2024-10-16,61.51716613769531,61.70011201132526,60.775762998880694,60.89130892107494,17412600
2024-10-17,61.98896026611328,62.31633667676141,61.141645617097524,62.09487551549564,15073500
2024-10-18,61.96970748901367,62.37410716938403,61.4593925572068,62.017853456409625,19234000
2024-10-21,61.642330169677734,62.28745233154114,61.5460455823385,62.08525249431582,15603400
2024-10-22,62.402992248535156,62.788137952271015,61.62307752435144,61.642331503818745,26164900
2024-10-23,62.16227722167969,62.63408419903537,61.48827774837629,62.364477063670705,18380900
2024-10-24,62.999969482421875,63.134769379017804,61.94082428943526,62.21042408262712,18393300
2024-10-25,62.133399963378906,63.5006603980196,61.863800142018114,63.40437579696849,14855500
2024-10-28,63.17328643798828,63.30808633832556,62.40299499659501,62.58594086678573,16158900
2024-10-29,62.87480163574219,63.54880113359011,62.81702500303839,63.057740158847444,13205500
2024-10-30,62.980716705322266,63.93394666260878,62.711109560938574,62.711109560938574,16021700
2024-10-31,62.5089111328125,63.30808722894319,62.22968066503032,62.682226342262005,12963200
2024-11-01,62.27782440185547,63.144400418021675,62.220055116125536,62.797770011555194,13313900
2024-11-04,61.33422088623047,62.248939189815104,60.708360027719486,62.16227791596915,12607400
2024-11-05,61.69047927856445,62.10450963665053,61.257191267425334,61.623079329389675,13447200
2024-11-06,69.77850341796875,71.51164795524002,67.35209078132901,70.57767941672152,63689100
2024-11-07,67.22692108154297,69.00821157086294,67.14989047704282,68.97932693068609,18681200
2024-11-08,67.82734680175781,67.91450003906799,67.1688285847166,67.79829572265443,14270900
2024-11-11,70.26773071289062,70.93593505929815,68.77638047486869,68.77638047486869,17117800
2024-11-12,70.30647277832031,71.05215164276633,69.83195456627341,70.48078664639073,17848200
2024-11-13,70.47109985351562,71.62350860358883,70.36458169078671,70.45173492984826,18823000
2024-11-14,70.5001449584961,71.1489769097666,70.2193055941318,70.54856095267355,13654800
2024-11-15,71.99149322509766,72.05928892129724,70.58730368221246,70.69382922142405,18837000
2024-11-18,71.7493896484375,72.34011948567891,71.39108319489097,72.14644072097113,18439600
2024-11-19,71.11024475097656,71.81718628937831,70.81971921171636,71.29424475173278,15412900
2024-11-20,71.25550842285156,71.44918719256316,70.1418370260812,71.34266165271035,14415400
2024-11-21,72.46602630615234,73.63779997099577,71.60414313623964,71.60414313623964,20068200
2024-11-22,73.5603256225586,73.67653732899053,72.19487316675121,72.21423809030377,14997400
2024-11-25,74.47061920166016,74.86766286642815,73.56999895185605,73.79272878155321,28636600
2024-11-26,74.90640258789062,75.66176010221072,73.94768015728214,75.05166535334553,19139100
2024-11-27,74.77083587646484,75.3325147034571,74.01547826213768,74.92578481703049,19793900
2024-11-29,73.76368713378906,75.57461401909967,73.73463605562647,75.23567245991637,9785000
2024-12-02,72.90180969238281,74.519050535545,72.43697762875858,74.519050535545,18274500
2024-12-03,71.79781341552734,73.45379124420847,71.68160172306204,73.41505401338671,15047900
2024-12-04,70.7519302368164,71.90433883973886,70.4129887031249,71.71066007430693,14301100
2024-12-05,71.33297729492188,72.25296246149965,70.79066348316795,71.08118900333508,17766700
2024-12-06,71.9818115234375,72.35949027856167,71.40076785312118,71.65254876428988,14798100
2024-12-09,70.32583618164062,72.19486510148181,70.13215002589175,71.96244171458316,15517500
2024-12-10,69.77384948730469,71.17803914085715,69.62858670526118,71.17803914085715,12277100
2024-12-11,69.33806610107422,70.61636537542687,69.19280330863977,70.29678870974557,11867400
2024-12-12,68.56333923339844,69.78352888143074,68.55365307760933,69.60921501908726,12446700
2024-12-13,68.21471405029297,68.80544397311273,67.80797676408902,68.61175779197458,16794500
2024-12-16,69.70606231689453,70.00626665323317,67.61429595326858,68.24376309352854,24602500
2024-12-17,68.57301330566406,69.27995486242325,68.15659729570926,68.8054366984562,15595900
2024-12-18,66.58777618408203,69.24121363069627,66.44251341907068,68.37933058356568,21201200
2024-12-19,66.6749267578125,68.4568023202199,66.50061292440712,67.20755441220976,16444600
2024-12-20,68.11786651611328,68.79575706008023,66.59746510567469,66.9848300753169,50113400
2024-12-23,68.31155395507812,68.45681674491976,67.42061968032895,67.51745907743258,11817000
2024-12-24,69.328369140625,69.328369140625,68.31154452878967,68.43743498881555,4442700
2024-12-26,69.49301147460938,69.570478556666,68.86354433202675,69.17343482536974,6964300
2024-12-27,68.86354064941406,69.47363544757741,68.39870124007169,68.9313289603211,7219500
2024-12-30,68.18566131591797,68.56334012450881,67.5658729396853,68.18566131591797,8443800
2024-12-31,68.02102661132812,68.67954483827602,67.84671274571333,68.30186602750598,7031500
2025-01-02,67.97261047363281,68.96038411791275,67.55619442817597,68.25344988925461,8303300
2025-01-03,69.05722045898438,69.16374600462655,67.5368191301675,68.12754901477518,9152800
2025-01-06,69.75447082519531,70.93593050863902,69.27026652138208,69.65763144210693,15565600
2025-01-07,69.328369140625,70.81971929302154,69.2509020666552,70.66477775671055,13522000
2025-01-08,69.30901336669922,69.80290389384419,68.81512283955423,69.25091120646064,16544700
2025-01-10,67.74986267089844,68.689220165942,67.14944669768218,68.66016909098124,14466600
2025-01-13,68.30186462402344,68.3793390934541,67.36250700019983,67.69176980109411,10439800
2025-01-14,68.94100189208984,69.20246893018721,68.06943278448138,69.20246893018721,21909800
2025-01-15,73.5506362915039,74.39315450292756,71.32330076050121,72.97927871671578,33482900
2025-01-16,73.5506362915039,74.02516186433716,72.33044667431751,73.45379690117716,22897900
2025-01-17,74.64494323730469,74.809570940599,73.11485574129742,73.57969516113235,20673700
2025-01-21,75.39060974121094,75.81671189914825,74.88704050867986,75.23566820365193,21057700
2025-01-22,75.09040832519531,75.35187541231045,74.43189014136742,75.11945940283347,11669500
2025-01-23,74.98388671875,75.8264049563529,74.5965217570347,75.25503997543909,12981800
2025-01-24,74.87734985351562,75.19692645276174,74.56745940865088,74.56745940865088,10393200
2025-01-27,75.4777603149414,75.57459968657533,74.46092844185911,74.95481884207369,10637100
2025-01-28,75.4196548461914,75.6811292909033,74.73208566565077,75.40997608036568,11562000
2025-01-29,75.89418029785156,76.48491010110962,75.15818773523368,75.29376434040397,9175400
2025-01-30,76.32996368408203,76.73669351289578,75.61334340640477,76.64954028745188,11276000
2025-01-31,76.31060791015625,76.78512610064884,75.83608233129168,76.2040823629313,14980600
2025-02-03,75.67145538330078,76.02976926285515,74.58683497724554,74.7902073064332,12395200
2025-02-04,76.95944213867188,77.32743479235333,75.96198233949485,77.31774863641186,14665200
2025-02-05,77.52111053466797,77.8116286784572,76.67859240209971,77.14343177588215,17931000
2025-02-06,78.84782409667969,78.92529855558747,77.38553247374321,77.95688998435328,16988900
2025-02-07,78.50720977783203,79.12032402871421,76.96956830001531,79.09112210141427,17951400
2025-02-10,76.97930145263672,78.40989145626702,76.15209171766996,78.30283999852271,18357400
2025-02-11,77.50482940673828,77.82598379920215,75.72389042109148,76.65815166974676,16682800
2025-02-12,77.12529754638672,77.58269797533174,76.7165595811016,77.0766350827268,13440500
2025-02-13,76.73601531982422,77.52430411776257,76.50245184351054,77.30046719369389,10093400
2025-02-14,77.8357162475586,78.18605771218489,76.77493560308059,77.10582396529466,17521300
2025-02-18,78.61426544189453,78.77970591453698,77.35884979537258,77.84544466186101,15318300
2025-02-19,78.19578552246094,78.48774538228461,77.82597613488558,78.1665910214481,13917400
2025-02-20,76.52191162109375,78.12767628277936,75.92826524662301,77.96223579805118,14807100
2025-02-21,75.42219543457031,77.31991222072693,75.25675498138693,76.79439636059706,18205400
2025-02-24,75.14970397949219,76.41484603622533,74.36142275972821,75.879596197747,12989700
2025-02-25,73.96241760253906,75.94772549232584,72.92110491486567,75.782285024389,15683000
2025-02-26,74.40035247802734,75.68496263481126,74.22517802824552,74.30303498922599,13466800
2025-02-27,74.56580352783203,75.83094578541758,74.3322326350188,74.92587899410042,13744400
2025-02-28,76.22021484375,76.31753232601834,74.53659344360078,74.97453325108022,24698800
2025-03-03,74.96480560302734,76.86253007925879,74.27384176829696,76.7457446357704,18013400
2025-03-04,71.33480834960938,73.62180267149137,69.42734999385819,73.44662822758966,28858200
2025-03-05,72.1717529296875,72.6291458595073,70.4978654295609,71.24721824423008,20422000
2025-03-06,70.70223999023438,71.90899325534453,69.70958224284385,71.81167576095399,19460400
2025-03-07,69.14513397216797,70.3129586898102,66.27421978528739,70.3129586898102,21256900
2025-03-10,64.98960876464844,67.68534846567178,63.763387629981,67.68534846567178,27582900
2025-03-11,65.4761962890625,66.1866279768967,64.02614583768707,65.03826393104868,24310700
2025-03-12,67.08197021484375,67.62695410255091,65.88494354737423,66.9554582194399,18462300
2025-03-13,66.62456512451172,67.8507862098893,66.47858518639684,67.76319527708115,17471500
2025-03-14,68.95049285888672,69.16459579359007,67.39339073129229,67.5977596894595,15762300
2025-03-17,68.94075775146484,69.64145555360042,68.20113889352038,68.58068229886908,11185000
2025-03-18,69.20352172851562,69.5636045986172,68.50282394066842,69.10620424128092,11102100
2025-03-19,70.80929565429688,71.85060849811671,68.93103894443314,69.23272542236198,14453200
2025-03-20,70.5757064819336,71.40292358130596,69.85554825733101,69.91393725734416,12388300
2025-03-21,70.5757064819336,70.82873785673623,69.24244148265079,70.03072268221784,32647100
2025-03-24,72.28852844238281,72.5318258630558,71.373727764701,71.6656876394478,10688900
2025-03-25,72.2496109008789,72.65835627236787,71.85060693149696,72.47344782871451,9499100
2025-03-26,71.500244140625,73.35903249475196,71.15962925110935,72.3955768287369,10848100
2025-03-27,70.34215545654297,71.59757115205483,70.28376644623735,71.59757115205483,10457600
2025-03-28,68.7947769165039,70.60491021165777,68.07461124864435,70.3324108799866,13555200
2025-03-31,69.86529541015625,70.1377873614111,67.69507892720719,68.02596731433722,14855300
2025-04-01,69.39815521240234,69.70957561977349,68.2303305409726,68.94075486489044,10661000
2025-04-02,70.32267761230469,70.52704652290075,68.33737007742562,68.66825095414869,8854100
2025-04-03,63.909366607666016,66.87759819932559,63.656342628426515,65.96279749405709,25880300
2025-04-04,59.34510803222656,61.86566952800605,58.1091566558288,61.06765426331208,31050800
2025-04-07,60.503204345703125,62.60529774774782,56.85374282119371,59.062883976187656,41305800
2025-04-08,60.41562271118164,63.87044194020804,59.24779424454951,62.955648605189815,27374200
2025-04-09,64.55168151855469,65.38862534446584,57.83667038210777,59.0142291546458,42744800
2025-04-10,61.418006896972656,63.25733496583758,59.84144051114906,63.208672507462836,29026000
2025-04-11,60.83408737182617,61.914328548054876,58.05076790899325,59.890095873956014,33867000
2025-04-14,61.408267974853516,62.293874156980905,60.72703816156175,61.466660692745975,28057800
2025-04-15,62.80966567993164,63.666069964133364,61.60290878866677,61.73915475604321,20903300
2025-04-16,62.26467514038086,63.237868530608424,61.67102884293285,62.17708792088158,17351000
2025-04-17,62.97510528564453,63.94829499630172,62.352264464811796,62.65395089916408,18961800
2025-04-21,62.29387664794922,63.41304632155099,61.700230319121715,62.478777647608915,17859100
2025-04-22,64.45436096191406,64.62953541540953,62.97510837131922,62.97510837131922,17536600
2025-04-23,66.1185073852539,67.63668086762631,65.63191255886811,65.63191255886811,20678800
2025-04-24,67.695068359375,67.97729424335908,65.6903000953784,65.88493505164787,18420900
2025-04-25,67.86052703857422,68.30819344911185,67.15009522792501,67.21821821594489,17775900
2025-04-28,67.56856536865234,68.66826712507417,66.82893907171317,67.93837480469762,16694100
2025-04-29,69.19378662109375,69.42735007160819,67.10142726793794,67.10142726793794,24563600
2025-04-30,69.10619354248047,69.49547085600095,67.47123476557222,67.80211565591395,23953000
2025-05-01,69.88475036621094,70.52705913567807,68.54175124575448,68.86290563048806,19672500
2025-05-02,71.8214111328125,72.17176005930224,70.91634431018883,71.04285631286885,18347400
2025-05-05,71.87005615234375,72.88217430727684,71.08177489002533,71.38346131390561,16070400
2025-05-06,71.50997924804688,72.20094301338781,70.6146391209134,71.17909090381654,18095100
2025-05-07,71.21802520751953,72.30800038524481,71.0233902301768,71.62676311484834,14310300
2025-05-08,71.34454345703125,72.00631283281976,70.68277408124273,71.71436034120221,19957500
2025-05-09,70.89441680908203,71.66745554675047,70.48343645708103,71.56960414850022,11136900
2025-05-12,73.2722396850586,73.63429805746927,72.47963368299462,73.37987845886764,20425500
2025-05-13,74.35840606689453,74.93574197706417,73.36030991339848,73.82021967262276,13635100
2025-05-14,74.64218139648438,74.84767156438089,74.20184638893225,74.6030393456113,14067100
2025-05-15,73.96699523925781,74.87702740592115,73.7027957237156,74.42690501222293,15303900
2025-05-16,74.5443344116211,74.71068253848453,73.75172836490903,73.93764378557505,13864600
2025-05-19,74.42689514160156,74.76938618027417,73.81042471003845,73.97677280759932,12720500
2025-05-20,73.89849853515625,74.24098961934143,73.45816352060811,73.85936394924425,10655600
2025-05-21,71.6185302734375,73.516871201703,71.52067141412272,73.33095579328706,17711300
2025-05-22,71.81422424316406,72.30348861733228,70.92376696428049,71.56959205607996,9717000
2025-05-23,71.26625061035156,71.61852155738117,70.35621857478871,70.35621857478871,9260900
2025-05-27,72.4013442993164,72.49919568684554,71.48153229784376,72.02950604047277,11014100
2025-05-28,72.14693450927734,72.76340498959635,71.75552148096799,72.60683679203959,8711100
2025-05-29,72.91018676757812,73.46794791394224,71.75552242494578,72.81233537560915,14016600
2025-05-30,73.17438507080078,73.19395982822272,72.14693427362505,72.60683655488512,17042000
2025-06-02,73.11566925048828,73.14502391843736,71.69679808643367,72.66554692224464,11237500
2025-06-03,74.02570343017578,74.20183890855678,72.77318779083632,73.115671369471,13193500
2025-06-04,73.7614974975586,77.10807163297277,73.7614974975586,76.03168399158044,29578000
2025-06-05,73.29180908203125,74.1333444526619,72.58726714703049,73.98656363860636,20138400
2025-06-06,74.69110870361328,75.1118764065613,74.2018442799799,74.51497321248195,10988000
2025-06-09,74.81830596923828,75.05315077460682,74.29968693565776,74.90637743724008,13453200
2025-06-10,73.82999420166016,74.71067160556657,73.51686528755812,74.52475621210681,14892900
2025-06-11,73.3211669921875,74.094205679168,72.96889600911835,73.91807018763342,16442400
2025-06-12,72.4209213256836,72.91996565739584,71.59895322039908,72.73405025493899,14522500
2025-06-13,70.80635070800781,72.20564731202622,70.38558298888108,71.35432449456061,21168300
2025-06-16,71.57938385009766,72.13714497243785,71.36410631768875,71.82401605227463,16231500
2025-06-17,70.94334411621094,71.63809872823768,70.7476413255718,71.2173310093389,14156800
2025-06-18,73.13523864746094,73.52665165108218,71.01183299471204,71.0901170885527,23498300
2025-06-20,73.78107452392578,74.15291278793026,73.45815822157371,73.62450632924026,27677500
2025-06-23,75.35651397705078,75.3760812705312,73.2135332601607,73.51687483539787,17375700
2025-06-24,76.4328842163086,77.05914204328683,76.05125858629317,76.05125858629317,16342300
2025-06-25,77.37227630615234,77.60712114111038,76.31546335046717,76.59923761443352,13954500
2025-06-26,78.2431640625,78.3801575009484,77.48970015103382,77.73433235763203,18214800
2025-06-27,77.79303741455078,78.42908260979874,77.2646309815255,78.28230180080583,21324200
2025-06-30,78.39973449707031,79.35868859359402,78.19424433352951,78.75200548187816,21685800
2025-07-01,79.74031066894531,79.75988542587939,78.19424082235955,78.33123425856863,20967100
2025-07-02,80.59163665771484,80.63077870757236,79.50546903731234,80.1610815748648,15195100
2025-07-03,81.80500793457031,82.1474915287707,80.72862772469092,80.86562116237108,11237300
2025-07-07,80.57206726074219,81.79522840423597,79.75010655579429,81.18854525503627,18156000
2025-07-08,79.8381576538086,80.65033831338684,79.29018393919289,80.53291964058744,18303400
2025-07-09,80.03386688232422,80.74818868484954,79.7109506050053,80.66012468135266,16135400
2025-07-10,80.59163665771484,80.9634749329873,79.85774002044735,79.85774002044735,14348100
2025-07-11,80.77754974365234,80.90475579109398,79.68159487714152,79.99472377249008,12583100
2025-07-14,81.63866424560547,81.72672826077401,80.35679380982215,80.4350704458888,20194200
2025-07-15,77.16677856445312,79.33911360484021,76.05125637597034,79.01619732249468,53938000
2025-07-16,78.1942367553711,78.36058485274694,76.53073338486666,77.19613323995205,30567500
2025-07-17,77.99853515625,78.91835468096592,77.40163194964704,77.75390293930069,21837600
2025-07-18,78.90856170654297,79.03576776272666,77.18634893097818,78.13552305992913,21236000
2025-07-21,78.5562973022461,79.71096167942137,78.44865852818529,79.01620707039989,14506600
2025-07-22,80.61119842529297,80.81668857377501,78.5562894748904,78.5562894748904,22437000
2025-07-23,81.9028549194336,82.12791982099583,80.83626214547957,81.21788776786514,19379200
2025-07-24,82.0692138671875,83.0086006275999,81.33531726071698,82.03985173183952,19031200
2025-07-25,82.50955200195312,82.64654544315624,81.44295914321708,82.31384921897228,14072400
2025-07-28,81.28639221191406,82.68568878223677,80.93412122458928,82.50955328857437,10627100
2025-07-29,80.87541198730469,81.90286281368883,80.43506951978341,81.83436609192988,12478200
2025-07-30,80.02408599853516,81.30595636844907,79.56417625695559,81.20810497920677,15579100
2025-07-31,78.89877319335938,80.17086359922835,78.60521903740803,79.60331511257407,14813900
2025-08-01,76.10997009277344,77.64626003484194,75.73813183040674,77.48969930642843,16071300
2025-08-04,75.91426849365234,76.8438678967828,75.25865596868317,76.8340805181106,13892100
2025-08-05,76.2861099243164,76.667735586945,74.52476243501121,76.65794820786707,15765100
2025-08-06,75.94361877441406,77.1276376955056,75.89468934946382,76.23718039295137,14157000
2025-08-07,75.39564514160156,76.61880611102676,75.13143819147975,76.59923135478998,13105600
2025-08-08,76.62599182128906,76.95080515594587,75.1495757649658,75.89762866947956,14123000
2025-08-11,76.37008666992188,76.86222541379644,76.01575368301818,76.78348892195187,14408100
2025-08-12,78.23036193847656,78.30909841412503,76.92127134678412,76.99017045637638,14365200
2025-08-13,76.66535949707031,78.4665887865489,75.88777951675813,78.42721679279943,14415100
2025-08-14,78.16146850585938,78.32879385424509,76.48819249368145,77.04923028666434,16051500
2025-08-15,75.88778686523438,78.39769726636685,75.7992055028004,78.28942615043152,15380400
2025-08-18,76.22244262695312,76.37992310267205,75.70077681763348,75.77951330077272,11660900
2025-08-19,76.31102752685547,76.54725200611334,75.81888881456109,75.94684968579973,10118500
2025-08-20,76.93112182617188,77.2460902800282,75.38579916664892,76.25196804683404,12101900
2025-08-21,76.60630798339844,76.84253244484964,75.86809997060325,76.65551734525397,9102700
2025-08-22,77.85633087158203,78.06302819798947,76.90158071429083,77.10827804069825,11282600
2025-08-25,78.92919921875,79.23432277922689,77.62995348100858,77.63979084722794,12017000
2025-08-26,80.22845458984375,80.34656307417664,78.52565134945063,78.56502334737517,14936600
2025-08-27,81.202880859375,81.90171687230468,79.96268930360675,79.98237905576825,15567700
2025-08-28,80.6910629272461,81.82297590684372,80.63200117801875,81.57690656181111,13963200
2025-08-29,80.8879165649414,81.50800861995938,80.51389385850143,80.68121921326875,12041200
2025-09-02,80.49420928955078,80.53358128899188,79.17528110075867,80.42531016788912,13326000
2025-09-03,79.24417114257812,80.72058715996606,78.7618698367678,80.4449907048974,11174000
2025-09-04,80.54341888427734,80.83869758922785,78.95873171988973,79.48039752379863,10822300
2025-09-05,77.71854400634766,80.73043050171682,77.46262977508286,80.35640778636115,20661400
2025-09-08,77.89571380615234,78.53549562601484,77.32483110477101,77.74807069242397,17107000
2025-09-09,79.49024963378906,80.17924085081256,77.7579192045629,78.0630428136103,17157300
2025-09-10,79.03746795654297,79.96268348593475,78.6536004211639,79.39180837526821,16460200
2025-09-11,79.9725341796875,80.11033240705729,78.52564528286457,78.93903996497393,17785800
2025-09-12,80.17923736572266,80.35640760089079,79.51977329960158,79.8248968953864,10498300
2025-09-15,80.13002014160156,80.53356993746907,79.85441618436131,80.32687260161887,9563200
2025-09-16,80.1103286743164,80.32687088136205,78.8209278171044,80.27765401269174,10705900
2025-09-17,81.18319702148438,81.41942147669955,79.27369660910831,79.94300549008466,14746100
2025-09-18,82.1871566772461,82.20683891960199,80.65168645252434,81.27177846417581,13021100
2025-09-19,83.30923461914062,83.59467595285581,81.62612124539135,82.5119723656384,36482400
2025-09-22,83.8210678100586,83.93917629317419,82.42338818118512,82.56118641778043,14545000
2025-09-23,83.04348754882812,85.29748371244807,82.35448885812401,83.8112227249333,14818500
2025-09-24,82.78756713867188,84.02775868178324,82.34464534228073,83.31907780000532,9478700
2025-09-25,82.9942626953125,83.32892088649422,82.24620983511802,82.37417069179337,8514900
2025-09-26,83.67342376708984,84.29351582487934,83.2304944320054,83.35845529987985,8502600
2025-09-29,83.31907653808594,83.85058719136931,82.71866677286434,83.3682858983618,9833700
2025-09-30,82.50212860107422,83.78169218194279,81.36037076026996,83.32892549425831,11429000
2025-10-01,79.59851837158203,82.28559154695722,79.50008462114798,81.79345283255026,16961900
2025-10-02,79.23432159423828,79.77567710580091,78.78155494340398,79.43117404783938,11420000
2025-10-03,79.40165710449219,80.40562427103958,79.17527750478885,79.74615269715424,10124900
2025-10-06,79.42134857177734,80.1792388919875,78.31895514203079,79.2933876992841,12837700
2025-10-07,79.86426544189453,80.08080766545802,79.27370052000161,79.59851385534687,10371300
2025-10-08,78.4764404296875,80.05128276827165,78.28942532061042,79.9823836506286,11277400
2025-10-09,78.63391876220703,79.48039790410819,78.17130719518659,78.65360851496217,8432200
2025-10-10,76.39961242675781,79.17527431937006,76.39961242675781,78.35832229718181,16004300
2025-10-13,77.67916870117188,77.98429979411019,77.04923178137211,77.50199847313816,14229300
2025-10-14,83.2304916381836,84.70690768669124,79.12605682559801,81.22256491108035,36260600
2025-10-15,85.10062408447266,86.09474637258288,83.8210679553778,83.83090532269404,22909400
2025-10-16,82.67929077148438,86.05536211169758,81.69501350039528,85.62227770939768,22715600
2025-10-17,81.97061920166016,83.2009659296136,81.0158689392578,83.12222193675886,18799000
2025-10-20,84.66752624511719,84.78564221921889,81.78359358506322,82.30526683859941,15777200
2025-10-21,83.4273452758789,85.9372478619063,83.32891904868093,84.76596299220276,20101100
2025-10-22,82.5611801147461,83.82106141084013,81.83281698985681,83.81121653485187,18955000
2025-10-23,83.13207244873047,84.13603965208586,82.43323636101182,82.98442932947927,14157800
2025-10-24,85.0514144897461,85.51401856390191,83.4273552635135,83.46672726099413,14011400
2025-10-27,85.64198303222656,85.96678888357069,84.95298431152106,85.53371191196486,11682000
2025-10-28,85.53370666503906,85.92741912279898,84.43131328519941,85.69118714247871,13201000
2025-10-29,84.6478500366211,85.86835181822684,84.3230367167731,85.45495714356942,16444400
2025-10-30,84.63800811767578,85.88804457066331,84.52973700727718,84.72659698502025,14830000
2025-10-31,85.60260772705078,85.97663044022916,83.67342490057577,84.13603648574735,14776700
2025-11-03,85.92742156982422,86.50814164174133,84.50021480848086,85.76993357845913,12769300
2025-11-04,85.76008605957031,87.10854878368814,84.52973932533743,85.63213270260869,16737700
2025-11-05,85.58291625976562,86.91169674697052,84.55927438004474,86.00615583884736,15609400
2025-11-06,84.68722534179688,85.96678140996883,84.17539690697582,85.53370447601294,16800200
2025-11-07,85.13247680664062,85.18194489229253,83.15357220643676,84.21228586558895,15612100
2025-11-10,85.19184875488281,86.08235741029104,84.54870319548118,85.37984712350305,13138200
2025-11-11,85.28089904785156,86.14171774676538,85.14237632506261,85.20174104942295,13851500
2025-11-12,85.35016632080078,87.70506032024056,85.03354185407844,85.39963441155327,16775200
2025-11-13,83.80661010742188,85.973513145841,83.57904029681117,85.25121716564946,15708000
2025-11-14,84.15292358398438,84.44975475327098,82.08496429135344,83.5592461475668,15397300
2025-11-17,82.54011535644531,84.15292755989844,81.66939998357547,83.79672410078747,14457100
2025-11-18,82.97547149658203,83.86598008725605,82.05528054437256,82.54011006360318,14233900
2025-11-19,83.27230834960938,83.92534293556785,82.72810657054241,83.09420663545308,10959600
2025-11-20,81.53087615966797,85.13248215436553,81.45171815894612,84.1628155178289,12135800
2025-11-21,82.23338317871094,82.74789506520943,80.19511380873153,81.89696546340942,16169500
2025-11-24,83.76703643798828,84.1924936855924,81.54076873384656,82.21358905968866,27574500
2025-11-25,84.202392578125,84.63775402314182,82.72811070603024,83.6384050465906,12966400
2025-11-26,84.65753936767578,85.4787866174742,84.23207456166521,84.51901664468836,9304300
2025-11-28,84.9444808959961,85.60741214438143,84.41017573270993,84.73669681287184,6545000
2025-12-01,84.49922943115234,85.64699019410614,84.27165207658312,84.9246942296688,9794000
2025-12-02,85.4095230102539,85.87456680330779,84.38049170303132,84.78617077320072,9484000
2025-12-03,88.40756225585938,88.44714125407054,85.35015824603653,85.35015824603653,14439300
2025-12-04,89.25849151611328,89.67405967241582,88.37787956869609,88.45703756482666,13433000
2025-12-05,88.88250732421875,90.14900513738606,88.6054618712037,89.04081577640345,11210900
2025-12-08,89.11007690429688,90.05995026166352,88.20967918437614,88.88250708945948,13267300
2025-12-09,87.9524154663086,89.29807121540745,87.84357510800486,89.28817457858291,17101700
2025-12-10,89.73343658447266,89.91153831051585,87.25980569438507,88.00189496141134,22729100
2025-12-11,91.61338806152344,92.43463531120143,89.26839085920732,89.58501530440672,15505100
2025-12-12,91.78160095214844,92.4346355695439,91.14835205997977,92.1378043976086,12532800
2025-12-15,91.92012023925781,93.26577597204223,91.51444117251279,92.59294810565002,13885200
2025-12-16,91.21761322021484,92.18727228155328,90.46562733157937,92.09822519484601,12981100
2025-12-17,91.61338806152344,92.34558822454639,91.49465861265006,91.78160069563113,14819000
2025-12-18,90.51509857177734,92.89967465894298,90.32710022151862,92.04874508787557,11844100
2025-12-19,92.02896118164062,92.14769062716263,90.63382980538094,90.64372644214845,37783900
2025-12-22,93.28556823730469,93.39440860192028,92.0685460495813,92.21695786594573,9512300
2025-12-23,93.47356414794922,93.68134823432398,93.03820270092271,93.24598678729747,8642100
2025-12-24,94.29481506347656,94.83900934444986,93.47356777433279,93.65166950512395,5506800
2025-12-26,94.25523376464844,94.46301785401918,93.72092858529976,94.3541774906932,5169400
2025-12-29,93.52303314208984,94.60154013296898,93.37462132818561,94.35417704456542,8624200
2025-12-30,93.31524658203125,93.87923410669595,92.99862213921813,93.73082229672275,6417800
2025-12-31,92.21695709228516,93.68134990914947,92.13780664052899,93.50324818208385,7919300
2026-01-02,94.19585418701172,94.34427353903334,91.83106383794514,92.3159008911439,9242600
2026-01-05,95.36341094970703,96.7288599692398,93.97818375441588,94.08701656354128,14384000
2026-01-06,95.3733139038086,95.53162990742665,94.06723706964978,94.39375816542012,12329200
2026-01-07,93.29545593261719,94.87857806312124,92.66220708041556,94.70047635163192,14589500
2026-01-08,94.59163665771484,95.1457350689503,93.19651286541179,93.26577422320099,12406000
2026-01-09,94.93795013427734,95.55141330999658,94.25523314481235,94.79942740894113,10261300
2026-01-12,93.95838928222656,94.5322734266247,92.89967562566129,93.82976320113951,15958100
2026-01-13,92.57315826416016,94.74006129854972,92.07843209549932,94.28491412925243,21998600
2026-01-14,88.30862426757812,89.8422784649034,87.1311735283552,89.79280282669708,33803900
2026-01-15,88.02168273925781,88.96166702876054,87.42801282157967,88.39767192570537,21738600
2026-01-16,87.44779205322266,88.74397970685388,87.1509608908894,88.02167620222444,26981600
2026-01-20,85.74594116210938,87.70505251660178,85.36994445144686,86.3396110407761,19353500
2026-01-21,85.21163940429688,86.63644566012425,85.12258476703883,85.58762858102924,17606700
2026-01-22,87.11138153076172,88.06125483434015,85.51836272141776,85.51836272141776,19668900
2026-01-23,86.04277038574219,86.7848596045636,85.12257945244676,86.57707552916423,15227500
2026-01-26,87.12128448486328,87.3587509407467,86.18130020091546,86.18130020091546,13047400
2026-01-27,87.7743148803711,88.1305183214289,86.5572927475254,87.22022399380214,15105000
2026-01-28,87.10148620605469,88.12062088413307,85.92403553386752,87.68526699817815,16395700
2026-01-29,89.6839599609375,89.6839599609375,87.60611154589641,87.75453090745413,21497000
2026-01-30,89.53553771972656,90.08963614845956,88.80334512155896,89.2584922798211,18306900
2026-02-02,91.29676055908203,91.82117662009328,88.9517634352925,89.2090231474404,13835200
2026-02-03,91.33634185791016,93.79018694954144,90.93067032942095,91.73212429835677,18099000
2026-02-04,92.15758514404297,92.9194676302531,91.55401864678313,91.67275563849587,12382800
2026-02-05,91.03951263427734,92.07843307010826,89.95111656148778,91.87064898294207,12641300
2026-02-06,93.4358139038086,94.11194863982624,92.03382563026247,92.22274797277483,13205700
2026-02-09,94.07217407226562,94.54944118296955,88.49406445850491,93.2170622807285,20544800
2026-02-10,91.38752746582031,94.46990353381884,89.23980266838706,93.77387823715846,20148400
2026-02-11,88.44434356689453,92.55087064188663,87.9969047129332,92.12331475622464,15461700
2026-02-12,85.79946899414062,89.45854963769573,85.34208486194922,88.80229789192731,16858200
2026-02-13,86.48554992675781,86.95287175519661,84.60628699161407,85.19293697552165,12425000
2026-02-17,86.90316009521484,88.33496899109318,86.81366777208405,87.33071598433709,12361900
2026-02-18,88.05656433105469,88.89179316374123,87.15174131383698,87.32077310146762,8250900
2026-02-19,87.07218933105469,87.65883929479293,86.10770228943365,87.34065112054601,10427300
2026-02-20,88.19576263427734,88.20570791120146,85.65031793540311,86.86338379534273,14255000
2026-02-23,84.66595458984375,88.09633955426678,83.30373981296177,87.66878364517419,20607000
2026-02-24,84.08924865722656,84.70572690381086,82.00118794412036,83.92021686875192,18817700
2026-02-25,86.26679992675781,86.42588643440466,84.48697458044161,84.70572516622696,16620700
2026-02-26,85.80941772460938,87.81793139341235,85.09350945896901,86.39606013971662,18768400
2026-02-27,80.98697662353516,84.3378218523216,79.99266134228353,84.18867304292914,29145000
2026-03-02,82.11056518554688,82.59777759341458,78.49125784076692,78.7000631584245,21834300
2026-03-03,82.06084442138672,83.01538624473334,79.39607898645171,80.53954315336479,19018600
2026-03-04,83.45288848876953,83.56226378527838,81.56368778709998,82.21993956615302,18061200
2026-03-05,81.64323425292969,83.32362962725828,80.72846594868979,83.17448080708297,20939200
2026-03-06,79.96283721923828,80.11198603631851,77.49693944280449,79.80375071077027,16798900
2026-03-09,78.38188171386719,79.33642354992882,76.4230792392934,78.97846941315268,24959500
2026-03-10,77.85489654541016,79.34636960117645,77.00972241165653,78.50119546742282,18481700
2026-03-11,76.44296264648438,77.78529446009513,76.06512553817848,77.60631739068198,17497300
2026-03-12,74.82222747802734,75.11057982979376,74.22563980603854,75.05092333840203,24794100
2026-03-13,73.67876434326172,75.77677029380874,73.60916257369009,75.2199561372357,15496900
2026-03-16,75.31938934326172,75.45859288830131,73.94723686243242,74.40462102270885,17836300
2026-03-17,75.79666137695312,76.73131263399868,75.38898844803165,76.06512317973694,18173400
2026-03-18,75.75688934326172,76.45290705752005,75.37904465321508,75.37904465321508,12951200
2026-03-19,75.95574951171875,76.36342244936623,74.25547116163051,75.24978651859608,18744400
2026-03-20,77.15886688232422,77.47704747949989,75.7767692021527,75.96569153942144,40461100
2026-03-23,77.83499908447266,79.34636256173783,77.67591258403733,79.03811966572962,15320800
2026-03-24,79.15744018554688,80.01255193471808,77.13898137739518,77.18869258986763,19134300
2026-03-25,79.80374908447266,80.33073498619608,78.87903554064846,79.05801260029263,17213400
2026-03-26,78.57079315185547,79.84352313214922,78.27250310783688,79.43585021015946,15430500
2026-03-27,76.75120544433594,78.18301441129879,76.42307955327237,78.17307671958719,13674900
2026-03-30,76.36341857910156,77.7753444937874,76.05517567556824,77.43727334482074,14311500
2026-03-31,79.15744018554688,79.28669844120351,77.00971553571497,77.38756019782812,19097600
2026-04-01,80.11198425292969,81.23555782267725,79.72420188876796,80.72846247632657,14979400
2026-04-02,80.14181518554688,80.38044874394973,78.24267682379978,78.95858508503238,10001800
2026-04-06,81.38470458984375,81.40459514372425,80.30090457008825,80.49976459275163,7069200
2026-04-07,81.2852783203125,81.62334189160701,80.44011180605227,80.94721474901799,8820900
2026-04-08,84.17874145507812,85.24265857971123,83.77106851891703,84.0196473572521,15130300
2026-04-09,85.53099822998047,85.6602640732223,83.95998583124346,83.96992352224385,10496100
2026-04-10,84.9145278930664,85.41168554163703,84.50685497994712,85.34208377427808,7946200
2026-04-13,86.14747619628906,86.20713268621522,83.59208620212902,84.10912681554419,14506600
2026-04-14,81.23555755615234,82.68726458022805,79.8634051633146,82.54805345809135,32845600
2026-04-15,79.83358001708984,81.22562301828361,79.69437647557287,80.45999595391622,31494000
2026-04-16,80.78811645507812,81.40459465930381,79.54522235576923,79.63470708962817,20713300
2026-04-17,80.94721221923828,82.13044226781447,80.56936755016002,81.66311286302212,24033900
2026-04-20,81.5040283203125,81.94152949039085,80.7781747959574,81.08641770488711,14240500
2026-04-21,81.08641815185547,82.62760236090378,80.7384017177254,81.68300583232656,17387300
2026-04-22,80.12193298339844,81.41453839097457,79.71426004728521,81.08642008978913,13724200
2026-04-23,80.05233001708984,80.90744181497888,79.28670295836352,80.10204123239446,13906500
2026-04-24,78.96852111816406,79.91312522646272,78.79948933392944,79.65460111844138,15419600
2026-04-27,80.10204315185547,80.43016904202953,78.88897719619925,78.93869599871927,20114400
2026-04-28,81.03669738769531,81.48413624070253,80.47988324421543,80.85772032928767,14826700
2026-04-29,81.04664611816406,81.53385851446866,80.24124552800038,80.77817672610148,19930700
2026-04-30,81.7625503540039,82.16027040468467,79.55516917701671,80.36056214147604,13535900
2026-05-01,80.35061645507812,82.1901058172125,80.35061645507812,81.78243290551069,14632700
2026-05-04,78.72988891601562,80.41028426795921,78.72988891601562,80.12193190906791,12968800
2026-05-05,79.43585205078125,79.65460263974457,78.560857280952,78.94863965737825,11379900
2026-05-06,79.96283721923828,81.01681663018766,79.89323544940405,80.33073662323298,14347500
2026-05-07,78.71000671386719,80.54948859338123,78.24267728580179,80.23130798495731,19094800
2026-05-08,75.63999938964844,79.02999877929688,75.55000305175781,79.0,31062100
2026-05-11,73.58000183105469,75.72000122070312,73.19000244140625,75.66999816894531,25403900
2026-05-12,75.18000030517578,75.25,72.87000274658203,73.9000015258789,21003400
2026-05-13,73.52999877929688,74.76000213623047,73.27999877929688,74.1500015258789,16343900
2026-05-14,73.79000091552734,74.48999786376953,73.22000122070312,73.9800033569336,19388500
2026-05-15,73.41999816894531,74.05999755859375,72.77999877929688,73.94000244140625,16479000
2026-05-18,74.37000274658203,74.7699966430664,73.33000183105469,73.33000183105469,16934200
2026-05-19,74.55000305175781,75.3499984741211,73.8499984741211,74.4800033569336,18649800
2026-05-20,75.80999755859375,76.30000305175781,73.9800033569336,74.88999938964844,14695300
2026-05-21,75.91999816894531,76.05999755859375,74.91000366210938,75.58999633789062,9433400
2026-05-22,76.4000015258789,76.8499984741211,76.12000274658203,76.36000061035156,8728900
2026-05-26,77.5199966430664,77.66999816894531,76.7699966430664,76.91000366210938,21956700
2026-05-27,76.11000061035156,77.70999908447266,75.18000030517578,77.12999725341797,15575700
2026-05-28,76.6500015258789,77.62000274658203,75.3499984741211,75.83999633789062,14146700
2026-05-29,77.54000091552734,77.75,76.33999633789062,76.62000274658203,22322900
2026-06-01,77.16999816894531,78.0199966430664,76.5,76.75,15566900
2026-06-02,79.44000244140625,79.54000091552734,76.72000122070312,76.80999755859375,19447400
2026-06-03,78.68000030517578,79.12999725341797,77.4000015258789,78.87999725341797,15236600
2026-06-04,81.62000274658203,81.88999938964844,79.72000122070312,79.97000122070312,19452100
2026-06-05,81.94000244140625,82.44999694824219,81.44999694824219,82.1500015258789,15110600
2026-06-08,80.95999908447266,82.54000091552734,80.83000183105469,81.80999755859375,11481200
2026-06-09,82.0,82.55999755859375,80.93000030517578,81.25,15565500
2026-06-10,81.97000122070312,83.18000030517578,81.44999694824219,81.8499984741211,12580800
2026-06-11,82.4000015258789,82.91000366210938,80.83000183105469,82.55000305175781,10929900
