Price,Close,High,Low,Open,Volume
Ticker,WMT,WMT,WMT,WMT,WMT
2021-05-24,44.33164596557617,44.538040864759886,44.20655500285368,44.33164596557617,18945900
2021-05-25,44.51302719116211,44.606842734077425,44.115869715786964,44.3441563508477,21505200
2021-05-26,44.459869384765625,44.68190382639506,44.331654077052725,44.52866889002641,19294200
2021-05-27,44.30976104736328,44.93208089852668,44.30976104736328,44.82888164366785,56577000
2021-05-28,44.41608428955078,44.54742748276791,44.29412121920619,44.384812441530855,21186300
2021-06-01,44.30038070678711,44.65688266694735,44.178417626293395,44.472375885209225,20767500
2021-06-02,44.20344161987305,44.31602100899874,43.80940838968176,44.21594964559051,23298000
2021-06-03,44.2816162109375,44.35979583631063,44.01580190583501,44.2159446098573,18374400
2021-06-04,44.35979080200195,44.49738979010989,44.1721561435669,44.23782773719415,13635900
2021-06-07,44.062713623046875,44.39732745994685,43.903222878416535,44.35979980487687,16630800
2021-06-08,43.728092193603516,44.06270597240424,43.721836392566665,43.940742904020425,20120700
2021-06-09,43.493553161621094,43.78438351358747,43.477917236639044,43.5748606872945,17085300
2021-06-10,43.74372100830078,43.84066443561586,43.49354268998786,43.49354268998786,16378500
2021-06-11,44.01579666137695,44.047068507800184,43.73747078631006,43.853178049609376,25232400
2021-06-14,43.956382751464844,44.0720900291402,43.790639797528954,44.0720900291402,15140700
2021-06-15,43.781253814697266,44.06583190902088,43.67492667481077,44.0439401852011,19327200
2021-06-16,42.88999557495117,43.79376560524347,42.83370409978578,43.73434980826364,28794900
2021-06-17,43.06825256347656,43.26527096467176,42.75240255171507,42.84309378901662,19341900
2021-06-18,42.27080535888672,42.65232694008682,42.03000710299377,42.35524078560454,44812800
2021-06-21,42.65545654296875,42.764908022575156,42.327098525315535,42.42404198016229,20775000
2021-06-22,42.85246658325195,43.06824519638001,42.602288221738725,42.602288221738725,19107000
2021-06-23,42.517860412597656,42.83996622909481,42.508480288101374,42.68673128420455,19390500
2021-06-24,42.814937591552734,42.9181368334717,42.56163491626696,42.58352306176483,23444100
2021-06-25,43.321556091308594,43.42475534750036,42.818071413888596,42.883743017131735,28640700
2021-06-28,43.18708419799805,43.355955054359754,42.717999281178614,43.1683203718652,15549000
2021-06-29,42.93690490722656,43.30279056200284,42.9150131807284,43.12453958575727,35962500
2021-06-30,44.10023498535156,44.58808369514656,43.37158803185744,43.643658124041245,45511200
2021-07-01,43.568599700927734,44.1721556383771,43.47165626180894,43.90946926687239,26348700
2021-07-02,43.81565475463867,44.11899668066539,43.577984423026656,43.577984423026656,26280600
2021-07-06,43.76249313354492,44.01579939993328,43.62802203825852,43.74998153113045,18279300
2021-07-07,43.690574645996094,44.153403822386714,43.58112315438159,43.706210573369596,25607400
2021-07-08,43.653038024902344,43.984523911753364,43.224608692475435,43.262136341999536,21267000
2021-07-09,43.87506866455078,44.04393949403418,43.75936140417635,43.90946841051345,15185400
2021-07-12,43.796897888183594,44.02831245562927,43.571735543826094,43.99704060368624,19515000
2021-07-13,43.9626350402832,44.15026970597596,43.76249235123323,43.77812827513816,18947700
2021-07-14,44.265968322753906,44.34414792699859,43.72808405635158,44.003278410592586,18812100
2021-07-15,44.30038070678711,44.60684699018504,44.12212614787309,44.406704283135824,17974800
2021-07-16,44.26910400390625,44.44735496444859,44.07834144141928,44.31288387421192,18095400
2021-07-19,44.16590881347656,44.71317334726458,43.709331929107435,44.22219671205826,27383100
2021-07-20,44.366050720214844,44.5536853960632,44.025181118737564,44.0846004958592,19020300
2021-07-21,44.14714050292969,44.575569815651605,44.00328571264826,44.56306179266341,18591900
2021-07-22,44.17841339111328,44.44422767475352,44.031434275745575,44.13462994137239,13013400
2021-07-23,44.54117965698242,44.63187089554587,44.09711432522001,44.25660149444544,15947400
2021-07-26,44.60371017456055,44.98836316530247,44.23782458504164,44.51927834205605,18517200
2021-07-27,44.60683822631836,44.719421161039904,44.394187536566335,44.719421161039904,15395700
2021-07-28,44.42546463012695,44.7976060652882,44.30037723743427,44.55680782398772,14071500
2021-07-29,44.48176193237305,44.67252452582445,44.41296242584416,44.606849341455344,11063100
2021-07-30,44.578704833984375,44.70692014246084,44.15652767593083,44.15652767593083,16332300
2021-08-02,44.47550582885742,44.678776446072135,44.30350706370127,44.66626842101552,19958400
2021-08-03,44.97585678100586,45.00087640670527,44.51928350561919,44.54429955248501,18915300
2021-08-04,44.66939926147461,45.0133932355895,44.63812740735819,44.8382665579364,15301500
2021-08-05,45.49809646606445,45.51373238705155,45.02901167878581,45.10406696259019,27005400
2021-08-06,45.41679763793945,45.80457499440259,45.32923431638321,45.72326747396951,19263600
2021-08-09,45.526268005371094,45.80771831045749,45.4699765128199,45.629463706796095,15811800
2021-08-10,46.49570083618164,46.58013626907072,45.73578194017991,45.960944287495494,38262000
2021-08-11,46.91162109375,47.40259775334396,46.64580677616854,46.75525825682926,41455800
2021-08-12,46.78607177734375,47.14702505194327,46.70760086303656,46.767238901590176,18269100
2021-08-13,46.93358612060547,47.19409975444115,46.81745306079876,46.88650214089725,15981300
2021-08-16,47.3165168762207,47.62411452383,46.779792494537304,46.98067171126083,47791500
2021-08-17,47.300811767578125,47.86578352752947,46.798613849398514,47.20664741291767,50950200
2021-08-18,46.79862594604492,47.88776818712182,46.77351424764357,47.25374360053588,28211700
2021-08-19,47.11564636230469,47.28827809356472,46.45337055183718,46.5569495905932,22630500
2021-08-20,47.536231994628906,47.620978144079245,47.00264699023994,47.23177373890006,19400400
2021-08-23,47.22235107421875,47.642942338557056,47.20979343050466,47.561332022428864,16166100
2021-08-24,46.735836029052734,47.23803753508128,46.67306218780023,47.23803753508128,18828900
2021-08-25,46.75468063354492,46.85512024155673,46.462780043262676,46.58205252677717,21921300
2021-08-26,46.249351501464844,46.53811271001081,46.03591461862119,46.287013664316,23466900
2021-08-27,45.98883056640625,46.35606266705139,45.88211213346514,46.29956403925837,23088600
2021-08-30,46.359195709228516,46.453356483943296,45.831886031617145,45.95743732324016,16440600
2021-08-31,46.48474884033203,46.591463670831004,46.214816965064024,46.450222503169684,25078500
2021-09-01,46.384315490722656,46.43139948193789,46.00452929334873,46.31526639374903,19056600
2021-09-02,46.62912368774414,46.701315764210975,46.3560524350244,46.49101835606952,20018100
2021-09-03,46.84571075439453,46.97125848222187,46.421979988969035,46.516144376843656,17211900
2021-09-07,46.2242317199707,46.820590502238865,46.15831845649903,46.757816649790314,25345200
2021-09-08,46.28386688232422,46.55379876246167,46.054740162116,46.12379283768637,19508400
2021-09-09,45.95744323730469,46.33095415734478,45.77539689422737,46.283870171925045,22328700
2021-09-10,45.79108810424805,46.214818808137544,45.64670392780977,46.202261163575194,15775200
2021-09-13,45.53056716918945,46.18656395626083,45.39874064799861,45.988824174474566,19529400
2021-09-14,45.29202651977539,45.787949318659294,45.17275403882872,45.662398015345666,16533900
2021-09-15,45.37049865722656,45.43327251457766,45.13195368888791,45.21983924438169,14850000
2021-09-16,45.52116012573242,45.60904568519497,45.10056879688013,45.33597436458101,18428400
2021-09-17,45.42698287963867,45.87582519207655,45.20413502068315,45.24179717092733,73032600
2021-09-20,44.80238723754883,45.5713777642531,44.45084860842677,45.04092861330743,25054500
2021-09-21,44.8902587890625,45.3799026640592,44.780404564442875,44.789819204037684,17437500
2021-09-22,44.78668975830078,45.07231870826907,44.66114204508752,45.03151354627255,15044400
2021-09-23,44.81180191040039,45.081733806949615,44.71136230201016,44.953046681200796,15585300
2021-09-24,44.937347412109375,45.100564461709276,44.723914152790805,44.72705356389911,13360500
2021-09-27,44.64857864379883,45.05661221831292,44.519887954295626,44.84317899533609,21250800
2021-09-28,44.099300384521484,44.59208371726853,43.93922635205139,44.53244568744399,20580900
2021-09-29,44.080467224121094,44.516755527035635,44.042805070375785,44.146380483179406,21375600
2021-09-30,43.74776077270508,44.48536425303195,43.70695920884197,44.14324391232051,22457700
2021-10-01,43.016441345214844,43.826233411473275,42.661763318332554,43.710100343273325,30014400
2021-10-04,42.602115631103516,43.38680300647118,42.28196401529816,43.02898564951159,29970300
2021-10-05,42.8814697265625,43.22359006359832,42.65547885035263,42.67117231197801,20597400
2021-10-06,43.195343017578125,43.248702224481946,42.72767139048533,42.76219772483467,19376700
2021-10-07,43.70383071899414,44.16208782029688,43.55317129292251,43.55944652400629,21068100
2021-10-08,43.835655212402344,43.970621166430035,43.63163657566245,43.835655212402344,13847400
2021-10-11,43.79484558105469,44.18718934953461,43.766598065373344,43.79170976198172,13048200
2021-10-12,43.74776077270508,44.07105183286627,43.65046059118173,43.73520672167052,15789300
2021-10-13,43.430755615234375,43.945507711610645,43.35542411273828,43.78543365681205,17937900
2021-10-14,43.90156173706055,43.96433558733243,43.471555833893504,43.471555833893504,19783500
2021-10-15,44.114990234375,44.28762189604286,43.92980452240483,44.13696251640626,20737200
2021-10-18,44.46967315673828,44.57325216529023,43.88900785546678,43.942367065205964,19887000
2021-10-19,45.4144401550293,45.703204930930895,45.091149038791514,45.395607279209216,33444300
2021-10-20,45.82561492919922,45.97941374868816,45.47721212896777,45.47721212896777,17453700
2021-10-21,46.07985305786133,46.11437580454141,45.76597659855438,46.00766096934022,13954500
2021-10-22,46.56007385253906,46.98380451320931,46.17086952688652,46.17086952688652,21195600
2021-10-25,47.099952697753906,47.24433331383637,46.45650976902933,46.698194191780736,19287900
2021-10-26,46.68876647949219,47.253741957842536,46.59774510696046,47.08111026234629,17418600
2021-10-27,46.305843353271484,46.77351506917543,46.26190237030206,46.75468219304458,14565600
2021-10-28,46.594608306884766,46.76096118932025,46.36234215374857,46.56008196585069,12598500
2021-10-29,46.8990592956543,47.11249253956016,46.31525459179231,46.42510882862519,22022700
2021-11-01,47.01519012451172,47.31650889879554,46.877084788297516,47.07482456042069,12549600
2021-11-02,46.99322509765625,47.137609277630375,46.85511974011707,47.07169601007825,13638900
2021-11-03,47.137603759765625,47.17213009510882,46.776646944087126,46.95555744250302,14209500
2021-11-04,47.48286437988281,47.66177488153416,47.02774678249423,47.13760461221044,15149100
2021-11-05,47.15330505371094,47.70886233032127,46.96184047209803,47.70886233032127,15081900
2021-11-08,46.85198211669922,47.24118288458944,46.68248983751961,47.15016151481004,15373200
2021-11-09,47.01519012451172,47.04030181837027,46.72642540115561,46.930443994744195,15001800
2021-11-10,46.59147262573242,46.96184417265765,46.44709201930569,46.682497602656404,16803600
2021-11-11,46.61029052734375,46.764089319210576,46.51299035044933,46.695036653800855,13603200
2021-11-12,46.3780403137207,46.8425726670206,46.308987624661924,46.76724474659552,18313800
2021-11-15,46.111236572265625,46.59460168605531,45.951158943307284,46.50043731843178,28896000
2021-11-16,44.937347412109375,46.03904723089358,44.66427970974722,45.54312803588794,73986600
2021-11-17,44.551292419433594,45.42386571038825,44.5136302537268,44.934221636156366,33116100
2021-11-18,44.934207916259766,44.97500948131848,44.21229787657267,44.61405625747657,24394200
2021-11-19,44.69252395629883,45.19786134766217,44.55127920278607,45.07858887829664,28119300
2021-11-22,45.44267654418945,45.62472643519966,44.570107199566124,44.7772651908518,29126400
2021-11-23,45.76597595214844,45.819335164997185,44.962459124318585,45.27633198718873,29907900
2021-11-24,45.99509811401367,46.15831154273457,45.7126086363006,45.74085973927366,18089400
2021-11-26,45.4803581237793,46.41570163679959,45.32969869365514,45.963723346427116,21039600
2021-11-29,44.767852783203125,45.59020603425741,44.64230508148718,45.51173512868158,33039600
2021-11-30,44.140106201171875,44.72705031567481,43.945502238628805,44.40689865394563,64818900
2021-12-01,43.04468536376953,44.168353796778554,43.01329843891496,44.10244053618328,36621300
2021-12-02,42.52051544189453,43.452722922431825,42.448326950946296,43.198484518648925,39805800
2021-12-03,43.160823822021484,43.27695689531317,42.46402538227136,42.64293231312531,44142600
2021-12-06,43.62849807739258,43.74149533801602,43.03213921167492,43.1765198109107,32589300
2021-12-07,43.487247467041016,43.88900583908522,43.34286330708564,43.81681375910753,37739100
2021-12-08,43.04782485961914,43.471555529998845,42.6900074499648,43.333450186763486,34496400
2021-12-09,43.64659118652344,43.668648334407685,42.76735634164233,43.05728016741324,32351700
2021-12-10,44.443878173828125,44.528965516096974,43.35350297888808,43.59616040851623,38575500
2021-12-13,45.24433135986328,45.30105745906916,44.12243921867398,44.19492196658165,54039300
2021-12-14,45.67606735229492,45.78321544575185,44.79683267386212,45.15924279716718,46721400
2021-12-15,45.93763732910156,46.158234029911235,45.190759876267876,45.76115852586746,33489900
2021-12-16,45.17185592651367,46.177147587507626,45.03004606523465,45.937642160699056,39069600
2021-12-17,43.725372314453125,45.364089210993434,43.611923709609925,44.98592238622793,78581100
2021-12-20,43.867191314697266,44.04051449200727,43.36297122231682,43.52684185072383,31017900
2021-12-21,43.99954605102539,44.07517725720216,43.492173936687884,43.772645219562364,24620400
2021-12-22,44.0562629699707,44.116141123468104,43.65603902211667,44.08777626908895,17028000
2021-12-23,43.95857620239258,44.16972038042269,43.756888179092,44.05626816246636,17592600
2021-12-27,44.358802795410156,44.393471758315904,43.983791584567705,43.993244133384515,16040700
2021-12-28,44.995384216308594,45.055258774441796,44.30838479133862,44.30838479133862,15783000
2021-12-29,44.973323822021484,45.231737973836275,44.850419046510396,44.95756716941408,13045200
2021-12-30,45.118282318115234,45.28530859340563,44.900837643486426,45.146647175826004,14949000
2021-12-31,45.5972900390625,45.70759019780822,45.03949596201545,45.12773536771881,17947800
2022-01-03,45.58468246459961,45.62880036133849,45.067854269548306,45.37984241727065,20706600
2022-01-04,44.74957275390625,45.73910779842186,44.67394154652615,45.392454245736005,33930000
2022-01-05,45.35463333129883,45.994366328466384,44.98277421353267,45.0174395661204,35418000
2022-01-06,45.22858810424805,45.581542188736925,44.87563401975917,45.260101410983346,21828900
2022-01-07,45.66031265258789,45.808430201765674,45.052096626324506,45.22227132015219,19723500
2022-01-10,45.572086334228516,45.880918881716745,45.10253160628634,45.833648925042006,22731600
2022-01-11,45.442867279052734,45.575228177146386,45.12142659661385,45.446019330084965,21668700
2022-01-12,45.203369140625,45.367243362390894,45.06471133116103,45.279003951665615,18946800
2022-01-13,45.843101501464844,45.90928015693648,45.09937603381577,45.20022004276934,24252600
2022-01-14,45.71388626098633,46.208653688751,45.44917167601285,45.44917167601285,26867400
2022-01-18,44.91344451904297,45.60044387696914,44.79053975651473,45.50905241632687,21123900
2022-01-19,45.36093521118164,45.69183207025474,44.724357903086975,44.919741803394814,22674000
2022-01-20,44.50376510620117,45.52480980850261,44.456495152602585,44.85987119365661,22387200
2022-01-21,44.179176330566406,44.83151040494774,44.138210476316345,44.50376914508077,27508200
2022-01-24,44.18233108520508,44.28632716280165,43.27158280293231,43.8262249436472,28699200
2022-01-25,43.22115707397461,44.235901346595995,43.11400895357861,44.11614862570239,29479500
2022-01-26,42.77996063232422,43.73797872658492,42.594029263626055,43.28102863041262,26185500
2022-01-27,42.80832290649414,43.82937123621567,42.66020893959247,43.14867234973465,27759000
2022-01-28,43.337745666503906,43.35350231435176,42.212705141719105,42.85873491641201,25131900
2022-01-31,44.059417724609375,44.13190048090835,43.07933891473855,43.20224367401374,20193600
2022-02-01,44.406070709228516,44.481701909540256,43.801006680870245,43.8703337784618,20323200
2022-02-02,44.38716506958008,44.63612304721029,44.16656834321501,44.434435023844095,18149700
2022-02-03,44.43128967285156,44.74642996173661,44.046822271137366,44.201240363527,20741100
2022-02-04,43.90815734863281,44.43443819923398,43.59932479482489,44.3997728423365,22036500
2022-02-07,43.47641372680664,44.141352302284865,43.36611356847398,44.13820385740439,20010300
2022-02-08,43.48586654663086,43.87979001869562,43.3346005392443,43.589862602921514,19458900
2022-02-09,43.391334533691406,43.73798451122078,43.32200381689218,43.64659664377944,21473700
2022-02-10,42.88396072387695,43.17703662661842,42.688573182249364,43.03207470115704,27810600
2022-02-11,42.647605895996094,43.23060923655099,42.28204363309877,43.11716062015289,23733300
2022-02-14,42.21271514892578,42.846140476797224,41.821943698022466,42.64760450296883,29363400
2022-02-15,42.34507369995117,42.75475025953088,42.16229437237461,42.4616743676546,21824400
2022-02-16,42.08034896850586,42.505785721025916,41.81878642102763,42.332462575267755,28490700
2022-02-17,43.76634216308594,43.95227714753614,42.15914202711102,42.22847273820324,53831400
2022-02-18,43.48586654663086,43.99008657125274,43.224303986687175,43.52053189872775,31103400
2022-02-22,43.00055694580078,43.56465514957435,42.83983477787888,43.41653758115625,25380900
2022-02-23,42.559364318847656,43.23375909249209,42.493185662104324,43.12976303004792,21030900
2022-02-24,42.39548873901367,42.546754737640214,41.60134134460785,42.20010123674654,31717500
2022-02-25,42.97848892211914,43.104545715233726,42.256824330450115,42.483725115470115,24997800
2022-02-28,42.59403991699219,42.88081536733909,42.155998413928266,42.54361789941984,26286600
2022-03-01,42.8555908203125,43.4543507122144,42.54990677199656,42.81777341905435,24024900
2022-03-02,42.90916061401367,43.120304762448995,42.600328125663275,42.751594121936684,23863800
2022-03-03,43.89555358886719,44.26741636645548,43.03207530815653,43.26527665549834,29885100
2022-03-04,45.00798034667969,45.04579774810283,43.359811004701825,43.42914170515561,35576400
2022-03-07,44.64557647705078,45.263248765656094,44.26110912572555,44.52897581164394,45870000
2022-03-08,43.72222137451172,44.894535675912955,43.67179937035897,44.592003650996425,28305600
2022-03-09,43.94911193847656,44.194917798924024,43.53312779645957,44.11928661358072,22122900
2022-03-10,44.94810104370117,45.064705296184414,43.807303779520154,43.958569774877844,27512700
2022-03-11,44.77162551879883,45.39559819580889,44.71174736744549,44.84410826805495,19162200
2022-03-14,45.39560317993164,45.647713197996154,44.74642123584033,44.7558737836888,22646400
2022-03-15,45.9407958984375,46.05739656457755,45.33257976092691,45.546872389715865,22872600
2022-03-16,45.80527877807617,46.306346713173156,45.285302142687584,45.8178833761153,24615900
2022-03-17,45.874881744384766,45.96662667824006,45.128279784728875,45.6977239823256,19023000
2022-03-18,46.01091003417969,46.05203794275759,45.59015632368687,45.928657837438365,31233300
2022-03-21,45.62812805175781,46.59617999136394,45.435149064234764,46.0077539207465,21350700
2022-03-22,45.492088317871094,45.862225027911705,45.232674748438214,45.74833764491797,20235000
2022-03-23,44.906829833984375,45.46994554593251,44.77079636481754,45.28329505615512,19625400
2022-03-24,45.18522644042969,45.52689224359902,44.884684931099635,45.04602872500292,13440900
2022-03-25,45.38136291503906,45.533213970380245,45.004897708959454,45.38136291503906,14085300
2022-03-28,46.18807601928711,46.20705785434476,45.33391154376705,45.39718191368265,20105700
2022-03-29,46.57719421386719,46.852425389376364,46.26716361110018,46.377890377980464,19934400
2022-03-30,47.412376403808594,47.510446199557215,46.517084031146325,46.54555497303082,24991500
2022-03-31,47.111839294433594,47.62433801852657,46.877736011699305,47.0707149990425,27163800
2022-04-01,47.77302551269531,47.85527772503835,47.08653324860584,47.34594323666882,20939700
2022-04-04,47.78251266479492,48.46584060627393,47.47881055293431,47.74138475321568,25332600
2022-04-05,47.91855239868164,48.50697486485315,47.73189827132014,47.73189827132014,18657900
2022-04-06,49.03212356567383,49.16815703795158,47.611682713478224,47.77618712912086,28018500
2022-04-07,49.52247619628906,49.83883167727413,48.85812642784694,49.066923000321175,27088200
2022-04-08,49.797706604003906,50.11406208003657,49.418077136432785,49.63952705578012,23294400
2022-04-11,48.81067657470703,50.06028460094126,48.60187998971653,49.65851264535214,24712800
2022-04-12,48.475337982177734,49.16183023197923,48.26021291700317,48.79485771672807,26761200
2022-04-13,49.73759460449219,49.9179202226155,48.51329704882503,48.54493223295532,29284500
2022-04-14,49.69330596923828,50.07609604093022,49.48767365239687,49.70279507629207,22360500
2022-04-18,49.31367492675781,49.97802463192157,49.101717752198475,49.58890608781938,14671800
2022-04-19,49.87363052368164,49.96853970115946,49.36429606919798,49.56359991127899,15855000
2022-04-20,50.500022888183594,50.72780132201771,50.07610483054917,50.09508666840329,19821600
2022-04-21,50.5759391784668,50.86065944317859,50.32285409645469,50.59175676981664,18168300
2022-04-22,49.62370681762695,50.73095635533766,49.56043644987626,50.69615692899183,21046200
2022-04-25,49.64901351928711,49.81668578649921,48.82965211970945,49.46869152302185,18057600
2022-04-26,49.13018035888672,50.02546892065094,49.098545181209204,49.468681828615786,19601100
2022-04-27,48.79484939575195,49.41490692275098,48.72525054776005,49.202949756932945,17496900
2022-04-28,49.41806411743164,49.66166005066376,48.75055391301842,49.10803358793875,14955900
2022-04-29,48.3994140625,49.4212473331606,48.31083336000621,49.29154233264797,21088800
2022-05-02,48.079891204833984,49.032125549301526,47.554739130192516,49.02263282085255,20016000
2022-05-03,48.24755096435547,48.807502365789766,48.01661196720232,48.22224426732624,17950500
2022-05-04,48.915061950683594,48.978332309883164,47.93119265939053,48.095697041475105,20022600
2022-05-05,48.49596405029297,48.84204754270653,48.07050511017793,48.78171929559335,23234400
2022-05-06,47.486289978027344,48.88014386558533,47.07670614179698,48.16892970507794,34258200
2022-05-09,48.041934967041016,48.610269763784906,47.051313303509524,47.140215993021414,28207200
2022-05-10,47.365638732910156,48.353084562341074,47.16878616937798,48.08002866223188,24861300
2022-05-11,46.87033462524414,47.86412837491965,46.64490397905884,47.43549366275755,27878700
2022-05-12,46.82587432861328,47.67361638926372,46.5210682761002,46.946527178596554,25244400
2022-05-13,47.006858825683594,47.11163660321983,46.40042237419093,46.898908936904846,19962300
2022-05-16,47.057655334472656,47.540266760444275,46.50201995256254,47.429137503917275,21449100
2022-05-17,41.70449447631836,43.63810864902349,41.479063853321925,43.3174274924891,132940200
2022-05-18,38.872337341308594,40.72657607663051,38.58657847243034,40.650372742642986,104253000
2022-05-19,37.805511474609375,38.66913228044976,37.656284188638196,38.377025563789765,71008500
2022-05-20,37.84679412841797,38.36750364603058,37.234006177493036,37.98649783403305,49356000
2022-05-23,38.92631530761719,39.29779748841941,38.05634659660959,38.075393797123745,43680900
2022-05-24,39.412105560302734,39.54545778802505,38.44371040316493,38.48498418939648,34584900
2022-05-25,39.17079162597656,39.5835512036244,38.926313804020864,39.370819925824385,27121800
2022-05-26,40.00583267211914,40.132833377616144,39.49782258298156,39.7835778039246,28197600
2022-05-27,40.79324722290039,40.83769673994492,39.786750715762516,39.84390320931221,25299900
2022-05-31,40.84087371826172,41.24410602869779,40.45668860600995,40.46939158289899,36912300
2022-06-01,39.831199645996094,40.93294665924418,39.58672185549116,40.79959447650068,28534800
2022-06-02,40.485267639160156,40.49161549418194,39.47559533322494,39.86930405398946,23214300
2022-06-03,39.78993225097656,40.45669327155851,39.71690465974138,40.21856329747208,18302700
2022-06-06,39.64704895019531,40.10108227558627,39.55814627825469,39.94867925236293,19855500
2022-06-07,39.17079162597656,39.20889329268327,38.38019839289955,38.49450339301968,47707800
2022-06-08,38.8310546875,39.3422404776674,38.719929079607915,38.846929774341724,22522800
2022-06-09,38.424652099609375,39.481949747645615,38.41512849958359,38.735809659551414,19880100
2022-06-10,38.64055252075195,38.970760888934294,37.89123674573119,38.02141682657529,25238100
2022-06-13,37.91346740722656,38.494505133258855,37.811865380465456,38.01824517861928,24897900
2022-06-14,37.92933654785156,38.100790395316444,37.51975276041595,37.82455879289252,21544200
2022-06-15,37.90393829345703,38.23097093636713,37.43402985138616,38.09127088168046,25914000
2022-06-16,38.29765319824219,38.65960815354123,37.53881009612238,37.57691176517759,30706800
2022-06-17,37.557865142822266,38.38020506296885,37.45626310299698,38.107152760317014,36838800
2022-06-21,38.78978729248047,38.983467762224166,37.53563694043919,37.56103926608649,23916600
2022-06-22,38.31987762451172,39.13269388336162,38.288127443597304,38.76756316927058,20235000
2022-06-23,39.25016403198242,39.35811389120178,38.48179750735674,38.656423455191515,18040800
2022-06-24,39.281917572021484,39.78675189583972,39.104112231420615,39.399394673157026,31845900
2022-06-27,39.40892028808594,39.60577647050466,38.98663712452657,39.300966780515196,19889100
2022-06-28,38.85328674316406,39.86930697865251,38.82788442048936,39.580375997087046,15399000
2022-06-29,38.71040725708008,39.164444251498054,38.40877693136043,39.01838907185382,19111500
2022-06-30,38.60245132446289,38.75485433568606,38.065863224365586,38.380192845324565,19166100
2022-07-01,38.93584060668945,39.027915402967125,38.46910423507686,38.71676145546729,17460900
2022-07-05,39.450199127197266,39.53275031627022,38.61198062490087,38.80248532545573,18218100
2022-07-06,39.72959899902344,40.09473327562136,39.466070368580894,39.52321922967347,21300000
2022-07-07,39.78993225097656,39.85660835303476,39.40892283900827,39.748654838476234,17487300
2022-07-08,39.81532669067383,40.19951180622296,39.73595125230918,39.948678880556294,14751000
2022-07-11,39.831199645996094,40.11060698780111,39.5676710245886,39.69467171917309,11532900
2022-07-12,39.7105598449707,40.36462526428169,39.599434200721134,39.72326282545975,13732200
2022-07-13,39.80579376220703,40.15187349922582,39.34223331693802,39.510511386976496,12689100
2022-07-14,40.58369827270508,40.74245280250733,39.41527496202781,39.42162281773184,20905500
2022-07-15,40.98057556152344,41.361581278927936,40.65671870326366,40.89484863923189,21184200
2022-07-18,40.88533401489258,41.37112126887277,40.723407352616235,40.84723234133029,14243700
2022-07-19,41.13616943359375,41.263170174866566,40.83136329424803,41.082192665122484,16995300
2022-07-20,41.47906494140625,41.69179622555968,41.1171099976072,41.437791162553744,18564900
2022-07-21,42.08549880981445,42.088674553931625,41.434609341625,41.49176183501061,18764700
2022-07-22,41.97754669189453,42.35220457140422,41.6663891625188,42.08232444976032,13616400
2022-07-25,41.91722869873047,42.133132103391,41.739423330015775,42.034705818441,20535300
2022-07-26,38.72946548461914,38.95489615260221,38.11985322774295,38.45958528549639,95391600
2022-07-27,40.19316482543945,40.25031732761652,38.427828716487475,38.49450481890652,42159600
2022-07-28,41.19647979736328,41.437785482536086,40.091557016349235,40.091557016349235,33262200
2022-07-29,41.92674255371094,41.993418643086706,40.64401450207485,40.74244439772063,30141900
2022-08-01,42.08231735229492,42.618901760862535,41.59335819829545,41.61240902683751,24996300
2022-08-02,42.12677764892578,42.453810294409166,41.72036955883961,42.276004938209,19695000
2022-08-03,41.43460464477539,42.20931897712028,41.23140064720466,41.96166546767124,32003100
2022-08-04,39.86931228637695,41.52987080691876,39.79311257535849,41.488597023243265,53106000
2022-08-05,40.18998718261719,40.26301477079842,39.72643023218385,39.85025519735651,32007000
2022-08-08,40.517024993896484,40.70752971622368,40.199519545734724,40.21221889160311,18175200
2022-08-09,40.917083740234375,40.94883392050276,40.39001912033849,40.60592615988386,19325100
2022-08-10,41.002811431884766,41.323492647181155,40.7646814208297,41.275867371685266,25251000
2022-08-11,41.398231506347656,41.573621685444344,41.00918718586072,41.35996389465378,23854500
2022-08-12,42.163570404052734,42.36128033849805,41.398236328037555,41.455634102863236,26625000
2022-08-15,42.28474044799805,42.59406359387805,41.889317007394745,41.97541730211804,26516100
2022-08-16,44.44363021850586,44.94109461036867,44.06733687439325,44.2937493363235,91773300
2022-08-17,44.491458892822266,45.511904193281424,44.134299388261304,44.188511229110745,41792100
2022-08-18,44.347957611083984,44.77845911687791,44.16619193059335,44.49464525593955,19197600
2022-08-19,43.69423294067383,44.34795730986889,43.659154905277006,44.300124620527846,22918800
2022-08-22,42.91295623779297,43.59856909058677,42.87149904927038,43.43274763529724,18667200
2022-08-23,42.73118591308594,43.03731948164703,42.47926053215337,42.92570623198829,16955100
2022-08-24,43.04051208496094,43.142556614993026,42.6036314317984,42.84279852714861,15766500
2022-08-25,43.3275146484375,43.365782262004004,43.05964500287248,43.13936980603611,19414500
2022-08-26,41.965858459472656,43.633649114990625,41.93715592403391,43.40404707848347,21331800
2022-08-29,42.37403106689453,42.6897333967797,41.64377509846373,41.7203103236724,17381700
2022-08-30,42.24647903442383,42.619579149803165,42.010501495585665,42.52072418750617,14468100
2022-08-31,42.268798828125,42.66422229313378,42.07108527092049,42.34214082489741,22460700
2022-09-01,42.884254455566406,43.094719011705934,42.2209613804232,42.26560814187715,21741900
2022-09-02,42.412288665771484,43.263722773488425,42.23371259811451,43.0022359976979,17234400
2022-09-06,42.201839447021484,42.6100176346965,41.68523755971997,42.428248276534376,21899700
2022-09-07,43.286048889160156,43.35939452574172,42.32938063579973,42.43142515217418,17058900
2022-09-08,43.5060920715332,43.6464042258977,43.01181360453149,43.17763506910739,16956000
2022-09-09,43.6368408203125,43.84730541052958,43.41042834885097,43.46464019687987,16140600
2022-09-12,44.02906036376953,44.08645811987564,43.6782800791231,43.71335810758774,14284500
2022-09-13,43.1202278137207,43.99079578539559,42.98948441648814,43.643205052050746,17687400
2022-09-14,43.02456283569336,43.537975045329986,42.76307601668847,43.25097526992942,19934700
2022-09-15,42.562171936035156,43.09790381900704,42.40272601165556,43.066015364011065,20189400
2022-09-16,42.47288513183594,42.906572530300416,41.863803919460075,42.09340592112951,41874300
2022-09-19,42.836421966552734,42.97354087908286,42.24328495717044,42.354898211923086,16853100
2022-09-20,42.587684631347656,42.69291873085355,42.26560683096299,42.565361251313064,13963500
2022-09-21,42.97673034667969,43.83135417478293,42.928897658791854,43.19038812840558,24903600
2022-09-22,42.536659240722656,42.96078153378433,42.36126908777994,42.91294885099989,16744500
2022-09-23,41.474754333496094,42.4696901313076,41.06338671804325,42.370835196446734,27195300
2022-09-26,41.873374938964844,42.13805133862827,40.9039519164599,41.057018709487,23011200
2022-09-27,41.758575439453125,42.54941870605446,41.55129680787368,42.16675355109257,17171700
2022-09-28,42.447364807128906,42.61956536613546,41.366332424853645,41.90525382846349,16838400
2022-09-29,42.173126220703125,42.769452768112494,41.97541632968179,42.571739227691225,15241500
2022-09-30,41.359962463378906,42.20820714663768,41.359962463378906,42.16994318566825,19602300
2022-10-03,42.26242446899414,42.34533520261726,41.45882279398451,41.532168448474465,17574900
2022-10-04,42.8109130859375,43.11385712156582,42.53029243326512,42.68654516575515,16134300
2022-10-05,42.38678741455078,42.92889852029237,42.256040352419994,42.654653391618346,14553900
2022-10-06,41.991363525390625,42.88425497242948,41.95947506648212,42.43780924891005,14200500
2022-10-07,40.996429443359375,41.98179673685855,40.840173067971406,41.87337670144268,17080500
2022-10-10,41.23878479003906,41.43330877136387,40.9071382438624,41.30575128455739,11411700
2022-10-11,42.30706024169922,42.66740564982733,41.28342543034947,41.29936965907017,21276000
2022-10-12,41.82872772216797,42.97673048209405,41.76495080478323,42.415485580428005,16947600
2022-10-13,42.18269348144531,42.393158017934816,40.935835892682526,41.22602521743909,20545500
2022-10-14,41.592750549316406,42.482452421848194,41.47157221565185,42.233720252368435,16641000
2022-10-17,41.89250564575195,42.358085141965226,41.64376984460516,41.76175859408251,17812500
2022-10-18,42.77582550048828,43.081959043837614,42.517524639024835,42.54941309361543,16842300
2022-10-19,42.6546516418457,42.96397479286578,42.402729904728346,42.83642096117095,11339400
2022-10-20,42.7598876953125,43.17763089246988,42.61957555452061,42.72480966011452,12754800
2022-10-21,43.62407302856445,43.81859699403622,42.73118529128737,42.98948617026465,18134700
2022-10-24,44.45638656616211,44.79759823540554,43.729316459171926,43.831361002321344,18806700
2022-10-25,44.66683578491211,44.78482451923915,44.10878056586266,44.35432675993214,15051300
2022-10-26,45.008052825927734,45.29505623300135,44.587120091299646,44.75932067578384,20754300
2022-10-27,44.8773078918457,45.31418848919075,44.736995768628326,44.96659775656584,16602900
2022-10-28,45.44492721557617,45.569291448919394,44.657270040538485,44.66045961562922,13648200
2022-10-31,45.38753890991211,45.623516443132,45.20896279669185,45.39072848592328,22572000
2022-11-01,45.18344497680664,45.776578322053496,45.12285763671479,45.59162307670986,14814300
2022-11-02,44.88369369506836,45.78296067819121,44.8677494650123,45.01443711140811,15522000
2022-11-03,44.87411880493164,45.18982108560751,44.35114156199161,44.48826411128318,10976400
2022-11-04,44.953857421875,45.349277314118126,44.25867573521322,45.29187953590269,14669400
2022-11-07,45.42580032348633,45.59162175943091,45.04632111675932,45.04632111675932,11364000
2022-11-08,45.53423309326172,45.94241126291519,45.12605127420754,45.46726659039049,15068400
2022-11-09,44.47550964355469,45.65221118210589,44.392595279024924,45.52465370924458,15932100
2022-11-10,45.3971061706543,45.50233662981839,44.80396913136387,45.4449388610744,20310600
2022-11-11,45.467262268066406,45.639462873193885,44.64133727863648,45.4959611524542,19270800
2022-11-14,44.13111114501953,45.70323620011788,44.092843535911236,45.16750062080199,37525800
2022-11-15,47.017059326171875,47.919515799481445,46.09546904873207,46.43349107309962,76548600
2022-11-16,47.35508728027344,47.89719841737921,46.915020678373466,47.157373712436915,32593200
2022-11-17,47.19563674926758,47.42842833159649,46.78426907234397,46.87993809569834,24791400
2022-11-18,47.90675735473633,47.909946930072245,47.44117788948421,47.72817762992192,18987000
2022-11-21,48.20013427734375,48.5158365574146,47.89400072361434,48.027937346595806,21157200
2022-11-22,48.37234115600586,48.61469782994862,48.19057547524894,48.471199760740625,16898400
2022-11-23,48.605125427246094,48.908069399322464,48.4329248506259,48.496701760663086,16920600
2022-11-25,48.812408447265625,48.81878394920589,48.4265500779768,48.5094644478009,8777400
2022-11-28,48.95270919799805,49.31305455439377,48.70078750085751,48.70078750085751,17674800
2022-11-29,48.780517578125,49.01649507445202,48.646580952398956,48.79964773240025,13841700
2022-11-30,48.605125427246094,48.71673501981117,48.21608116685963,48.66571276190147,31338000
2022-12-01,48.9080696105957,48.98460482249074,48.066200526749135,48.4871368933723,22732200
2022-12-02,48.8602409362793,48.86662008759381,48.30537155271896,48.30537155271896,20733000
2022-12-05,48.35957717895508,48.79007860238546,47.99604223812502,48.710357468194495,23608200
2022-12-06,47.79833984375,48.44249546735186,47.58149613518505,48.216086680947356,20625600
2022-12-07,47.54960250854492,48.21926736653588,47.457123068946295,47.99285860473883,17550300
2022-12-08,47.62322235107422,47.783265686361446,47.41836395138086,47.74485748378679,13512600
2022-12-09,46.512508392333984,47.28392903871867,46.483697659656514,47.20390370291803,27929400
2022-12-12,47.37995910644531,47.40556824178033,46.592534058048116,46.701362809538324,19432200
2022-12-13,47.21031188964844,48.077758634848706,46.97024318319858,48.01374128997081,23408100
2022-12-14,46.94782638549805,47.543195634356806,46.72056046022658,47.08226424848321,20334600
2022-12-15,46.52851104736328,46.8678073229123,45.97475156845129,46.598931582010394,17514000
2022-12-16,45.69308090209961,46.32366427282359,45.63546675067377,46.24684052004494,40343100
2022-12-19,45.709083557128906,45.9523538810936,45.36658560877699,45.77630250675625,15067500
2022-12-20,46.109195709228516,46.298049806057634,45.533032282327845,45.74749185169765,17009400
2022-12-21,46.47090148925781,46.714171804247144,46.176416563910614,46.195622500689545,13726500
2022-12-22,45.92674255371094,46.406879940237125,45.43060083184438,46.33966099917606,13082400
2022-12-23,46.019569396972656,46.02917419657877,45.54263358495259,45.789105490634384,9547500
2022-12-27,46.032371520996094,46.23722993567313,45.833912642304334,46.10598999534994,10044600
2022-12-28,45.22574234008789,45.98755822533895,45.10410719379179,45.92354088407496,15246300
2022-12-29,45.50101852416992,45.77949909249928,45.37298383915443,45.49782058757063,9171900
2022-12-30,45.38578796386719,45.44980897149164,45.07210077808557,45.31216948299354,11505900
2023-01-03,45.96516036987305,46.00036698165017,45.48182132112223,45.62906195793229,17249700
2023-01-04,46.01636505126953,46.109193126134095,45.475411926785476,45.9075363043317,13338300
2023-01-05,45.85951614379883,46.13479139945235,45.66105728947942,45.92033187555605,13274400
2023-01-06,46.98303985595703,47.22951173034835,46.17000942409499,46.28524136263503,21231900
2023-01-09,46.39727783203125,47.3287455881246,46.34926482322554,46.835805437368684,17756700
2023-01-10,46.36846923828125,46.557323330581305,46.0067653894247,46.39407471020788,11970600
2023-01-11,46.774993896484375,46.79099823544484,46.32686507927451,46.6501607852244,14834700
2023-01-12,46.35246658325195,46.86781427182742,46.2180286928684,46.8646126719311,12472800
2023-01-13,46.50611114501953,46.67575931062892,46.04838125786888,46.58293122795688,13699800
2023-01-17,46.22442626953125,46.64054632262322,46.15720732718964,46.50610843794,15122400
2023-01-18,45.081703186035156,46.17321432524175,44.96647123011335,46.157209988673664,22674300
2023-01-19,44.43832015991211,45.30256531167124,44.425513760314985,45.25775390255464,17342100
2023-01-20,44.98567199707031,45.06249207113775,44.22705407618329,44.62076657156711,29543100
2023-01-23,45.657859802246094,45.776293340405445,44.87683803765623,44.96006130799869,13149900
2023-01-24,45.77949523925781,46.909418089939415,45.132911342774,46.909418089939415,13669200
2023-01-25,45.56183624267578,45.72188325617535,44.93765618686919,45.52982757260737,12491700
2023-01-26,45.52022171020508,46.01316547458303,45.376182698262376,45.78269792705436,15819000
2023-01-27,45.86912536621094,46.24363194663882,45.37298363766392,45.64506100527123,18412800
2023-01-30,45.50101852416992,45.59704820108916,45.21934001924127,45.49141738805681,15897600
2023-01-31,46.05157470703125,46.054772643254346,45.34417143343419,45.5554293714892,14103600
2023-02-01,46.30764389038086,46.608531957437684,45.677064351413634,45.984351954052194,12849300
2023-02-02,45.971553802490234,46.36846791125478,45.75389264471259,46.22442523052754,17806800
2023-02-03,45.36018371582031,46.080389849985835,45.08810633133438,45.88833414824346,17155500
2023-02-06,45.030479431152344,45.48501128895408,44.82241943486422,45.3953848244803,17454000
2023-02-07,45.12651062011719,45.22893983039201,44.39350181303535,44.73920131350224,16341300
2023-02-08,44.883243560791016,45.16492205475504,44.80962142187836,44.918453830431204,11691300
2023-02-09,45.299354553222656,45.4337924165498,44.99526856111059,45.09129822288501,13064400
2023-02-10,46.003562927246094,46.07398346846066,45.507421202181476,45.801906102763056,15002700
2023-02-13,46.704566955566406,46.771789565801505,46.256438199613,46.32045920986197,16015800
2023-02-14,46.570125579833984,47.09507438042,46.27244274022041,46.646949321126264,13831200
2023-02-15,46.91582489013672,46.925429689336276,46.27244254375481,46.40047722782152,14674200
2023-02-16,46.17961120605469,46.730169100239095,46.15080413680557,46.56692049379363,16312200
2023-02-17,46.87421798706055,46.95424333897149,46.27564696360987,46.44849674184249,24770700
2023-02-21,47.159095764160156,47.48238774118357,45.501018745158724,45.734687907499065,54393900
2023-02-22,46.170013427734375,47.2359153621848,45.6962755714877,46.97984233035859,29844000
2023-02-23,45.481807708740234,46.21161480045297,45.04007860420042,46.21161480045297,22021200
2023-02-24,45.60345458984375,45.68987947353631,44.662382006010176,45.08170368770759,20623500
2023-02-27,45.27375793457031,45.801908356510374,45.024084428313564,45.680273203259766,16647300
2023-02-28,45.49460983276367,45.6610563550522,45.116901726923395,45.13290605932972,18054000
2023-03-01,44.86083984375,45.22254370666879,44.61116999854937,45.1521231613963,14180100
2023-03-02,44.97286605834961,45.04968979635954,44.65277569734229,44.761608105137206,14785500
2023-03-03,45.027286529541016,45.19373309346028,44.73920481101681,45.14572008423255,16888800
2023-03-06,45.0208740234375,45.12650481979823,44.81921722847086,44.972861024134545,16720800
2023-03-07,44.5727653503418,45.35058574799707,44.42552103612211,45.19054235839965,17387400
2023-03-08,44.20465087890625,44.467127122630956,43.942174635181544,44.3518951686465,19090800
2023-03-09,43.90695571899414,44.4863243010665,43.82693405325245,44.438311301621496,15415800
2023-03-10,43.84294509887695,44.2622667505082,43.56126659444623,43.8589494344756,20065200
2023-03-13,43.97098159790039,44.33268542827277,43.718110175548624,43.750118845399996,28142100
2023-03-14,44.20465087890625,44.259067087586004,43.85255181717017,44.07341458862278,25542600
2023-03-15,44.69758224487305,44.75199844285679,43.75971513472939,43.81733293197519,33133500
2023-03-16,44.44367980957031,44.88400106489838,44.31511668442428,44.813291897793775,28905600
2023-03-17,44.80364990234375,44.83257504130507,44.22191033238918,44.414749496359704,43081200
2023-03-20,45.2857551574707,45.613586885579736,44.93542405563547,45.02863259406865,33928500
2023-03-21,45.13148498535156,45.44324680638498,44.845433583490205,45.44324680638498,19013400
2023-03-22,44.842220306396484,45.38860530739182,44.82293565389212,45.20219190407811,18548400
2023-03-23,45.20540237426758,45.513953132252176,44.83257557236937,45.06077299957648,22044300
2023-03-24,45.57501983642578,45.790362062900755,45.189337811326084,45.32111198216086,22752300
2023-03-27,46.33674621582031,46.59708350896199,45.889995518226556,45.89321024002548,26775600
2023-03-28,46.156761169433594,46.413883755219004,45.976777198469605,46.16961637917996,21282900
2023-03-29,46.356040954589844,46.59066420256087,46.10534409412691,46.40103603505058,24216900
2023-03-30,46.81885528564453,47.11776190821929,46.609942489865276,46.764216045155415,21879000
2023-03-31,47.390953063964844,47.709140653362205,47.07597651836213,47.11133110364757,20868000
2023-04-03,47.78948211669922,47.87305016080476,47.4070148662491,47.48093506793876,19766700
2023-04-04,47.32024002075195,47.82162993947573,47.25274557767099,47.73806188787903,18113700
2023-04-05,48.10446548461914,48.171959931297856,47.29131372442863,47.30095789005215,26540700
2023-04-06,48.46765899658203,48.544797620314355,47.73486046198509,47.824850618776765,17891700
2023-04-10,48.37445068359375,48.57050828809361,48.136612722837874,48.326240882603564,14519100
2023-04-11,48.23302459716797,48.53192749952778,48.08839155022723,48.53192749952778,18370500
2023-04-12,47.99840545654297,48.52229481759774,47.94376621495071,48.14303852674767,11209800
2023-04-13,48.0466194152832,48.21053346353676,47.632008533243045,48.09804025709688,13272600
2023-04-14,47.721988677978516,48.17516877452543,47.615924938091275,47.89876157779058,10464900
2023-04-17,48.05625534057617,48.104465133827766,47.7284235970253,47.773418668425826,16166700
2023-04-18,48.16231918334961,48.319807450805285,48.030541334407964,48.13981980852124,13482300
2023-04-19,48.2137451171875,48.663710557965906,48.136606503032766,48.48050818843421,12433500
2023-04-20,48.52228927612305,48.657278164539456,48.0819680278913,48.27802191700224,13641600
2023-04-21,48.76655960083008,48.94975829222567,48.58978667516758,48.840479814875835,25335000
2023-04-24,49.097599029541016,49.15866770793022,48.76012681113413,48.76012681113413,13579500
2023-04-25,48.71514129638672,49.41579996631026,48.638002672380146,49.26795584119371,17246700
2023-04-26,48.50300979614258,48.6637127975798,48.281241787498814,48.52550917266844,12910200
2023-04-27,48.6540641784668,48.834051817857784,48.46122133002543,48.46122133002543,12861000
2023-04-28,48.52228927612305,48.90797128900259,48.26838142990307,48.62513830331377,14088600
2023-05-01,48.7215576171875,49.026893653483334,48.50943379863839,48.54478838142513,11409600
2023-05-02,48.589778900146484,48.68941319569649,48.03696451429359,48.68298743099161,11329500
2023-05-03,48.4098014831543,48.8854773312823,48.29730828669311,48.71191913195528,12334500
2023-05-04,48.54529571533203,48.71306302310532,48.229126392359476,48.57110749042926,14011200
2023-05-05,48.9647102355957,49.04213817942944,48.338818049305296,48.49045069559341,14556000
2023-05-08,49.27120590209961,49.34541060973538,48.735649356339216,48.803400196478364,14926200
2023-05-09,49.3550910949707,49.41961869791942,49.14861162668073,49.271209272495916,15209700
2023-05-10,49.21636199951172,49.797088267616694,48.79049902328335,49.58415493343046,15827700
2023-05-11,49.400264739990234,49.44865767696679,49.038925641563075,49.21636641047712,11926800
2023-05-12,49.384124755859375,49.70674796901754,49.267977297721686,49.55511531728327,16119300
2023-05-15,49.000205993652344,49.63577537752373,48.83889252416672,49.52285853338469,16113900
2023-05-16,48.322696685791016,48.887288323879375,48.25494583690619,48.667904798544896,15512100
2023-05-17,48.24203872680664,48.76468757182821,47.97748552426398,48.76146433001252,26985900
2023-05-18,48.867923736572266,49.777723294413995,48.37753322758321,48.974386696417916,46768500
2023-05-19,48.36463165283203,48.86469929562639,48.10653234339442,48.845341385900596,27594000
2023-05-22,47.93877029418945,48.41948377225792,47.841984427062314,48.29688612527704,16117800
2023-05-23,47.84843826293945,48.02587901922009,47.45161030055391,47.751648703733125,16302300
2023-05-24,47.62904357910156,47.92263176033662,47.1999537283955,47.912954652007365,20515200
2023-05-25,47.15478515625,47.56774400905313,46.809577134475916,47.38707266488007,21299100
2023-05-26,47.23867416381836,47.36772197892255,46.932181910801944,47.00638292762928,15720900
2023-05-30,47.12252426147461,47.51935214872571,46.97411486283911,47.19995220203549,15742500
2023-05-31,47.38385772705078,47.52580958846935,46.783773558289624,46.916048310212574,30130800
2023-06-01,47.558067321777344,47.716153838563734,47.083811463561865,47.17092020986687,20239200
2023-06-02,48.012969970703125,48.074266941690986,47.458055529576,47.49677134922295,19178100
2023-06-05,48.32914733886719,48.79695307375331,48.190418716162036,48.190418716162036,15553200
2023-06-06,48.322696685791016,48.454971449395806,47.91296465831717,48.29688859676077,15015600
2023-06-07,48.39366912841797,48.50981290052587,48.083949941367614,48.15170078277588,24256500
2023-06-08,49.09376525878906,49.17765077414809,48.325921113865164,48.519496540130945,18873000
2023-06-09,49.39057922363281,49.593835446967326,48.90986944968308,49.09054082772619,15603900
2023-06-12,49.716426849365234,49.78095075107553,49.41638479898259,49.50026660963469,14713500
2023-06-13,50.103580474853516,50.17133131889866,49.70675252024162,49.85193501013499,15738900
2023-06-14,50.6100959777832,50.75850169171863,50.203587269983615,50.300376815718586,21103200
2023-06-15,50.88755416870117,51.0488639277934,50.645585837919114,50.65203601299657,18160500
2023-06-16,50.17778778076172,51.02306360020038,50.09712919680941,51.00047875363642,34675800
2023-06-20,49.735782623291016,50.15196844821086,49.645446942782215,49.9100001170781,19994400
2023-06-21,49.832576751708984,50.11648416950618,49.47768786428242,49.751918172488004,19251000
2023-06-22,50.248756408691406,50.35522306176974,49.83902077180112,50.00033421817528,13307400
2023-06-23,50.15520095825195,50.42298109593582,50.01324540054698,50.29070264800884,18975000
2023-06-26,50.022918701171875,50.25843315594231,49.78740055425786,50.216490404857595,14106300
2023-06-27,49.84225082397461,50.281021505651836,49.70352221136983,49.73255723051935,12093600
2023-06-28,50.113250732421875,50.22616755135714,49.890636643520104,49.919675350675256,18889800
2023-06-29,49.774497985839844,49.92613063507297,49.40670509209132,49.84870268973542,21530400
2023-06-30,50.710105895996094,50.823022718797695,49.9358080346405,49.997105000018394,19073100
2023-07-03,51.039188385009766,51.11661633332081,50.43588100635018,50.59074059511611,8647500
2023-07-05,51.010162353515625,51.33601256486395,50.76174010412057,51.02629333276191,17585400
2023-07-06,50.68753433227539,51.032742449983324,50.61010637192915,50.952087555425905,14427000
2023-07-07,49.519622802734375,50.42297216395211,49.50671876126816,50.268112589927085,19774800
2023-07-10,49.96807861328125,50.16810421078787,49.7874072350254,49.864838880604786,12967800
2023-07-11,49.89387130737305,50.171328536032554,49.63899892285723,49.9325871281497,11460900
2023-07-12,50.01969528198242,50.293925573614395,49.94871750878678,50.10680403161854,16509900
2023-07-13,49.72610092163086,50.20036043138926,49.58414539282072,50.14551364142685,11859600
2023-07-14,49.897098541259766,49.90032547503454,49.54866353646186,49.72288103886081,10427400
2023-07-17,49.95840072631836,50.00033979023457,49.62609668814152,49.813218239188046,10135200
2023-07-18,49.86806106567383,50.21971929478415,49.63899677681632,49.90032301754496,13437300
2023-07-19,49.88419723510742,50.07131879072765,49.60351305560502,49.9422672776637,12372900
2023-07-20,50.80690383911133,50.82948868590553,49.974532055447355,49.98421285784958,14987700
2023-07-21,51.09403991699219,51.226314674193915,50.793997820637635,50.942403555738494,16960500
2023-07-24,51.39407730102539,51.452151035596,50.832712635419185,51.11984699003945,12529800
2023-07-25,51.352142333984375,51.78445921345722,51.06500426430692,51.76832823459106,15553800
2023-07-26,51.53602981567383,51.842522063727834,51.27793049750037,51.37472004940534,15094200
2023-07-27,51.348907470703125,51.82639027884146,51.33922666959166,51.64572260500959,13400400
2023-07-28,51.59087371826172,51.9231777255592,51.39084814245483,51.39084814245483,11020200
2023-07-31,51.57474136352539,51.82638679334201,51.26824914086393,51.60700331410622,13033200
2023-08-01,51.3327751159668,51.76509191707478,51.28438218814039,51.60377846550968,11782500
2023-08-02,51.36826705932617,51.7586411309366,51.14565662435812,51.14565662435812,12660000
2023-08-03,51.381168365478516,51.458600004200534,51.13920003268783,51.30374041890025,13202700
2023-08-04,51.0843505859375,51.70056565366264,50.96175295908645,51.542479142929885,14262000
2023-08-07,51.77799606323242,52.010287286266234,51.33277521890666,51.45859978522263,14268900
2023-08-08,51.82961654663086,52.14256265329182,51.4618236441411,51.93931013828845,11017500
2023-08-09,51.91350555419922,52.297429486052984,51.84898164058677,51.91350555419922,13209600
2023-08-10,51.887596130371094,52.37001846811493,51.81313133631247,52.059198260402276,15169500
2023-08-11,52.19193649291992,52.39591153315246,51.83578977371719,51.981484643053854,14195100
2023-08-14,51.80341720581055,52.703501205992474,51.5379272552876,52.45096117141154,20813700
2023-08-15,51.537933349609375,52.05920550692534,51.45374962285851,51.65449001740876,14559300
2023-08-16,51.56382751464844,52.1174762574039,51.27567242988615,51.76456418185621,26980800
2023-08-17,50.407958984375,52.17251173871998,50.191030316686664,52.09480484125885,53614200
2023-08-18,51.13321304321289,51.696573305564634,50.28493239166993,50.28493239166993,27954900
2023-08-21,50.99722671508789,51.427841974124796,50.84505501840508,51.0360764616052,15679200
2023-08-22,50.8353385925293,50.932472219682744,50.58603697758497,50.822388677331844,16670700
2023-08-23,51.188255310058594,51.285385240795264,50.673456302400055,50.70583665124829,14210400
2023-08-24,50.796485900878906,51.55411338292337,50.77382447526191,51.19796292015267,14033100
2023-08-25,51.09759521484375,51.16882530826662,50.68316827512458,50.89038174498416,12267000
2023-08-28,51.38899230957031,51.42460735878774,51.11054872669567,51.11054872669567,11871000
2023-08-29,51.81960678100586,51.87788696205908,51.43432176184018,51.4796483213687,12702300
2023-08-30,52.19193649291992,52.22107472573352,51.77750960282132,51.932919686608294,10967700
2023-08-31,52.648460388183594,52.77149384638237,52.11423469918796,52.16604177078969,19582800
2023-09-01,52.31174087524414,52.7617828881511,51.85198364615208,52.732644650134475,12553500
2023-09-05,51.89083480834961,52.70997718945308,51.86169657162001,52.402395385358716,15209400
2023-09-06,52.27936935424805,52.50600958560562,51.7742855159446,51.93293404842187,14594700
2023-09-07,52.926902770996094,52.93013747078903,52.28583566369488,52.45095726916129,19120800
2023-09-08,53.02404022216797,53.05317846132546,52.797400004143284,52.930144988382374,12667200
2023-09-11,53.208587646484375,53.25391791245659,52.988424243361635,53.09850779755771,11912100
2023-09-12,53.26687240600586,53.399617399324754,53.111462277753354,53.260395594519196,11757300
2023-09-13,53.27981948852539,53.69748488071681,53.21830460375434,53.39961455776601,14364300
2023-09-14,53.50321578979492,53.661864298996534,53.231249034174525,53.42227418521008,14923800
2023-09-15,53.305721282958984,53.635968240270785,53.024039291814034,53.490269636500805,63925200
2023-09-18,52.91071701049805,53.487030905874995,52.85567893900517,53.318670875412295,12997800
2023-09-19,52.897769927978516,53.02728021584406,52.56428825463219,52.897769927978516,14019600
2023-09-20,53.069366455078125,53.328383316178375,52.761784627259594,52.968998116139794,10120800
2023-09-21,52.42506790161133,53.26039878041194,52.38297974023956,53.18269556427256,18782400
2023-09-22,52.56428146362305,52.84919813168626,52.4250559768882,52.52542801175607,13215000
2023-09-25,52.797401428222656,52.810351345389776,52.40887797632194,52.57076120408492,10459500
2023-09-26,52.612850189208984,52.94957024875731,52.564285223535975,52.755306680795925,14435700
2023-09-27,52.36030578613281,52.52543111368449,51.89731385739456,52.45096261075319,15711000
2023-09-28,52.62580108642578,52.71969631935896,52.318219259495145,52.45096424252913,11617200
2023-09-29,51.78076171875,52.816829218338505,51.54116786735921,52.784452572135066,18842400
2023-10-02,51.83579635620117,51.89083442400073,51.25624409426955,51.63829439525329,12992700
2023-10-03,51.5087890625,52.046249518546084,51.37604407757513,51.70305263684896,11253300
2023-10-04,52.1271858215332,52.14337414115703,51.482880325752014,51.69009378115211,15755700
2023-10-05,51.50555419921875,52.11424104883915,51.47965066026177,51.9491194195903,14269500
2023-10-06,50.641082763671875,51.476413558191794,49.099931462157336,51.36632999905876,42616200
2023-10-09,50.456539154052734,50.459777559968046,49.621208280857935,50.210472178267764,21022500
2023-10-10,51.026371002197266,51.18178112250293,50.39825370981913,50.582805775054915,16014300
2023-10-11,51.230342864990234,51.63829672090203,50.84505784669543,51.240058081111805,12026100
2023-10-12,51.463462829589844,51.58001949283615,51.08141248952795,51.32747943825756,13514100
2023-10-13,51.74837875366211,51.952353822998575,51.44727005230647,51.56382670546028,13809000
2023-10-16,52.195186614990234,52.47686861298514,51.90702780590781,51.97825790679248,14348100
2023-10-17,52.26317596435547,52.35706748929286,51.92969060843834,52.04301256576609,10893000
2023-10-18,52.30202865600586,52.56751861049375,52.03653499624868,52.41210850106086,10559100
2023-10-19,52.0527229309082,52.392681384869626,51.87464769060972,52.26641321926638,11745900
2023-10-20,51.40194320678711,52.15957076583645,51.38575488458571,52.07215234384112,15056700
2023-10-23,52.13042068481445,52.24050422281699,51.16234508825026,51.39222367395256,17097000
2023-10-24,52.855674743652344,52.930139536637185,52.25345735778247,52.25669576297075,17535000
2023-10-25,52.697025299072266,53.20534745178173,52.6031300766287,52.82653186214585,16621800
2023-10-26,52.37649917602539,53.04994676242622,52.32469580055376,52.68084632271475,16220100
2023-10-27,52.182228088378906,52.44124863376202,51.98149142676652,52.28260012445425,13829700
2023-10-30,52.781211853027344,52.85891505945588,52.059203040635765,52.276128042798675,12653700
2023-10-31,52.90747833251953,52.975470020681776,52.43477121531652,52.77472965612776,14168400
2023-11-01,53.380191802978516,53.545313435233986,52.76826283141801,53.16650149745305,14899500
2023-11-02,53.59063720703125,53.807565906847906,52.97870826733561,53.22153679996268,15492300
2023-11-03,53.31218719482422,53.84317446135296,53.260383830182555,53.7071873870583,17240100
2023-11-06,53.383419036865234,53.62624754817405,53.12116380001943,53.26038557864366,14529000
2023-11-07,53.632728576660156,53.94354879915995,53.52912183582689,53.67158203078996,15023400
2023-11-08,53.19563674926758,53.836703924566514,52.962523433851246,53.69424372888468,15591900
2023-11-09,53.072593688964844,53.266857220215535,52.85566873451079,53.21829226372003,15080100
2023-11-10,53.80756378173828,53.888505387660764,53.066124591465375,53.27657647213303,14319900
2023-11-13,54.28997802734375,54.35149660707982,53.76222916575443,53.869074300083724,15408900
2023-11-14,54.280269622802734,54.76592669049387,54.150763047562094,54.448633357992684,19792500
2023-11-15,54.96990203857422,55.02170540648595,54.234939672112716,54.51662164302933,35769900
2023-11-16,50.52128219604492,51.625344957050025,50.346445364807025,51.398704757492354,97658700
2023-11-17,50.29787826538086,51.0069370707204,50.1877947229011,50.49214181464612,42487800
2023-11-20,50.28169250488281,50.511571111637615,50.18779727795589,50.35939941065257,26663100
2023-11-21,50.463008880615234,50.783540621098496,49.90288330454792,50.33349859907603,29382300
2023-11-22,50.077720642089844,50.5245242630714,49.983825409149915,50.41767911343028,26416500
2023-11-24,50.527767181396484,50.5504286113302,50.08743662680316,50.23313524483022,13975200
2023-11-27,50.75763702392578,50.948662173973425,50.49214337488371,50.49214337488371,23393700
2023-11-28,51.363094329833984,51.453747453595135,50.722027126059956,50.722027126059956,23535000
2023-11-29,50.534236907958984,51.405178972422355,50.382061499703426,51.405178972422355,29896500
2023-11-30,50.407958984375,50.62164924712432,50.02590871748495,50.51480411574966,29925900
2023-12-01,49.97087478637695,50.38206335166818,49.41722602357714,50.30759484746699,39273600
2023-12-04,49.95792007446289,50.161895134805754,49.63738466083636,49.64062306597241,24883200
2023-12-05,50.42091751098633,50.45977096635324,49.7766119130178,50.00649053445772,21883800
2023-12-06,49.873741149902344,50.453289702689,49.74746928373852,50.362632883256786,26447400
2023-12-07,49.54551696777344,50.22146198699958,49.47077188518109,50.159718636357816,25362600
2023-12-08,49.02555465698242,49.464270093345576,48.82407245903888,49.39602588313692,34069500
2023-12-11,49.149051666259766,49.2172958856334,48.59659704503282,49.11655477313242,31883400
2023-12-12,49.18804168701172,49.29853036245562,48.82082090199685,49.14254306856678,21381900
2023-12-13,50.062225341796875,50.062225341796875,48.954065686638444,49.24979187148669,35348700
2023-12-14,49.451271057128906,50.026474945251216,49.37327926365389,49.88998651739689,30891300
2023-12-15,49.636505126953125,49.87048421032118,49.246535029299075,49.324530536442076,70003500
2023-12-18,50.36119842529297,50.39369531554099,49.76324523144344,49.834743596632066,26316000
2023-12-19,50.543190002441406,50.59518577530346,50.07522804668293,50.31895846441324,24417000
2023-12-20,49.95174026489258,50.74142447995202,49.922493803307034,50.507445349205234,21967800
2023-12-21,50.30595016479492,50.39044653881743,50.01672487820351,50.04597133442328,20087700
2023-12-22,50.90715789794922,51.06964235572292,50.42294751952805,50.51718776123063,19405500
2023-12-26,50.829166412353516,51.0176543487623,50.731675729960955,50.90716193349248,11679900
2023-12-27,51.306880950927734,51.329630264994535,50.74792543237544,50.79667077477753,19896000
2023-12-28,51.20613479614258,51.453115636190745,51.18338548431342,51.27112857961919,16776000
2023-12-29,51.23212814331055,51.371867001897705,51.07289040689371,51.19313038765119,21948300
2024-01-02,51.76509475708008,51.84633699348419,51.082648814191984,51.10214769473521,23539800
2024-01-03,51.76833724975586,52.09331360693382,51.64809726207052,51.92107784838371,18756000
2024-01-04,51.26787185668945,51.84632612814218,51.1801287721487,51.73908416714455,19282500
2024-01-05,50.92665481567383,51.37836828514629,50.5659348704693,51.31987165118176,21709500
2024-01-08,51.42711639404297,51.44011440705916,50.91690626309057,50.92340712911412,20680800
2024-01-09,51.77159118652344,51.781342486175404,51.25813430912099,51.323128097342845,23322300
2024-01-10,52.41503143310547,52.483275644224626,51.85282929955385,51.85282929955385,20121900
2024-01-11,52.356536865234375,52.610014824374744,52.05105942218626,52.43452865303508,14355300
2024-01-12,52.4247932434082,52.49628790158913,52.1193157294505,52.44104169126466,13629000
2024-01-16,52.590518951416016,52.77575271217411,52.39553389223183,52.4637781050917,17032500
2024-01-17,52.34354019165039,52.64251679833655,52.20055089466604,52.444281298514525,14827800
2024-01-18,53.048736572265625,53.09748191032676,52.216804235123305,52.37279154833749,18190500
2024-01-19,52.76926040649414,53.155980127530405,52.46378291797477,53.11048150209613,19175400
2024-01-22,52.77251052856445,52.95449387213592,52.483281488253155,52.90249809982536,13938300
2024-01-23,52.90574645996094,52.9219949057319,52.57102252662967,52.684765366057285,12066600
2024-01-24,52.15830993652344,52.99349274412102,52.09981329680886,52.938246537562435,22932900
2024-01-25,52.91874694824219,52.928498247579434,52.132309491434,52.45078499389217,16369500
2024-01-26,53.383460998535156,53.41920460488188,52.860252850030044,52.98698998634091,15746400
2024-01-29,53.633689880371094,53.75392987259948,53.13973189800799,53.40945834248405,18240300
2024-01-30,53.81242370605469,53.88391835484638,53.17222601891096,53.52319839696806,15270000
2024-01-31,53.701927185058594,54.53061272953639,53.656432284327536,54.53061272953639,26134800
2024-02-01,54.69635009765625,54.70935182905478,53.6791840385335,53.84816935640723,20792700
2024-02-02,55.10581970214844,55.4340427619702,54.569609847011606,54.64435492724839,21670800
2024-02-05,54.810096740722656,55.24880851110059,54.618362098612906,55.24880851110059,19145100
2024-02-06,55.183815002441406,55.229313627663664,54.70610547082472,54.85234148867368,14181300
2024-02-07,55.0440788269043,55.46004502626929,54.98558590451308,55.33330788173421,17082600
2024-02-08,55.04082489013672,55.42429042570507,54.96607981129925,55.044071603930384,14427900
2024-02-09,55.01157760620117,55.15781733874089,54.89458805158793,55.04732493108729,14329800
2024-02-12,55.343055725097656,55.36255460566432,54.93683710452633,54.995333746226336,14795100
2024-02-13,54.96608352661133,55.59328321900173,54.68335535627285,55.447043484266395,18574200
2024-02-14,54.79059982299805,54.88158963818204,54.44612828528849,54.83934516378186,18484500
2024-02-15,55.014827728271484,55.19681478466879,54.58586355109337,55.18056261978433,16948800
2024-02-16,55.362552642822266,55.87276279563919,55.014830676279196,55.33980332979585,22373400
2024-02-20,57.149906158447266,58.93401456547892,56.945173504239655,58.00133738681487,71788500
2024-02-21,56.447967529296875,57.05891880420361,56.15548804608398,56.87043086910117,40501500
2024-02-22,57.003665924072266,57.023164801939316,56.32122007484818,56.50645383603914,29512800
2024-02-23,57.05241775512695,57.73161324886693,56.97117552062302,57.22465352369396,74365800
2024-02-26,58.10533142089844,58.33931426361513,56.72094440183731,57.63736945449618,32154800
2024-02-27,58.0955810546875,58.30031370785333,57.7348610868671,58.14432639319875,18012700
2024-02-28,58.124820709228516,58.2613091286935,57.822597414421914,58.056576499496025,14803300
2024-02-29,57.140159606933594,57.998091716859136,57.120660727272664,57.95909395753729,29245100
2024-03-01,57.28639221191406,57.37413530564374,56.740438490067895,57.32538996891188,19030900
2024-03-04,57.81285858154297,57.90060168712178,56.93543124478613,57.032921931415345,16033300
2024-03-05,58.534297943115234,58.826773700227825,58.0858348676072,58.36855932536512,19676900
2024-03-06,59.051002502441406,59.09974783986354,58.53429523151129,58.61228702758053,12698700
2024-03-07,58.84626388549805,59.53845727616834,58.83651258758411,59.470213066892704,16195300
2024-03-08,58.61228942871094,58.768276746270494,58.23207057459896,58.49529987029902,12143600
2024-03-11,59.13874435424805,59.18748969064549,58.368555394463755,58.592786917116634,14154000
2024-03-12,59.86993408203125,60.02592138607782,59.12899531756772,59.4214710477762,16613100
2024-03-13,59.743194580078125,59.91868076595944,59.35322817069915,59.72369570175456,15935200
2024-03-14,59.692325592041016,60.10318542915455,59.2814620232305,59.946666862868874,16584700
2024-03-15,59.35972213745117,59.81949705051789,59.14450771317366,59.35972213745117,50946300
2024-03-18,59.53581237792969,59.57494295594313,59.07603741551505,59.36950928722123,16801700
2024-03-19,59.545589447021484,59.74123859320285,59.28146365943121,59.64341588596071,12353600
2024-03-20,59.91732406616211,59.94667013278611,59.418422275068174,59.5162449849463,12007600
2024-03-21,60.11297607421875,60.31840601374327,59.721677752717156,59.94667298148649,14265900
2024-03-22,59.545589447021484,60.19122901723203,59.52602415923364,59.985799093005284,14029400
2024-03-25,59.25211715698242,59.66298073410543,59.04668723426944,59.5455890082434,14186600
2024-03-26,59.193424224853516,59.506465110954586,58.91951764767447,59.14451286917115,13738300
2024-03-27,59.39885711669922,59.721675045361,59.0662546780099,59.545591181837416,14363400
2024-03-28,58.86082077026367,59.4477682234566,58.85103999197418,59.34016100378637,17535100
2024-04-01,58.694522857666016,59.43798517191632,58.62604621286785,58.997779235841634,13837600
2024-04-02,57.872798919677734,58.7923450935894,57.598892342703465,58.59669967100619,19510100
2024-04-03,58.136924743652344,58.20540138792589,57.65758450204029,58.088013387985136,14615100
2024-04-04,58.20540237426758,58.50865875525882,57.99997243796575,58.244532952143345,14436100
2024-04-05,58.547786712646484,58.73365509523543,58.19562270017258,58.25431483640288,10335900
2024-04-08,58.479312896728516,58.733657938363166,58.12714513550981,58.30322901611916,11070100
2024-04-09,58.489097595214844,58.6651814763887,58.0097573116421,58.56735502479347,10013500
2024-04-10,59.30103302001953,59.43798631224333,58.09779572615676,58.32279095362404,15097600
2024-04-11,58.782562255859375,59.56515511386798,58.76299696794702,59.428201830178615,10987600
2024-04-12,58.83147430419922,59.39885646526315,58.6456096643837,58.69452101889335,12280600
2024-04-15,58.62604522705078,59.379292038861735,58.60647993862355,59.19342366465165,10557200
2024-04-16,58.53800582885742,58.97821550828204,58.479309961035014,58.72387047941565,14726300
2024-04-17,58.352142333984375,59.11516997230085,58.27388117533785,58.84126338043287,15329700
2024-04-18,57.970619201660156,58.63582405931932,57.931492357801496,58.52822057408667,12061500
2024-04-19,58.234745025634766,58.371698308468645,57.68693189429927,58.156487606171304,14165800
2024-04-22,58.83147430419922,59.08581931836483,57.75540957819837,58.264095874832435,14910000
2024-04-23,57.804325103759766,59.03690849215069,57.285857991491014,58.93908577607269,17963900
2024-04-24,58.56734848022461,58.7336515635043,57.530414331069565,57.69671368265211,18529100
2024-04-25,58.89994812011719,59.212985251992194,58.52821885832623,58.74342955417969,19263000
2024-04-26,58.85103988647461,59.076035103701216,58.69452131224318,58.80212853172051,11045200
2024-04-29,58.929298400878906,59.0760324585712,58.63582282210033,58.87060253878379,9785100
2024-04-30,58.05866241455078,58.98799308021402,57.872797774096995,58.8901703708588,14209200
2024-05-01,57.56954574584961,58.11736266196377,57.44237696043712,58.01953994523148,15464300
2024-05-02,58.410831451416016,58.586915317569684,57.305420630414616,57.65758463102471,17574100
2024-05-03,58.518436431884766,58.67495500339367,57.85323157004766,58.32278728457437,14207400
2024-05-06,58.56734848022461,58.694520987238825,58.09779276013035,58.694520987238825,11119400
2024-05-07,59.30103302001953,59.47711689050651,58.743435340709894,58.860823343802096,14520200
2024-05-08,58.98798751831055,59.5260198324282,58.9097301045446,59.31080914579922,11015700
2024-05-09,59.3296012878418,59.46703236794742,58.84860561362129,59.09401263974597,14550500
2024-05-10,59.36886978149414,59.467034842797794,59.054749074550855,59.30015611088868,12356600
2024-05-13,59.30015182495117,60.22288086682976,59.18235750451461,59.506292821868634,19260500
2024-05-14,58.76025390625,59.43757589233385,58.34796819044099,59.40812824999525,18780100
2024-05-15,58.73080825805664,58.83878419850229,58.37742155953966,58.73080825805664,22240600
2024-05-16,62.834014892578125,63.23647850710316,61.783669412050024,63.04015588868526,60545600
2024-05-17,63.46225357055664,63.68802382325162,62.460992531656736,63.059782483850995,29330400
2024-05-20,63.000892639160156,63.570238742541925,62.696586575840854,63.23648128947296,15001400
2024-05-21,63.953067779541016,63.99233379952642,63.26592366363785,63.34445570360865,17131700
2024-05-22,64.05123138427734,64.48315013039472,63.54078808459774,63.78619510139574,14879400
2024-05-23,63.64875411987305,64.31626144050934,63.37389948594524,63.97269314809957,16222900
2024-05-24,64.1788330078125,64.48314276656544,63.815635457533595,63.93342601903942,11795000
2024-05-28,63.845096588134766,64.26719699758173,63.550605143691385,64.02178995695509,13349600
2024-05-29,63.727298736572266,64.01197180340749,63.4622624270242,63.56042374577428,11538600
2024-05-30,63.697853088378906,63.97270778519407,63.580055008645786,63.73711911495662,13051900
2024-05-31,64.55187225341797,64.689299601693,62.9812686379685,63.48189362558663,27632200
2024-06-03,64.61077117919922,64.63040044895774,63.962900427958985,64.30646881795224,11578700
2024-06-04,65.37643432617188,65.41570035150033,64.62058393397758,64.77764054606286,14780800
2024-06-05,65.857421875,65.91632465031289,65.06230555593856,65.34697858739668,14982700
2024-06-06,65.91632080078125,66.20099381561437,65.5432973727523,65.82797038758542,13256000
2024-06-07,64.6696548461914,66.3286086885019,64.43406620531614,66.16173371326641,20213200
2024-06-10,65.72981262207031,66.09301769278436,65.05248687830517,65.95559036640122,21659500
2024-06-11,65.50404357910156,65.7298138383827,65.13102012410671,65.7199954608229,13367500
2024-06-12,65.09175872802734,65.71018924136395,64.68929509021252,65.62183881550375,11704700
2024-06-13,65.4745864868164,65.53348926118453,64.73836546564878,65.08194126690901,11196600
2024-06-14,65.78871154785156,65.8770619706876,65.08194561130323,65.31753425681934,12590100
2024-06-17,66.18136596679688,66.2010027231391,65.18992695913235,65.69055190743607,12103000
2024-06-18,66.3580551147461,66.62309888394142,66.06357119136294,66.38750275816165,12093500
2024-06-20,66.7605209350586,66.87831149940902,66.06356596881903,66.11264287422267,13860800
2024-06-21,66.66236877441406,67.29061016783852,66.58383672792897,67.00593711625116,25883000
2024-06-24,67.63418579101562,67.77161314254558,66.65255757195656,66.79980330266122,12470400
2024-06-25,66.18136596679688,66.34824094956478,65.32735429661511,65.93595893711647,20869200
2024-06-26,67.03538513183594,67.33968745211217,65.97522496611279,66.16173670523858,14177500
2024-06-27,66.6329116821289,67.32005583484033,66.42677068308386,67.03538279161776,12899200
2024-06-28,66.46602630615234,66.84886060008606,66.08319201221863,66.62309036993375,18816700
2024-07-01,66.24027252197266,66.98630454247703,66.01449474653802,66.64273617918835,8666000
2024-07-02,66.81942749023438,66.8292458686624,66.02431108981756,66.20100445538002,9436500
2024-07-03,66.9863052368164,66.9961236156489,66.37770055531908,66.56420481776405,6287500
2024-07-05,68.75322723388672,68.86120691493339,66.84886648367535,66.90776925739098,21586100
2024-07-08,68.39984130859375,68.85138930288518,68.07590226185397,68.61580067308694,12077700
2024-07-09,68.61580657958984,68.9593749212093,68.39002881839525,68.61580657958984,9758400
2024-07-10,69.11643981933594,69.14588746478525,68.43911401708897,68.81213000816057,10803400
2024-07-11,68.51763153076172,69.1556836847643,67.98755155742789,68.89064744271072,15624800
2024-07-12,67.96793365478516,68.74342082217974,67.8992199811795,68.61581185383459,12145300
2024-07-15,68.33113861083984,68.68452535685664,68.02683626980321,68.02683626980321,10171100
2024-07-16,68.70413970947266,68.9495467026376,68.30167613508024,68.537264751535,9836800
2024-07-17,69.72504425048828,69.79375791940308,68.66488408217859,68.89066184531478,13533800
2024-07-18,69.5188980102539,69.88210308387706,69.13606367094492,69.38147068277004,10682700
2024-07-19,69.45018768310547,70.01953377530748,69.35202637150498,69.89191732992164,11665500
2024-07-22,69.08699035644531,69.95082796976007,68.93975211711107,69.55817519000144,12666100
2024-07-23,69.35202026367188,69.4010971705359,68.8219402406398,69.17532692266118,9263600
2024-07-24,69.30294036865234,69.53852900889177,69.04771497301006,69.22440832549658,22490800
2024-07-25,68.73358917236328,69.46981017137381,68.66487551202472,69.30293520901265,18821200
2024-07-26,68.49800872802734,68.94955676262606,67.56546501362992,68.93974587371152,16789300
2024-07-29,68.34095001220703,68.61580467788494,67.85994685804275,68.56672027791619,10315300
2024-07-30,67.91886138916016,68.56673214333907,67.71272035422916,68.2722481602502,12522500
2024-07-31,67.37895965576172,67.97775346229352,67.03539128051287,67.90903978724376,22908800
2024-08-01,68.50782012939453,68.51763850653735,67.26114835521551,67.64399017151146,17275500
2024-08-02,67.20225524902344,68.94955197570992,66.49548185638,68.32131062429967,23578700
2024-08-05,66.3482437133789,67.3200609836398,65.68074375450178,66.84887617176527,20770500
2024-08-06,66.4954833984375,67.36913178204101,66.43658811076062,66.59364470764156,14815100
2024-08-07,65.68074035644531,66.7605297783094,65.5825715541801,66.62310244221187,18499200
2024-08-08,66.41696166992188,66.67217958686359,65.44514444654634,65.61201942821474,12489800
2024-08-09,66.70162200927734,66.96666577280095,66.0930174204392,66.60346070358354,13805600
2024-08-12,67.43785095214844,67.94830178444063,66.81942791337782,67.08446421878567,17385300
2024-08-13,66.87832641601562,67.3495112461923,65.90651659723547,67.17281787102964,26557900
2024-08-14,67.39859008789062,67.5261990469403,66.60346622068329,66.6721798892836,22928600
2024-08-15,71.83555603027344,73.07240972907078,71.44290323026468,72.75828898690963,49567500
2024-08-16,72.30609893798828,72.46361072973244,71.39058230255827,71.56777931298264,19872100
2024-08-19,72.57190704345703,72.82785998091194,72.19782024781298,72.24704456636925,13709300
2024-08-20,73.37911987304688,73.58584844567208,72.57189079921635,72.60142237950926,14434000
2024-08-21,74.06822204589844,74.40293084521234,73.42834354090243,74.1272927225865,14832000
2024-08-22,74.4029312133789,75.03296335694856,73.97962766280159,74.19620262038657,16511100
2024-08-23,74.52105712890625,74.62934460709239,73.84180818732794,74.42261601525763,12299100
2024-08-26,74.84591674804688,75.02311375017912,74.39308163383676,74.71794405617507,9508200
2024-08-27,74.9443588256836,75.2593748879223,74.58996481684312,75.2593748879223,11557800
2024-08-28,74.8951416015625,75.23968924415904,74.62934234114852,75.09202382288186,9814300
2024-08-29,75.22985076904297,75.27907508482247,74.49153109580709,74.80654718929802,11856800
2024-08-30,76.02723693847656,76.263497117946,75.03296439695313,75.24953935753999,23230000
2024-09-03,75.96815490722656,76.59818696537047,75.60392208301576,76.12566667704982,22666100
2024-09-04,76.03707122802734,76.27333890388903,75.53501931561557,76.12567348411929,18442800
2024-09-05,75.76143646240234,76.24380317841467,75.20031385095827,76.04692095041082,13082900
2024-09-06,75.44642639160156,76.11583653485948,75.1117250752607,75.70237931682328,14548600
2024-09-09,76.13550567626953,76.2634858671409,75.29874505155301,75.65313902376288,22260200
2024-09-10,77.5826187133789,77.67122096807869,76.0764479786587,76.14535750539181,17686300
2024-09-11,77.61215209960938,77.69090799215728,76.36193422535649,77.1593169833219,19518800
2024-09-12,78.41938781738281,78.66549434579201,77.39558375793152,77.759816613209,14877700
2024-09-13,79.34474182128906,79.43334407541225,78.44891797958839,78.57689066823846,12994100
2024-09-16,79.30537414550781,79.7582093069558,78.89191693426088,79.5810122863391,15346400
2024-09-17,77.37589263916016,79.01004362686376,77.04119135863793,78.51783055980731,21065900
2024-09-18,77.7991943359375,78.17328106481494,77.06087475282702,77.41526875356607,15684900
2024-09-19,76.8246078491211,77.85825066844585,76.28317053144538,77.81888023677354,21525700
2024-09-20,77.82872772216797,78.37016509989994,76.89352589944043,77.01165973928431,39534300
2024-09-23,79.07894897460938,79.18723644448224,77.83857000824977,77.83857000824977,12147300
2024-09-24,79.41365051269531,79.6499181808232,78.99034699551825,79.22661466364615,14651100
2024-09-25,80.13229370117188,80.32917593575986,79.42350563973379,79.63023423922392,14163800
2024-09-26,78.67533874511719,79.93540305770183,78.02562136981761,79.77789877391662,17061100
2024-09-27,78.53751373291016,79.03957315119644,78.3603167329606,78.65564756973492,11899100
2024-09-30,79.4924087524414,79.67945211759591,78.61627011131004,78.64580169305545,18997000
2024-10-01,80.00430297851562,80.26025585831458,79.18723505280045,79.42349520538225,16054200
2024-10-02,79.17740631103516,79.72868262661055,78.872236566424,79.72868262661055,16618300
2024-10-03,79.17740631103516,79.325071755729,78.60643726385977,79.0494335979413,11640400
2024-10-04,79.67945098876953,79.84680162333943,78.60642263357848,78.80331236005051,11583400
2024-10-07,77.86810302734375,79.67945095729544,77.7499767020823,79.43334443223395,16791600
2024-10-08,78.4686050415039,78.57689251543617,77.83857292621174,78.38001029587309,15270000
2024-10-09,79.14786529541016,79.24630640995336,78.5079867850159,78.57689631625371,12413000
2024-10-10,78.37016296386719,79.06910459843218,78.22249754573089,79.05925823440305,10812700
2024-10-11,78.85252380371094,78.88205538303242,78.13389700497288,78.45875188808378,9570700
2024-10-14,79.0395736694336,79.25614861641142,78.51782903020985,78.80331350481015,9914500
2024-10-15,80.3783950805664,80.54574572026148,79.25614989231954,79.41365416774569,13276200
2024-10-16,79.9551010131836,80.38825096541133,79.3644467668761,80.26027074648428,11123300
2024-10-17,79.6302261352539,80.2307266533829,79.39396597567736,80.00430534713138,9424700
2024-10-18,80.04368591308594,80.41777264778746,79.40381493955496,79.6105435247754,12324100
2024-10-21,79.55147552490234,80.27995629035529,79.4628807756469,79.9649402198211,9750400
2024-10-22,80.74263000488281,80.94936610693499,79.57116798651519,79.84680610848405,12240100
2024-10-23,81.97315979003906,82.04206931808523,80.52605970106954,80.61465444688237,13058200
2024-10-24,81.74675750732422,82.02239565834992,81.29392232912824,81.66800160400935,11645900
2024-10-25,81.22500610351562,82.00270368591957,81.15609657143303,81.90425505959384,8959400
2024-10-28,81.46125793457031,81.78612034276881,81.18561983448973,81.46125793457031,7990200
2024-10-29,80.42760467529297,81.56954248977208,80.39807309570725,81.38249913829627,9682400
2024-10-30,80.12244415283203,80.55559406440662,80.03384940396025,80.32917274410839,9268800
2024-10-31,80.67371368408203,81.15608786750161,79.95508685666087,80.02399638135296,15539000
2024-11-01,80.90998840332031,81.24468969226982,80.27010989792063,81.24468969226982,12181800
2024-11-04,81.16593170166016,81.61877433236985,80.72294294582176,80.91982516828874,11731000
2024-11-05,82.37677001953125,82.4653647566486,81.22499337355866,81.39234399516333,10612500
2024-11-06,82.1405258178711,84.20781936813391,80.78201283382548,83.81404737985147,19974000
2024-11-07,82.54412841796875,83.07571942247982,82.12082488718634,82.4161557265509,12665800
2024-11-08,83.50886535644531,84.08967313291842,82.91821121630703,82.9674280134832,14396500
2024-11-11,82.89852905273438,84.07984499412089,82.8099343001827,83.6270023347151,10433200
2024-11-12,83.66637420654297,84.19796521496734,83.1840075085668,83.1840075085668,12860200
2024-11-13,84.16844177246094,84.45392627740274,83.449807327528,83.66638229752357,12802600
2024-11-14,83.15447998046875,84.42439064407502,83.02649977129425,83.70575623360301,15740700
2024-11-15,82.93790435791016,83.45964902339541,82.63273465030382,83.21354248227402,17370600
2024-11-18,82.77055358886719,83.52855842973572,82.35709640293888,83.49902684653736,25093800
2024-11-19,85.25130462646484,86.91498725337445,84.57205567789738,84.88707175115964,36340900
2024-11-20,85.82227325439453,85.84195847301588,84.57205533111083,85.25130427689305,18183200
2024-11-21,87.01342010498047,87.25952662355108,85.57615893779708,86.08805719177099,18729200
2024-11-22,89.03150177001953,89.49418325369211,87.5450162079295,88.01754405588193,23990600
2024-11-25,88.10614013671875,89.53355504531808,87.67299022875186,89.09056628349774,25078600
2024-11-26,89.887939453125,90.44906199640161,88.44083197031304,88.49005627662181,16657000
2024-11-27,90.4490737915039,90.81331417819386,89.88795117505353,90.56720763570553,14358900
2024-11-29,91.05941009521484,91.19722914208054,90.39000007733515,90.82314994495576,11041200
2024-12-02,91.19723510742188,91.54178274712346,90.51797868159927,91.37443210935058,17173000
2024-12-03,92.05369567871094,92.13244406634286,90.82316293387416,91.3350612510729,17775200
2024-12-04,92.97904205322266,93.04795157973477,91.60085152298042,91.99461595414958,17312600
2024-12-05,93.81581115722656,94.11113448347221,92.87075548362999,93.41219284760979,21932300
2024-12-06,94.20956420898438,94.68209198868766,93.84533139956706,94.0520599561328,18803500
2024-12-09,92.36871337890625,94.4458532894202,92.1422920452369,94.1702151514408,20931100
2024-12-10,93.0774917602539,93.75674066936797,92.3096330851127,92.58527870496029,13164500
2024-12-11,93.48111724853516,94.19975172683405,93.02828206778126,93.06766001966112,19682100
2024-12-12,92.6246566772461,94.22927617484451,92.6246566772461,94.18989822594769,14298600
2024-12-13,92.98773193359375,93.41197334589135,91.79393808206233,92.54376168856372,11495900
2024-12-16,93.59942626953125,94.42817269114872,92.83973452249977,93.1554485203372,16742000
2024-12-17,94.1420669555664,94.21112916562161,93.05680042874906,93.8658181153456,23560800
2024-12-18,92.297119140625,94.61564487093673,91.88273833950757,94.06313964518569,24665600
2024-12-19,92.14911651611328,93.3034451652826,92.10965132376359,93.21465412790764,16606500
2024-12-20,91.00464630126953,92.49442528548816,90.40281530523471,91.76433806285507,49350600
2024-12-23,89.13995361328125,90.27455332997533,87.71924444987317,90.27455332997533,26205400
2024-12-24,91.43875122070312,91.43875122070312,89.13995474819498,89.1596911064911,8992400
2024-12-26,91.54728698730469,91.63607802611693,90.93558778680641,91.30063517653834,10994000
2024-12-27,90.43243408203125,91.11318804080496,89.81086662883409,90.89613321760702,11384400
2024-12-30,89.35700988769531,89.850313466081,88.92290033000702,89.51487064584205,9790200
2024-12-31,89.13995361328125,89.72205574016192,88.85383663935212,89.3570083884837,11267700
2025-01-02,88.79464721679688,89.38661002613242,88.32107245299913,88.77491838494575,14820400
2025-01-03,89.56419372558594,90.0772336465277,88.93276576689993,88.94263394578363,10834600
2025-01-06,90.20549774169922,91.23157014598485,89.4556741525644,89.61353491963096,14519900
2025-01-07,89.59379577636719,90.70866670929146,89.23861658871888,90.47187556604898,11238000
2025-01-08,90.57054138183594,90.61986722409655,89.60366304150027,89.8897800245872,13453600
2025-01-10,91.75447082519531,92.32670481536807,90.96518204376973,91.2512990388561,18140900
2025-01-13,90.30415344238281,91.1921014045293,89.87991205642479,90.8862555892626,18617100
2025-01-14,89.57408142089844,90.74814656576794,89.35702660145533,90.62975097501261,13549200
2025-01-15,90.11669921875,90.50148295684302,89.59379860023543,89.85031858322556,17348200
2025-01-16,90.07723999023438,90.49161320595157,88.91304319806547,90.27455841851432,13267700
2025-01-17,90.70867156982422,91.02438558384932,89.83059173309141,90.83692780054147,15868200
2025-01-21,91.83340454101562,92.97786503567298,91.07371274406485,91.24144169707452,23247500
2025-01-22,91.98139953613281,92.74108382570873,91.28090174711608,92.51416084054306,15567100
2025-01-23,92.55362701416016,92.55362701416016,91.08358426686038,91.71501232719919,14198400
2025-01-24,93.49090576171875,93.73755757591805,92.20831331699605,92.28724370407167,14973800
2025-01-27,96.09555053710938,96.15474456517535,93.55010194924589,94.61563961773054,18880600
2025-01-28,95.98702239990234,96.5296518831939,95.43452473626988,95.92782837228918,14641600
2025-01-29,96.19419860839844,96.85522360256037,95.91794980649287,96.12513640792206,11261400
2025-01-30,97.32880401611328,97.6050528340901,96.11527382032563,96.38166198567168,11012200
2025-01-31,96.84536743164062,97.6741138757043,96.39152149069261,97.6741138757043,16391200
2025-02-03,98.20687103271484,98.45352280619649,95.17798755544892,95.47396516729802,20484200
2025-02-04,99.42041015625,99.59799976392075,98.35488003744143,98.63112886554795,15201200
2025-02-05,101.0877685546875,101.2061641235027,99.19348461693583,99.30201200654595,15926700
2025-02-06,101.47254943847656,101.64027085664551,100.5747407968779,101.15683543424623,13088500
2025-02-07,99.7953109741211,101.72906001211689,99.75584578633976,101.62053262752195,12451100
2025-02-10,101.54161071777344,101.55147889734523,99.89397850841331,100.58460053412847,15274600
2025-02-11,101.0976333618164,101.47254135973672,100.48593423416376,101.24562593609535,11953600
2025-02-12,102.22236633300781,102.50848330674889,100.67339342497178,100.752323802669,15162100
2025-02-13,103.6430892944336,103.83053954378872,102.14344213629909,102.60714872431153,12604400
2025-02-14,102.64661407470703,103.88974125533792,102.21250449764516,103.88974125533792,14109500
2025-02-18,102.39009094238281,102.59727754490628,101.13710314791744,102.33089692086621,18247300
2025-02-19,102.60714721679688,102.80446564286606,101.17656980975656,102.45915463363725,18508000
2025-02-20,95.9080810546875,98.77911150138569,95.38518046459986,97.45705399373865,55450900
2025-02-21,93.5106201171875,95.55289652147547,92.85946334266842,95.23718254926915,35014800
2025-02-24,92.41548919677734,93.37249932899779,90.88625264280506,92.91866094688383,29755900
2025-02-25,96.38166046142578,96.59871525132228,92.97786108091508,93.08638847586333,29331200
2025-02-26,94.91160583496094,97.40772827403791,94.78334961388568,96.39151657580055,19069700
2025-02-27,95.49371337890625,96.72697239940992,94.52683499485646,94.61563355848489,16431500
2025-02-28,97.2893295288086,97.53598131089619,95.86861285527523,96.48031198464987,25451300
2025-03-03,96.28299713134766,98.15755239654472,95.53318104704155,96.66778088075681,18372200
2025-03-04,93.69808197021484,95.75022664284093,93.1949102175426,94.4775025197377,25227700
2025-03-05,94.69456481933594,95.09906986765527,93.48103461994639,93.69808941391979,17639000
2025-03-06,93.37251281738281,94.90175711948145,92.91867436970837,93.53037359599108,19957800
2025-03-07,90.49161529541016,92.69174517767321,89.54447326880891,92.68188452508241,35913200
2025-03-10,86.64385223388672,89.02157942482906,85.4500583117448,88.55787279242345,35148800
2025-03-11,86.26895141601562,88.15336759111209,85.97296619215777,86.1209588040867,28687600
2025-03-12,84.05892181396484,87.90669100505238,83.7432078434108,86.70302914006048,33301600
2025-03-13,83.36830139160156,84.30557514192294,82.74674161765091,83.80241093181691,31507800
2025-03-14,84.20691680908203,84.22665316686832,82.93419271160724,83.82214063161466,35500600
2025-03-17,86.28866577148438,86.81156638896405,83.84188410342557,83.98986916330423,26297800
2025-03-18,84.4437026977539,86.50571556376478,84.35491166695726,86.26893195442517,17850900
2025-03-19,85.1738052368164,85.62764366608762,84.47331499638369,84.79888966643276,24555900
2025-03-20,84.6607666015625,85.91376203744262,84.3746495927963,84.6607666015625,18185500
2025-03-21,85.06143951416016,85.30876864940409,83.8742551362576,84.36891340674545,26797200
2025-03-24,86.55530548095703,86.71359975676114,85.4274851834555,85.54620589030858,17900700
2025-03-25,83.8544692993164,86.37722186501695,83.71596559208042,85.83310231455728,27908600
2025-03-26,84.29966735839844,84.64592666201732,83.66650533238484,84.27988434728596,27228800
2025-03-27,84.71516418457031,85.19003939765052,83.87424671871196,83.87424671871196,16782800
2025-03-28,84.24031066894531,84.91304626420629,83.7951136666758,84.51731811148453,14790600
2025-03-31,86.85210418701172,87.25772006328759,83.46864326673632,83.85447613231756,30269300
2025-04-01,87.88098907470703,88.1579964951405,86.43658784824248,86.60476984666478,22080300
2025-04-02,88.8010482788086,89.18688109748784,87.17856987516109,87.25770945620596,19384100
2025-04-03,86.32777404785156,88.9197788718937,85.35824039792774,85.35824039792774,33012900
2025-04-04,82.3012466430664,86.45637315578495,81.7670147975078,84.72506918417116,36209000
2025-04-07,82.93441009521484,85.33844966862553,78.95735324641868,79.3827596745658,36884900
2025-04-08,80.91620635986328,86.04086669665251,80.16432362357776,84.93282937727842,34351700
2025-04-09,88.64276123046875,89.82994561732612,82.13305653025392,82.43974979283236,46632800
2025-04-10,89.6419677734375,90.88850866439441,87.21814539180232,87.78205548925425,34735300
2025-04-11,91.80857849121094,92.35269806279848,89.04838442202669,89.71122469637749,25508100
2025-04-14,93.71796417236328,94.42037804761993,91.90751299574998,92.2735553044985,27742900
2025-04-15,92.966064453125,95.00405384673708,92.86713432149159,93.8069818938368,21871200
2025-04-16,90.21577453613281,93.29254947153203,89.64196915155027,92.99575150077942,22229100
2025-04-17,92.22408294677734,92.86714016468343,90.64117809739089,90.84893365125859,21393900
2025-04-21,91.42274475097656,93.07490155525863,90.36416881106632,92.02622089412044,18361200
2025-04-22,93.836669921875,94.27197160372292,91.88771518000173,91.88771518000173,15407800
2025-04-23,93.94549560546875,95.56797409050047,93.15404692012105,94.00485218120116,18046900
2025-04-24,94.81609344482422,95.19203856017262,92.65939063645622,93.69816847334637,13444500
2025-04-25,94.07410430908203,95.43936593798604,93.3519074759507,94.77652568075975,15317200
2025-04-28,94.20272064208984,94.97438632330493,93.33211727014579,94.08399994194673,12950000
2025-04-29,95.01396179199219,95.152465504322,93.41126627346495,93.82677741045438,12679000
2025-04-30,96.2110366821289,96.73537325792752,93.9158225356892,94.91503438738997,21639900
2025-05-01,96.36933135986328,96.85409436904074,95.55808452099379,95.98349095089259,13171800
2025-05-02,97.69501495361328,98.159994966624,96.80462849762326,96.90355864875843,16031400
2025-05-05,98.2688217163086,98.67443760577345,97.47736540082997,97.88298883818165,12439100
2025-05-06,97.49715423583984,98.40732369902335,97.3586505152635,97.68511925782961,10626000
2025-05-07,97.77416229248047,98.16989044571253,97.25971342891279,97.49715484958405,11301300
2025-05-08,96.38910675048828,98.26880960720996,96.31985489750892,97.69500422658902,14461100
2025-05-09,95.91804504394531,96.39406087556152,95.49161009646589,95.94779508765443,13697800
2025-05-12,95.94779968261719,97.15768529229751,94.82717177447398,96.86016970868788,26783900
2025-05-13,95.08500671386719,96.51306935186666,94.4404022522313,95.69986869770257,19746700
2025-05-14,96.02713775634766,96.52299201608366,95.03542923687564,95.23376791431582,25620100
2025-05-15,95.55111694335938,95.91805182937829,91.12809773384495,93.51811896268792,44026100
2025-05-16,97.42544555664062,98.36757321614498,95.20402052947098,95.3428591207856,33746200
2025-05-19,97.30644226074219,97.4651116888253,95.01559044505747,95.84862953243433,20041600
2025-05-20,96.98909759521484,98.00063697020651,95.71970431687956,97.74279063299858,15609600
2025-05-21,95.63045501708984,96.94942919395186,95.18418919960034,96.32464797010367,15742300
2025-05-22,95.13459777832031,96.15605633423446,95.02550923680177,95.73954057541935,13712200
2025-05-23,95.54119110107422,95.7395373362771,94.21230537282351,94.54948262346555,13668600
2025-05-27,96.77091217041016,96.98908923954882,95.7792037224235,96.4932350155555,17180900
2025-05-28,96.43373107910156,97.42543956529674,96.25522324894102,96.71140824465456,11220100
2025-05-29,96.29489135742188,96.95933421944164,96.04696423880537,96.82049563830722,14338000
2025-05-30,97.9014663696289,98.10972425103016,95.7990415820318,96.15605725475841,29980100
2025-06-02,98.9427490234375,99.08159516769716,97.23701683988737,98.02045985953261,16999200
2025-06-03,99.15101623535156,100.05346700934983,97.75270365983977,98.74441213059643,15598600
2025-06-04,98.5262451171875,99.29977659278313,98.49649507060859,98.96259931004082,11115600
2025-06-05,97.14775848388672,98.76424052741858,96.80066204093632,98.47665173621324,15817100
2025-06-06,96.66183471679688,97.74279341727464,96.16598043596063,97.55437393552927,15599300
2025-06-09,96.6419906616211,97.03867557633849,95.96762857644217,96.59240977611607,13655700
2025-06-10,96.51307678222656,97.2766890445299,95.68004522335019,96.48332673600038,17162500
2025-06-11,95.00567626953125,96.48331979957479,94.55940290981472,96.48331979957479,16389600
2025-06-12,94.04371643066406,94.47015137724452,92.65532305346245,94.10321651795685,17845700
2025-06-13,93.6569595336914,94.52966034926223,93.23052454703085,93.73629046882627,18694700
2025-06-16,93.50819396972656,94.98583749403473,93.31976693639082,93.96437896494467,14881700
2025-06-17,93.4685287475586,94.03380230577373,92.84375509883732,93.17101316275668,14935600
2025-06-18,94.30155944824219,94.69824436910412,93.30985092915513,93.78587434741657,11333700
2025-06-20,95.32302856445312,95.51144804400974,94.41065094804976,94.45032019799214,20604900
2025-06-23,97.05850982666016,97.11800991317212,94.87674667222204,95.12467378753534,20432400
2025-06-24,97.18743133544922,98.28822835688646,96.44364997318813,96.91967337413475,22403700
2025-06-25,96.45357513427734,97.7427917021477,96.34448658911673,97.49486456608004,11154700
2025-06-26,95.2238540649414,96.53290908160584,95.12468472064512,96.09656245347502,19361400
2025-06-27,96.46348571777344,96.9494283467725,95.36269620650938,95.52136563746787,31431900
2025-06-30,96.96925354003906,97.32626919656964,95.51144087022841,96.42381841810389,17803000
2025-07-01,97.42544555664062,98.36757321614498,96.61224485059682,96.79075269173501,15635800
2025-07-02,96.80066680908203,97.56427902118644,96.25522411033933,97.31635189741891,12502000
2025-07-03,97.54444885253906,97.66345659657625,96.61224043958624,96.8899176095376,7686200
2025-07-07,98.5262451171875,98.5262451171875,96.81059352462506,97.41553635884954,12930900
2025-07-08,96.28498077392578,98.34773640135258,95.70979555750567,98.00063991744324,16875000
2025-07-09,96.0073013305664,96.48332475883801,95.58086635574617,96.34448616853706,13702600
2025-07-10,94.0734634399414,95.977541833246,93.95445570305925,95.85854166249882,18894800
2025-07-11,93.61729431152344,94.73792231718552,93.44870566367038,94.22223716900672,14595000
2025-07-14,94.98583221435547,95.04533229899202,93.59743889913526,93.72636583736094,13779100
2025-07-15,94.59907531738281,94.98584103570914,94.15280950889414,94.80733319908656,10450800
2025-07-16,94.3610610961914,95.03542314887797,93.82553762204604,94.62881905019655,11181600
2025-07-17,94.30155944824219,94.83708295648546,94.10322077087899,94.29164781066892,11165100
2025-07-18,94.26189422607422,94.68832917591412,93.64703224351997,94.30155590714908,14636300
2025-07-21,94.87674713134766,95.83870555399997,94.31147360834326,94.4701505946565,13450400
2025-07-22,95.05526733398438,95.86846807937975,94.9461787832246,95.04534812951454,9049100
2025-07-23,94.88666534423828,95.49160810750747,94.49989965180521,95.21393095049245,9729700
2025-07-24,95.79904174804688,96.15605742139216,94.55940609508008,94.77758318058393,14991500
2025-07-25,96.66183471679688,96.84034256054335,95.72962624766127,96.03705348061627,12868500
2025-07-28,96.80066680908203,97.31635189741891,96.27506251727654,96.47340118983641,12293100
2025-07-29,97.51470184326172,97.90146756575162,96.53290494820058,96.9692591237833,14034300
2025-07-30,96.78082275390625,98.06012754582123,96.48331476242936,97.79236959687853,13864100
2025-07-31,97.1676025390625,97.81220701367482,96.50315209120133,96.63207903903215,15651300
2025-08-01,97.67337036132812,98.01055519370978,96.8601696747008,97.18743530332945,16750400
2025-08-04,98.76425170898438,99.08160571119387,97.38577741796423,97.38577741796423,19050200
2025-08-05,98.486572265625,99.63695779885714,98.08989490422768,98.84358794379114,17977000
2025-08-06,102.50298309326172,102.8302486883623,98.63531873461015,98.63531873461015,23738400
2025-08-07,102.26497650146484,103.03850786988416,101.26334886398438,102.60215373748972,12509500
2025-08-08,102.86992645263672,103.85171575311331,102.29473370442399,102.51291078589333,12394700
2025-08-11,103.0682601928711,103.46494508872189,102.25505956113773,103.03851014975592,12856700
2025-08-12,102.76083374023438,103.44510743526763,102.51290662429048,103.38560734860434,17915300
2025-08-13,100.15264129638672,101.95755049978276,100.01380270890515,101.30302681110327,19398500
2025-08-14,100.0137939453125,100.598905855117,99.88487457284332,100.38072878929617,10858400
2025-08-15,99.40247344970703,100.16786915839475,98.9452229818952,100.02870630226971,13604900
2025-08-18,100.0982894897461,100.27721424845278,99.32295139661947,99.40247519689066,11656100
2025-08-19,100.68476867675781,101.8179562944983,100.19769866866407,100.35673868641003,16999000
2025-08-20,101.95712280273438,102.03664660635683,100.3269227475107,100.54560941556878,18655000
2025-08-21,97.37466430664062,98.85575907142372,96.37069717838837,98.81600475488536,51825100
2025-08-22,96.25141906738281,98.45815524195002,96.18183763772561,97.48400764294207,32695200
2025-08-25,95.49595642089844,96.99693590101701,95.49595642089844,96.42039973199041,18956100
2025-08-26,95.47608947753906,95.89357809268274,94.8498489710158,95.70471094515253,22270400
2025-08-27,95.50590515136719,95.74446898126811,95.02876990775793,95.32698038298965,12925700
2025-08-28,95.53572845458984,95.99297897320868,95.12817462793375,95.42638511494103,19241600
2025-08-29,96.40052032470703,96.45021701023853,95.22757085610789,95.52577372071713,15600300
2025-09-02,97.26532745361328,97.26532745361328,95.93333783047552,96.64903691673777,15351300
2025-09-03,98.84583282470703,98.84583282470703,96.9174222022741,97.26532938059763,18995900
2025-09-04,100.32691955566406,100.74440813568879,99.05456907341325,99.31301763506015,15640900
2025-09-05,99.90943908691406,100.87364439797074,98.9551761477529,100.476032944035,13748500
2025-09-08,101.66885375976562,101.74837756265072,99.81996705362708,100.24739801437539,13685700
2025-09-09,101.67879486083984,101.87759678176177,100.94321865286017,101.39052676683805,11819700
2025-09-10,99.81002044677734,101.83782409356716,99.79013570650716,101.34081176010162,17934900
2025-09-11,102.0366439819336,102.16586447164099,99.68080255091103,100.38655922634148,15900800
2025-09-12,102.87162780761719,103.3587054359578,101.74838247689195,101.92730725012149,11641900
2025-09-15,103.0704345703125,103.35870267413554,102.79210883801642,103.030672668012,10756900
2025-09-16,102.80204010009766,103.58732058003429,102.51377200616088,103.22947105540982,14481900
2025-09-17,103.64695739746094,105.4759668819553,103.11019070594264,103.11019070594264,25382000
2025-09-18,102.98096466064453,104.01475133155566,101.5098122478993,103.1598894226062,14869400
2025-09-19,101.71855926513672,103.31893979450804,101.47998785359044,103.18971171730198,34791600
2025-09-22,102.20561981201172,102.58334646954643,101.310996061212,101.8378279411811,12861900
2025-09-23,101.90741729736328,102.06646490268515,100.72453296396257,101.79808154846353,13158700
2025-09-24,102.11617279052734,102.8517490316646,101.86766658626945,102.42431805698872,11391800
2025-09-25,102.43425750732422,102.8915080000616,101.96706464323395,102.6032399012866,13366700
2025-09-26,102.5436019897461,102.87162440999337,101.85772245105134,102.26526867539806,11859300
2025-09-29,102.46408081054688,102.69270227343031,101.47005598526134,102.43426127919751,15477200
2025-09-30,102.4441909790039,103.31893763544589,102.10622619542018,102.3845519192673,13873400
2025-10-01,101.35076141357422,102.24538519486353,99.94919047606005,101.94717473983147,16142800
2025-10-02,101.09231567382812,101.52968899770869,99.27325611564885,100.84380948231546,15605400
2025-10-03,101.46011352539062,102.20563214370705,100.59530919797285,100.85375777578867,11867500
2025-10-06,102.08634185791016,102.45413375662827,100.97303895810563,101.27124184177875,13303600
2025-10-07,102.62311553955078,102.63305791075632,100.34679789713913,101.76825362724571,15538900
2025-10-08,102.28514862060547,102.64299813846051,101.53963005570866,102.40442673735248,13584100
2025-10-09,101.16189575195312,102.83185763994952,99.77026716512864,102.5137700224172,19508000
2025-10-10,101.23148345947266,103.01078878732672,100.91339582221318,101.44023534424973,18519400
2025-10-13,101.50980377197266,101.83782615500704,100.46607481704491,100.76428525668328,10871200
2025-10-14,106.56939697265625,107.27515366447165,102.27521017729275,103.42828257550876,30859500
2025-10-15,108.3785171508789,108.90534905434654,106.65885858234518,106.67873574044658,21416300
2025-10-16,105.83382415771484,108.92524196510313,105.02866647760278,108.54750767858532,16366200
2025-10-17,107.08628845214844,107.55347370900562,105.58530897303353,106.52962944140913,13735600
2025-10-20,106.41035461425781,107.60318130419952,105.97298128883585,107.20556987961658,10581200
2025-10-21,105.58531188964844,106.8377852186507,105.54554998893964,106.68867998694448,10899700
2025-10-22,106.49981689453125,107.12604979088455,105.02866443153405,105.91334590039507,12296500
2025-10-23,106.22148895263672,106.92724563873942,105.14794036653377,106.70855897299913,11408200
2025-10-24,105.53560638427734,106.52963113895748,104.8795539897681,106.43023018025087,10318000
2025-10-27,103.84577178955078,105.72447804978319,103.5276841577603,105.70459330690466,16375900
2025-10-28,102.55352783203125,103.51773301716254,102.43424972009366,103.43820921999968,13323000
2025-10-29,101.8477783203125,103.05054739726272,101.49987116314627,102.29509402278956,11986400
2025-10-30,101.61915588378906,102.75234351833933,101.3507649481388,101.58932877020013,14065100
2025-10-31,100.57543182373047,101.48993284013324,99.58140700142984,101.09232139445147,20237000
2025-11-03,100.98297119140625,101.19172306364686,99.80008689028257,100.21757546714976,14811700
2025-11-04,101.6589126586914,102.00682740470911,100.85375499988925,101.51974979380726,12636400
2025-11-05,100.86369323730469,102.0664622823963,100.24739515821511,101.13207658463627,13356800
2025-11-06,101.07244110107422,101.3209472989443,99.43229867837017,100.7344687283911,14866000
2025-11-07,101.97698974609375,102.35472398355685,101.12213548611386,101.51973929678113,17248700
2025-11-10,101.80802154541016,102.05652775358611,100.99292148594535,101.53963817745549,14507600
2025-11-11,102.8219223022461,103.12012517619459,101.70861185494026,101.88753661283214,13182100
2025-11-12,102.8219223022461,102.98096231825724,102.04658421265025,102.73245613139667,12084400
2025-11-13,101.92730712890625,103.3090010379438,101.41040996961001,102.97102865166431,18088500
2025-11-14,101.86766815185547,101.87760293983706,98.2891726884986,99.60128516379358,23424200
2025-11-17,102.33485412597656,102.70264604652144,101.48993452971649,101.96706978923936,15289400
2025-11-18,100.78417205810547,102.7225173498255,100.77422968681769,102.36467540534484,17604500
2025-11-19,100.00883483886719,101.10226059231125,99.08439147979567,100.97304009963942,22157000
2025-11-20,106.47000122070312,107.26522412623814,102.0664708760847,103.31894429796965,50375900
2025-11-21,104.69068908691406,107.50378102262268,104.09427573817834,107.33479863084554,41420800
2025-11-24,103.43821716308594,105.63501103770798,103.14001427653606,104.73045242289056,42519200
2025-11-25,106.36064910888672,106.77813768714435,103.60720386602709,103.9849305439068,20212900
2025-11-26,108.44810485839844,108.93517489005453,106.52963667874863,106.5594562095306,17783300
2025-11-28,109.84967803955078,110.0385375864264,108.34869853274132,108.64690899341848,9846500
2025-12-01,110.86357879638672,111.09220782502412,109.70057166275286,109.84967689153316,17236800
2025-12-02,111.73832702636719,111.97689084554575,110.12800418334595,110.80394132419111,18711800
2025-12-03,113.72637176513672,114.20349938342612,111.54945520324686,111.82778091121682,24478300
2025-12-04,114.15380859375,114.20351286910255,112.48385414873441,112.94110466350881,25905100
2025-12-05,114.42218780517578,115.57525255371876,113.99475686595049,114.04446113620267,23956400
2025-12-08,112.8814468383789,114.3029025172968,111.62898112864107,113.8854139473842,22700700
2025-12-09,114.37248992919922,115.02854993093351,112.34467844721226,113.26912180541503,24326700
2025-12-10,112.50371551513672,115.53549387465283,112.31484839587966,114.66074728761522,22859600
2025-12-11,114.8297348022461,115.17764952881979,112.17569056253069,112.46395864762513,21586600
2025-12-12,116.23915100097656,116.48816375599088,114.56578498330971,114.80484269959511,19092400
2025-12-15,116.32879638671875,116.98618609049363,115.18333622489253,116.46824291780027,18713700
2025-12-16,114.9642105102539,116.4184441331518,114.49606530028865,116.11963337733977,19642300
2025-12-17,115.2032699584961,115.93038298119593,114.61559587784929,114.74507978071276,16177800
2025-12-18,114.37654113769531,116.02002685042402,114.15740869609598,114.55583062634328,21476700
2025-12-19,113.90840148925781,114.82476665398586,113.08167727358796,114.68532011149536,50043800
2025-12-22,112.15534210205078,113.86855105354326,111.77684545433789,113.559777672495,21473900
2025-12-23,110.4620590209961,111.90632995222431,110.26284425854885,111.54775097908545,20319900
2025-12-24,111.16925811767578,111.26886170266053,110.11344643815782,110.46206278523768,9009600
2025-12-26,111.29874420166016,111.52783929095921,110.92024753158627,111.27882652397903,9003800
2025-12-29,112.08562469482422,112.3346374601106,111.12941658803649,111.14933426558214,12979600
2025-12-30,111.47803497314453,112.24499855980663,111.39834906297531,111.44815465664773,11730600
2025-12-31,110.97005462646484,111.80673388719316,110.88040607752015,111.2887906685423,11487400
2026-01-02,112.3147201538086,112.34460046985909,110.68119701607182,110.98997041428227,14306600
2026-01-05,112.2649154663086,113.28089181581844,111.70712929749008,112.37448169222175,19557600
2026-01-06,113.88847351074219,114.33670104320107,111.54775506101163,111.95613963952309,20120800
2026-01-07,112.2748794555664,114.27694426311413,111.65732504746875,113.73907576559682,23306000
2026-01-08,112.62348937988281,113.02191131075173,109.37636090231058,110.85051976674569,24058300
2026-01-09,114.07772827148438,115.00405607413008,111.81669567753553,111.81669567753553,21902900
2026-01-12,117.50414276123047,118.37070230512944,115.95030556588084,117.03599755512734,49182100
2026-01-13,119.88470458984375,120.03411376670338,117.26509307273483,117.42445728858974,31222100
2026-01-14,119.56597137451172,120.76122961900302,118.55995766585049,119.71538055488978,32764000
2026-01-15,118.72927856445312,120.39268954357787,118.26114096835724,119.50620474356865,34559400
2026-01-16,119.22730255126953,120.12374997782183,116.43836428998766,118.2013712294854,415144600
2026-01-20,118.24121856689453,121.1397307536994,117.14556393792557,120.41261014762198,45334000
2026-01-21,118.8886489868164,120.01418389072646,117.08579909313113,117.61370491177271,34811700
2026-01-22,117.36469268798828,119.04801373249136,117.185403201674,118.81892625508576,24547300
2026-01-23,117.26509094238281,118.14161311182713,116.6774168838822,117.70334822747184,20806900
2026-01-26,117.17544555664062,118.380666421838,116.92643279277506,117.34477241224526,19552200
2026-01-27,116.47821044921875,117.1654804957765,115.02397685022356,117.03599659697956,22968600
2026-01-28,116.10966491699219,116.99614970020349,115.41243225579208,116.1793881831122,16342000
2026-01-29,116.94635772705078,117.19537049018723,115.61164536502085,115.99014202925233,16381100
2026-01-30,118.66951751708984,118.93845554717745,116.13954702285811,116.44832800552413,22215400
2026-02-02,123.5700912475586,123.70953778708709,118.57988094171775,119.02810087602128,31210100
2026-02-03,127.20568084716797,127.663863426049,123.16171594715138,123.16171594715138,32018700
2026-02-04,127.4945297241211,128.89896530076112,126.58811965421592,127.6240212194025,27531800
2026-02-05,126.43872833251953,129.08822789080259,126.0602240531838,128.07225151910504,30517800
2026-02-06,130.66197204589844,131.17992285780286,126.54829146247491,126.7873415914411,26593400
2026-02-09,128.51051330566406,131.2695638265917,127.58417790733635,130.90102979422613,27197300
2026-02-10,126.19966125488281,128.829235341004,125.89088787029975,128.43082101222566,24662000
2026-02-11,128.26148986816406,129.22766054156153,126.12993376438375,126.19965702951212,19232100
2026-02-12,133.1122589111328,133.95890836521818,128.79935613162505,128.86908699895253,33382700
2026-02-13,133.36126708984375,134.118260374443,131.22971856884888,132.17596397423097,24131200
2026-02-17,128.34117126464844,134.15810517758902,127.65389367589613,132.58434284935956,37995900
2026-02-18,126.11997985839844,128.36108700029487,125.27333043232424,127.62401899026196,36485000
2026-02-19,124.37689208984375,129.5862422047388,123.90874690025707,127.9925545127162,42993300
2026-02-20,122.50431823730469,122.99238873015149,120.57198434058695,122.51428087573963,35151000
2026-02-23,125.31317901611328,126.29927501801508,122.47443506957713,123.0322212206814,25662800
2026-02-24,126.24947357177734,127.53437276929525,124.41674324410326,125.40283167911777,20161200
2026-02-25,125.25341796875,126.89690370051927,124.92471930254288,126.11002246896268,17345700
2026-02-26,123.92866516113281,126.8271772553826,123.45056493068441,125.48250990825551,18638300
2026-02-27,127.4447250366211,128.09216731908256,124.65578673870745,125.02432075277177,29205500
2026-03-02,126.59809112548828,128.24157693224024,126.54829313089985,126.9566701232984,17091500
2026-03-03,127.40489196777344,127.86306693425331,125.17373217031401,126.02037403309,16480400
2026-03-04,127.30528259277344,127.66386157962746,125.74148274426365,126.60804989570529,16434100
2026-03-05,122.82305145263672,125.18369515590186,121.16961067594359,124.88487680384983,28604900
2026-03-06,123.31111907958984,123.69957836870472,121.139727556177,122.01624971636278,21553000
2026-03-09,123.84898376464844,124.01831821839308,122.01625348243766,123.20155666231803,19375900
2026-03-10,124.62590789794922,125.60203365402064,122.86289331517725,123.7194978109023,18793600
2026-03-11,123.0023422241211,124.99444432715642,122.56408492895451,124.81515483391257,18176500
2026-03-12,124.8350830078125,124.89484364052527,121.79712419046949,121.81704946755148,21751600
2026-03-13,126.02037048339844,126.18970493059696,124.47649597694509,124.89483557746023,15194100
2026-03-16,125.49246978759766,126.47856579955872,124.33705452005711,126.25943335245626,20463200
2026-03-17,124.58606719970703,126.68773552385488,124.36693475275074,126.14986704476209,19895000
2026-03-18,121.49830627441406,124.1179177107379,121.34889710216198,123.83902464214266,19734900
2026-03-19,120.61181640625,122.26526477509258,118.79900382312763,121.91664843204333,17927700
2026-03-20,118.79328918457031,121.0689526721321,117.79519396918542,120.40022309052897,57545600
2026-03-23,120.49005889892578,120.89927398864255,118.82324167143548,120.25051817287543,22181500
2026-03-24,121.8175277709961,123.87360154016888,120.26049400975914,120.40022673495365,17269600
2026-03-25,122.82559204101562,123.25477327869513,121.54803141207071,122.57606824271039,16597300
2026-03-26,121.94727325439453,123.56419023849065,121.55801673107064,123.37454971153619,16442500
2026-03-27,122.65592193603516,124.03329060905865,121.58796034687597,121.797559430932,16543300
2026-03-30,123.26475524902344,125.02140490538139,122.90544037352153,123.47435432392255,20428900
2026-03-31,124.04327392578125,124.76190370952608,122.60601435829157,123.19489450352893,21330400
2026-04-01,124.50239562988281,124.99146777045921,122.89546171624545,123.5641913010441,17039700
2026-04-02,125.55039978027344,125.66019086466167,123.91352421376449,124.91161944284859,11898400
2026-04-06,126.54849243164062,126.73813295805967,125.13119906277755,125.57035577652285,10850400
2026-04-07,122.25668334960938,126.11931465504222,121.55801973021642,125.94964029245568,16076000
2026-04-08,127.0176010131836,127.05752573613917,121.09889599882592,122.04708342071828,20194300
2026-04-09,128.884033203125,129.44296405735184,126.57842819971576,126.84791054304318,13853100
2026-04-10,126.52852630615234,128.68440799806444,125.97957851006859,128.47481653280053,13894000
2026-04-13,124.33271789550781,126.05942593004949,123.71389613445722,126.04944284595747,14510600
2026-04-14,124.81181335449219,124.96152154925787,122.31657524356561,122.9154308672155,15320800
2026-04-15,124.5223617553711,124.83176883675557,122.94536948050799,124.39260450328428,17001400
2026-04-16,124.58224487304688,125.70011425915739,123.73386546026387,124.09318034812574,18324500
2026-04-17,127.25714111328125,127.32700747439601,123.13501057778576,124.33272180114233,24763700
2026-04-20,127.67633819580078,129.22338882645656,127.0774825892077,127.62643800392097,18933600
2026-04-21,129.3531494140625,129.52282377758172,127.23718476034317,127.5865165719599,17312400
2026-04-22,129.73240661621094,130.2015125669619,128.5945787256014,129.7523727840388,17624500
2026-04-23,131.77850341796875,132.20769225837955,130.24144356493085,130.32129300569852,16376000
2026-04-24,129.6725311279297,131.86833759939617,129.033750786599,131.68868776733035,16016300
2026-04-27,127.34696197509766,129.5627345211589,127.1573290666003,129.37309399779951,17029500
2026-04-28,127.34696197509766,129.52281741453146,126.53850730580689,129.0936285622354,16341800
2026-04-29,127.76616668701172,127.83604066435157,125.6701758126882,126.43870579994015,16538800
2026-04-30,131.67869567871094,132.17774329103938,127.70628094889952,127.77615492489326,19867700
2026-05-01,131.34933471679688,133.11595225949642,130.73050533514794,131.6687172620817,10480900
2026-05-04,130.08175659179688,131.49905002829192,129.43298553731375,130.1616060398744,10340700
2026-05-05,130.54086303710938,131.47907495130153,130.0518061416393,130.26139760263393,10637300
2026-05-06,129.8322296142578,130.9001835931079,129.28327419067853,130.6107426768886,16371500
2026-05-07,129.95199584960938,130.35124307928913,128.42491136668013,129.6525642347807,14935400
2026-05-08,130.42999267578125,131.41000366210938,130.25,130.32000732421875,15183700
2026-05-11,127.58999633789062,130.60000610351562,126.37999725341797,130.17999267578125,18699200
2026-05-12,130.35000610351562,131.1199951171875,127.72000122070312,128.0800018310547,17935400
2026-05-13,131.47000122070312,132.52999877929688,128.77000427246094,129.19000244140625,13786600
2026-05-14,132.4600067138672,132.77999877929688,130.86000061035156,131.36000061035156,14200400
2026-05-15,131.4499969482422,133.9499969482422,130.7899932861328,133.69000244140625,25323000
2026-05-18,133.33999633789062,133.47000122070312,131.1300048828125,131.52000427246094,17183200
2026-05-19,134.1999969482422,135.16000366210938,132.05999755859375,132.94000244140625,16957100
2026-05-20,130.85000610351562,133.64999389648438,130.3300018310547,132.91000366210938,28471600
2026-05-21,121.33999633789062,125.80000305175781,120.38999938964844,124.41000366210938,53006600
2026-05-22,120.2699966430664,121.94999694824219,118.91000366210938,121.33999633789062,30295700
